Name,Avg Run Time (s),Format Time (s),Total Time (s),GFLOPS,Verification,Iters,Block Row,Block Col,Threads,FOP Count,Rows,Cols,NNZ,Max Cols,Avg Cols,Variance,Std Deviation
csr_serial,0.040460,0.099710,0.140170,6.634676,0,10,1,1,-1,268435456,512,512,262144,512,512,0,0
bcsr_serial 1 x 1,0.017690,0.278530,0.296220,15.174272,512,10,1,1,-1,268435456,512,512,262144,512,512,0,0
bcsr_serial 2 x 2,0.017165,0.223493,0.240658,15.638243,512,10,2,2,-1,268435456,512,512,262144,512,512,0,0
bcsr_serial 4 x 4,0.017101,0.178821,0.195922,15.696890,512,10,4,4,-1,268435456,512,512,262144,512,512,0,0
bcsr_serial 8 x 8,0.017202,0.171896,0.189098,15.604889,512,10,8,8,-1,268435456,512,512,262144,512,512,0,0
bcsr_serial 16 x 16,0.016829,0.170758,0.187587,15.950577,512,10,16,16,-1,268435456,512,512,262144,512,512,0,0
bcsr_serial 32 x 32,0.016863,0.169619,0.186482,15.918847,512,10,32,32,-1,268435456,512,512,262144,512,512,0,0
