Name,Avg Run Time (s),Format Time (s),Total Time (s),Verification,Iters,Block Row,Block Col,Threads,Rows,Cols,NNZ,Max Cols,Avg Cols
csr_serial,57.544826,23.538340,81.083166,0,1,1,1,-1,46835,46835,2374001,0,0
bcsr_serial 1 x 1,18.609929,204.762946,223.372875,0,1,1,1,-1,46835,46835,2374001,0,0
bcsr_serial 2 x 2,23.625760,202.300416,225.926176,0,1,2,2,-1,46835,46835,2374001,0,0
bcsr_serial 4 x 4,32.777448,204.038887,236.816335,0,1,4,4,-1,46835,46835,2374001,0,0
bcsr_serial 8 x 8,47.242444,206.338369,253.580813,0,1,8,8,-1,46835,46835,2374001,0,0
bcsr_serial 16 x 16,75.038159,199.923458,274.961617,0,1,16,16,-1,46835,46835,2374001,0,0
bcsr_serial 32 x 32,130.126594,199.505839,329.632433,0,1,32,32,-1,46835,46835,2374001,0,0
