Name,Avg Run Time (s),Format Time (s),Total Time (s),Verification,Iters,Block Row,Block Col,Threads,Rows,Cols,NNZ,Max Cols,Avg Cols
csr_serial,0.004393,0.010235,0.014629,3072,100,1,1,-1,1024,1024,8192,0,0
bcsr_serial 1 x 1,0.004804,0.045685,0.050489,28672,100,1,1,-1,1024,1024,8192,0,0
bcsr_serial 2 x 2,0.019440,0.043477,0.062917,28672,100,2,2,-1,1024,1024,8192,0,0
bcsr_serial 4 x 4,0.070089,0.044087,0.114175,28672,100,4,4,-1,1024,1024,8192,0,0
bcsr_serial 8 x 8,0.225911,0.055907,0.281818,28672,100,8,8,-1,1024,1024,8192,0,0
bcsr_serial 16 x 16,0.493414,0.060176,0.553590,28672,100,16,16,-1,1024,1024,8192,0,0
bcsr_serial 32 x 32,0.561690,0.053125,0.614816,28672,100,32,32,-1,1024,1024,8192,0,0
