Name,Avg Run Time (s),Format Time (s),Total Time (s),GFLOPS,Verification,Iters,Block Row,Block Col,Threads,FOP Count,Rows,Cols,NNZ,Max Cols,Avg Cols,Variance,Std Deviation
csr_serial,0.003472,0.023797,0.027270,4.836399,0,10,1,1,-1,16777216,1024,1024,8192,8,8,0,0
bcsr_serial 1 x 1,0.001395,0.072981,0.074376,12.081094,17408,10,1,1,-1,16742400,1024,1024,8192,8,8,0,0
bcsr_serial 2 x 2,0.004542,0.069609,0.074151,14.602577,17408,10,2,2,-1,66306048,1024,1024,8192,8,8,0,0
bcsr_serial 4 x 4,0.016651,0.076081,0.092732,15.256201,17408,10,4,4,-1,254017536,1024,1024,8192,8,8,0,0
bcsr_serial 8 x 8,0.055413,0.084061,0.139474,15.424650,17408,10,8,8,-1,854720512,1024,1024,8192,8,8,0,0
bcsr_serial 16 x 16,0.119441,0.094250,0.213691,15.653067,17408,10,16,16,-1,1869611008,1024,1024,8192,8,8,0,0
bcsr_serial 32 x 32,0.136985,0.084529,0.221514,15.661558,17408,10,32,32,-1,2145386496,1024,1024,8192,8,8,0,0
