Name,Avg Run Time (s),Format Time (s),Total Time (s),Verification,Iters,Block Row,Block Col,Threads,Rows,Cols,NNZ,Max Cols,Avg Cols
csr_serial,0.003122,0.013602,0.016724,0,100,1,1,-1,1024,1024,8192,0,0
bcsr_serial 1 x 1,0.001601,0.071658,0.073259,27648,100,1,1,-1,1024,1024,8192,0,0
bcsr_serial 2 x 2,0.005617,0.067947,0.073564,27648,100,2,2,-1,1024,1024,8192,0,0
bcsr_serial 4 x 4,0.020381,0.065383,0.085764,27648,100,4,4,-1,1024,1024,8192,0,0
bcsr_serial 8 x 8,0.067403,0.076016,0.143419,27648,100,8,8,-1,1024,1024,8192,0,0
bcsr_serial 16 x 16,0.148420,0.088046,0.236466,27648,100,16,16,-1,1024,1024,8192,0,0
bcsr_serial 32 x 32,0.169320,0.077520,0.246840,27648,100,32,32,-1,1024,1024,8192,0,0
