Name,Avg Run Time (s),Format Time (s),Total Time (s),GFLOPS,Verification,Iters,Block Row,Block Col,K-Bound,Threads,FOP Count,Rows,Cols,NNZ,Max Cols,Avg Cols,Variance,Std Deviation
csr_serial_O2,0.058092,14.741829,14.79992,2746.529774,0,10,1,1,16,-1,159549504894,36417,36417,2190591,184,60,753,27
ell_serial_O2,0.109182,15.104207,15.213389,4469.975401,0,10,1,1,16,-1,488040823152,36417,36417,2190591,184,60,753,27
csr_omp_O2,0.017095,14.762732,14.779827,9373.190375,0,10,1,1,16,8,159549504894,36417,36417,2190591,184,60,753,27
csr_omp_O2,0.010174,15.868914,15.879088,16148.008034,0,10,1,1,16,16,159549504894,36417,36417,2190591,184,60,753,27
csr_omp_O2,0.006916,14.716747,14.723663,26201.601698,0,10,1,1,16,32,159549504894,36417,36417,2190591,184,60,753,27
ell_omp_O2,0.029309,15.167561,15.19687,16695.292562,0,10,1,1,16,8,488040823152,36417,36417,2190591,184,60,753,27
ell_omp_O2,0.018563,15.149708,15.168271,26452.34411,0,10,1,1,16,16,488040823152,36417,36417,2190591,184,60,753,27
ell_omp_O2,0.013875,15.187489,15.201364,37288.182279,0,10,1,1,16,32,488040823152,36417,36417,2190591,184,60,753,27
