Name,Avg Run Time (s),Format Time (s),Total Time (s),GFLOPS,Verification,Iters,Block Row,Block Col,Threads,FOP Count,Rows,Cols,NNZ,Max Cols,Avg Cols,Variance,Std Deviation
csr_serial,0.010254,0.026280,0.036534,6.546845,1024,10,1,1,-1,67108864,1024,1024,32768,32,32,0,0
bcsr_serial 1 x 1,0.004702,0.091202,0.095904,14.082146,387072,10,1,1,-1,66154496,1024,1024,32768,32,32,0,0
bcsr_serial 2 x 2,0.016653,0.093472,0.110125,15.162393,387072,10,2,2,-1,252485632,1024,1024,32768,32,32,0,0
bcsr_serial 4 x 4,0.054679,0.106818,0.161497,15.508275,387072,10,4,4,-1,847970304,1024,1024,32768,32,32,0,0
bcsr_serial 8 x 8,0.118938,0.115759,0.234697,15.611280,387072,10,8,8,-1,1856765952,1024,1024,32768,32,32,0,0
bcsr_serial 16 x 16,0.137567,0.106498,0.244065,15.606737,387072,10,16,16,-1,2146959360,1024,1024,32768,32,32,0,0
bcsr_serial 32 x 32,0.137104,0.139286,0.276390,15.663204,387072,10,32,32,-1,2147483648,1024,1024,32768,32,32,0,0
