Name,Avg Run Time (s),Format Time (s),Total Time (s),Verification,Iters,Block Row,Block Col,Threads,Rows,Cols,NNZ,Max Cols,Avg Cols
csr_serial,0.000851,0.005449,0.006301,0,100,1,1,-1,512,512,4096,0,0
bcsr_serial 1 x 1,0.000415,0.019855,0.020270,13312,100,1,1,-1,512,512,4096,0,0
bcsr_serial 2 x 2,0.001390,0.017026,0.018416,13312,100,2,2,-1,512,512,4096,0,0
bcsr_serial 4 x 4,0.004937,0.021460,0.026397,13312,100,4,4,-1,512,512,4096,0,0
bcsr_serial 8 x 8,0.014068,0.024358,0.038426,13312,100,8,8,-1,512,512,4096,0,0
bcsr_serial 16 x 16,0.021581,0.020070,0.041651,13312,100,16,16,-1,512,512,4096,0,0
bcsr_serial 32 x 32,0.021928,0.026187,0.048115,13312,100,32,32,-1,512,512,4096,0,0
