Name,Avg Run Time (s),Format Time (s),Total Time (s),GFLOPS,Verification,Iters,Block Row,Block Col,Threads,FOP Count,Rows,Cols,NNZ,Max Cols,Avg Cols,Variance,Std Deviation
csr_serial,0.001689,0.005179,0.006868,2.483018,0,1,1,1,-1,4194304,512,512,4096,0,0,0,0
bcsr_serial 1 x 1,0.001050,0.011676,0.012726,3.969236,13312,1,1,1,-1,4167680,512,512,4096,0,0,0,0
bcsr_serial 2 x 2,0.003910,0.009279,0.013189,4.173451,13312,1,2,2,-1,16318464,512,512,4096,0,0,0,0
bcsr_serial 4 x 4,0.012300,0.011802,0.024102,4.892645,13312,1,4,4,-1,60178432,512,512,4096,0,0,0,0
bcsr_serial 8 x 8,0.034298,0.017804,0.052102,5.017722,13312,1,8,8,-1,172097536,512,512,4096,0,0,0,0
bcsr_serial 16 x 16,0.051457,0.014748,0.066205,5.145380,13312,1,16,16,-1,264765440,512,512,4096,0,0,0,0
bcsr_serial 32 x 32,0.055639,0.015221,0.070860,4.824589,13312,1,32,32,-1,268435456,512,512,4096,0,0,0,0
