Name,Avg Run Time (s),Format Time (s),Total Time (s),Verification,Iters,Block Row,Block Col,Threads,Rows,Cols,NNZ,Max Cols,Avg Cols
csr_serial,0.001098,0.003064,0.004162,0,100,1,1,-1,512,512,4096,0,0
bcsr_serial 1 x 1,0.001175,0.014383,0.015558,13312,100,1,1,-1,512,512,4096,0,0
bcsr_serial 2 x 2,0.004410,0.010029,0.014439,13312,100,2,2,-1,512,512,4096,0,0
bcsr_serial 4 x 4,0.015755,0.010961,0.026716,13312,100,4,4,-1,512,512,4096,0,0
bcsr_serial 8 x 8,0.044707,0.018394,0.063101,13312,100,8,8,-1,512,512,4096,0,0
bcsr_serial 16 x 16,0.069362,0.012853,0.082215,13312,100,16,16,-1,512,512,4096,0,0
bcsr_serial 32 x 32,0.070017,0.011421,0.081439,13312,100,32,32,-1,512,512,4096,0,0
