Name,Avg Run Time (s),Format Time (s),Total Time (s),GFLOPS,Verification,Iters,Block Row,Block Col,Threads,FOP Count,Rows,Cols,NNZ,Max Cols,Avg Cols,Variance,Std Deviation
csr_serial,0.001770,0.011249,0.013019,2.369637,0,1,1,1,-1,4194304,512,512,4096,8,8,0,0
bcsr_serial 1 x 1,0.000591,0.026963,0.027554,7.051439,13312,1,1,1,-1,4167680,512,512,4096,8,8,0,0
bcsr_serial 2 x 2,0.001808,0.030240,0.032048,9.026058,13312,1,2,2,-1,16318464,512,512,4096,8,8,0,0
bcsr_serial 4 x 4,0.006057,0.031671,0.037728,9.935313,13312,1,4,4,-1,60178432,512,512,4096,8,8,0,0
bcsr_serial 8 x 8,0.018380,0.032563,0.050943,9.363342,13312,1,8,8,-1,172097536,512,512,4096,8,8,0,0
bcsr_serial 16 x 16,0.026102,0.035267,0.061369,10.143559,13312,1,16,16,-1,264765440,512,512,4096,8,8,0,0
bcsr_serial 32 x 32,0.026261,0.032140,0.058401,10.221794,13312,1,32,32,-1,268435456,512,512,4096,8,8,0,0
