Name,Avg Run Time (s),Format Time (s),Total Time (s),GFLOPS,Verification,Iters,Block Row,Block Col,Threads,FOP Count,Rows,Cols,NNZ,Max Cols,Avg Cols,Variance,Std Deviation
csr_serial,0.005401,0.023906,0.029307,6.216218,2048,10,1,1,-1,33554432,1024,1024,16384,16,16,0,0
bcsr_serial 1 x 1,0.003594,0.116370,0.119964,9.290145,98304,10,1,1,-1,33343488,1024,1024,16384,16,16,0,0
bcsr_serial 2 x 2,0.008725,0.080240,0.088965,14.941982,98304,10,2,2,-1,130342912,1024,1024,16384,16,16,0,0
bcsr_serial 4 x 4,0.031131,0.123837,0.154968,15.347547,98304,10,4,4,-1,477593600,1024,1024,16384,16,16,0,0
bcsr_serial 8 x 8,0.087755,0.100517,0.188272,15.551567,98304,10,8,8,-1,1364721664,1024,1024,16384,16,16,0,0
bcsr_serial 16 x 16,0.135280,0.102467,0.237748,15.575919,98304,10,16,16,-1,2107113472,1024,1024,16384,16,16,0,0
bcsr_serial 32 x 32,0.137773,0.125702,0.263475,15.587194,98304,10,32,32,-1,2147483648,1024,1024,16384,16,16,0,0
