Name,Avg Run Time (s),Format Time (s),Total Time (s),GFLOPS,Verification,Iters,Block Row,Block Col,K-Bound,Threads,FOP Count,Rows,Cols,NNZ,Max Cols,Avg Cols,Variance,Std Deviation
bcsstk17,0.001264,0.309373,0.310637,5.59296,0,10,1,1,16,-1,7033984,10974,10974,219812,108,20,79,8
cant,0.012032,5.607841,5.619873,5.412558,0,10,1,1,16,-1,65117344,62451,62451,2034917,40,32,54,7
cop20k_A,0.054998,17.500345,17.555343,0.792602,0,10,1,1,16,-1,43586784,121192,121192,1362087,24,11,45,6
pdb1HYS,0.013996,2.366145,2.38014,5.011522,0,10,1,1,16,-1,70098912,36417,36417,2190591,184,60,753,27
rma10,0.017922,3.478864,3.496786,4.239938,0,10,1,1,16,-1,75968032,46835,46835,2374001,145,50,772,27
