Name,Avg Run Time (s),Format Time (s),Total Time (s),GFLOPS,Verification,Iters,Block Row,Block Col,Threads,FOP Count,Rows,Cols,NNZ,Max Cols,Avg Cols,Variance,Std Deviation
csr_serial,0.328210,0.416678,0.744888,6.543087,0,10,1,1,-1,2147483648,1024,1024,1048576,1024,1024,0,0
bcsr_serial 1 x 1,0.137354,1.237522,1.374876,15.634781,3072,10,1,1,-1,2147483648,1024,1024,1048576,1024,1024,0,0
bcsr_serial 2 x 2,0.135244,0.945546,1.080789,15.878740,3072,10,2,2,-1,2147483648,1024,1024,1048576,1024,1024,0,0
bcsr_serial 4 x 4,0.134289,0.928345,1.062634,15.991575,3072,10,4,4,-1,2147483648,1024,1024,1048576,1024,1024,0,0
bcsr_serial 8 x 8,0.134503,0.913075,1.047578,15.966239,3072,10,8,8,-1,2147483648,1024,1024,1048576,1024,1024,0,0
bcsr_serial 16 x 16,0.134131,0.913687,1.047818,16.010752,3072,10,16,16,-1,2147483648,1024,1024,1048576,1024,1024,0,0
bcsr_serial 32 x 32,0.134324,0.916659,1.050983,15.987558,3072,10,32,32,-1,2147483648,1024,1024,1048576,1024,1024,0,0
