Name,Avg Run Time (s),Format Time (s),Total Time (s),Verification,Iters,Block Row,Block Col,Threads,Rows,Cols,NNZ,Max Cols,Avg Cols
csr_serial,0.451408,0.262426,0.713834,0,100,1,1,-1,1024,1024,1048576,0,0
bcsr_serial 1 x 1,0.548231,0.792523,1.340754,6144,100,1,1,-1,1024,1024,1048576,0,0
bcsr_serial 2 x 2,0.561907,0.617570,1.179477,6144,100,2,2,-1,1024,1024,1048576,0,0
bcsr_serial 4 x 4,0.534145,0.582407,1.116552,6144,100,4,4,-1,1024,1024,1048576,0,0
bcsr_serial 8 x 8,0.540672,0.585957,1.126629,6144,100,8,8,-1,1024,1024,1048576,0,0
bcsr_serial 16 x 16,0.537383,0.560260,1.097643,6144,100,16,16,-1,1024,1024,1048576,0,0
bcsr_serial 32 x 32,0.555660,0.569401,1.125061,6144,100,32,32,-1,1024,1024,1048576,0,0
