Name,Avg Run Time (s),Format Time (s),Total Time (s),Verification,Iters,Block Row,Block Col,Threads,Rows,Cols,NNZ,Max Cols,Avg Cols
csr_serial,0.236244,0.343379,0.579623,0,100,1,1,-1,1024,1024,1048576,0,0
bcsr_serial 1 x 1,0.174977,1.052349,1.227326,6144,100,1,1,-1,1024,1024,1048576,0,0
bcsr_serial 2 x 2,0.173847,0.861879,1.035727,6144,100,2,2,-1,1024,1024,1048576,0,0
bcsr_serial 4 x 4,0.174682,0.786549,0.961231,6144,100,4,4,-1,1024,1024,1048576,0,0
bcsr_serial 8 x 8,0.174783,0.787682,0.962465,6144,100,8,8,-1,1024,1024,1048576,0,0
bcsr_serial 16 x 16,0.174807,0.773841,0.948648,6144,100,16,16,-1,1024,1024,1048576,0,0
bcsr_serial 32 x 32,0.173671,0.799917,0.973588,6144,100,32,32,-1,1024,1024,1048576,0,0
