Name,Avg Run Time (s),Format Time (s),Total Time (s),GFLOPS,Verification,Iters,Block Row,Block Col,Threads,FOP Count,Rows,Cols,NNZ,Max Cols,Avg Cols,Variance,Std Deviation
csr_serial,0.000911,0.009906,0.010817,4.638669,0,10,1,1,-1,4194304,512,512,4096,8,8,0,0
bcsr_serial 1 x 1,0.000553,0.029376,0.029929,7.544705,13312,10,1,1,-1,4168704,512,512,4096,8,8,0,0
bcsr_serial 2 x 2,0.001226,0.022649,0.023875,13.293225,13312,10,2,2,-1,16289792,512,512,4096,8,8,0,0
bcsr_serial 4 x 4,0.005967,0.031721,0.037688,9.978543,13312,10,4,4,-1,59539456,512,512,4096,8,8,0,0
bcsr_serial 8 x 8,0.011473,0.027148,0.038621,14.899774,13312,10,8,8,-1,170917888,512,512,4096,8,8,0,0
bcsr_serial 16 x 16,0.025786,0.034714,0.060500,10.196620,13312,10,16,16,-1,262930432,512,512,4096,8,8,0,0
bcsr_serial 32 x 32,0.017835,0.024507,0.042342,15.053102,13312,10,32,32,-1,268435456,512,512,4096,8,8,0,0
