CSR Serial,0.001421
BCSR Serial 1x1,0.00244
BCSR Serial 2x2,0.00227
BCSR Serial 4x4,0.002967
BCSR Serial 16x16,0.007404
CSR -t 8,0.002169
CSR -t 16,0.002103
CSR -t 32,0.001233
BCSR 1x1 -t 8,0.002042
BCSR 1x1 -t 16,0.002328
BCSR 1x1 -t 32,0.002118
BCSR 2x2 -t 8,0.001707
BCSR 2x2 -t 16,0.002318
BCSR 2x2 -t 32,0.002387
BCSR 4x4 -t 8,0.002982
BCSR 4x4 -t 16,0.002478
BCSR 4x4 -t 32,0.003052
BCSR 16x16 -t 8,0.005068
BCSR 16x16 -t 16,0.004939
BCSR 16x16 -t 32,0.004278
