CSR Serial,0.317634
BCSR Serial 1x1,7.526677
BCSR Serial 2x2,7.488015
BCSR Serial 4x4,7.423693
BCSR Serial 16x16,7.439485
CSR -t 8,0.296659
CSR -t 16,0.308378
CSR -t 32,0.207507
BCSR 1x1 -t 8,7.506436
BCSR 1x1 -t 16,7.435046
BCSR 1x1 -t 32,7.430538
BCSR 2x2 -t 8,7.326507
BCSR 2x2 -t 16,7.37064
BCSR 2x2 -t 32,7.433645
BCSR 4x4 -t 8,7.310745
BCSR 4x4 -t 16,7.417546
BCSR 4x4 -t 32,7.423125
BCSR 16x16 -t 8,7.389395
BCSR 16x16 -t 16,7.335606
BCSR 16x16 -t 32,7.325452
