Name,Avg Run Time (s),Format Time (s),Total Time (s),Verification,Iters,Block Row,Block Col,Threads,Rows,Cols,NNZ,Max Cols,Avg Cols
csr_serial,0.009399,0.032231,0.041631,0,100,1,1,-1,512,512,65536,0,0
bcsr_serial 1 x 1,0.005545,0.060014,0.065559,262144,100,1,1,-1,512,512,65536,0,0
bcsr_serial 2 x 2,0.013952,0.062502,0.076455,262144,100,2,2,-1,512,512,65536,0,0
bcsr_serial 4 x 4,0.021627,0.056439,0.078066,262144,100,4,4,-1,512,512,65536,0,0
bcsr_serial 8 x 8,0.021865,0.051782,0.073647,262144,100,8,8,-1,512,512,65536,0,0
bcsr_serial 16 x 16,0.021513,0.060298,0.081811,262144,100,16,16,-1,512,512,65536,0,0
bcsr_serial 32 x 32,0.021825,0.049005,0.070830,262144,100,32,32,-1,512,512,65536,0,0
