Name,Avg Run Time (s),Format Time (s),Total Time (s),Verification,Iters,Block Row,Block Col,Threads,Rows,Cols,NNZ,Max Cols,Avg Cols
csr_serial,0.015079,0.023526,0.038605,512,100,1,1,-1,512,512,65536,0,0
bcsr_serial 1 x 1,0.016216,0.042172,0.058388,262144,100,1,1,-1,512,512,65536,0,0
bcsr_serial 2 x 2,0.045189,0.051570,0.096759,262144,100,2,2,-1,512,512,65536,0,0
bcsr_serial 4 x 4,0.069929,0.048746,0.118675,262144,100,4,4,-1,512,512,65536,0,0
bcsr_serial 8 x 8,0.071177,0.044466,0.115643,262144,100,8,8,-1,512,512,65536,0,0
bcsr_serial 16 x 16,0.070539,0.046976,0.117516,262144,100,16,16,-1,512,512,65536,0,0
bcsr_serial 32 x 32,0.070640,0.039006,0.109646,262144,100,32,32,-1,512,512,65536,0,0
