Name,Avg Run Time (s),Format Time (s),Total Time (s),GFLOPS,Verification,Iters,Block Row,Block Col,K-Bound,Threads,FOP Count,Rows,Cols,NNZ,Max Cols,Avg Cols,Variance,Std Deviation
ell_omp_O2,0.024660,42.525131,42.549791,13001.435398,0,10,1,1,16,8,312010192080,62451,62451,2034917,40,32,54,7
ell_omp_collapse_O2,0.026520,41.391708,41.418228,11805.991397,0,10,1,1,16,8,312010192080,62451,62451,2034917,40,32,54,7
ell_omp_O2,0.014406,41.443503,41.457909,21799.847490,0,10,1,1,16,16,312010192080,62451,62451,2034917,40,32,54,7
ell_omp_collapse_O2,0.016460,41.352715,41.369175,19066.631376,0,10,1,1,16,16,312010192080,62451,62451,2034917,40,32,54,7
ell_omp_O2,0.008294,41.531076,41.539370,41003.913025,0,10,1,1,16,32,312010192080,62451,62451,2034917,40,32,54,7
ell_omp_collapse_O2,0.010525,41.379399,41.389924,32691.966311,0,10,1,1,16,32,312010192080,62451,62451,2034917,40,32,54,7
