Name,Avg Run Time (s),Format Time (s),Total Time (s),GFLOPS,Verification,Iters,Block Row,Block Col,K-Bound,Threads,FOP Count,Rows,Cols,NNZ,Max Cols,Avg Cols,Variance,Std Deviation
coo_omp_O2,0.016597,42.450939,42.467536,6.914972,0,10,1,1,16,8,65117344,62451,62451,2034917,40,32,54,7
coo_omp_collapse_O2,0.009156,41.153061,41.162217,9.729080,0,10,1,1,16,8,65117344,62451,62451,2034917,40,32,54,7
coo_omp_O2,0.013525,43.422895,43.436420,8.352556,0,10,1,1,16,16,65117344,62451,62451,2034917,40,32,54,7
coo_omp_collapse_O2,0.015004,43.259086,43.274089,8.196379,0,10,1,1,16,16,65117344,62451,62451,2034917,40,32,54,7
coo_omp_O2,0.014256,43.422533,43.436789,8.273243,0,10,1,1,16,32,65117344,62451,62451,2034917,40,32,54,7
coo_omp_collapse_O2,0.014759,43.354164,43.368923,8.404982,0,10,1,1,16,32,65117344,62451,62451,2034917,40,32,54,7
