Name,Avg Run Time (s),Format Time (s),Total Time (s),GFLOPS,Verification,Iters,Block Row,Block Col,K-Bound,Threads,FOP Count,Rows,Cols,NNZ,Max Cols,Avg Cols,Variance,Std Deviation
csr_omp_O2,0.018909,41.890547,41.909456,13507.181878,0,10,1,1,16,8,254165203134,62451,62451,2034917,40,32,54,7
csr_omp_collapse_O2,129.036526,42.292271,171.328797,1.969717,0,10,1,1,16,8,254165203134,62451,62451,2034917,40,32,54,7
csr_omp_O2,0.011265,41.327371,41.338636,22860.186660,0,10,1,1,16,16,254165203134,62451,62451,2034917,40,32,54,7
csr_omp_collapse_O2,65.299585,41.048257,106.347842,3.892297,0,10,1,1,16,16,254165203134,62451,62451,2034917,40,32,54,7
csr_omp_O2,0.006498,41.054014,41.060512,43188.521840,0,10,1,1,16,32,254165203134,62451,62451,2034917,40,32,54,7
csr_omp_collapse_O2,34.448445,40.884645,75.333090,7.378251,0,10,1,1,16,32,254165203134,62451,62451,2034917,40,32,54,7
