Name,Avg Run Time (s),Format Time (s),Total Time (s),GFLOPS,Verification,Iters,Block Row,Block Col,K-Bound,Threads,FOP Count,Rows,Cols,NNZ,Max Cols,Avg Cols,Variance,Std Deviation
csr_serial_O2,0.06745,40.880679,40.948129,3770.043603,0,10,1,1,16,-1,254165203134,62451,62451,2034917,40,32,54,7
ell_serial_O2,0.089384,41.722651,41.812035,3491.614129,0,10,1,1,16,-1,312010192080,62451,62451,2034917,40,32,54,7
csr_omp_O2,0.018909,41.890547,41.909456,13507.181878,0,10,1,1,16,8,254165203134,62451,62451,2034917,40,32,54,7
csr_omp_O2,0.011265,41.327371,41.338636,22860.18666,0,10,1,1,16,16,254165203134,62451,62451,2034917,40,32,54,7
csr_omp_O2,0.006498,41.054014,41.060512,43188.52184,0,10,1,1,16,32,254165203134,62451,62451,2034917,40,32,54,7
ell_omp_O2,0.02466,42.525131,42.549791,13001.435398,0,10,1,1,16,8,312010192080,62451,62451,2034917,40,32,54,7
ell_omp_O2,0.014406,41.443503,41.457909,21799.84749,0,10,1,1,16,16,312010192080,62451,62451,2034917,40,32,54,7
ell_omp_O2,0.008294,41.531076,41.53937,41003.913025,0,10,1,1,16,32,312010192080,62451,62451,2034917,40,32,54,7
