Name,-O,FLOPS,MFLOPS,GFLOPS,FOP Count,Avg Run Time (s),Format Time (s),Total Time (s),Verification,Iters,Block Row,Block Col,K-Bound,Threads,Rows,Cols,NNZ,NNZ*2,Max Cols,Avg Cols,Col Ratio,Variance,Std Deviation
ELL Serial,O2,588496920.116833,588.496920,0.588497,27980096,0.049929,51.662202,51.712131,0,10,1,1,16,-1,101492,101492,874378,1748756,24,8,3.000000,14,3
ELL Serial,O2,1576095211.591370,1576.095212,1.576095,111920384,0.072739,51.852343,51.925082,0,10,1,1,64,-1,101492,101492,874378,1748756,24,8,3.000000,14,3
ELL Serial,O2,2115724700.746713,2115.724701,2.115725,223840768,0.107256,51.825585,51.932841,0,10,1,1,128,-1,101492,101492,874378,1748756,24,8,3.000000,14,3
