Name,-O,FLOPS,MFLOPS,GFLOPS,FOP Count,Avg Run Time (s),Format Time (s),Total Time (s),Verification,Iters,Block Row,Block Col,K-Bound,Threads,Rows,Cols,NNZ,NNZ*2,Max Cols,Avg Cols,Col Ratio,Variance,Std Deviation
COO OMP,O2,621081050.667445,621.081051,0.621081,27980096,0.077780,51.846190,51.923970,0,10,1,1,16,8,101492,101492,874378,1748756,24,8,3.000000,14,3
COO OMP,O2,2991131081.377126,2991.131081,2.991131,111920384,0.074496,49.463534,49.538030,0,10,1,1,64,8,101492,101492,874378,1748756,24,8,3.000000,14,3
COO OMP,O2,3539067531.072899,3539.067531,3.539068,223840768,0.106855,49.468715,49.575570,0,10,1,1,128,8,101492,101492,874378,1748756,24,8,3.000000,14,3
COO OMP,O2,980668007.845647,980.668008,0.980668,27980096,0.062679,50.080011,50.142690,0,10,1,1,16,16,101492,101492,874378,1748756,24,8,3.000000,14,3
COO OMP,O2,3919486507.209636,3919.486507,3.919487,111920384,0.055920,49.558403,49.614323,0,10,1,1,64,16,101492,101492,874378,1748756,24,8,3.000000,14,3
COO OMP,O2,4902064460.404241,4902.064460,4.902064,223840768,0.068310,49.682354,49.750664,0,10,1,1,128,16,101492,101492,874378,1748756,24,8,3.000000,14,3
COO OMP,O2,1605843113.507690,1605.843114,1.605843,27980096,0.048839,49.480127,49.528966,0,10,1,1,16,32,101492,101492,874378,1748756,24,8,3.000000,14,3
COO OMP,O2,3291500000.381413,3291.500000,3.291500,111920384,0.056950,49.541016,49.597967,0,10,1,1,64,32,101492,101492,874378,1748756,24,8,3.000000,14,3
COO OMP,O2,5295550008.300197,5295.550008,5.295550,223840768,0.066704,49.526696,49.593400,0,10,1,1,128,32,101492,101492,874378,1748756,24,8,3.000000,14,3
