Name,-O,FLOPS,MFLOPS,GFLOPS,FOP Count,Avg Run Time (s),Format Time (s),Total Time (s),Verification,Iters,Block Row,Block Col,K-Bound,Threads,Rows,Cols,NNZ,NNZ*2,Max Cols,Avg Cols,Col Ratio,Variance,Std Deviation
CSR THREADS,O2,250020844.881262,250.020845,0.250021,1748756,0.007527,50.729689,50.737216,0,5,1,1,16,32,101492,101492,874378,1748756,24,8,3.000000,14,3
CSR THREADS,O2,181573082.750803,181.573083,0.181573,1748756,0.009884,50.873171,50.883055,0,5,1,1,64,32,101492,101492,874378,1748756,24,8,3.000000,14,3
CSR THREADS,O2,150269324.359677,150.269324,0.150269,1748756,0.012482,50.917778,50.930260,0,5,1,1,128,32,101492,101492,874378,1748756,24,8,3.000000,14,3
