Name,-O,FLOPS,MFLOPS,GFLOPS,FOP Count,Avg Run Time (s),Format Time (s),Total Time (s),Verification,Iters,Block Row,Block Col,K-Bound,Threads,Rows,Cols,NNZ,NNZ*2,Max Cols,Avg Cols,Col Ratio,Variance,Std Deviation
CSR OMP Transpose,O2,104074.027703,0.104074,0.000104,1748756,16.835942,12.680299,29.516241,0,10,1,1,16,8,101492,101492,874378,1748756,24,8,3.000000,14,3
CSR OMP Transpose,O2,106487.825539,0.106488,0.000106,1748756,16.430195,12.640475,29.070670,0,10,1,1,64,8,101492,101492,874378,1748756,24,8,3.000000,14,3
CSR OMP Transpose,O2,108669.055608,0.108669,0.000109,1748756,16.107832,12.689970,28.797802,0,10,1,1,128,8,101492,101492,874378,1748756,24,8,3.000000,14,3
CSR OMP Transpose,O2,193098.982033,0.193099,0.000193,1748756,9.057908,12.680101,21.738009,0,10,1,1,16,16,101492,101492,874378,1748756,24,8,3.000000,14,3
CSR OMP Transpose,O2,192762.931930,0.192763,0.000193,1748756,9.074656,12.664273,21.738929,0,10,1,1,64,16,101492,101492,874378,1748756,24,8,3.000000,14,3
CSR OMP Transpose,O2,186556.364892,0.186556,0.000187,1748756,9.376411,12.619419,21.995830,0,10,1,1,128,16,101492,101492,874378,1748756,24,8,3.000000,14,3
CSR OMP Transpose,O2,335288.840128,0.335289,0.000335,1748756,5.217058,12.670855,17.887913,0,10,1,1,16,32,101492,101492,874378,1748756,24,8,3.000000,14,3
CSR OMP Transpose,O2,341567.036452,0.341567,0.000342,1748756,5.121111,12.756191,17.877302,0,10,1,1,64,32,101492,101492,874378,1748756,24,8,3.000000,14,3
CSR OMP Transpose,O2,334175.510766,0.334176,0.000334,1748756,5.233371,12.632986,17.866357,0,10,1,1,128,32,101492,101492,874378,1748756,24,8,3.000000,14,3
