Name,-O,FLOPS,MFLOPS,GFLOPS,FOP Count,Avg Run Time (s),Format Time (s),Total Time (s),Verification,Iters,Block Row,Block Col,K-Bound,Threads,Rows,Cols,NNZ,NNZ*2,Max Cols,Avg Cols,Col Ratio,Variance,Std Deviation
ELL OMP,O2,53054439.468863,53.054439,0.053054,1748756,0.033365,12.166827,12.200192,0,10,1,1,16,8,101492,101492,874378,1748756,24,8,3.000000,14,3
ELL OMP,O2,31661936.171432,31.661936,0.031662,1748756,0.055726,12.233735,12.289461,0,10,1,1,64,8,101492,101492,874378,1748756,24,8,3.000000,14,3
ELL OMP,O2,23022316.404407,23.022316,0.023022,1748756,0.076336,12.227312,12.303648,0,10,1,1,128,8,101492,101492,874378,1748756,24,8,3.000000,14,3
ELL OMP,O2,72423308.733668,72.423309,0.072423,1748756,0.025393,12.176449,12.201842,0,10,1,1,16,16,101492,101492,874378,1748756,24,8,3.000000,14,3
ELL OMP,O2,41189588.663920,41.189589,0.041190,1748756,0.043013,12.223581,12.266594,0,10,1,1,64,16,101492,101492,874378,1748756,24,8,3.000000,14,3
ELL OMP,O2,30067721.160310,30.067721,0.030068,1748756,0.058781,12.214321,12.273102,0,10,1,1,128,16,101492,101492,874378,1748756,24,8,3.000000,14,3
ELL OMP,O2,85070136.925242,85.070137,0.085070,1748756,0.022489,12.193425,12.215914,0,10,1,1,16,32,101492,101492,874378,1748756,24,8,3.000000,14,3
ELL OMP,O2,52146026.487027,52.146026,0.052146,1748756,0.035458,12.227772,12.263230,0,10,1,1,64,32,101492,101492,874378,1748756,24,8,3.000000,14,3
ELL OMP,O2,39468573.526653,39.468574,0.039469,1748756,0.045702,12.259206,12.304908,0,10,1,1,128,32,101492,101492,874378,1748756,24,8,3.000000,14,3
