Name,-O,FLOPS,MFLOPS,GFLOPS,FOP Count,Avg Run Time (s),Format Time (s),Total Time (s),Verification,Iters,Block Row,Block Col,K-Bound,Threads,Rows,Cols,NNZ,NNZ*2,Max Cols,Avg Cols,Col Ratio,Variance,Std Deviation
CSR GPU Transpose,O2,31396.469371,0.031396,0.000031,1748756,55.703132,12.273468,67.976600,0,10,1,1,16,-1,101492,101492,874378,1748756,24,8,3.000000,14,3
CSR GPU Transpose,O2,31435.488953,0.031435,0.000031,1748756,55.634835,12.460617,68.095452,0,10,1,1,64,-1,101492,101492,874378,1748756,24,8,3.000000,14,3
CSR GPU Transpose,O2,30416.529014,0.030417,0.000030,1748756,57.493664,12.457774,69.951438,0,10,1,1,128,-1,101492,101492,874378,1748756,24,8,3.000000,14,3
