Name,-O,FLOPS,MFLOPS,GFLOPS,FOP Count,Avg Run Time (s),Format Time (s),Total Time (s),Verification,Iters,Block Row,Block Col,K-Bound,Threads,Rows,Cols,NNZ,NNZ*2,Max Cols,Avg Cols,Col Ratio,Variance,Std Deviation
BCSR OMP,O2,inf,inf,inf,13990048,0.000000,12.511484,12.511484,811935,10,4,4,8,32,101492,101492,874378,1748756,24,8,3.000000,14,3
BCSR OMP,O2,145184061.959353,145.184062,0.145184,27980096,0.193483,12.413846,12.607329,0,10,4,4,16,32,101492,101492,874378,1748756,24,8,3.000000,14,3
BCSR OMP,O2,490047559.684740,490.047560,0.490048,111920384,0.229110,12.368965,12.598075,0,10,4,4,64,32,101492,101492,874378,1748756,24,8,3.000000,14,3
BCSR OMP,O2,788751394.117579,788.751394,0.788751,223840768,0.284426,12.440295,12.724721,0,10,4,4,128,32,101492,101492,874378,1748756,24,8,3.000000,14,3
BCSR OMP,O2,inf,inf,inf,447681536,0.000000,12.452083,12.452083,25981951,10,4,4,256,32,101492,101492,874378,1748756,24,8,3.000000,14,3
BCSR OMP,O2,inf,inf,inf,895363072,0.000000,12.315792,12.315792,51963903,10,4,4,512,32,101492,101492,874378,1748756,24,8,3.000000,14,3
BCSR OMP,O2,inf,inf,inf,1797721168,0.000000,12.388772,12.388772,104333775,10,4,4,1028,32,101492,101492,874378,1748756,24,8,3.000000,14,3
