Name,-O,FLOPS,MFLOPS,GFLOPS,FOP Count,Avg Run Time (s),Format Time (s),Total Time (s),Verification,Iters,Block Row,Block Col,K-Bound,Threads,Rows,Cols,NNZ,NNZ*2,Max Cols,Avg Cols,Col Ratio,Variance,Std Deviation
CSR OMP,O2,71459727.016791,71.459727,0.071460,1748756,0.025477,12.362239,12.387717,0,10,1,1,16,8,101492,101492,874378,1748756,24,8,3.000000,14,3
CSR OMP,O2,41157291.470311,41.157291,0.041157,1748756,0.043385,12.418586,12.461971,0,10,1,1,64,8,101492,101492,874378,1748756,24,8,3.000000,14,3
CSR OMP,O2,31723105.078088,31.723105,0.031723,1748756,0.055386,12.406076,12.461462,0,10,1,1,128,8,101492,101492,874378,1748756,24,8,3.000000,14,3
CSR OMP,O2,101198380.561695,101.198381,0.101198,1748756,0.018163,12.365148,12.383311,0,10,1,1,16,16,101492,101492,874378,1748756,24,8,3.000000,14,3
CSR OMP,O2,57051215.827064,57.051216,0.057051,1748756,0.031462,12.416843,12.448305,0,10,1,1,64,16,101492,101492,874378,1748756,24,8,3.000000,14,3
CSR OMP,O2,41428105.374453,41.428105,0.041428,1748756,0.042554,12.460904,12.503459,0,10,1,1,128,16,101492,101492,874378,1748756,24,8,3.000000,14,3
CSR OMP,O2,155338536.803695,155.338537,0.155339,1748756,0.013928,12.445667,12.459595,0,10,1,1,16,32,101492,101492,874378,1748756,24,8,3.000000,14,3
CSR OMP,O2,71346732.855691,71.346733,0.071347,1748756,0.025875,12.529673,12.555548,0,10,1,1,64,32,101492,101492,874378,1748756,24,8,3.000000,14,3
CSR OMP,O2,56471838.305590,56.471838,0.056472,1748756,0.032420,12.606867,12.639286,0,10,1,1,128,32,101492,101492,874378,1748756,24,8,3.000000,14,3
