Name,-O,FLOPS,MFLOPS,GFLOPS,FOP Count,Avg Run Time (s),Format Time (s),Total Time (s),Verification,Iters,Block Row,Block Col,K-Bound,Threads,Rows,Cols,NNZ,NNZ*2,Max Cols,Avg Cols,Col Ratio,Variance,Std Deviation
BCSR Serial Transpose,O2,562147799.543230,562.147800,0.562148,223840768,0.408347,55.580060,55.988407,0,10,2,2,128,-1,101492,101492,874378,1748756,24,8,3.000000,14,3
BCSR Serial Transpose,O2,230716798.381985,230.716798,0.230717,223840768,0.980071,55.933947,56.914018,0,10,4,4,128,-1,101492,101492,874378,1748756,24,8,3.000000,14,3
BCSR Serial Transpose,O2,42833537.571250,42.833538,0.042834,223840768,5.229830,57.992540,63.222370,0,10,16,16,128,-1,101492,101492,874378,1748756,24,8,3.000000,14,3
