Name,-O,FLOPS,MFLOPS,GFLOPS,FOP Count,Avg Run Time (s),Format Time (s),Total Time (s),Verification,Iters,Block Row,Block Col,K-Bound,Threads,Rows,Cols,NNZ,NNZ*2,Max Cols,Avg Cols,Col Ratio,Variance,Std Deviation
ELL OMP Transpose,O2,30493.742484,0.030494,0.000030,1748756,57.348086,12.682525,70.030611,0,10,1,1,16,8,101492,101492,874378,1748756,24,8,3.000000,14,3
ELL OMP Transpose,O2,31387.809443,0.031388,0.000031,1748756,55.720834,12.691462,68.412296,0,10,1,1,64,8,101492,101492,874378,1748756,24,8,3.000000,14,3
ELL OMP Transpose,O2,31268.154288,0.031268,0.000031,1748756,55.933082,12.672016,68.605098,0,10,1,1,128,8,101492,101492,874378,1748756,24,8,3.000000,14,3
ELL OMP Transpose,O2,31449.017771,0.031449,0.000031,1748756,55.611684,12.674737,68.286421,0,10,1,1,16,16,101492,101492,874378,1748756,24,8,3.000000,14,3
ELL OMP Transpose,O2,31285.990719,0.031286,0.000031,1748756,55.901094,12.673427,68.574521,0,10,1,1,64,16,101492,101492,874378,1748756,24,8,3.000000,14,3
ELL OMP Transpose,O2,30399.497349,0.030399,0.000030,1748756,57.525921,12.680863,70.206784,0,10,1,1,128,16,101492,101492,874378,1748756,24,8,3.000000,14,3
ELL OMP Transpose,O2,31428.001611,0.031428,0.000031,1748756,55.649224,12.643008,68.292232,0,10,1,1,16,32,101492,101492,874378,1748756,24,8,3.000000,14,3
ELL OMP Transpose,O2,31350.001932,0.031350,0.000031,1748756,55.787204,12.638213,68.425417,0,10,1,1,64,32,101492,101492,874378,1748756,24,8,3.000000,14,3
ELL OMP Transpose,O2,31354.191863,0.031354,0.000031,1748756,55.780471,12.664814,68.445285,0,10,1,1,128,32,101492,101492,874378,1748756,24,8,3.000000,14,3
