Name,-O,FLOPS,MFLOPS,GFLOPS,FOP Count,Avg Run Time (s),Format Time (s),Total Time (s),Verification,Iters,Block Row,Block Col,K-Bound,Threads,Rows,Cols,NNZ,NNZ*2,Max Cols,Avg Cols,Col Ratio,Variance,Std Deviation
COO OMP Transpose,O2,2600879876.237371,2600.879876,2.600880,223840768,0.086208,12.515088,12.601295,0,10,1,1,128,8,101492,101492,874378,1748756,24,8,3.000000,14,3
COO OMP Transpose,O2,3700413099.563081,3700.413100,3.700413,223840768,0.060528,12.206402,12.266930,0,10,1,1,128,16,101492,101492,874378,1748756,24,8,3.000000,14,3
COO OMP Transpose,O2,4316359337.685105,4316.359338,4.316359,223840768,0.052289,12.186777,12.239066,0,10,1,1,128,32,101492,101492,874378,1748756,24,8,3.000000,14,3
