Name,-O,FLOPS,MFLOPS,GFLOPS,FOP Count,Avg Run Time (s),Format Time (s),Total Time (s),Verification,Iters,Block Row,Block Col,K-Bound,Threads,Rows,Cols,NNZ,NNZ*2,Max Cols,Avg Cols,Col Ratio,Variance,Std Deviation
COO Serial,O2,57001407.220144,57.001407,0.057001,1748756,0.031835,49.525404,49.557239,0,10,1,1,16,-1,101492,101492,874378,1748756,24,8,3.000000,14,3
COO Serial,O2,23434405.005681,23.434405,0.023434,1748756,0.081284,48.857850,48.939134,0,10,1,1,64,-1,101492,101492,874378,1748756,24,8,3.000000,14,3
COO Serial,O2,18519042.265465,18.519042,0.018519,1748756,0.102291,49.530401,49.632693,0,10,1,1,128,-1,101492,101492,874378,1748756,24,8,3.000000,14,3
