Name,-O,FLOPS,MFLOPS,GFLOPS,FOP Count,Avg Run Time (s),Format Time (s),Total Time (s),Verification,Iters,Block Row,Block Col,K-Bound,Threads,Rows,Cols,NNZ,NNZ*2,Max Cols,Avg Cols,Col Ratio,Variance,Std Deviation
COO OMP,O2,inf,inf,inf,13990048,0.000000,55.408421,55.408421,811935,10,1,1,8,32,101492,101492,874378,1748756,24,8,3.000000,14,3
COO OMP,O2,1461461321.626261,1461.461322,1.461461,27980096,0.048228,55.439124,55.487352,0,10,1,1,16,32,101492,101492,874378,1748756,24,8,3.000000,14,3
COO OMP,O2,3020095465.219314,3020.095465,3.020095,111920384,0.053863,55.660258,55.714121,0,10,1,1,64,32,101492,101492,874378,1748756,24,8,3.000000,14,3
COO OMP,O2,3576154256.121469,3576.154256,3.576154,223840768,0.076800,55.673867,55.750667,0,10,1,1,128,32,101492,101492,874378,1748756,24,8,3.000000,14,3
COO OMP,O2,inf,inf,inf,447681536,0.000000,55.353972,55.353972,25981951,10,1,1,256,32,101492,101492,874378,1748756,24,8,3.000000,14,3
COO OMP,O2,inf,inf,inf,895363072,0.000000,55.574451,55.574451,51963903,10,1,1,512,32,101492,101492,874378,1748756,24,8,3.000000,14,3
COO OMP,O2,inf,inf,inf,1797721168,0.000000,55.117058,55.117058,104333775,10,1,1,1028,32,101492,101492,874378,1748756,24,8,3.000000,14,3
