Name,-O,FLOPS,MFLOPS,GFLOPS,FOP Count,Avg Run Time (s),Format Time (s),Total Time (s),Verification,Iters,Block Row,Block Col,K-Bound,Threads,Rows,Cols,NNZ,NNZ*2,Max Cols,Avg Cols,Col Ratio,Variance,Std Deviation
COO OMP Transpose,O2,5049417630.652833,5049.417631,5.049418,223840768,0.077007,55.268365,55.345372,0,10,1,1,128,8,101492,101492,874378,1748756,24,8,3.000000,14,3
COO OMP Transpose,O2,5204389133.940001,5204.389134,5.204389,223840768,0.072361,55.203871,55.276232,0,10,1,1,128,16,101492,101492,874378,1748756,24,8,3.000000,14,3
COO OMP Transpose,O2,4760075465.423037,4760.075465,4.760075,223840768,0.062954,55.448116,55.511070,0,10,1,1,128,32,101492,101492,874378,1748756,24,8,3.000000,14,3
