Name,-O,FLOPS,MFLOPS,GFLOPS,FOP Count,Avg Run Time (s),Format Time (s),Total Time (s),Verification,Iters,Block Row,Block Col,K-Bound,Threads,Rows,Cols,NNZ,NNZ*2,Max Cols,Avg Cols,Col Ratio,Variance,Std Deviation
BCSR Serial Transpose,O2,742480306.930144,742.480307,0.742480,223840768,0.301484,12.488978,12.790462,0,10,2,2,128,-1,101492,101492,874378,1748756,24,8,3.000000,14,3
BCSR Serial Transpose,O2,300385764.436039,300.385764,0.300386,223840768,0.745195,12.871955,13.617150,0,10,4,4,128,-1,101492,101492,874378,1748756,24,8,3.000000,14,3
BCSR Serial Transpose,O2,55233259.398846,55.233259,0.055233,223840768,4.052650,13.822602,17.875252,0,10,16,16,128,-1,101492,101492,874378,1748756,24,8,3.000000,14,3
