Name,-O,FLOPS,MFLOPS,GFLOPS,FOP Count,Avg Run Time (s),Format Time (s),Total Time (s),Verification,Iters,Block Row,Block Col,K-Bound,Threads,Rows,Cols,NNZ,NNZ*2,Max Cols,Avg Cols,Col Ratio,Variance,Std Deviation
COO OMP,O2,1081533998.464636,1081.533998,1.081534,13990048,0.055114,55.677230,55.732344,0,10,1,1,8,32,101492,101492,874378,1748756,24,8,3.000000,14,3
COO OMP,O2,999166827.589452,999.166828,0.999167,27980096,0.053553,55.540206,55.593759,0,10,1,1,16,32,101492,101492,874378,1748756,24,8,3.000000,14,3
COO OMP,O2,2502822662.478730,2502.822662,2.502823,111920384,0.057693,55.863578,55.921271,0,10,1,1,64,32,101492,101492,874378,1748756,24,8,3.000000,14,3
COO OMP,O2,7225277571.147985,7225.277571,7.225278,223840768,0.063384,55.568715,55.632099,0,10,1,1,128,32,101492,101492,874378,1748756,24,8,3.000000,14,3
COO OMP,O2,10789683654.089838,10789.683654,10.789684,447681536,0.074704,55.816819,55.891524,0,10,1,1,256,32,101492,101492,874378,1748756,24,8,3.000000,14,3
COO OMP,O2,11195048449.453739,11195.048449,11.195048,895363072,0.097076,55.108565,55.205641,0,10,1,1,512,32,101492,101492,874378,1748756,24,8,3.000000,14,3
COO OMP,O2,18265745943.176552,18265.745943,18.265746,1797721168,0.147854,55.481304,55.629158,0,10,1,1,1028,32,101492,101492,874378,1748756,24,8,3.000000,14,3
