Name,-O,FLOPS,MFLOPS,GFLOPS,FOP Count,Avg Run Time (s),Format Time (s),Total Time (s),Verification,Iters,Block Row,Block Col,K-Bound,Threads,Rows,Cols,NNZ,NNZ*2,Max Cols,Avg Cols,Col Ratio,Variance,Std Deviation
CSR OMP,O2,81989885.029309,81.989885,0.081990,1748756,0.056685,50.333746,50.390431,0,10,1,1,16,8,101492,101492,874378,1748756,24,8,3.000000,14,3
CSR OMP,O2,74904467.427899,74.904467,0.074904,1748756,0.058306,50.680687,50.738993,0,10,1,1,64,8,101492,101492,874378,1748756,24,8,3.000000,14,3
CSR OMP,O2,70070654.973965,70.070655,0.070071,1748756,0.038642,50.139691,50.178333,0,10,1,1,128,8,101492,101492,874378,1748756,24,8,3.000000,14,3
CSR OMP,O2,102574994.051175,102.574994,0.102575,1748756,0.066586,49.806713,49.873299,0,10,1,1,16,16,101492,101492,874378,1748756,24,8,3.000000,14,3
CSR OMP,O2,105852752.755462,105.852753,0.105853,1748756,0.037156,50.571359,50.608515,0,10,1,1,64,16,101492,101492,874378,1748756,24,8,3.000000,14,3
CSR OMP,O2,82146893.978804,82.146894,0.082147,1748756,0.045266,50.461041,50.506307,0,10,1,1,128,16,101492,101492,874378,1748756,24,8,3.000000,14,3
CSR OMP,O2,102724932.787877,102.724933,0.102725,1748756,0.061505,50.783248,50.844753,0,10,1,1,16,32,101492,101492,874378,1748756,24,8,3.000000,14,3
CSR OMP,O2,62291040.097092,62.291040,0.062291,1748756,0.063190,50.998847,51.062037,0,10,1,1,64,32,101492,101492,874378,1748756,24,8,3.000000,14,3
CSR OMP,O2,61895062.419995,61.895062,0.061895,1748756,0.060872,52.001226,52.062097,0,10,1,1,128,32,101492,101492,874378,1748756,24,8,3.000000,14,3
