Name,-O,FLOPS,MFLOPS,GFLOPS,FOP Count,Avg Run Time (s),Format Time (s),Total Time (s),Verification,Iters,Block Row,Block Col,K-Bound,Threads,Rows,Cols,NNZ,NNZ*2,Max Cols,Avg Cols,Col Ratio,Variance,Std Deviation
ELL OMP Transpose,O2,2925524390.347273,2925.524390,2.925524,223840768,0.118741,55.606210,55.724951,0,10,1,1,128,8,101492,101492,874378,1748756,24,8,3.000000,14,3
ELL OMP Transpose,O2,3922975474.525209,3922.975475,3.922975,223840768,0.074293,56.219488,56.293781,0,10,1,1,128,16,101492,101492,874378,1748756,24,8,3.000000,14,3
ELL OMP Transpose,O2,4028122045.952287,4028.122046,4.028122,223840768,0.072809,55.627739,55.700548,0,10,1,1,128,32,101492,101492,874378,1748756,24,8,3.000000,14,3
