Name,-O,FLOPS,MFLOPS,GFLOPS,FOP Count,Avg Run Time (s),Format Time (s),Total Time (s),Verification,Iters,Block Row,Block Col,K-Bound,Threads,Rows,Cols,NNZ,NNZ*2,Max Cols,Avg Cols,Col Ratio,Variance,Std Deviation
COO THREADS,O2,386091513.970308,386.091514,0.386092,1748756,0.005777,51.600231,51.606007,0,5,1,1,16,72,101492,101492,874378,1748756,24,8,3.000000,14,3
COO THREADS,O2,154476715.689553,154.476716,0.154477,1748756,0.011891,50.375366,50.387257,0,5,1,1,64,32,101492,101492,874378,1748756,24,8,3.000000,14,3
COO THREADS,O2,115364750.991144,115.364751,0.115365,1748756,0.016228,50.732362,50.748590,0,5,1,1,128,64,101492,101492,874378,1748756,24,8,3.000000,14,3
