Name,-O,FLOPS,MFLOPS,GFLOPS,FOP Count,Avg Run Time (s),Format Time (s),Total Time (s),Verification,Iters,Block Row,Block Col,K-Bound,Threads,Rows,Cols,NNZ,NNZ*2,Max Cols,Avg Cols,Col Ratio,Variance,Std Deviation
BCSR Serial,O2,317664068.145691,317.664068,0.317664,27980096,0.089649,52.004344,52.093993,0,10,4,4,16,-1,101492,101492,874378,1748756,24,8,3.000000,14,3
BCSR Serial,O2,702196689.444227,702.196689,0.702197,111920384,0.160598,51.985287,52.145885,0,10,4,4,64,-1,101492,101492,874378,1748756,24,8,3.000000,14,3
BCSR Serial,O2,782525696.431530,782.525696,0.782526,223840768,0.288462,52.101778,52.390240,0,10,4,4,128,-1,101492,101492,874378,1748756,24,8,3.000000,14,3
