Name,-O,FLOPS,MFLOPS,GFLOPS,FOP Count,Avg Run Time (s),Format Time (s),Total Time (s),Verification,Iters,Block Row,Block Col,K-Bound,Threads,Rows,Cols,NNZ,NNZ*2,Max Cols,Avg Cols,Col Ratio,Variance,Std Deviation
CSR OMP,O2,86095581.016443,86.095581,0.086096,1748756,0.043843,50.431978,50.475821,0,10,1,1,16,8,101492,101492,874378,1748756,24,8,3.000000,14,3
CSR OMP,O2,60583384.697657,60.583385,0.060583,1748756,0.054178,50.539247,50.593425,0,10,1,1,64,8,101492,101492,874378,1748756,24,8,3.000000,14,3
CSR OMP,O2,47985223.450265,47.985223,0.047985,1748756,0.065535,50.459576,50.525111,0,10,1,1,128,8,101492,101492,874378,1748756,24,8,3.000000,14,3
CSR OMP,O2,112092051.851907,112.092052,0.112092,1748756,0.040399,50.655046,50.695445,0,10,1,1,16,16,101492,101492,874378,1748756,24,8,3.000000,14,3
CSR OMP,O2,50415079.033594,50.415079,0.050415,1748756,0.069742,50.414966,50.484707,0,10,1,1,64,16,101492,101492,874378,1748756,24,8,3.000000,14,3
CSR OMP,O2,60626037.841717,60.626038,0.060626,1748756,0.065907,50.551048,50.616955,0,10,1,1,128,16,101492,101492,874378,1748756,24,8,3.000000,14,3
CSR OMP,O2,84487908.948365,84.487909,0.084488,1748756,0.052297,50.525362,50.577659,0,10,1,1,16,32,101492,101492,874378,1748756,24,8,3.000000,14,3
CSR OMP,O2,52839186.404025,52.839186,0.052839,1748756,0.057962,50.401676,50.459638,0,10,1,1,64,32,101492,101492,874378,1748756,24,8,3.000000,14,3
CSR OMP,O2,45299257.948016,45.299258,0.045299,1748756,0.067027,50.526687,50.593713,0,10,1,1,128,32,101492,101492,874378,1748756,24,8,3.000000,14,3
