Name,-O,FLOPS,MFLOPS,GFLOPS,FOP Count,Avg Run Time (s),Format Time (s),Total Time (s),Verification,Iters,Block Row,Block Col,K-Bound,Threads,Rows,Cols,NNZ,NNZ*2,Max Cols,Avg Cols,Col Ratio,Variance,Std Deviation
BCSR THREADS,O2,174374312.683148,174.374313,0.174374,1748756,0.013613,50.872435,50.886048,0,5,2,2,16,72,101492,101492,874378,1748756,24,8,3.000000,14,3
BCSR THREADS,O2,150684107.018713,150.684107,0.150684,1748756,0.011660,50.983839,50.995499,0,5,4,4,16,72,101492,101492,874378,1748756,24,8,3.000000,14,3
BCSR THREADS,O2,52016123.974682,52.016124,0.052016,1748756,0.039760,52.949506,52.989266,0,5,16,16,16,72,101492,101492,874378,1748756,24,8,3.000000,14,3
BCSR THREADS,O2,131714820.668989,131.714821,0.131715,1748756,0.013707,51.880970,51.894677,0,5,2,2,64,64,101492,101492,874378,1748756,24,8,3.000000,14,3
BCSR THREADS,O2,79194722.932631,79.194723,0.079195,1748756,0.022245,52.280724,52.302969,0,5,4,4,64,72,101492,101492,874378,1748756,24,8,3.000000,14,3
BCSR THREADS,O2,24569577.647160,24.569578,0.024570,1748756,0.071196,53.549720,53.620916,0,5,16,16,64,72,101492,101492,874378,1748756,24,8,3.000000,14,3
BCSR THREADS,O2,92487185.762455,92.487186,0.092487,1748756,0.018946,52.096264,52.115210,0,5,2,2,128,72,101492,101492,874378,1748756,24,8,3.000000,14,3
BCSR THREADS,O2,51614978.277012,51.614978,0.051615,1748756,0.035576,53.534778,53.570354,0,5,4,4,128,64,101492,101492,874378,1748756,24,8,3.000000,14,3
BCSR THREADS,O2,13352563.864457,13.352564,0.013353,1748756,0.130983,53.494554,53.625537,0,5,16,16,128,64,101492,101492,874378,1748756,24,8,3.000000,14,3
