Name,-O,FLOPS,MFLOPS,GFLOPS,FOP Count,Avg Run Time (s),Format Time (s),Total Time (s),Verification,Iters,Block Row,Block Col,K-Bound,Threads,Rows,Cols,NNZ,NNZ*2,Max Cols,Avg Cols,Col Ratio,Variance,Std Deviation
COO Serial,O2,703723283.030942,703.723283,0.703723,27980096,0.043781,51.792859,51.836640,0,10,1,1,16,-1,101492,101492,874378,1748756,24,8,3.000000,14,3
COO Serial,O2,1922558886.718723,1922.558887,1.922559,111920384,0.062831,48.974725,49.037556,0,10,1,1,64,-1,101492,101492,874378,1748756,24,8,3.000000,14,3
COO Serial,O2,2862068777.590273,2862.068778,2.862069,223840768,0.079628,49.770749,49.850378,0,10,1,1,128,-1,101492,101492,874378,1748756,24,8,3.000000,14,3
