Name,-O,FLOPS,MFLOPS,GFLOPS,FOP Count,Avg Run Time (s),Format Time (s),Total Time (s),Verification,Iters,Block Row,Block Col,K-Bound,Threads,Rows,Cols,NNZ,NNZ*2,Max Cols,Avg Cols,Col Ratio,Variance,Std Deviation
COO OMP,O2,1428026101.538522,1428.026102,1.428026,13990048,0.012994,12.159549,12.172543,0,10,1,1,8,32,101492,101492,874378,1748756,24,8,3.000000,14,3
COO OMP,O2,2032088614.397055,2032.088614,2.032089,27980096,0.015807,12.213887,12.229693,0,10,1,1,16,32,101492,101492,874378,1748756,24,8,3.000000,14,3
COO OMP,O2,4646137606.840527,4646.137607,4.646138,111920384,0.025753,12.235434,12.261187,0,10,1,1,64,32,101492,101492,874378,1748756,24,8,3.000000,14,3
COO OMP,O2,7036822241.951797,7036.822242,7.036822,223840768,0.033805,12.241298,12.275103,0,10,1,1,128,32,101492,101492,874378,1748756,24,8,3.000000,14,3
COO OMP,O2,11346628209.960779,11346.628210,11.346628,447681536,0.040900,12.255222,12.296122,0,10,1,1,256,32,101492,101492,874378,1748756,24,8,3.000000,14,3
COO OMP,O2,17777256665.360115,17777.256665,17.777257,895363072,0.052145,12.205878,12.258023,0,10,1,1,512,32,101492,101492,874378,1748756,24,8,3.000000,14,3
COO OMP,O2,26507729506.578903,26507.729507,26.507730,1797721168,0.069205,12.251349,12.320554,0,10,1,1,1028,32,101492,101492,874378,1748756,24,8,3.000000,14,3
