Name,-O,FLOPS,MFLOPS,GFLOPS,FOP Count,Avg Run Time (s),Format Time (s),Total Time (s),Verification,Iters,Block Row,Block Col,K-Bound,Threads,Rows,Cols,NNZ,NNZ*2,Max Cols,Avg Cols,Col Ratio,Variance,Std Deviation
BCSR OMP Transpose,O2,2742727362.367805,2742.727362,2.742727,223840768,0.107300,55.868133,55.975432,0,10,2,2,128,8,101492,101492,874378,1748756,24,8,3.000000,14,3
BCSR OMP Transpose,O2,1127121914.132510,1127.121914,1.127122,223840768,0.225217,56.077302,56.302519,0,10,4,4,128,8,101492,101492,874378,1748756,24,8,3.000000,14,3
BCSR OMP Transpose,O2,258911925.511457,258.911926,0.258912,223840768,0.875358,57.798831,58.674189,0,10,16,16,128,8,101492,101492,874378,1748756,24,8,3.000000,14,3
BCSR OMP Transpose,O2,4013881142.853683,4013.881143,4.013881,223840768,0.073071,55.872332,55.945403,0,10,2,2,128,16,101492,101492,874378,1748756,24,8,3.000000,14,3
BCSR OMP Transpose,O2,2401008134.880731,2401.008135,2.401008,223840768,0.112487,56.024849,56.137336,0,10,4,4,128,16,101492,101492,874378,1748756,24,8,3.000000,14,3
BCSR OMP Transpose,O2,481411305.085692,481.411305,0.481411,223840768,0.473580,57.385358,57.858938,0,10,16,16,128,16,101492,101492,874378,1748756,24,8,3.000000,14,3
BCSR OMP Transpose,O2,4396707160.354043,4396.707160,4.396707,223840768,0.065893,55.928021,55.993914,0,10,2,2,128,32,101492,101492,874378,1748756,24,8,3.000000,14,3
BCSR OMP Transpose,O2,2621815361.819952,2621.815362,2.621815,223840768,0.102024,56.010636,56.112660,0,10,4,4,128,32,101492,101492,874378,1748756,24,8,3.000000,14,3
BCSR OMP Transpose,O2,629923216.301036,629.923216,0.629923,223840768,0.380157,57.250904,57.631061,0,10,16,16,128,32,101492,101492,874378,1748756,24,8,3.000000,14,3
