Name,-O,FLOPS,MFLOPS,GFLOPS,FOP Count,Avg Run Time (s),Format Time (s),Total Time (s),Verification,Iters,Block Row,Block Col,K-Bound,Threads,Rows,Cols,NNZ,NNZ*2,Max Cols,Avg Cols,Col Ratio,Variance,Std Deviation
ELL Serial,O2,169494768.006046,169.494768,0.169495,4871616,0.028767,12.622920,12.651688,0,10,1,1,16,-1,101492,101492,874378,1748756,24,8,3.000000,14,3
ELL Serial,O2,72712546.689275,72.712547,0.072713,4871616,0.067016,12.467965,12.534981,0,10,1,1,64,-1,101492,101492,874378,1748756,24,8,3.000000,14,3
ELL Serial,O2,38825615.583242,38.825616,0.038826,4871616,0.125489,12.604685,12.730174,0,10,1,1,128,-1,101492,101492,874378,1748756,24,8,3.000000,14,3
