Name,-O,FLOPS,MFLOPS,GFLOPS,FOP Count,Avg Run Time (s),Format Time (s),Total Time (s),Verification,Iters,Block Row,Block Col,K-Bound,Threads,Rows,Cols,NNZ,NNZ*2,Max Cols,Avg Cols,Col Ratio,Variance,Std Deviation
BCSR Serial Transpose,O2,43662.463731,0.043662,0.000044,1748756,41.415902,50.656028,92.071929,0,10,2,2,16,-1,101492,101492,874378,1748756,24,8,3.000000,14,3
BCSR Serial Transpose,O2,50392.841269,0.050393,0.000050,1748756,35.668393,50.701412,86.369805,0,10,4,4,16,-1,101492,101492,874378,1748756,24,8,3.000000,14,3
BCSR Serial Transpose,O2,49673.912914,0.049674,0.000050,1748756,36.052789,51.929329,87.982118,0,10,16,16,16,-1,101492,101492,874378,1748756,24,8,3.000000,14,3
BCSR Serial Transpose,O2,46118.978446,0.046119,0.000046,1748756,40.873604,50.731549,91.605153,0,10,2,2,64,-1,101492,101492,874378,1748756,24,8,3.000000,14,3
BCSR Serial Transpose,O2,46561.827643,0.046562,0.000047,1748756,39.052553,50.625169,89.677722,0,10,4,4,64,-1,101492,101492,874378,1748756,24,8,3.000000,14,3
BCSR Serial Transpose,O2,50167.167607,0.050167,0.000050,1748756,35.460918,52.793801,88.254719,0,10,16,16,64,-1,101492,101492,874378,1748756,24,8,3.000000,14,3
BCSR Serial Transpose,O2,44790.201417,0.044790,0.000045,1748756,40.794275,51.286490,92.080765,0,10,2,2,128,-1,101492,101492,874378,1748756,24,8,3.000000,14,3
BCSR Serial Transpose,O2,50648.103746,0.050648,0.000051,1748756,35.124983,51.459792,86.584775,0,10,4,4,128,-1,101492,101492,874378,1748756,24,8,3.000000,14,3
BCSR Serial Transpose,O2,44664.025527,0.044664,0.000045,1748756,39.721164,52.445433,92.166597,0,10,16,16,128,-1,101492,101492,874378,1748756,24,8,3.000000,14,3
