Name,-O,FLOPS,MFLOPS,GFLOPS,FOP Count,Avg Run Time (s),Format Time (s),Total Time (s),Verification,Iters,Block Row,Block Col,K-Bound,Threads,Rows,Cols,NNZ,NNZ*2,Max Cols,Avg Cols,Col Ratio,Variance,Std Deviation
COO OMP,O2,102596061.615113,102.596062,0.102596,1748756,0.026481,12.377328,12.403809,0,10,1,1,16,8,101492,101492,874378,1748756,24,8,3.000000,14,3
COO OMP,O2,69085175.919552,69.085176,0.069085,1748756,0.030021,12.381101,12.411122,0,10,1,1,64,8,101492,101492,874378,1748756,24,8,3.000000,14,3
COO OMP,O2,54161156.848642,54.161157,0.054161,1748756,0.036038,12.459777,12.495815,0,10,1,1,128,8,101492,101492,874378,1748756,24,8,3.000000,14,3
COO OMP,O2,112656036.101189,112.656036,0.112656,1748756,0.020365,12.670584,12.690949,4,10,1,1,16,16,101492,101492,874378,1748756,24,8,3.000000,14,3
COO OMP,O2,79390306.518604,79.390307,0.079390,1748756,0.026172,12.376561,12.402733,0,10,1,1,64,16,101492,101492,874378,1748756,24,8,3.000000,14,3
COO OMP,O2,48840163.458454,48.840163,0.048840,1748756,0.039700,12.345682,12.385382,0,10,1,1,128,16,101492,101492,874378,1748756,24,8,3.000000,14,3
COO OMP,O2,108879284.645864,108.879285,0.108879,1748756,0.022538,12.379243,12.401781,0,10,1,1,16,32,101492,101492,874378,1748756,24,8,3.000000,14,3
COO OMP,O2,78694128.534650,78.694129,0.078694,1748756,0.026872,12.387590,12.414462,0,10,1,1,64,32,101492,101492,874378,1748756,24,8,3.000000,14,3
COO OMP,O2,56327643.515222,56.327644,0.056328,1748756,0.034558,12.449616,12.484174,0,10,1,1,128,32,101492,101492,874378,1748756,24,8,3.000000,14,3
