Name,-O,FLOPS,MFLOPS,GFLOPS,FOP Count,Avg Run Time (s),Format Time (s),Total Time (s),Verification,Iters,Block Row,Block Col,K-Bound,Threads,Rows,Cols,NNZ,NNZ*2,Max Cols,Avg Cols,Col Ratio,Variance,Std Deviation
BCSR OMP Transpose,O2,1657735999.793131,1657.736000,1.657736,223840768,0.135187,12.656369,12.791556,0,10,2,2,128,8,101492,101492,874378,1748756,24,8,3.000000,14,3
BCSR OMP Transpose,O2,939016818.099603,939.016818,0.939017,223840768,0.238495,12.290268,12.528763,0,10,4,4,128,8,101492,101492,874378,1748756,24,8,3.000000,14,3
BCSR OMP Transpose,O2,270025052.159649,270.025052,0.270025,223840768,0.828973,13.746662,14.575635,0,10,16,16,128,8,101492,101492,874378,1748756,24,8,3.000000,14,3
BCSR OMP Transpose,O2,2261434936.180926,2261.434936,2.261435,223840768,0.099080,12.015428,12.114507,0,10,2,2,128,16,101492,101492,874378,1748756,24,8,3.000000,14,3
BCSR OMP Transpose,O2,1251592630.127908,1251.592630,1.251593,223840768,0.178940,12.642024,12.820964,0,10,4,4,128,16,101492,101492,874378,1748756,24,8,3.000000,14,3
BCSR OMP Transpose,O2,433566829.464400,433.566829,0.433567,223840768,0.516311,13.125658,13.641969,0,10,16,16,128,16,101492,101492,874378,1748756,24,8,3.000000,14,3
BCSR OMP Transpose,O2,2773217784.210292,2773.217784,2.773218,223840768,0.080891,12.477364,12.558255,0,10,2,2,128,32,101492,101492,874378,1748756,24,8,3.000000,14,3
BCSR OMP Transpose,O2,1801068310.970938,1801.068311,1.801068,223840768,0.124354,12.272644,12.396998,0,10,4,4,128,32,101492,101492,874378,1748756,24,8,3.000000,14,3
BCSR OMP Transpose,O2,639409510.314445,639.409510,0.639410,223840768,0.350423,13.600965,13.951388,0,10,16,16,128,32,101492,101492,874378,1748756,24,8,3.000000,14,3
