Name,-O,FLOPS,MFLOPS,GFLOPS,FOP Count,Avg Run Time (s),Format Time (s),Total Time (s),Verification,Iters,Block Row,Block Col,K-Bound,Threads,Rows,Cols,NNZ,NNZ*2,Max Cols,Avg Cols,Col Ratio,Variance,Std Deviation
ELL OMP,O2,922078695.261131,922.078695,0.922079,13990048,0.017856,12.532730,12.550586,0,10,1,1,8,32,101492,101492,874378,1748756,24,8,3.000000,14,3
ELL OMP,O2,1302112270.187896,1302.112270,1.302112,27980096,0.023499,12.361018,12.384517,0,10,1,1,16,32,101492,101492,874378,1748756,24,8,3.000000,14,3
ELL OMP,O2,3218462560.824025,3218.462561,3.218463,111920384,0.036648,12.407497,12.444145,0,10,1,1,64,32,101492,101492,874378,1748756,24,8,3.000000,14,3
ELL OMP,O2,5020504051.251825,5020.504051,5.020504,223840768,0.045941,12.415068,12.461009,0,10,1,1,128,32,101492,101492,874378,1748756,24,8,3.000000,14,3
ELL OMP,O2,7839777120.460035,7839.777120,7.839777,447681536,0.058382,12.427479,12.485861,0,10,1,1,256,32,101492,101492,874378,1748756,24,8,3.000000,14,3
ELL OMP,O2,11901917003.493004,11901.917003,11.901917,895363072,0.076196,12.400623,12.476819,0,10,1,1,512,32,101492,101492,874378,1748756,24,8,3.000000,14,3
ELL OMP,O2,17486573080.361019,17486.573080,17.486573,1797721168,0.103728,12.367651,12.471379,0,10,1,1,1028,32,101492,101492,874378,1748756,24,8,3.000000,14,3
