Name,-O,FLOPS,MFLOPS,GFLOPS,FOP Count,Avg Run Time (s),Format Time (s),Total Time (s),Verification,Iters,Block Row,Block Col,K-Bound,Threads,Rows,Cols,NNZ,NNZ*2,Max Cols,Avg Cols,Col Ratio,Variance,Std Deviation
CSR OMP Transpose,O2,3835882235.700592,3835.882236,3.835882,223840768,0.110835,55.320353,55.431188,0,10,1,1,128,8,101492,101492,874378,1748756,24,8,3.000000,14,3
CSR OMP Transpose,O2,5444073824.735048,5444.073825,5.444074,223840768,0.055655,55.473715,55.529370,0,10,1,1,128,16,101492,101492,874378,1748756,24,8,3.000000,14,3
CSR OMP Transpose,O2,4711253381.756221,4711.253382,4.711253,223840768,0.066347,55.185167,55.251514,0,10,1,1,128,32,101492,101492,874378,1748756,24,8,3.000000,14,3
