Name,-O,FLOPS,MFLOPS,GFLOPS,FOP Count,Avg Run Time (s),Format Time (s),Total Time (s),Verification,Iters,Block Row,Block Col,K-Bound,Threads,Rows,Cols,NNZ,NNZ*2,Max Cols,Avg Cols,Col Ratio,Variance,Std Deviation
COO OMP Transpose,O2,516992.342889,0.516992,0.000517,1748756,3.382688,12.717201,16.099889,0,10,1,1,16,8,101492,101492,874378,1748756,24,8,3.000000,14,3
COO OMP Transpose,O2,522533.543093,0.522534,0.000523,1748756,3.346748,12.743294,16.090042,0,10,1,1,64,8,101492,101492,874378,1748756,24,8,3.000000,14,3
COO OMP Transpose,O2,517815.276691,0.517815,0.000518,1748756,3.377358,12.778083,16.155441,0,10,1,1,128,8,101492,101492,874378,1748756,24,8,3.000000,14,3
COO OMP Transpose,O2,521663.768032,0.521664,0.000522,1748756,3.352393,12.716923,16.069316,0,10,1,1,16,16,101492,101492,874378,1748756,24,8,3.000000,14,3
COO OMP Transpose,O2,511709.759821,0.511710,0.000512,1748756,3.417581,12.757031,16.174612,0,10,1,1,64,16,101492,101492,874378,1748756,24,8,3.000000,14,3
COO OMP Transpose,O2,513627.313584,0.513627,0.000514,1748756,3.404972,12.718849,16.123821,0,10,1,1,128,16,101492,101492,874378,1748756,24,8,3.000000,14,3
COO OMP Transpose,O2,518541.228552,0.518541,0.000519,1748756,3.372599,12.683931,16.056530,0,10,1,1,16,32,101492,101492,874378,1748756,24,8,3.000000,14,3
COO OMP Transpose,O2,513487.807025,0.513488,0.000513,1748756,3.405909,12.648912,16.054821,0,10,1,1,64,32,101492,101492,874378,1748756,24,8,3.000000,14,3
COO OMP Transpose,O2,514235.540224,0.514236,0.000514,1748756,3.400810,12.671421,16.072230,0,10,1,1,128,32,101492,101492,874378,1748756,24,8,3.000000,14,3
