Name,-O,FLOPS,MFLOPS,GFLOPS,FOP Count,Avg Run Time (s),Format Time (s),Total Time (s),Verification,Iters,Block Row,Block Col,K-Bound,Threads,Rows,Cols,NNZ,NNZ*2,Max Cols,Avg Cols,Col Ratio,Variance,Std Deviation
CSR OMP Transpose,O2,2442518545.840076,2442.518546,2.442519,223840768,0.091695,12.418254,12.509949,0,10,1,1,128,8,101492,101492,874378,1748756,24,8,3.000000,14,3
CSR OMP Transpose,O2,3349092215.060873,3349.092215,3.349092,223840768,0.067064,12.154805,12.221869,0,10,1,1,128,16,101492,101492,874378,1748756,24,8,3.000000,14,3
CSR OMP Transpose,O2,4584756222.993457,4584.756223,4.584756,223840768,0.048969,12.153743,12.202712,0,10,1,1,128,32,101492,101492,874378,1748756,24,8,3.000000,14,3
