Name,-O,FLOPS,MFLOPS,GFLOPS,FOP Count,Avg Run Time (s),Format Time (s),Total Time (s),Verification,Iters,Block Row,Block Col,K-Bound,Threads,Rows,Cols,NNZ,NNZ*2,Max Cols,Avg Cols,Col Ratio,Variance,Std Deviation
COO THREADS,O2,256847317.249879,256.847317,0.256847,1748756,0.008557,50.526681,50.535238,0,5,1,1,16,32,101492,101492,874378,1748756,24,8,3.000000,14,3
COO THREADS,O2,235795486.531202,235.795487,0.235795,1748756,0.011401,50.411403,50.422804,0,5,1,1,64,72,101492,101492,874378,1748756,24,8,3.000000,14,3
COO THREADS,O2,143823200.931096,143.823201,0.143823,1748756,0.014234,50.349737,50.363971,0,5,1,1,128,72,101492,101492,874378,1748756,24,8,3.000000,14,3
