Name,-O,FLOPS,MFLOPS,GFLOPS,FOP Count,Avg Run Time (s),Format Time (s),Total Time (s),Verification,Iters,Block Row,Block Col,K-Bound,Threads,Rows,Cols,NNZ,NNZ*2,Max Cols,Avg Cols,Col Ratio,Variance,Std Deviation
COO OMP,O2,65652080.809609,65.652081,0.065652,1748756,0.045363,49.988751,50.034114,0,10,1,1,16,8,101492,101492,874378,1748756,24,8,3.000000,14,3
COO OMP,O2,28442271.023706,28.442271,0.028442,1748756,0.073638,50.251207,50.324845,0,10,1,1,64,8,101492,101492,874378,1748756,24,8,3.000000,14,3
COO OMP,O2,40451448.098830,40.451448,0.040451,1748756,0.058719,49.771601,49.830320,0,10,1,1,128,8,101492,101492,874378,1748756,24,8,3.000000,14,3
COO OMP,O2,36274586.189022,36.274586,0.036275,1748756,0.066089,49.777054,49.843143,0,10,1,1,16,16,101492,101492,874378,1748756,24,8,3.000000,14,3
COO OMP,O2,39189125.205418,39.189125,0.039189,1748756,0.051143,49.931644,49.982787,0,10,1,1,64,16,101492,101492,874378,1748756,24,8,3.000000,14,3
COO OMP,O2,44315669.806165,44.315670,0.044316,1748756,0.065198,49.769066,49.834264,0,10,1,1,128,16,101492,101492,874378,1748756,24,8,3.000000,14,3
COO OMP,O2,50373956.927331,50.373957,0.050374,1748756,0.053132,50.020392,50.073524,0,10,1,1,16,32,101492,101492,874378,1748756,24,8,3.000000,14,3
COO OMP,O2,41897188.385526,41.897188,0.041897,1748756,0.054673,49.896102,49.950775,0,10,1,1,64,32,101492,101492,874378,1748756,24,8,3.000000,14,3
COO OMP,O2,33286822.509510,33.286823,0.033287,1748756,0.066510,50.024639,50.091149,0,10,1,1,128,32,101492,101492,874378,1748756,24,8,3.000000,14,3
