Name,-O,FLOPS,MFLOPS,GFLOPS,FOP Count,Avg Run Time (s),Format Time (s),Total Time (s),Verification,Iters,Block Row,Block Col,K-Bound,Threads,Rows,Cols,NNZ,NNZ*2,Max Cols,Avg Cols,Col Ratio,Variance,Std Deviation
ELL OMP,O2,860152929.188257,860.152929,0.860153,13990048,0.042589,55.574937,55.617527,0,10,1,1,8,32,101492,101492,874378,1748756,24,8,3.000000,14,3
ELL OMP,O2,1885015382.451346,1885.015382,1.885015,27980096,0.045457,55.839969,55.885426,0,10,1,1,16,32,101492,101492,874378,1748756,24,8,3.000000,14,3
ELL OMP,O2,3497011769.180698,3497.011769,3.497012,111920384,0.054603,55.784360,55.838963,0,10,1,1,64,32,101492,101492,874378,1748756,24,8,3.000000,14,3
ELL OMP,O2,5647482416.226523,5647.482416,5.647482,223840768,0.061736,55.868166,55.929902,0,10,1,1,128,32,101492,101492,874378,1748756,24,8,3.000000,14,3
ELL OMP,O2,7992834209.834704,7992.834210,7.992834,447681536,0.080194,55.838573,55.918767,0,10,1,1,256,32,101492,101492,874378,1748756,24,8,3.000000,14,3
ELL OMP,O2,10723290601.901396,10723.290602,10.723291,895363072,0.113126,55.816097,55.929223,0,10,1,1,512,32,101492,101492,874378,1748756,24,8,3.000000,14,3
ELL OMP,O2,10538170674.662619,10538.170675,10.538171,1797721168,0.201882,55.674583,55.876465,0,10,1,1,1028,32,101492,101492,874378,1748756,24,8,3.000000,14,3
