Name,-O,FLOPS,MFLOPS,GFLOPS,FOP Count,Avg Run Time (s),Format Time (s),Total Time (s),Verification,Iters,Block Row,Block Col,K-Bound,Threads,Rows,Cols,NNZ,NNZ*2,Max Cols,Avg Cols,Col Ratio,Variance,Std Deviation
ELL OMP,O2,53035218.048199,53.035218,0.053035,1748756,0.033580,12.647694,12.681274,0,10,1,1,16,8,101492,101492,874378,1748756,24,8,3.000000,14,3
ELL OMP,O2,30668039.179556,30.668039,0.030668,1748756,0.057485,12.593082,12.650567,0,10,1,1,64,8,101492,101492,874378,1748756,24,8,3.000000,14,3
ELL OMP,O2,23759736.483419,23.759736,0.023760,1748756,0.074099,12.641344,12.715443,0,10,1,1,128,8,101492,101492,874378,1748756,24,8,3.000000,14,3
ELL OMP,O2,75495599.156426,75.495599,0.075496,1748756,0.024387,12.694560,12.718947,0,10,1,1,16,16,101492,101492,874378,1748756,24,8,3.000000,14,3
ELL OMP,O2,43024768.606425,43.024769,0.043025,1748756,0.041420,12.606148,12.647568,0,10,1,1,64,16,101492,101492,874378,1748756,24,8,3.000000,14,3
ELL OMP,O2,31485683.302480,31.485683,0.031486,1748756,0.055885,12.628590,12.684475,0,10,1,1,128,16,101492,101492,874378,1748756,24,8,3.000000,14,3
ELL OMP,O2,85118472.484037,85.118472,0.085118,1748756,0.023080,12.580369,12.603449,0,10,1,1,16,32,101492,101492,874378,1748756,24,8,3.000000,14,3
ELL OMP,O2,50961721.480671,50.961721,0.050962,1748756,0.036219,12.650170,12.686389,0,10,1,1,64,32,101492,101492,874378,1748756,24,8,3.000000,14,3
ELL OMP,O2,39289350.301457,39.289350,0.039289,1748756,0.045605,12.631605,12.677210,0,10,1,1,128,32,101492,101492,874378,1748756,24,8,3.000000,14,3
