Name,-O,FLOPS,MFLOPS,GFLOPS,FOP Count,Avg Run Time (s),Format Time (s),Total Time (s),Verification,Iters,Block Row,Block Col,K-Bound,Threads,Rows,Cols,NNZ,NNZ*2,Max Cols,Avg Cols,Col Ratio,Variance,Std Deviation
COO OMP,O2,inf,inf,inf,13990048,0.000000,12.232279,12.232279,811935,10,1,1,8,32,101492,101492,874378,1748756,24,8,3.000000,14,3
COO OMP,O2,2135983757.793571,2135.983758,2.135984,27980096,0.015981,12.268891,12.284871,0,10,1,1,16,32,101492,101492,874378,1748756,24,8,3.000000,14,3
COO OMP,O2,4763588712.819590,4763.588713,4.763589,111920384,0.025586,12.360337,12.385923,0,10,1,1,64,32,101492,101492,874378,1748756,24,8,3.000000,14,3
COO OMP,O2,7188837323.053493,7188.837323,7.188837,223840768,0.032802,12.336892,12.369695,0,10,1,1,128,32,101492,101492,874378,1748756,24,8,3.000000,14,3
COO OMP,O2,inf,inf,inf,447681536,0.000000,12.277234,12.277234,25981951,10,1,1,256,32,101492,101492,874378,1748756,24,8,3.000000,14,3
COO OMP,O2,inf,inf,inf,895363072,0.000000,12.190329,12.190329,51963903,10,1,1,512,32,101492,101492,874378,1748756,24,8,3.000000,14,3
COO OMP,O2,inf,inf,inf,1797721168,0.000000,12.239852,12.239852,104333775,10,1,1,1028,32,101492,101492,874378,1748756,24,8,3.000000,14,3
