Name,-O,FLOPS,MFLOPS,GFLOPS,FOP Count,Avg Run Time (s),Format Time (s),Total Time (s),Verification,Iters,Block Row,Block Col,K-Bound,Threads,Rows,Cols,NNZ,NNZ*2,Max Cols,Avg Cols,Col Ratio,Variance,Std Deviation
ELL OMP,O2,107345987.364283,107.345987,0.107346,1748756,0.030978,50.556938,50.587916,0,10,1,1,16,8,101492,101492,874378,1748756,24,8,3.000000,14,3
ELL OMP,O2,95091993.786625,95.091994,0.095092,1748756,0.019590,50.405057,50.424647,0,10,1,1,64,8,101492,101492,874378,1748756,24,8,3.000000,14,3
ELL OMP,O2,44371879.484947,44.371879,0.044372,1748756,0.063583,50.559776,50.623359,0,10,1,1,128,8,101492,101492,874378,1748756,24,8,3.000000,14,3
ELL OMP,O2,79700142.388150,79.700142,0.079700,1748756,0.051446,50.643145,50.694591,0,10,1,1,16,16,101492,101492,874378,1748756,24,8,3.000000,14,3
ELL OMP,O2,68578698.052294,68.578698,0.068579,1748756,0.056449,50.543016,50.599465,0,10,1,1,64,16,101492,101492,874378,1748756,24,8,3.000000,14,3
ELL OMP,O2,44757345.333867,44.757345,0.044757,1748756,0.069791,50.641634,50.711425,0,10,1,1,128,16,101492,101492,874378,1748756,24,8,3.000000,14,3
ELL OMP,O2,124369349.762510,124.369350,0.124369,1748756,0.030574,50.075180,50.105754,0,10,1,1,16,32,101492,101492,874378,1748756,24,8,3.000000,14,3
ELL OMP,O2,76923997.438613,76.923997,0.076924,1748756,0.045793,50.715769,50.761561,0,10,1,1,64,32,101492,101492,874378,1748756,24,8,3.000000,14,3
ELL OMP,O2,52263092.288809,52.263092,0.052263,1748756,0.060416,50.799392,50.859808,0,10,1,1,128,32,101492,101492,874378,1748756,24,8,3.000000,14,3
