Name,-O,FLOPS,MFLOPS,GFLOPS,FOP Count,Avg Run Time (s),Format Time (s),Total Time (s),Verification,Iters,Block Row,Block Col,K-Bound,Threads,Rows,Cols,NNZ,NNZ*2,Max Cols,Avg Cols,Col Ratio,Variance,Std Deviation
BCSR OMP,O2,48126575.073672,48.126575,0.048127,13990048,0.372181,56.475684,56.847866,0,10,4,4,8,32,101492,101492,874378,1748756,24,8,3.000000,14,3
BCSR OMP,O2,94354008.280367,94.354008,0.094354,27980096,0.406160,56.423022,56.829182,0,10,4,4,16,32,101492,101492,874378,1748756,24,8,3.000000,14,3
BCSR OMP,O2,323799452.008334,323.799452,0.323799,111920384,0.481493,56.093208,56.574701,0,10,4,4,64,32,101492,101492,874378,1748756,24,8,3.000000,14,3
BCSR OMP,O2,594434737.652911,594.434738,0.594435,223840768,0.452069,56.269013,56.721082,0,10,4,4,128,32,101492,101492,874378,1748756,24,8,3.000000,14,3
BCSR OMP,O2,1014547602.219846,1014.547602,1.014548,447681536,0.516589,56.306368,56.822957,0,10,4,4,256,32,101492,101492,874378,1748756,24,8,3.000000,14,3
BCSR OMP,O2,1248119315.405535,1248.119315,1.248119,895363072,0.790483,56.204401,56.994884,0,10,4,4,512,32,101492,101492,874378,1748756,24,8,3.000000,14,3
BCSR OMP,O2,1245226809.946405,1245.226810,1.245227,1797721168,1.607270,56.222971,57.830241,0,10,4,4,1028,32,101492,101492,874378,1748756,24,8,3.000000,14,3
