Name,-O,FLOPS,MFLOPS,GFLOPS,FOP Count,Avg Run Time (s),Format Time (s),Total Time (s),Verification,Iters,Block Row,Block Col,K-Bound,Threads,Rows,Cols,NNZ,NNZ*2,Max Cols,Avg Cols,Col Ratio,Variance,Std Deviation
CSR OMP,O2,133636086.658008,133.636087,0.133636,1748756,0.024131,51.277698,51.301829,0,10,1,1,16,8,101492,101492,874378,1748756,24,8,3.000000,14,3
CSR OMP,O2,43632474.787430,43.632475,0.043632,1748756,0.076003,51.474769,51.550772,0,10,1,1,64,8,101492,101492,874378,1748756,24,8,3.000000,14,3
CSR OMP,O2,42232988.565949,42.232989,0.042233,1748756,0.071601,51.414627,51.486228,0,10,1,1,128,8,101492,101492,874378,1748756,24,8,3.000000,14,3
CSR OMP,O2,56568829.309548,56.568829,0.056569,1748756,0.071715,51.209121,51.280836,0,10,1,1,16,16,101492,101492,874378,1748756,24,8,3.000000,14,3
CSR OMP,O2,83056695.734371,83.056696,0.083057,1748756,0.046959,51.307132,51.354091,0,10,1,1,64,16,101492,101492,874378,1748756,24,8,3.000000,14,3
CSR OMP,O2,28278025.922014,28.278026,0.028278,1748756,0.081262,51.236465,51.317727,0,10,1,1,128,16,101492,101492,874378,1748756,24,8,3.000000,14,3
CSR OMP,O2,182463757.954416,182.463758,0.182464,1748756,0.042037,51.973698,52.015735,0,10,1,1,16,32,101492,101492,874378,1748756,24,8,3.000000,14,3
CSR OMP,O2,72074479.270758,72.074479,0.072074,1748756,0.052438,50.872240,50.924678,0,10,1,1,64,32,101492,101492,874378,1748756,24,8,3.000000,14,3
CSR OMP,O2,69324610.190666,69.324610,0.069325,1748756,0.057016,51.405944,51.462960,0,10,1,1,128,32,101492,101492,874378,1748756,24,8,3.000000,14,3
