Name,-O,FLOPS,MFLOPS,GFLOPS,FOP Count,Avg Run Time (s),Format Time (s),Total Time (s),Verification,Iters,Block Row,Block Col,K-Bound,Threads,Rows,Cols,NNZ,NNZ*2,Max Cols,Avg Cols,Col Ratio,Variance,Std Deviation
ELL THREADS,O2,98766981.905578,98.766982,0.098767,1748756,0.018816,12.431370,12.450186,0,5,1,1,16,72,101492,101492,874378,1748756,24,8,3.000000,14,3
ELL THREADS,O2,55043281.456212,55.043281,0.055043,1748756,0.032148,12.220202,12.252350,0,5,1,1,64,48,101492,101492,874378,1748756,24,8,3.000000,14,3
ELL THREADS,O2,44091224.889097,44.091225,0.044091,1748756,0.040006,12.194210,12.234216,0,5,1,1,128,48,101492,101492,874378,1748756,24,8,3.000000,14,3
