Name,-O,FLOPS,MFLOPS,GFLOPS,FOP Count,Avg Run Time (s),Format Time (s),Total Time (s),Verification,Iters,Block Row,Block Col,K-Bound,Threads,Rows,Cols,NNZ,NNZ*2,Max Cols,Avg Cols,Col Ratio,Variance,Std Deviation
ELL OMP,O2,inf,inf,inf,13990048,0.000000,55.692454,55.692454,811935,10,1,1,8,32,101492,101492,874378,1748756,24,8,3.000000,14,3
ELL OMP,O2,925199976.211298,925.199976,0.925200,27980096,0.058139,55.562513,55.620652,0,10,1,1,16,32,101492,101492,874378,1748756,24,8,3.000000,14,3
ELL OMP,O2,3695940709.303265,3695.940709,3.695941,111920384,0.057250,55.667642,55.724892,0,10,1,1,64,32,101492,101492,874378,1748756,24,8,3.000000,14,3
ELL OMP,O2,4790720733.426074,4790.720733,4.790721,223840768,0.071382,55.799419,55.870801,0,10,1,1,128,32,101492,101492,874378,1748756,24,8,3.000000,14,3
ELL OMP,O2,inf,inf,inf,447681536,0.000000,55.505734,55.505734,25981951,10,1,1,256,32,101492,101492,874378,1748756,24,8,3.000000,14,3
ELL OMP,O2,inf,inf,inf,895363072,0.000000,55.798124,55.798124,51963903,10,1,1,512,32,101492,101492,874378,1748756,24,8,3.000000,14,3
ELL OMP,O2,inf,inf,inf,1797721168,0.000000,55.629432,55.629432,104333775,10,1,1,1028,32,101492,101492,874378,1748756,24,8,3.000000,14,3
