Name,-O,FLOPS,MFLOPS,GFLOPS,FOP Count,Avg Run Time (s),Format Time (s),Total Time (s),Verification,Iters,Block Row,Block Col,K-Bound,Threads,Rows,Cols,NNZ,NNZ*2,Max Cols,Avg Cols,Col Ratio,Variance,Std Deviation
CSR THREADS,O2,256344846.708605,256.344847,0.256345,1748756,0.016110,50.303458,50.319568,0,5,1,1,16,32,101492,101492,874378,1748756,24,8,3.000000,14,3
CSR THREADS,O2,171229680.531758,171.229681,0.171230,1748756,0.010700,50.470006,50.480706,0,5,1,1,64,16,101492,101492,874378,1748756,24,8,3.000000,14,3
CSR THREADS,O2,112683382.470555,112.683382,0.112683,1748756,0.015719,50.571175,50.586894,0,5,1,1,128,16,101492,101492,874378,1748756,24,8,3.000000,14,3
