Name,-O,FLOPS,MFLOPS,GFLOPS,FOP Count,Avg Run Time (s),Format Time (s),Total Time (s),Verification,Iters,Block Row,Block Col,K-Bound,Threads,Rows,Cols,NNZ,NNZ*2,Max Cols,Avg Cols,Col Ratio,Variance,Std Deviation
ELL OMP,O2,inf,inf,inf,13990048,0.000000,12.442975,12.442975,811935,10,1,1,8,32,101492,101492,874378,1748756,24,8,3.000000,14,3
ELL OMP,O2,1294649166.382848,1294.649166,1.294649,27980096,0.024158,12.324027,12.348185,0,10,1,1,16,32,101492,101492,874378,1748756,24,8,3.000000,14,3
ELL OMP,O2,3221312416.172796,3221.312416,3.221312,111920384,0.036793,12.330055,12.366848,0,10,1,1,64,32,101492,101492,874378,1748756,24,8,3.000000,14,3
ELL OMP,O2,5322774721.800850,5322.774722,5.322775,223840768,0.043791,12.315262,12.359053,0,10,1,1,128,32,101492,101492,874378,1748756,24,8,3.000000,14,3
ELL OMP,O2,inf,inf,inf,447681536,0.000000,12.375593,12.375593,25981951,10,1,1,256,32,101492,101492,874378,1748756,24,8,3.000000,14,3
ELL OMP,O2,inf,inf,inf,895363072,0.000000,12.335762,12.335762,51963903,10,1,1,512,32,101492,101492,874378,1748756,24,8,3.000000,14,3
ELL OMP,O2,inf,inf,inf,1797721168,0.000000,12.545117,12.545117,104333775,10,1,1,1028,32,101492,101492,874378,1748756,24,8,3.000000,14,3
