Name,-O,FLOPS,MFLOPS,GFLOPS,FOP Count,Avg Run Time (s),Format Time (s),Total Time (s),Verification,Iters,Block Row,Block Col,K-Bound,Threads,Rows,Cols,NNZ,NNZ*2,Max Cols,Avg Cols,Col Ratio,Variance,Std Deviation
CSR OMP,O2,inf,inf,inf,13990048,0.000000,55.467625,55.467625,811935,10,1,1,8,32,101492,101492,874378,1748756,24,8,3.000000,14,3
CSR OMP,O2,1044680095.387629,1044.680095,1.044680,27980096,0.054567,55.279038,55.333605,0,10,1,1,16,32,101492,101492,874378,1748756,24,8,3.000000,14,3
CSR OMP,O2,3308904782.632483,3308.904783,3.308905,111920384,0.059995,55.572594,55.632589,0,10,1,1,64,32,101492,101492,874378,1748756,24,8,3.000000,14,3
CSR OMP,O2,4215970649.743670,4215.970650,4.215971,223840768,0.072904,55.646551,55.719455,0,10,1,1,128,32,101492,101492,874378,1748756,24,8,3.000000,14,3
CSR OMP,O2,inf,inf,inf,447681536,0.000000,55.689529,55.689529,25981951,10,1,1,256,32,101492,101492,874378,1748756,24,8,3.000000,14,3
CSR OMP,O2,inf,inf,inf,895363072,0.000000,55.557009,55.557009,51963903,10,1,1,512,32,101492,101492,874378,1748756,24,8,3.000000,14,3
CSR OMP,O2,inf,inf,inf,1797721168,0.000000,55.550844,55.550844,104333775,10,1,1,1028,32,101492,101492,874378,1748756,24,8,3.000000,14,3
