Name,-O,FLOPS,MFLOPS,GFLOPS,FOP Count,Avg Run Time (s),Format Time (s),Total Time (s),Verification,Iters,Block Row,Block Col,K-Bound,Threads,Rows,Cols,NNZ,NNZ*2,Max Cols,Avg Cols,Col Ratio,Variance,Std Deviation
CSR OMP Transpose,O2,31413.965011,0.031414,0.000031,1748756,55.673045,12.492412,68.165457,0,10,1,1,16,8,101492,101492,874378,1748756,24,8,3.000000,14,3
CSR OMP Transpose,O2,30338.213119,0.030338,0.000030,1748756,57.642151,12.484186,70.126338,0,10,1,1,64,8,101492,101492,874378,1748756,24,8,3.000000,14,3
CSR OMP Transpose,O2,31294.266651,0.031294,0.000031,1748756,55.887593,12.533102,68.420695,0,10,1,1,128,8,101492,101492,874378,1748756,24,8,3.000000,14,3
CSR OMP Transpose,O2,30420.968568,0.030421,0.000030,1748756,57.485293,12.512707,69.998000,0,10,1,1,16,16,101492,101492,874378,1748756,24,8,3.000000,14,3
CSR OMP Transpose,O2,31321.625542,0.031322,0.000031,1748756,55.838148,12.535162,68.373311,0,10,1,1,64,16,101492,101492,874378,1748756,24,8,3.000000,14,3
CSR OMP Transpose,O2,30357.172340,0.030357,0.000030,1748756,57.606030,12.537019,70.143049,0,10,1,1,128,16,101492,101492,874378,1748756,24,8,3.000000,14,3
CSR OMP Transpose,O2,31359.900431,0.031360,0.000031,1748756,55.770349,12.555816,68.326165,0,10,1,1,16,32,101492,101492,874378,1748756,24,8,3.000000,14,3
CSR OMP Transpose,O2,31322.838259,0.031323,0.000031,1748756,55.836181,12.500338,68.336520,0,10,1,1,64,32,101492,101492,874378,1748756,24,8,3.000000,14,3
CSR OMP Transpose,O2,31459.565357,0.031460,0.000031,1748756,55.594552,12.629528,68.224080,0,10,1,1,128,32,101492,101492,874378,1748756,24,8,3.000000,14,3
