Name,-O,FLOPS,MFLOPS,GFLOPS,FOP Count,Avg Run Time (s),Format Time (s),Total Time (s),Verification,Iters,Block Row,Block Col,K-Bound,Threads,Rows,Cols,NNZ,NNZ*2,Max Cols,Avg Cols,Col Ratio,Variance,Std Deviation
BCSR Serial,O2,47312892.380720,47.312892,0.047313,1748756,0.037006,12.733489,12.770495,0,10,2,2,16,-1,101492,101492,874378,1748756,24,8,3.000000,14,3
BCSR Serial,O2,22153749.158340,22.153749,0.022154,1748756,0.079029,12.800462,12.879491,0,10,4,4,16,-1,101492,101492,874378,1748756,24,8,3.000000,14,3
BCSR Serial,O2,4470060.424865,4.470060,0.004470,1748756,0.391217,14.350543,14.741761,0,10,16,16,16,-1,101492,101492,874378,1748756,24,8,3.000000,14,3
BCSR Serial,O2,21484771.178802,21.484771,0.021485,1748756,0.081446,12.546155,12.627601,0,10,2,2,64,-1,101492,101492,874378,1748756,24,8,3.000000,14,3
BCSR Serial,O2,9422330.557027,9.422331,0.009422,1748756,0.185616,12.621865,12.807481,0,10,4,4,64,-1,101492,101492,874378,1748756,24,8,3.000000,14,3
BCSR Serial,O2,1607151.669590,1.607152,0.001607,1748756,1.088109,13.666568,14.754677,0,10,16,16,64,-1,101492,101492,874378,1748756,24,8,3.000000,14,3
BCSR Serial,O2,11570631.870683,11.570632,0.011571,1748756,0.151140,12.625164,12.776304,0,10,2,2,128,-1,101492,101492,874378,1748756,24,8,3.000000,14,3
BCSR Serial,O2,4727631.323362,4.727631,0.004728,1748756,0.369902,12.785415,13.155316,0,10,4,4,128,-1,101492,101492,874378,1748756,24,8,3.000000,14,3
BCSR Serial,O2,860267.571192,0.860268,0.000860,1748756,2.032805,13.863825,15.896630,0,10,16,16,128,-1,101492,101492,874378,1748756,24,8,3.000000,14,3
