Name,-O,FLOPS,MFLOPS,GFLOPS,FOP Count,Avg Run Time (s),Format Time (s),Total Time (s),Verification,Iters,Block Row,Block Col,K-Bound,Threads,Rows,Cols,NNZ,NNZ*2,Max Cols,Avg Cols,Col Ratio,Variance,Std Deviation
CSR OMP,O2,314405991.389234,314.405991,0.314406,13990048,0.064411,55.557070,55.621481,0,10,1,1,8,32,101492,101492,874378,1748756,24,8,3.000000,14,3
CSR OMP,O2,1140148043.015059,1140.148043,1.140148,27980096,0.054929,55.541836,55.596765,0,10,1,1,16,32,101492,101492,874378,1748756,24,8,3.000000,14,3
CSR OMP,O2,4810194451.371088,4810.194451,4.810194,111920384,0.052077,55.610356,55.662433,0,10,1,1,64,32,101492,101492,874378,1748756,24,8,3.000000,14,3
CSR OMP,O2,7004237405.347287,7004.237405,7.004237,223840768,0.061916,55.671009,55.732925,0,10,1,1,128,32,101492,101492,874378,1748756,24,8,3.000000,14,3
CSR OMP,O2,6574998865.452417,6574.998865,6.574999,447681536,0.087254,55.822078,55.909332,0,10,1,1,256,32,101492,101492,874378,1748756,24,8,3.000000,14,3
CSR OMP,O2,14065380410.567270,14065.380411,14.065380,895363072,0.097892,55.554136,55.652028,0,10,1,1,512,32,101492,101492,874378,1748756,24,8,3.000000,14,3
CSR OMP,O2,13403764460.662176,13403.764461,13.403764,1797721168,0.172082,55.585600,55.757682,0,10,1,1,1028,32,101492,101492,874378,1748756,24,8,3.000000,14,3
