Name,-O,FLOPS,MFLOPS,GFLOPS,FOP Count,Avg Run Time (s),Format Time (s),Total Time (s),Verification,Iters,Block Row,Block Col,K-Bound,Threads,Rows,Cols,NNZ,NNZ*2,Max Cols,Avg Cols,Col Ratio,Variance,Std Deviation
BCSR GPU,O2,209710402.033141,209.710402,0.209710,6007848,0.033191,13.010427,13.043618,0,10,2,2,16,-1,101492,101492,874378,1748756,24,8,3.000000,14,3
BCSR GPU,O2,439530683.619632,439.530684,0.439531,18630240,0.046349,13.012022,13.058371,0,10,4,4,16,-1,101492,101492,874378,1748756,24,8,3.000000,14,3
BCSR GPU,O2,1473979532.471510,1473.979532,1.473980,109494272,0.077713,13.966578,14.044291,0,10,16,16,16,-1,101492,101492,874378,1748756,24,8,3.000000,14,3
BCSR GPU,O2,144042671.862248,144.042672,0.144043,6007848,0.044588,12.910718,12.955306,0,10,2,2,64,-1,101492,101492,874378,1748756,24,8,3.000000,14,3
BCSR GPU,O2,310343265.517359,310.343266,0.310343,18630240,0.063794,12.984492,13.048286,0,10,4,4,64,-1,101492,101492,874378,1748756,24,8,3.000000,14,3
BCSR GPU,O2,932579353.879137,932.579354,0.932579,109494272,0.119523,13.982265,14.101788,0,10,16,16,64,-1,101492,101492,874378,1748756,24,8,3.000000,14,3
BCSR GPU,O2,119527297.871208,119.527298,0.119527,6007848,0.053017,12.862390,12.915407,0,10,2,2,128,-1,101492,101492,874378,1748756,24,8,3.000000,14,3
BCSR GPU,O2,252121380.139788,252.121380,0.252121,18630240,0.076148,13.080781,13.156929,0,10,4,4,128,-1,101492,101492,874378,1748756,24,8,3.000000,14,3
BCSR GPU,O2,710727321.833374,710.727322,0.710727,109494272,0.155849,14.018129,14.173979,0,10,16,16,128,-1,101492,101492,874378,1748756,24,8,3.000000,14,3
