Name,-O,FLOPS,MFLOPS,GFLOPS,FOP Count,Avg Run Time (s),Format Time (s),Total Time (s),Verification,Iters,Block Row,Block Col,K-Bound,Threads,Rows,Cols,NNZ,NNZ*2,Max Cols,Avg Cols,Col Ratio,Variance,Std Deviation
CSR Serial Transpose,O2,29380.481048,0.029380,0.000029,1748756,59.521074,12.759502,72.280576,0,10,1,1,16,-1,101492,101492,874378,1748756,24,8,3.000000,14,3
CSR Serial Transpose,O2,29632.788542,0.029633,0.000030,1748756,59.014295,12.466943,71.481238,0,10,1,1,64,-1,101492,101492,874378,1748756,24,8,3.000000,14,3
CSR Serial Transpose,O2,28569.810598,0.028570,0.000029,1748756,61.209993,12.457634,73.667627,0,10,1,1,128,-1,101492,101492,874378,1748756,24,8,3.000000,14,3
