Name,-O,FLOPS,MFLOPS,GFLOPS,FOP Count,Avg Run Time (s),Format Time (s),Total Time (s),Verification,Iters,Block Row,Block Col,K-Bound,Threads,Rows,Cols,NNZ,NNZ*2,Max Cols,Avg Cols,Col Ratio,Variance,Std Deviation
ELL OMP Transpose,O2,1688793771.187199,1688.793771,1.688794,223840768,0.132732,12.056718,12.189450,0,10,1,1,128,8,101492,101492,874378,1748756,24,8,3.000000,14,3
ELL OMP Transpose,O2,2246049786.828239,2246.049787,2.246050,223840768,0.099753,12.730883,12.830636,0,10,1,1,128,16,101492,101492,874378,1748756,24,8,3.000000,14,3
ELL OMP Transpose,O2,3101184015.551354,3101.184016,3.101184,223840768,0.072286,12.067517,12.139803,0,10,1,1,128,32,101492,101492,874378,1748756,24,8,3.000000,14,3
