Name,-O,FLOPS,MFLOPS,GFLOPS,FOP Count,Avg Run Time (s),Format Time (s),Total Time (s),Verification,Iters,Block Row,Block Col,K-Bound,Threads,Rows,Cols,NNZ,NNZ*2,Max Cols,Avg Cols,Col Ratio,Variance,Std Deviation
CSR OMP,O2,inf,inf,inf,13990048,0.000000,12.289370,12.289370,811935,10,1,1,8,32,101492,101492,874378,1748756,24,8,3.000000,14,3
CSR OMP,O2,1851450588.383917,1851.450588,1.851451,27980096,0.017512,12.147945,12.165457,0,10,1,1,16,32,101492,101492,874378,1748756,24,8,3.000000,14,3
CSR OMP,O2,4586515014.857162,4586.515015,4.586515,111920384,0.025794,12.162546,12.188340,0,10,1,1,64,32,101492,101492,874378,1748756,24,8,3.000000,14,3
CSR OMP,O2,7226124276.603952,7226.124277,7.226124,223840768,0.032797,12.160903,12.193700,0,10,1,1,128,32,101492,101492,874378,1748756,24,8,3.000000,14,3
CSR OMP,O2,inf,inf,inf,447681536,0.000000,12.290539,12.290539,25981951,10,1,1,256,32,101492,101492,874378,1748756,24,8,3.000000,14,3
CSR OMP,O2,inf,inf,inf,895363072,0.000000,12.150325,12.150325,51963903,10,1,1,512,32,101492,101492,874378,1748756,24,8,3.000000,14,3
CSR OMP,O2,inf,inf,inf,1797721168,0.000000,12.167458,12.167458,104333775,10,1,1,1028,32,101492,101492,874378,1748756,24,8,3.000000,14,3
