Name,-O,FLOPS,MFLOPS,GFLOPS,FOP Count,Avg Run Time (s),Format Time (s),Total Time (s),Verification,Iters,Block Row,Block Col,K-Bound,Threads,Rows,Cols,NNZ,NNZ*2,Max Cols,Avg Cols,Col Ratio,Variance,Std Deviation
CSR OMP,O2,1653450811.279435,1653.450811,1.653451,13990048,0.011224,12.386825,12.398049,0,10,1,1,8,32,101492,101492,874378,1748756,24,8,3.000000,14,3
CSR OMP,O2,2170547317.380003,2170.547317,2.170547,27980096,0.015419,12.246480,12.261899,0,10,1,1,16,32,101492,101492,874378,1748756,24,8,3.000000,14,3
CSR OMP,O2,4875953856.181242,4875.953856,4.875954,111920384,0.024715,12.241186,12.265901,0,10,1,1,64,32,101492,101492,874378,1748756,24,8,3.000000,14,3
CSR OMP,O2,7410129493.775823,7410.129494,7.410129,223840768,0.032180,12.469716,12.501896,0,10,1,1,128,32,101492,101492,874378,1748756,24,8,3.000000,14,3
CSR OMP,O2,11382169079.753668,11382.169080,11.382169,447681536,0.040456,12.224237,12.264693,0,10,1,1,256,32,101492,101492,874378,1748756,24,8,3.000000,14,3
CSR OMP,O2,17517877147.655025,17517.877148,17.517877,895363072,0.052643,12.111692,12.164335,0,10,1,1,512,32,101492,101492,874378,1748756,24,8,3.000000,14,3
CSR OMP,O2,25814771868.781090,25814.771869,25.814772,1797721168,0.070923,12.209838,12.280761,0,10,1,1,1028,32,101492,101492,874378,1748756,24,8,3.000000,14,3
