Name,-O,FLOPS,MFLOPS,GFLOPS,FOP Count,Avg Run Time (s),Format Time (s),Total Time (s),Verification,Iters,Block Row,Block Col,K-Bound,Threads,Rows,Cols,NNZ,NNZ*2,Max Cols,Avg Cols,Col Ratio,Variance,Std Deviation
ELL THREADS,O2,304344939.567906,304.344940,0.304345,1748756,0.006431,50.573730,50.580161,0,5,1,1,16,72,101492,101492,874378,1748756,24,8,3.000000,14,3
ELL THREADS,O2,169142851.050737,169.142851,0.169143,1748756,0.010811,50.509543,50.520354,0,5,1,1,64,32,101492,101492,874378,1748756,24,8,3.000000,14,3
ELL THREADS,O2,84230952.121517,84.230952,0.084231,1748756,0.020888,50.483283,50.504171,0,5,1,1,128,32,101492,101492,874378,1748756,24,8,3.000000,14,3
