Name,-O,FLOPS,MFLOPS,GFLOPS,FOP Count,Avg Run Time (s),Format Time (s),Total Time (s),Verification,Iters,Block Row,Block Col,K-Bound,Threads,Rows,Cols,NNZ,NNZ*2,Max Cols,Avg Cols,Col Ratio,Variance,Std Deviation
COO OMP,O2,1267695196.814998,1267.695197,1.267695,27980096,0.023493,12.541654,12.565148,0,10,1,1,16,8,101492,101492,874378,1748756,24,8,3.000000,14,3
COO OMP,O2,2947271881.374762,2947.271881,2.947272,111920384,0.038301,12.588257,12.626558,0,10,1,1,64,8,101492,101492,874378,1748756,24,8,3.000000,14,3
COO OMP,O2,4311584726.007734,4311.584726,4.311585,223840768,0.052424,12.611428,12.663852,0,10,1,1,128,8,101492,101492,874378,1748756,24,8,3.000000,14,3
COO OMP,O2,1536210272.434205,1536.210272,1.536210,27980096,0.019244,12.575420,12.594664,0,10,1,1,16,16,101492,101492,874378,1748756,24,8,3.000000,14,3
COO OMP,O2,4069375042.035963,4069.375042,4.069375,111920384,0.028423,12.598158,12.626581,0,10,1,1,64,16,101492,101492,874378,1748756,24,8,3.000000,14,3
COO OMP,O2,6098023164.398428,6098.023164,6.098023,223840768,0.037626,12.556770,12.594396,0,10,1,1,128,16,101492,101492,874378,1748756,24,8,3.000000,14,3
COO OMP,O2,2252385363.413646,2252.385363,2.252385,27980096,0.015178,12.604172,12.619350,0,10,1,1,16,32,101492,101492,874378,1748756,24,8,3.000000,14,3
COO OMP,O2,4675233032.709986,4675.233033,4.675233,111920384,0.025645,12.589335,12.614980,0,10,1,1,64,32,101492,101492,874378,1748756,24,8,3.000000,14,3
COO OMP,O2,7665482350.441755,7665.482350,7.665482,223840768,0.031401,12.630635,12.662036,0,10,1,1,128,32,101492,101492,874378,1748756,24,8,3.000000,14,3
