Name,-O,FLOPS,MFLOPS,GFLOPS,FOP Count,Avg Run Time (s),Format Time (s),Total Time (s),Verification,Iters,Block Row,Block Col,K-Bound,Threads,Rows,Cols,NNZ,NNZ*2,Max Cols,Avg Cols,Col Ratio,Variance,Std Deviation
COO OMP,O2,83138211.197981,83.138211,0.083138,1748756,0.021945,12.296598,12.318543,0,10,1,1,16,8,101492,101492,874378,1748756,24,8,3.000000,14,3
COO OMP,O2,44067892.626682,44.067893,0.044068,1748756,0.040046,12.264464,12.304510,0,10,1,1,64,8,101492,101492,874378,1748756,24,8,3.000000,14,3
COO OMP,O2,32206097.732152,32.206098,0.032206,1748756,0.054657,12.214979,12.269636,0,10,1,1,128,8,101492,101492,874378,1748756,24,8,3.000000,14,3
COO OMP,O2,123234852.047400,123.234852,0.123235,1748756,0.015431,12.255080,12.270511,0,10,1,1,16,16,101492,101492,874378,1748756,24,8,3.000000,14,3
COO OMP,O2,62938888.966171,62.938889,0.062939,1748756,0.028918,12.221745,12.250663,0,10,1,1,64,16,101492,101492,874378,1748756,24,8,3.000000,14,3
COO OMP,O2,45528302.304340,45.528302,0.045528,1748756,0.039106,12.210825,12.249931,0,10,1,1,128,16,101492,101492,874378,1748756,24,8,3.000000,14,3
COO OMP,O2,165713443.398440,165.713443,0.165713,1748756,0.013012,12.237738,12.250750,0,10,1,1,16,32,101492,101492,874378,1748756,24,8,3.000000,14,3
COO OMP,O2,71601873.345378,71.601873,0.071602,1748756,0.025959,12.247174,12.273133,0,10,1,1,64,32,101492,101492,874378,1748756,24,8,3.000000,14,3
COO OMP,O2,55542247.897747,55.542248,0.055542,1748756,0.033810,12.260609,12.294419,0,10,1,1,128,32,101492,101492,874378,1748756,24,8,3.000000,14,3
