Name,-O,FLOPS,MFLOPS,GFLOPS,FOP Count,Avg Run Time (s),Format Time (s),Total Time (s),Verification,Iters,Block Row,Block Col,K-Bound,Threads,Rows,Cols,NNZ,NNZ*2,Max Cols,Avg Cols,Col Ratio,Variance,Std Deviation
ELL OMP,O2,110901580.534765,110.901581,0.110902,1748756,0.026898,50.468781,50.495679,0,10,1,1,16,8,101492,101492,874378,1748756,24,8,3.000000,14,3
ELL OMP,O2,57668473.567801,57.668474,0.057668,1748756,0.054363,50.481005,50.535368,0,10,1,1,64,8,101492,101492,874378,1748756,24,8,3.000000,14,3
ELL OMP,O2,61876115.041362,61.876115,0.061876,1748756,0.036335,51.751584,51.787919,0,10,1,1,128,8,101492,101492,874378,1748756,24,8,3.000000,14,3
ELL OMP,O2,167155164.550685,167.155165,0.167155,1748756,0.019094,48.981350,49.000444,0,10,1,1,16,16,101492,101492,874378,1748756,24,8,3.000000,14,3
ELL OMP,O2,48424702.674722,48.424703,0.048425,1748756,0.068881,50.668090,50.736971,0,10,1,1,64,16,101492,101492,874378,1748756,24,8,3.000000,14,3
ELL OMP,O2,81336495.838506,81.336496,0.081336,1748756,0.037252,50.052669,50.089921,0,10,1,1,128,16,101492,101492,874378,1748756,24,8,3.000000,14,3
ELL OMP,O2,90654971.858717,90.654972,0.090655,1748756,0.049879,50.373763,50.423642,0,10,1,1,16,32,101492,101492,874378,1748756,24,8,3.000000,14,3
ELL OMP,O2,100867393.300425,100.867393,0.100867,1748756,0.040623,50.710775,50.751398,0,10,1,1,64,32,101492,101492,874378,1748756,24,8,3.000000,14,3
ELL OMP,O2,90730313.219439,90.730313,0.090730,1748756,0.050605,50.028023,50.078628,0,10,1,1,128,32,101492,101492,874378,1748756,24,8,3.000000,14,3
