Name,-O,FLOPS,MFLOPS,GFLOPS,FOP Count,Avg Run Time (s),Format Time (s),Total Time (s),Verification,Iters,Block Row,Block Col,K-Bound,Threads,Rows,Cols,NNZ,NNZ*2,Max Cols,Avg Cols,Col Ratio,Variance,Std Deviation
BCSR Serial,O2,799838308.210330,799.838308,0.799838,27980096,0.034995,12.710248,12.745243,0,10,2,2,16,-1,101492,101492,874378,1748756,24,8,3.000000,14,3
BCSR Serial,O2,77467246.271486,77.467246,0.077467,27980096,0.361193,13.796440,14.157633,0,10,16,16,16,-1,101492,101492,874378,1748756,24,8,3.000000,14,3
BCSR Serial,O2,1255327900.544558,1255.327901,1.255328,111920384,0.089235,12.672123,12.761359,0,10,2,2,64,-1,101492,101492,874378,1748756,24,8,3.000000,14,3
BCSR Serial,O2,102425814.637061,102.425815,0.102426,111920384,1.092697,13.681123,14.773820,0,10,16,16,64,-1,101492,101492,874378,1748756,24,8,3.000000,14,3
BCSR Serial,O2,1493158840.024175,1493.158840,1.493159,223840768,0.149914,12.536274,12.686188,0,10,2,2,128,-1,101492,101492,874378,1748756,24,8,3.000000,14,3
BCSR Serial,O2,122227392.752186,122.227393,0.122227,223840768,1.831358,13.499975,15.331333,0,10,16,16,128,-1,101492,101492,874378,1748756,24,8,3.000000,14,3
