Name,-O,FLOPS,MFLOPS,GFLOPS,FOP Count,Avg Run Time (s),Format Time (s),Total Time (s),Verification,Iters,Block Row,Block Col,K-Bound,Threads,Rows,Cols,NNZ,NNZ*2,Max Cols,Avg Cols,Col Ratio,Variance,Std Deviation
BCSR THREADS,O2,73720044.227980,73.720044,0.073720,1748756,0.023906,12.366928,12.390834,0,5,2,2,16,64,101492,101492,874378,1748756,24,8,3.000000,14,3
BCSR THREADS,O2,44234064.381332,44.234064,0.044234,1748756,0.039846,12.514035,12.553881,0,5,4,4,16,64,101492,101492,874378,1748756,24,8,3.000000,14,3
BCSR THREADS,O2,22903824.418281,22.903824,0.022904,1748756,0.077377,13.386391,13.463768,0,5,16,16,16,72,101492,101492,874378,1748756,24,8,3.000000,14,3
BCSR THREADS,O2,47672881.436082,47.672881,0.047673,1748756,0.037662,12.290150,12.327812,0,5,2,2,64,72,101492,101492,874378,1748756,24,8,3.000000,14,3
BCSR THREADS,O2,30138299.431417,30.138299,0.030138,1748756,0.058088,12.510274,12.568362,0,5,4,4,64,64,101492,101492,874378,1748756,24,8,3.000000,14,3
BCSR THREADS,O2,14392271.671068,14.392272,0.014392,1748756,0.121990,13.438987,13.560977,0,5,16,16,64,64,101492,101492,874378,1748756,24,8,3.000000,14,3
BCSR THREADS,O2,37551483.982329,37.551484,0.037551,1748756,0.046664,12.405171,12.451835,0,5,2,2,128,48,101492,101492,874378,1748756,24,8,3.000000,14,3
BCSR THREADS,O2,24241319.580271,24.241320,0.024241,1748756,0.073127,12.529611,12.602738,0,5,4,4,128,64,101492,101492,874378,1748756,24,8,3.000000,14,3
BCSR THREADS,O2,11882188.429399,11.882188,0.011882,1748756,0.148173,13.418029,13.566202,0,5,16,16,128,72,101492,101492,874378,1748756,24,8,3.000000,14,3
