Name,-O,FLOPS,MFLOPS,GFLOPS,FOP Count,Avg Run Time (s),Format Time (s),Total Time (s),Verification,Iters,Block Row,Block Col,K-Bound,Threads,Rows,Cols,NNZ,NNZ*2,Max Cols,Avg Cols,Col Ratio,Variance,Std Deviation
CSR Serial Transpose,O2,30494.530223,0.030495,0.000030,1748756,57.346588,12.607926,69.954514,0,10,1,1,16,-1,101492,101492,874378,1748756,24,8,3.000000,14,3
CSR Serial Transpose,O2,30435.222221,0.030435,0.000030,1748756,57.458429,12.579364,70.037793,0,10,1,1,64,-1,101492,101492,874378,1748756,24,8,3.000000,14,3
CSR Serial Transpose,O2,30288.679902,0.030289,0.000030,1748756,57.736365,12.472582,70.208947,0,10,1,1,128,-1,101492,101492,874378,1748756,24,8,3.000000,14,3
