Name,-O,FLOPS,MFLOPS,GFLOPS,FOP Count,Avg Run Time (s),Format Time (s),Total Time (s),Verification,Iters,Block Row,Block Col,K-Bound,Threads,Rows,Cols,NNZ,NNZ*2,Max Cols,Avg Cols,Col Ratio,Variance,Std Deviation
ELL OMP,O2,2109853429.414076,2109.853429,2.109853,968512,0.002523,0.974439,0.976962,0,10,1,1,16,8,23560,23560,484256,968512,21,20,1.000000,1,1
ELL OMP,O2,514047647.064164,514.047647,0.514048,968512,0.004418,0.991381,0.995799,0,10,1,1,64,8,23560,23560,484256,968512,21,20,1.000000,1,1
ELL OMP,O2,243007741.436658,243.007741,0.243008,968512,0.008021,0.984137,0.992158,0,10,1,1,128,8,23560,23560,484256,968512,21,20,1.000000,1,1
ELL OMP,O2,4193853238.822497,4193.853239,4.193853,968512,0.001878,0.942351,0.944229,0,10,1,1,16,16,23560,23560,484256,968512,21,20,1.000000,1,1
ELL OMP,O2,1009288399.341671,1009.288399,1.009288,968512,0.003440,0.974403,0.977843,0,10,1,1,64,16,23560,23560,484256,968512,21,20,1.000000,1,1
ELL OMP,O2,509963916.279918,509.963916,0.509964,968512,0.005809,0.959476,0.965285,0,10,1,1,128,16,23560,23560,484256,968512,21,20,1.000000,1,1
ELL OMP,O2,7096072900.653284,7096.072901,7.096073,968512,0.002972,0.977302,0.980274,0,10,1,1,16,32,23560,23560,484256,968512,21,20,1.000000,1,1
ELL OMP,O2,1702060995.991980,1702.060996,1.702061,968512,0.003713,0.988943,0.992656,0,10,1,1,64,32,23560,23560,484256,968512,21,20,1.000000,1,1
ELL OMP,O2,945083206.095686,945.083206,0.945083,968512,0.004875,0.985031,0.989906,0,10,1,1,128,32,23560,23560,484256,968512,21,20,1.000000,1,1
