Name,-O,FLOPS,MFLOPS,GFLOPS,FOP Count,Avg Run Time (s),Format Time (s),Total Time (s),Verification,Iters,Block Row,Block Col,K-Bound,Threads,Rows,Cols,NNZ,NNZ*2,Max Cols,Avg Cols,Col Ratio,Variance,Std Deviation
ELL THREADS,O2,680673025.279206,680.673025,0.680673,968512,0.001967,2.835779,2.837746,0,5,1,1,16,72,23560,23560,484256,968512,21,20,1.000000,1,1
ELL THREADS,O2,368313556.889331,368.313557,0.368314,968512,0.008187,2.851189,2.859375,0,5,1,1,64,64,23560,23560,484256,968512,21,20,1.000000,1,1
ELL THREADS,O2,152438571.523454,152.438572,0.152439,968512,0.006875,2.857523,2.864398,0,5,1,1,128,72,23560,23560,484256,968512,21,20,1.000000,1,1
