Name,-O,FLOPS,MFLOPS,GFLOPS,FOP Count,Avg Run Time (s),Format Time (s),Total Time (s),Verification,Iters,Block Row,Block Col,K-Bound,Threads,Rows,Cols,NNZ,NNZ*2,Max Cols,Avg Cols,Col Ratio,Variance,Std Deviation
COO OMP Transpose,O2,7721305731.930631,7721.305732,7.721306,123969536,0.018521,0.888996,0.907517,0,10,1,1,128,8,23560,23560,484256,968512,21,20,1.000000,1,1
COO OMP Transpose,O2,25738452740.254112,25738.452740,25.738453,123969536,0.007383,0.874624,0.882007,0,10,1,1,128,16,23560,23560,484256,968512,21,20,1.000000,1,1
COO OMP Transpose,O2,46822348235.113953,46822.348235,46.822348,123969536,0.002650,0.906663,0.909313,0,10,1,1,128,32,23560,23560,484256,968512,21,20,1.000000,1,1
