Name,-O,FLOPS,MFLOPS,GFLOPS,FOP Count,Avg Run Time (s),Format Time (s),Total Time (s),Verification,Iters,Block Row,Block Col,K-Bound,Threads,Rows,Cols,NNZ,NNZ*2,Max Cols,Avg Cols,Col Ratio,Variance,Std Deviation
BCSR Serial Transpose,O2,729716.281038,0.729716,0.000730,968512,1.327246,2.779028,4.106274,480,10,2,2,16,-1,23560,23560,484256,968512,21,20,1.000000,1,1
BCSR Serial Transpose,O2,737578.546413,0.737579,0.000738,968512,1.313100,2.785403,4.098503,480,10,4,4,16,-1,23560,23560,484256,968512,21,20,1.000000,1,1
BCSR Serial Transpose,O2,725362.082496,0.725362,0.000725,968512,1.335213,2.845727,4.180940,480,10,16,16,16,-1,23560,23560,484256,968512,21,20,1.000000,1,1
BCSR Serial Transpose,O2,716594.448218,0.716594,0.000717,968512,1.351551,2.779948,4.131499,1920,10,2,2,64,-1,23560,23560,484256,968512,21,20,1.000000,1,1
BCSR Serial Transpose,O2,720903.866117,0.720904,0.000721,968512,1.343470,2.782838,4.126308,1920,10,4,4,64,-1,23560,23560,484256,968512,21,20,1.000000,1,1
BCSR Serial Transpose,O2,639299.257385,0.639299,0.000639,968512,1.594817,2.868215,4.463032,1920,10,16,16,64,-1,23560,23560,484256,968512,21,20,1.000000,1,1
BCSR Serial Transpose,O2,695192.605221,0.695193,0.000695,968512,1.393159,2.772386,4.165545,3840,10,2,2,128,-1,23560,23560,484256,968512,21,20,1.000000,1,1
BCSR Serial Transpose,O2,698351.740296,0.698352,0.000698,968512,1.386856,2.782055,4.168911,3840,10,4,4,128,-1,23560,23560,484256,968512,21,20,1.000000,1,1
BCSR Serial Transpose,O2,557361.071360,0.557361,0.000557,968512,2.012074,2.853195,4.865269,3840,10,16,16,128,-1,23560,23560,484256,968512,21,20,1.000000,1,1
