Name,-O,FLOPS,MFLOPS,GFLOPS,FOP Count,Avg Run Time (s),Format Time (s),Total Time (s),Verification,Iters,Block Row,Block Col,K-Bound,Threads,Rows,Cols,NNZ,NNZ*2,Max Cols,Avg Cols,Col Ratio,Variance,Std Deviation
CSR THREADS,O2,669516930.528509,669.516931,0.669517,968512,0.002978,2.746573,2.749551,0,5,1,1,16,32,23560,23560,484256,968512,21,20,1.000000,1,1
CSR THREADS,O2,242195545.327764,242.195545,0.242196,968512,0.005307,2.757644,2.762951,0,5,1,1,64,72,23560,23560,484256,968512,21,20,1.000000,1,1
CSR THREADS,O2,223318829.667546,223.318830,0.223319,968512,0.005294,2.764725,2.770019,0,5,1,1,128,48,23560,23560,484256,968512,21,20,1.000000,1,1
