Name,-O,FLOPS,MFLOPS,GFLOPS,FOP Count,Avg Run Time (s),Format Time (s),Total Time (s),Verification,Iters,Block Row,Block Col,K-Bound,Threads,Rows,Cols,NNZ,NNZ*2,Max Cols,Avg Cols,Col Ratio,Variance,Std Deviation
CSR OMP,O2,4208498352.371164,4208.498352,4.208498,7748096,0.011929,2.778676,2.790605,0,10,1,1,8,32,23560,23560,484256,968512,21,20,1.000000,1,1
CSR OMP,O2,2034480807.544361,2034.480808,2.034481,15496192,0.018011,2.831421,2.849432,0,10,1,1,16,32,23560,23560,484256,968512,21,20,1.000000,1,1
CSR OMP,O2,8856726310.083082,8856.726310,8.856726,61984768,0.014848,2.813136,2.827985,0,10,1,1,64,32,23560,23560,484256,968512,21,20,1.000000,1,1
CSR OMP,O2,13361727173.790928,13361.727174,13.361727,123969536,0.015453,2.851986,2.867439,0,10,1,1,128,32,23560,23560,484256,968512,21,20,1.000000,1,1
CSR OMP,O2,20198682121.706486,20198.682122,20.198682,247939072,0.017969,2.861250,2.879219,0,10,1,1,256,32,23560,23560,484256,968512,21,20,1.000000,1,1
CSR OMP,O2,20675728127.148201,20675.728127,20.675728,495878144,0.029724,2.851761,2.881485,0,10,1,1,512,32,23560,23560,484256,968512,21,20,1.000000,1,1
CSR OMP,O2,23539736518.331184,23539.736518,23.539737,995630336,0.050117,2.838217,2.888334,0,10,1,1,1028,32,23560,23560,484256,968512,21,20,1.000000,1,1
