Name,-O,FLOPS,MFLOPS,GFLOPS,FOP Count,Avg Run Time (s),Format Time (s),Total Time (s),Verification,Iters,Block Row,Block Col,K-Bound,Threads,Rows,Cols,NNZ,NNZ*2,Max Cols,Avg Cols,Col Ratio,Variance,Std Deviation
ELL OMP,O2,2732610367.702132,2732.610368,2.732610,15496192,0.015813,2.884271,2.900084,0,10,1,1,16,8,23560,23560,484256,968512,21,20,1.000000,1,1
ELL OMP,O2,7261325244.424878,7261.325244,7.261325,61984768,0.017338,2.911448,2.928786,0,10,1,1,64,8,23560,23560,484256,968512,21,20,1.000000,1,1
ELL OMP,O2,7573478839.791252,7573.478840,7.573479,123969536,0.023579,2.893264,2.916843,0,10,1,1,128,8,23560,23560,484256,968512,21,20,1.000000,1,1
ELL OMP,O2,4613704740.461479,4613.704740,4.613705,15496192,0.011987,2.920690,2.932677,0,10,1,1,16,16,23560,23560,484256,968512,21,20,1.000000,1,1
ELL OMP,O2,11262174814.793730,11262.174815,11.262175,61984768,0.014124,2.941325,2.955449,0,10,1,1,64,16,23560,23560,484256,968512,21,20,1.000000,1,1
ELL OMP,O2,13841711251.293991,13841.711251,13.841711,123969536,0.018206,2.934302,2.952508,0,10,1,1,128,16,23560,23560,484256,968512,21,20,1.000000,1,1
ELL OMP,O2,4325198165.612784,4325.198166,4.325198,15496192,0.011198,2.940076,2.951274,0,10,1,1,16,32,23560,23560,484256,968512,21,20,1.000000,1,1
ELL OMP,O2,6878179749.454718,6878.179749,6.878180,61984768,0.014926,2.948847,2.963773,0,10,1,1,64,32,23560,23560,484256,968512,21,20,1.000000,1,1
ELL OMP,O2,20516706817.770332,20516.706818,20.516707,123969536,0.012281,2.950996,2.963277,0,10,1,1,128,32,23560,23560,484256,968512,21,20,1.000000,1,1
