Name,-O,FLOPS,MFLOPS,GFLOPS,FOP Count,Avg Run Time (s),Format Time (s),Total Time (s),Verification,Iters,Block Row,Block Col,K-Bound,Threads,Rows,Cols,NNZ,NNZ*2,Max Cols,Avg Cols,Col Ratio,Variance,Std Deviation
CSR GPU,O2,453752.903613,0.453753,0.000454,968512,2.435467,2.817386,5.252854,0,10,1,1,16,-1,23560,23560,484256,968512,21,20,1.000000,1,1
CSR GPU,O2,810022.907486,0.810023,0.000810,968512,1.197718,2.840563,4.038281,0,10,1,1,64,-1,23560,23560,484256,968512,21,20,1.000000,1,1
CSR GPU,O2,841154.455825,0.841154,0.000841,968512,1.153464,2.819672,3.973136,0,10,1,1,128,-1,23560,23560,484256,968512,21,20,1.000000,1,1
