Name,-O,FLOPS,MFLOPS,GFLOPS,FOP Count,Avg Run Time (s),Format Time (s),Total Time (s),Verification,Iters,Block Row,Block Col,K-Bound,Threads,Rows,Cols,NNZ,NNZ*2,Max Cols,Avg Cols,Col Ratio,Variance,Std Deviation
COO THREADS,O2,798959338.886396,798.959339,0.798959,968512,0.005400,2.748057,2.753457,0,5,1,1,16,48,23560,23560,484256,968512,21,20,1.000000,1,1
COO THREADS,O2,265288015.297179,265.288015,0.265288,968512,0.003722,2.765614,2.769337,0,5,1,1,64,8,23560,23560,484256,968512,21,20,1.000000,1,1
COO THREADS,O2,225019057.773057,225.019058,0.225019,968512,0.005040,2.762918,2.767958,0,5,1,1,128,32,23560,23560,484256,968512,21,20,1.000000,1,1
