Name,-O,FLOPS,MFLOPS,GFLOPS,FOP Count,Avg Run Time (s),Format Time (s),Total Time (s),Verification,Iters,Block Row,Block Col,K-Bound,Threads,Rows,Cols,NNZ,NNZ*2,Max Cols,Avg Cols,Col Ratio,Variance,Std Deviation
CSR GPU,O2,4970557677.455091,4970.557677,4.970558,15496192,0.015213,2.850826,2.866039,0,10,1,1,16,-1,23560,23560,484256,968512,21,20,1.000000,1,1
CSR GPU,O2,6055591550.988210,6055.591551,6.055592,61984768,0.019481,2.926545,2.946026,0,10,1,1,64,-1,23560,23560,484256,968512,21,20,1.000000,1,1
CSR GPU,O2,8617827806.633940,8617.827807,8.617828,123969536,0.023565,2.890488,2.914053,0,10,1,1,128,-1,23560,23560,484256,968512,21,20,1.000000,1,1
