Name,-O,FLOPS,MFLOPS,GFLOPS,FOP Count,Avg Run Time (s),Format Time (s),Total Time (s),Verification,Iters,Block Row,Block Col,K-Bound,Threads,Rows,Cols,NNZ,NNZ*2,Max Cols,Avg Cols,Col Ratio,Variance,Std Deviation
BCSR THREADS,O2,677452191.375489,677.452191,0.677452,968512,0.001440,2.914911,2.916351,480,5,2,2,16,16,23560,23560,484256,968512,21,20,1.000000,1,1
BCSR THREADS,O2,759803441.318702,759.803441,0.759803,968512,0.001295,2.927220,2.928515,480,5,4,4,16,16,23560,23560,484256,968512,21,20,1.000000,1,1
BCSR THREADS,O2,339450103.203031,339.450103,0.339450,968512,0.003343,3.003228,3.006571,480,5,16,16,16,32,23560,23560,484256,968512,21,20,1.000000,1,1
BCSR THREADS,O2,293403724.233850,293.403724,0.293404,968512,0.004179,2.932525,2.936704,1920,5,2,2,64,48,23560,23560,484256,968512,21,20,1.000000,1,1
BCSR THREADS,O2,243412999.995958,243.413000,0.243413,968512,0.005312,2.929555,2.934866,1920,5,4,4,64,64,23560,23560,484256,968512,21,20,1.000000,1,1
BCSR THREADS,O2,150805945.078785,150.805945,0.150806,968512,0.006642,3.021202,3.027843,1920,5,16,16,64,48,23560,23560,484256,968512,21,20,1.000000,1,1
BCSR THREADS,O2,234702660.868714,234.702661,0.234703,968512,0.004726,2.914266,2.918992,3840,5,2,2,128,16,23560,23560,484256,968512,21,20,1.000000,1,1
BCSR THREADS,O2,167541260.156686,167.541260,0.167541,968512,0.006638,2.923500,2.930138,3840,5,4,4,128,64,23560,23560,484256,968512,21,20,1.000000,1,1
BCSR THREADS,O2,86286739.572871,86.286740,0.086287,968512,0.015753,3.004214,3.019967,3840,5,16,16,128,32,23560,23560,484256,968512,21,20,1.000000,1,1
