Name,-O,FLOPS,MFLOPS,GFLOPS,FOP Count,Avg Run Time (s),Format Time (s),Total Time (s),Verification,Iters,Block Row,Block Col,K-Bound,Threads,Rows,Cols,NNZ,NNZ*2,Max Cols,Avg Cols,Col Ratio,Variance,Std Deviation
BCSR GPU,O2,6630852383.142034,6630.852383,6.630852,15496192,0.016116,2.874444,2.890560,480,10,4,4,16,-1,23560,23560,484256,968512,21,20,1.000000,1,1
BCSR GPU,O2,5787397160.669184,5787.397161,5.787397,61984768,0.020703,2.964152,2.984855,1920,10,4,4,64,-1,23560,23560,484256,968512,21,20,1.000000,1,1
BCSR GPU,O2,8568394489.024875,8568.394489,8.568394,123969536,0.023268,2.964266,2.987533,3840,10,4,4,128,-1,23560,23560,484256,968512,21,20,1.000000,1,1
