Name,-O,FLOPS,MFLOPS,GFLOPS,FOP Count,Avg Run Time (s),Format Time (s),Total Time (s),Verification,Iters,Block Row,Block Col,K-Bound,Threads,Rows,Cols,NNZ,NNZ*2,Max Cols,Avg Cols,Col Ratio,Variance,Std Deviation
BCSR THREADS,O2,7289249453.965063,7289.249454,7.289249,968512,0.003251,0.952685,0.955936,480,5,2,2,16,64,23560,23560,484256,968512,21,20,1.000000,1,1
BCSR THREADS,O2,6825539927.861460,6825.539928,6.825540,968512,0.002539,0.958030,0.960569,480,5,4,4,16,72,23560,23560,484256,968512,21,20,1.000000,1,1
BCSR THREADS,O2,2090241097.333041,2090.241097,2.090241,968512,0.003495,0.997899,1.001394,480,5,16,16,16,72,23560,23560,484256,968512,21,20,1.000000,1,1
BCSR THREADS,O2,2699953173.918328,2699.953174,2.699953,968512,0.005285,0.949248,0.954533,1920,5,2,2,64,72,23560,23560,484256,968512,21,20,1.000000,1,1
BCSR THREADS,O2,2507960368.304904,2507.960368,2.507960,968512,0.002756,0.951766,0.954522,1920,5,4,4,64,72,23560,23560,484256,968512,21,20,1.000000,1,1
BCSR THREADS,O2,804572710.104079,804.572710,0.804573,968512,0.006942,1.006708,1.013650,1920,5,16,16,64,72,23560,23560,484256,968512,21,20,1.000000,1,1
BCSR THREADS,O2,1846419920.011689,1846.419920,1.846420,968512,0.003831,0.951806,0.955637,3840,5,2,2,128,72,23560,23560,484256,968512,21,20,1.000000,1,1
BCSR THREADS,O2,1596877705.846698,1596.877706,1.596878,968512,0.003634,0.947982,0.951616,3840,5,4,4,128,72,23560,23560,484256,968512,21,20,1.000000,1,1
BCSR THREADS,O2,459208889.462397,459.208889,0.459209,968512,0.007858,1.023733,1.031592,3840,5,16,16,128,72,23560,23560,484256,968512,21,20,1.000000,1,1
