Name,-O,FLOPS,MFLOPS,GFLOPS,FOP Count,Avg Run Time (s),Format Time (s),Total Time (s),Verification,Iters,Block Row,Block Col,K-Bound,Threads,Rows,Cols,NNZ,NNZ*2,Max Cols,Avg Cols,Col Ratio,Variance,Std Deviation
COO OMP,O2,3997158215.250593,3997.158215,3.997158,15496192,0.015486,2.846287,2.861773,0,10,1,1,16,8,23560,23560,484256,968512,21,20,1.000000,1,1
COO OMP,O2,4528313470.058391,4528.313470,4.528313,61984768,0.022587,2.866838,2.889425,0,10,1,1,64,8,23560,23560,484256,968512,21,20,1.000000,1,1
COO OMP,O2,13445303290.357983,13445.303290,13.445303,123969536,0.021451,2.866728,2.888179,0,10,1,1,128,8,23560,23560,484256,968512,21,20,1.000000,1,1
COO OMP,O2,5696652822.603622,5696.652823,5.696653,15496192,0.012615,2.861117,2.873732,0,10,1,1,16,16,23560,23560,484256,968512,21,20,1.000000,1,1
COO OMP,O2,9301960037.116297,9301.960037,9.301960,61984768,0.013674,2.910747,2.924421,0,10,1,1,64,16,23560,23560,484256,968512,21,20,1.000000,1,1
COO OMP,O2,10950135827.500256,10950.135828,10.950136,123969536,0.019188,2.894778,2.913966,0,10,1,1,128,16,23560,23560,484256,968512,21,20,1.000000,1,1
COO OMP,O2,4854663432.322583,4854.663432,4.854663,15496192,0.012942,2.867936,2.880878,0,10,1,1,16,32,23560,23560,484256,968512,21,20,1.000000,1,1
COO OMP,O2,8225866464.997435,8225.866465,8.225866,61984768,0.014572,2.926939,2.941511,0,10,1,1,64,32,23560,23560,484256,968512,21,20,1.000000,1,1
COO OMP,O2,19963014033.991138,19963.014034,19.963014,123969536,0.014792,2.916543,2.931335,0,10,1,1,128,32,23560,23560,484256,968512,21,20,1.000000,1,1
