Name,-O,FLOPS,MFLOPS,GFLOPS,FOP Count,Avg Run Time (s),Format Time (s),Total Time (s),Verification,Iters,Block Row,Block Col,K-Bound,Threads,Rows,Cols,NNZ,NNZ*2,Max Cols,Avg Cols,Col Ratio,Variance,Std Deviation
COO OMP,O2,inf,inf,inf,7748096,0.000000,0.900311,0.900311,188480,10,1,1,8,32,23560,23560,484256,968512,21,20,1.000000,1,1
COO OMP,O2,116529123239.751343,116529.123240,116.529123,15496192,0.004148,0.887730,0.891878,0,10,1,1,16,32,23560,23560,484256,968512,21,20,1.000000,1,1
COO OMP,O2,131186535126.679123,131186.535127,131.186535,61984768,0.004238,0.891765,0.896003,0,10,1,1,64,32,23560,23560,484256,968512,21,20,1.000000,1,1
COO OMP,O2,117272649518.607086,117272.649519,117.272650,123969536,0.004347,0.888863,0.893210,0,10,1,1,128,32,23560,23560,484256,968512,21,20,1.000000,1,1
COO OMP,O2,inf,inf,inf,247939072,0.000000,0.891597,0.891597,6031360,10,1,1,256,32,23560,23560,484256,968512,21,20,1.000000,1,1
COO OMP,O2,inf,inf,inf,495878144,0.000000,0.883122,0.883122,12062720,10,1,1,512,32,23560,23560,484256,968512,21,20,1.000000,1,1
COO OMP,O2,inf,inf,inf,995630336,0.000000,0.789114,0.789114,24219680,10,1,1,1028,32,23560,23560,484256,968512,21,20,1.000000,1,1
