Name,-O,FLOPS,MFLOPS,GFLOPS,FOP Count,Avg Run Time (s),Format Time (s),Total Time (s),Verification,Iters,Block Row,Block Col,K-Bound,Threads,Rows,Cols,NNZ,NNZ*2,Max Cols,Avg Cols,Col Ratio,Variance,Std Deviation
COO OMP,O2,299104645.157774,299.104645,0.299105,968512,0.023896,2.726799,2.750695,0,10,1,1,16,8,23560,23560,484256,968512,21,20,1.000000,1,1
COO OMP,O2,109363553.642913,109.363554,0.109364,968512,0.015870,2.858902,2.874772,0,10,1,1,64,8,23560,23560,484256,968512,21,20,1.000000,1,1
COO OMP,O2,79681899.274103,79.681899,0.079682,968512,0.016250,2.769472,2.785722,0,10,1,1,128,8,23560,23560,484256,968512,21,20,1.000000,1,1
COO OMP,O2,312788079.200805,312.788079,0.312788,968512,0.024862,2.762204,2.787066,0,10,1,1,16,16,23560,23560,484256,968512,21,20,1.000000,1,1
COO OMP,O2,295349659.581409,295.349660,0.295350,968512,0.012094,2.784100,2.796194,0,10,1,1,64,16,23560,23560,484256,968512,21,20,1.000000,1,1
COO OMP,O2,120224668.725523,120.224669,0.120225,968512,0.019035,2.799239,2.818275,0,10,1,1,128,16,23560,23560,484256,968512,21,20,1.000000,1,1
COO OMP,O2,404840575.327002,404.840575,0.404841,968512,0.020551,2.792608,2.813159,0,10,1,1,16,32,23560,23560,484256,968512,21,20,1.000000,1,1
COO OMP,O2,110307716.155386,110.307716,0.110308,968512,0.021551,2.786413,2.807964,0,10,1,1,64,32,23560,23560,484256,968512,21,20,1.000000,1,1
COO OMP,O2,93910097.934506,93.910098,0.093910,968512,0.017303,2.815634,2.832937,0,10,1,1,128,32,23560,23560,484256,968512,21,20,1.000000,1,1
