Name,-O,FLOPS,MFLOPS,GFLOPS,FOP Count,Avg Run Time (s),Format Time (s),Total Time (s),Verification,Iters,Block Row,Block Col,K-Bound,Threads,Rows,Cols,NNZ,NNZ*2,Max Cols,Avg Cols,Col Ratio,Variance,Std Deviation
COO OMP Transpose,O2,2055712.619467,2.055713,0.002056,968512,0.471690,0.940327,1.412017,0,10,1,1,16,8,23560,23560,484256,968512,21,20,1.000000,1,1
COO OMP Transpose,O2,1957689.961402,1.957690,0.001958,968512,0.495582,0.949377,1.444959,0,10,1,1,64,8,23560,23560,484256,968512,21,20,1.000000,1,1
COO OMP Transpose,O2,1980307.135416,1.980307,0.001980,968512,0.490803,0.951884,1.442687,0,10,1,1,128,8,23560,23560,484256,968512,21,20,1.000000,1,1
COO OMP Transpose,O2,3995979.280084,3.995979,0.003996,968512,0.245255,0.941472,1.186727,0,10,1,1,16,16,23560,23560,484256,968512,21,20,1.000000,1,1
COO OMP Transpose,O2,4027850.943845,4.027851,0.004028,968512,0.243221,0.953954,1.197175,0,10,1,1,64,16,23560,23560,484256,968512,21,20,1.000000,1,1
COO OMP Transpose,O2,3800161.947473,3.800162,0.003800,968512,0.257665,0.936427,1.194092,0,10,1,1,128,16,23560,23560,484256,968512,21,20,1.000000,1,1
COO OMP Transpose,O2,7509678.102668,7.509678,0.007510,968512,0.133040,0.932544,1.065584,0,10,1,1,16,32,23560,23560,484256,968512,21,20,1.000000,1,1
COO OMP Transpose,O2,7395498.716589,7.395499,0.007395,968512,0.136139,0.946386,1.082525,0,10,1,1,64,32,23560,23560,484256,968512,21,20,1.000000,1,1
COO OMP Transpose,O2,7358528.855786,7.358529,0.007359,968512,0.135488,0.941880,1.077368,0,10,1,1,128,32,23560,23560,484256,968512,21,20,1.000000,1,1
