Name,-O,FLOPS,MFLOPS,GFLOPS,FOP Count,Avg Run Time (s),Format Time (s),Total Time (s),Verification,Iters,Block Row,Block Col,K-Bound,Threads,Rows,Cols,NNZ,NNZ*2,Max Cols,Avg Cols,Col Ratio,Variance,Std Deviation
COO GPU,O2,832124.767619,0.832125,0.000832,968512,1.166262,2.827282,3.993544,376566,10,1,1,16,-1,23560,23560,484256,968512,21,20,1.000000,1,1
COO GPU,O2,813418.891411,0.813419,0.000813,968512,1.200571,2.716146,3.916717,1506415,10,1,1,64,-1,23560,23560,484256,968512,21,20,1.000000,1,1
COO GPU,O2,824426.351011,0.824426,0.000824,968512,1.176603,2.824141,4.000744,3012890,10,1,1,128,-1,23560,23560,484256,968512,21,20,1.000000,1,1
