Name,-O,FLOPS,MFLOPS,GFLOPS,FOP Count,Avg Run Time (s),Format Time (s),Total Time (s),Verification,Iters,Block Row,Block Col,K-Bound,Threads,Rows,Cols,NNZ,NNZ*2,Max Cols,Avg Cols,Col Ratio,Variance,Std Deviation
CSR Serial,O2,1784102486.149482,1784.102486,1.784102,15496192,0.008691,2.784389,2.793080,0,10,1,1,16,-1,23560,23560,484256,968512,21,20,1.000000,1,1
CSR Serial,O2,4448763836.200149,4448.763836,4.448764,61984768,0.013943,2.778214,2.792157,0,10,1,1,64,-1,23560,23560,484256,968512,21,20,1.000000,1,1
CSR Serial,O2,6560833943.546705,6560.833944,6.560834,123969536,0.018897,2.780367,2.799265,0,10,1,1,128,-1,23560,23560,484256,968512,21,20,1.000000,1,1
