Name,-O,FLOPS,MFLOPS,GFLOPS,FOP Count,Avg Run Time (s),Format Time (s),Total Time (s),Verification,Iters,Block Row,Block Col,K-Bound,Threads,Rows,Cols,NNZ,NNZ*2,Max Cols,Avg Cols,Col Ratio,Variance,Std Deviation
BCSR OMP,O2,551560385.788806,551.560386,0.551560,15496192,0.039303,2.861756,2.901059,480,10,4,4,16,8,23560,23560,484256,968512,21,20,1.000000,1,1
BCSR OMP,O2,1558771025.802876,1558.771026,1.558771,61984768,0.049068,2.909369,2.958437,1920,10,4,4,64,8,23560,23560,484256,968512,21,20,1.000000,1,1
BCSR OMP,O2,2783650325.435840,2783.650325,2.783650,123969536,0.052215,2.892902,2.945117,3840,10,4,4,128,8,23560,23560,484256,968512,21,20,1.000000,1,1
BCSR OMP,O2,480725234.899198,480.725235,0.480725,15496192,0.052890,2.883816,2.936706,480,10,4,4,16,16,23560,23560,484256,968512,21,20,1.000000,1,1
BCSR OMP,O2,1937196884.006169,1937.196884,1.937197,61984768,0.066885,2.925541,2.992426,1920,10,4,4,64,16,23560,23560,484256,968512,21,20,1.000000,1,1
BCSR OMP,O2,3001777122.286067,3001.777122,3.001777,123969536,0.058218,2.907126,2.965344,3840,10,4,4,128,16,23560,23560,484256,968512,21,20,1.000000,1,1
BCSR OMP,O2,347725536.261659,347.725536,0.347726,15496192,0.138680,2.909591,3.048271,480,10,4,4,16,32,23560,23560,484256,968512,21,20,1.000000,1,1
BCSR OMP,O2,1031246413.009023,1031.246413,1.031246,61984768,0.104558,2.922141,3.026699,1920,10,4,4,64,32,23560,23560,484256,968512,21,20,1.000000,1,1
BCSR OMP,O2,1989503335.030803,1989.503335,1.989503,123969536,0.152735,2.905774,3.058510,3840,10,4,4,128,32,23560,23560,484256,968512,21,20,1.000000,1,1
