Name,-O,FLOPS,MFLOPS,GFLOPS,FOP Count,Avg Run Time (s),Format Time (s),Total Time (s),Verification,Iters,Block Row,Block Col,K-Bound,Threads,Rows,Cols,NNZ,NNZ*2,Max Cols,Avg Cols,Col Ratio,Variance,Std Deviation
BCSR GPU,O2,936114.345870,0.936114,0.000936,968512,1.036756,2.810167,3.846923,480,10,4,4,16,-1,23560,23560,484256,968512,21,20,1.000000,1,1
BCSR GPU,O2,936692.840526,0.936693,0.000937,968512,1.036029,2.797638,3.833667,1920,10,4,4,64,-1,23560,23560,484256,968512,21,20,1.000000,1,1
BCSR GPU,O2,928083.789807,0.928084,0.000928,968512,1.045621,2.809478,3.855099,3840,10,4,4,128,-1,23560,23560,484256,968512,21,20,1.000000,1,1
