Name,-O,FLOPS,MFLOPS,GFLOPS,FOP Count,Avg Run Time (s),Format Time (s),Total Time (s),Verification,Iters,Block Row,Block Col,K-Bound,Threads,Rows,Cols,NNZ,NNZ*2,Max Cols,Avg Cols,Col Ratio,Variance,Std Deviation
COO OMP,O2,191994977.143203,191.994977,0.191995,968512,0.032331,2.765446,2.797777,0,10,1,1,16,8,23560,23560,484256,968512,21,20,1.000000,1,1
COO OMP,O2,74152233.122740,74.152233,0.074152,968512,0.026728,2.835455,2.862183,0,10,1,1,64,8,23560,23560,484256,968512,21,20,1.000000,1,1
COO OMP,O2,72255043.551144,72.255044,0.072255,968512,0.023093,2.810213,2.833306,0,10,1,1,128,8,23560,23560,484256,968512,21,20,1.000000,1,1
COO OMP,O2,95436417.366244,95.436417,0.095436,968512,0.035973,2.859508,2.895481,0,10,1,1,16,16,23560,23560,484256,968512,21,20,1.000000,1,1
COO OMP,O2,54852160.436659,54.852160,0.054852,968512,0.029138,2.822449,2.851587,0,10,1,1,64,16,23560,23560,484256,968512,21,20,1.000000,1,1
COO OMP,O2,58796852.879726,58.796853,0.058797,968512,0.025996,2.868030,2.894026,0,10,1,1,128,16,23560,23560,484256,968512,21,20,1.000000,1,1
COO OMP,O2,199919503.125128,199.919503,0.199920,968512,0.024194,2.898336,2.922530,0,10,1,1,16,32,23560,23560,484256,968512,21,20,1.000000,1,1
COO OMP,O2,55225380.270843,55.225380,0.055225,968512,0.027755,2.901969,2.929724,0,10,1,1,64,32,23560,23560,484256,968512,21,20,1.000000,1,1
COO OMP,O2,59456561.335707,59.456561,0.059457,968512,0.024234,2.898684,2.922918,0,10,1,1,128,32,23560,23560,484256,968512,21,20,1.000000,1,1
