Name,-O,FLOPS,MFLOPS,GFLOPS,FOP Count,Avg Run Time (s),Format Time (s),Total Time (s),Verification,Iters,Block Row,Block Col,K-Bound,Threads,Rows,Cols,NNZ,NNZ*2,Max Cols,Avg Cols,Col Ratio,Variance,Std Deviation
CSR Serial Transpose,O2,725955.349537,0.725955,0.000726,968512,1.334121,2.732828,4.066950,0,10,1,1,16,-1,23560,23560,484256,968512,21,20,1.000000,1,1
CSR Serial Transpose,O2,705245.661096,0.705246,0.000705,968512,1.373300,2.728717,4.102017,0,10,1,1,64,-1,23560,23560,484256,968512,21,20,1.000000,1,1
CSR Serial Transpose,O2,697156.045417,0.697156,0.000697,968512,1.412529,2.732636,4.145165,0,10,1,1,128,-1,23560,23560,484256,968512,21,20,1.000000,1,1
