Name,-O,FLOPS,MFLOPS,GFLOPS,FOP Count,Avg Run Time (s),Format Time (s),Total Time (s),Verification,Iters,Block Row,Block Col,K-Bound,Threads,Rows,Cols,NNZ,NNZ*2,Max Cols,Avg Cols,Col Ratio,Variance,Std Deviation
BCSR OMP,O2,inf,inf,inf,7748096,0.000000,2.813929,2.813929,188480,10,4,4,8,32,23560,23560,484256,968512,21,20,1.000000,1,1
BCSR OMP,O2,438497983.544243,438.497984,0.438498,15496192,0.072474,2.819553,2.892027,480,10,4,4,16,32,23560,23560,484256,968512,21,20,1.000000,1,1
BCSR OMP,O2,1895620620.576811,1895.620621,1.895621,61984768,0.059459,2.838632,2.898091,1920,10,4,4,64,32,23560,23560,484256,968512,21,20,1.000000,1,1
BCSR OMP,O2,1538462541.650152,1538.462542,1.538463,123969536,0.112351,2.868723,2.981074,3840,10,4,4,128,32,23560,23560,484256,968512,21,20,1.000000,1,1
BCSR OMP,O2,inf,inf,inf,247939072,0.000000,2.855902,2.855902,6031360,10,4,4,256,32,23560,23560,484256,968512,21,20,1.000000,1,1
BCSR OMP,O2,inf,inf,inf,495878144,0.000000,2.833917,2.833917,12062720,10,4,4,512,32,23560,23560,484256,968512,21,20,1.000000,1,1
BCSR OMP,O2,inf,inf,inf,995630336,0.000000,2.822032,2.822032,24219680,10,4,4,1028,32,23560,23560,484256,968512,21,20,1.000000,1,1
