Name,-O,FLOPS,MFLOPS,GFLOPS,FOP Count,Avg Run Time (s),Format Time (s),Total Time (s),Verification,Iters,Block Row,Block Col,K-Bound,Threads,Rows,Cols,NNZ,NNZ*2,Max Cols,Avg Cols,Col Ratio,Variance,Std Deviation
BCSR OMP Transpose,O2,8654150670.983332,8654.150671,8.654151,123969536,0.017618,2.832661,2.850279,3840,10,2,2,128,8,23560,23560,484256,968512,21,20,1.000000,1,1
BCSR OMP Transpose,O2,7711361820.897209,7711.361821,7.711362,123969536,0.018306,2.845844,2.864150,3840,10,4,4,128,8,23560,23560,484256,968512,21,20,1.000000,1,1
BCSR OMP Transpose,O2,2735493021.737503,2735.493022,2.735493,123969536,0.046056,2.915038,2.961094,3840,10,16,16,128,8,23560,23560,484256,968512,21,20,1.000000,1,1
BCSR OMP Transpose,O2,13473849973.203785,13473.849973,13.473850,123969536,0.011095,2.829555,2.840650,3840,10,2,2,128,16,23560,23560,484256,968512,21,20,1.000000,1,1
BCSR OMP Transpose,O2,11897030493.946890,11897.030494,11.897030,123969536,0.015099,2.877922,2.893021,3840,10,4,4,128,16,23560,23560,484256,968512,21,20,1.000000,1,1
BCSR OMP Transpose,O2,4245346733.328932,4245.346733,4.245347,123969536,0.033316,2.932465,2.965781,3840,10,16,16,128,16,23560,23560,484256,968512,21,20,1.000000,1,1
BCSR OMP Transpose,O2,15844308831.804834,15844.308832,15.844309,123969536,0.007908,2.837521,2.845428,3840,10,2,2,128,32,23560,23560,484256,968512,21,20,1.000000,1,1
BCSR OMP Transpose,O2,18910172221.188030,18910.172221,18.910172,123969536,0.007273,2.903772,2.911045,3840,10,4,4,128,32,23560,23560,484256,968512,21,20,1.000000,1,1
BCSR OMP Transpose,O2,7214166202.268499,7214.166202,7.214166,123969536,0.017555,2.952366,2.969921,3840,10,16,16,128,32,23560,23560,484256,968512,21,20,1.000000,1,1
