Name,-O,FLOPS,MFLOPS,GFLOPS,FOP Count,Avg Run Time (s),Format Time (s),Total Time (s),Verification,Iters,Block Row,Block Col,K-Bound,Threads,Rows,Cols,NNZ,NNZ*2,Max Cols,Avg Cols,Col Ratio,Variance,Std Deviation
ELL OMP,O2,inf,inf,inf,7748096,0.000000,0.965802,0.965802,188480,10,1,1,8,32,23560,23560,484256,968512,21,20,1.000000,1,1
ELL OMP,O2,128781222681.680817,128781.222682,128.781223,15496192,0.003484,0.964136,0.967620,0,10,1,1,16,32,23560,23560,484256,968512,21,20,1.000000,1,1
ELL OMP,O2,137367574090.001984,137367.574090,137.367574,61984768,0.003816,0.964103,0.967919,0,10,1,1,64,32,23560,23560,484256,968512,21,20,1.000000,1,1
ELL OMP,O2,119444971138.660446,119444.971139,119.444971,123969536,0.004100,0.926545,0.930645,0,10,1,1,128,32,23560,23560,484256,968512,21,20,1.000000,1,1
ELL OMP,O2,inf,inf,inf,247939072,0.000000,0.961729,0.961729,6031360,10,1,1,256,32,23560,23560,484256,968512,21,20,1.000000,1,1
ELL OMP,O2,inf,inf,inf,495878144,0.000000,0.955048,0.955048,12062720,10,1,1,512,32,23560,23560,484256,968512,21,20,1.000000,1,1
ELL OMP,O2,inf,inf,inf,995630336,0.000000,0.971152,0.971152,24219680,10,1,1,1028,32,23560,23560,484256,968512,21,20,1.000000,1,1
