Name,-O,FLOPS,MFLOPS,GFLOPS,FOP Count,Avg Run Time (s),Format Time (s),Total Time (s),Verification,Iters,Block Row,Block Col,K-Bound,Threads,Rows,Cols,NNZ,NNZ*2,Max Cols,Avg Cols,Col Ratio,Variance,Std Deviation
CSR OMP,O2,2060411894.507097,2060.411895,2.060412,968512,0.002474,0.916838,0.919312,0,10,1,1,16,8,23560,23560,484256,968512,21,20,1.000000,1,1
CSR OMP,O2,435028353.986417,435.028354,0.435028,968512,0.004997,0.908594,0.913591,0,10,1,1,64,8,23560,23560,484256,968512,21,20,1.000000,1,1
CSR OMP,O2,223101219.199171,223.101219,0.223101,968512,0.007537,0.878376,0.885913,0,10,1,1,128,8,23560,23560,484256,968512,21,20,1.000000,1,1
CSR OMP,O2,3666943103.381680,3666.943103,3.666943,968512,0.002255,0.916550,0.918805,0,10,1,1,16,16,23560,23560,484256,968512,21,20,1.000000,1,1
CSR OMP,O2,816662445.681495,816.662446,0.816662,968512,0.003701,0.916260,0.919961,0,10,1,1,64,16,23560,23560,484256,968512,21,20,1.000000,1,1
CSR OMP,O2,445234182.932446,445.234183,0.445234,968512,0.005734,0.918183,0.923917,0,10,1,1,128,16,23560,23560,484256,968512,21,20,1.000000,1,1
CSR OMP,O2,6444110654.961028,6444.110655,6.444111,968512,0.003166,0.931369,0.934535,0,10,1,1,16,32,23560,23560,484256,968512,21,20,1.000000,1,1
CSR OMP,O2,1422734205.953163,1422.734206,1.422734,968512,0.003294,0.907130,0.910424,0,10,1,1,64,32,23560,23560,484256,968512,21,20,1.000000,1,1
CSR OMP,O2,761912488.886577,761.912489,0.761912,968512,0.005623,0.903530,0.909153,0,10,1,1,128,32,23560,23560,484256,968512,21,20,1.000000,1,1
