Name,-O,FLOPS,MFLOPS,GFLOPS,FOP Count,Avg Run Time (s),Format Time (s),Total Time (s),Verification,Iters,Block Row,Block Col,K-Bound,Threads,Rows,Cols,NNZ,NNZ*2,Max Cols,Avg Cols,Col Ratio,Variance,Std Deviation
BCSR OMP,O2,176419370.593620,176.419371,0.176419,7748096,0.088671,2.830442,2.919113,240,10,4,4,8,32,23560,23560,484256,968512,21,20,1.000000,1,1
BCSR OMP,O2,296446385.354234,296.446385,0.296446,15496192,0.128615,2.855166,2.983781,480,10,4,4,16,32,23560,23560,484256,968512,21,20,1.000000,1,1
BCSR OMP,O2,1303411939.817046,1303.411940,1.303412,61984768,0.138883,2.912832,3.051715,1920,10,4,4,64,32,23560,23560,484256,968512,21,20,1.000000,1,1
BCSR OMP,O2,1455913370.836237,1455.913371,1.455913,123969536,0.173978,2.928450,3.102428,3840,10,4,4,128,32,23560,23560,484256,968512,21,20,1.000000,1,1
BCSR OMP,O2,3205695831.719196,3205.695832,3.205696,247939072,0.157633,2.922044,3.079677,7680,10,4,4,256,32,23560,23560,484256,968512,21,20,1.000000,1,1
BCSR OMP,O2,4319202915.484780,4319.202915,4.319203,495878144,0.157636,2.914158,3.071794,15360,10,4,4,512,32,23560,23560,484256,968512,21,20,1.000000,1,1
BCSR OMP,O2,7539285839.277910,7539.285839,7.539286,995630336,0.272051,2.891503,3.163554,30840,10,4,4,1028,32,23560,23560,484256,968512,21,20,1.000000,1,1
