Name,-O,FLOPS,MFLOPS,GFLOPS,FOP Count,Avg Run Time (s),Format Time (s),Total Time (s),Verification,Iters,Block Row,Block Col,K-Bound,Threads,Rows,Cols,NNZ,NNZ*2,Max Cols,Avg Cols,Col Ratio,Variance,Std Deviation
COO OMP,O2,inf,inf,inf,7748096,0.000000,2.750896,2.750896,188480,10,1,1,8,32,23560,23560,484256,968512,21,20,1.000000,1,1
COO OMP,O2,11227593020.069017,11227.593020,11.227593,15496192,0.005397,2.752357,2.757754,0,10,1,1,16,32,23560,23560,484256,968512,21,20,1.000000,1,1
COO OMP,O2,18465920509.550934,18465.920510,18.465921,61984768,0.006646,2.813307,2.819953,0,10,1,1,64,32,23560,23560,484256,968512,21,20,1.000000,1,1
COO OMP,O2,29967769763.197609,29967.769763,29.967770,123969536,0.008197,2.820824,2.829021,0,10,1,1,128,32,23560,23560,484256,968512,21,20,1.000000,1,1
COO OMP,O2,inf,inf,inf,247939072,0.000000,2.822788,2.822788,6031360,10,1,1,256,32,23560,23560,484256,968512,21,20,1.000000,1,1
COO OMP,O2,inf,inf,inf,495878144,0.000000,2.756954,2.756954,12062720,10,1,1,512,32,23560,23560,484256,968512,21,20,1.000000,1,1
COO OMP,O2,inf,inf,inf,995630336,0.000000,2.752746,2.752746,24219680,10,1,1,1028,32,23560,23560,484256,968512,21,20,1.000000,1,1
