Name,-O,FLOPS,MFLOPS,GFLOPS,FOP Count,Avg Run Time (s),Format Time (s),Total Time (s),Verification,Iters,Block Row,Block Col,K-Bound,Threads,Rows,Cols,NNZ,NNZ*2,Max Cols,Avg Cols,Col Ratio,Variance,Std Deviation
ELL OMP,O2,inf,inf,inf,7748096,0.000000,2.839837,2.839837,188480,10,1,1,8,32,23560,23560,484256,968512,21,20,1.000000,1,1
ELL OMP,O2,9482575870.151325,9482.575870,9.482576,15496192,0.005655,2.844154,2.849809,0,10,1,1,16,32,23560,23560,484256,968512,21,20,1.000000,1,1
ELL OMP,O2,16510398495.488459,16510.398495,16.510398,61984768,0.007565,2.879738,2.887302,0,10,1,1,64,32,23560,23560,484256,968512,21,20,1.000000,1,1
ELL OMP,O2,32988162252.866558,32988.162253,32.988162,123969536,0.006179,2.871561,2.877740,0,10,1,1,128,32,23560,23560,484256,968512,21,20,1.000000,1,1
ELL OMP,O2,inf,inf,inf,247939072,0.000000,2.913318,2.913318,6031360,10,1,1,256,32,23560,23560,484256,968512,21,20,1.000000,1,1
ELL OMP,O2,inf,inf,inf,495878144,0.000000,2.844677,2.844677,12062720,10,1,1,512,32,23560,23560,484256,968512,21,20,1.000000,1,1
ELL OMP,O2,inf,inf,inf,995630336,0.000000,2.833614,2.833614,24219680,10,1,1,1028,32,23560,23560,484256,968512,21,20,1.000000,1,1
