Name,-O,FLOPS,MFLOPS,GFLOPS,FOP Count,Avg Run Time (s),Format Time (s),Total Time (s),Verification,Iters,Block Row,Block Col,K-Bound,Threads,Rows,Cols,NNZ,NNZ*2,Max Cols,Avg Cols,Col Ratio,Variance,Std Deviation
COO OMP Transpose,O2,11015161.137299,11.015161,0.011015,968512,0.100728,0.943865,1.044593,0,10,1,1,16,8,23560,23560,484256,968512,21,20,1.000000,1,1
COO OMP Transpose,O2,12594655.277574,12.594655,0.012595,968512,0.084390,0.912123,0.996513,0,10,1,1,64,8,23560,23560,484256,968512,21,20,1.000000,1,1
COO OMP Transpose,O2,10815458.584401,10.815459,0.010815,968512,0.103159,0.928141,1.031300,0,10,1,1,128,8,23560,23560,484256,968512,21,20,1.000000,1,1
COO OMP Transpose,O2,11390995.330879,11.390995,0.011391,968512,0.091734,0.931268,1.023001,0,10,1,1,16,16,23560,23560,484256,968512,21,20,1.000000,1,1
COO OMP Transpose,O2,12131916.070143,12.131916,0.012132,968512,0.091286,0.939505,1.030791,0,10,1,1,64,16,23560,23560,484256,968512,21,20,1.000000,1,1
COO OMP Transpose,O2,11480070.408645,11.480070,0.011480,968512,0.092312,0.937695,1.030007,0,10,1,1,128,16,23560,23560,484256,968512,21,20,1.000000,1,1
COO OMP Transpose,O2,10370995.759144,10.370996,0.010371,968512,0.099683,0.917582,1.017265,0,10,1,1,16,32,23560,23560,484256,968512,21,20,1.000000,1,1
COO OMP Transpose,O2,10489395.759131,10.489396,0.010489,968512,0.098609,0.936623,1.035232,0,10,1,1,64,32,23560,23560,484256,968512,21,20,1.000000,1,1
COO OMP Transpose,O2,11865421.208809,11.865421,0.011865,968512,0.089091,0.880641,0.969732,0,10,1,1,128,32,23560,23560,484256,968512,21,20,1.000000,1,1
