Name,-O,FLOPS,MFLOPS,GFLOPS,FOP Count,Avg Run Time (s),Format Time (s),Total Time (s),Verification,Iters,Block Row,Block Col,K-Bound,Threads,Rows,Cols,NNZ,NNZ*2,Max Cols,Avg Cols,Col Ratio,Variance,Std Deviation
CSR OMP,O2,326714700.479335,326.714700,0.326715,968512,0.012864,2.728681,2.741545,0,10,1,1,16,8,23560,23560,484256,968512,21,20,1.000000,1,1
CSR OMP,O2,179830364.417776,179.830364,0.179830,968512,0.006855,2.760463,2.767318,0,10,1,1,64,8,23560,23560,484256,968512,21,20,1.000000,1,1
CSR OMP,O2,194642007.306323,194.642007,0.194642,968512,0.007858,2.769230,2.777088,0,10,1,1,128,8,23560,23560,484256,968512,21,20,1.000000,1,1
CSR OMP,O2,408171111.984192,408.171112,0.408171,968512,0.010637,2.768660,2.779297,0,10,1,1,16,16,23560,23560,484256,968512,21,20,1.000000,1,1
CSR OMP,O2,221507609.668838,221.507610,0.221508,968512,0.007514,2.764283,2.771797,0,10,1,1,64,16,23560,23560,484256,968512,21,20,1.000000,1,1
CSR OMP,O2,181293905.358243,181.293905,0.181294,968512,0.009541,2.775321,2.784862,0,10,1,1,128,16,23560,23560,484256,968512,21,20,1.000000,1,1
CSR OMP,O2,683611836.656885,683.611837,0.683612,968512,0.003763,2.782958,2.786721,0,10,1,1,16,32,23560,23560,484256,968512,21,20,1.000000,1,1
CSR OMP,O2,255898377.756288,255.898378,0.255898,968512,0.008314,2.755107,2.763421,0,10,1,1,64,32,23560,23560,484256,968512,21,20,1.000000,1,1
CSR OMP,O2,202724301.760118,202.724302,0.202724,968512,0.006250,2.789269,2.795519,0,10,1,1,128,32,23560,23560,484256,968512,21,20,1.000000,1,1
