Name,-O,FLOPS,MFLOPS,GFLOPS,FOP Count,Avg Run Time (s),Format Time (s),Total Time (s),Verification,Iters,Block Row,Block Col,K-Bound,Threads,Rows,Cols,NNZ,NNZ*2,Max Cols,Avg Cols,Col Ratio,Variance,Std Deviation
ELL OMP Transpose,O2,2209321051.506218,2209.321052,2.209321,123969536,0.057323,0.954774,1.012097,0,10,1,1,128,8,23560,23560,484256,968512,21,20,1.000000,1,1
ELL OMP Transpose,O2,20839345696.322060,20839.345696,20.839346,123969536,0.011543,0.968226,0.979769,0,10,1,1,128,16,23560,23560,484256,968512,21,20,1.000000,1,1
ELL OMP Transpose,O2,42809883650.431824,42809.883650,42.809884,123969536,0.002896,0.959627,0.962523,0,10,1,1,128,32,23560,23560,484256,968512,21,20,1.000000,1,1
