Name,-O,FLOPS,MFLOPS,GFLOPS,FOP Count,Avg Run Time (s),Format Time (s),Total Time (s),Verification,Iters,Block Row,Block Col,K-Bound,Threads,Rows,Cols,NNZ,NNZ*2,Max Cols,Avg Cols,Col Ratio,Variance,Std Deviation
CSR Serial Transpose,O2,586021.674388,0.586022,0.000586,968512,1.652697,0.902679,2.555376,0,10,1,1,16,-1,23560,23560,484256,968512,21,20,1.000000,1,1
CSR Serial Transpose,O2,566180.035881,0.566180,0.000566,968512,1.710612,0.896352,2.606964,0,10,1,1,64,-1,23560,23560,484256,968512,21,20,1.000000,1,1
CSR Serial Transpose,O2,652898.383333,0.652898,0.000653,968512,1.483408,0.896954,2.380362,0,10,1,1,128,-1,23560,23560,484256,968512,21,20,1.000000,1,1
