Name,-O,FLOPS,MFLOPS,GFLOPS,FOP Count,Avg Run Time (s),Format Time (s),Total Time (s),Verification,Iters,Block Row,Block Col,K-Bound,Threads,Rows,Cols,NNZ,NNZ*2,Max Cols,Avg Cols,Col Ratio,Variance,Std Deviation
BCSR Serial Transpose,O2,2256826609.381743,2256.826609,2.256827,123969536,0.055355,1.022890,1.078245,3840,10,2,2,128,-1,23560,23560,484256,968512,21,20,1.000000,1,1
BCSR Serial Transpose,O2,1508818569.215095,1508.818569,1.508819,123969536,0.082272,0.969632,1.051904,3840,10,4,4,128,-1,23560,23560,484256,968512,21,20,1.000000,1,1
BCSR Serial Transpose,O2,522241951.795414,522.241952,0.522242,123969536,0.237390,1.086644,1.324034,3840,10,16,16,128,-1,23560,23560,484256,968512,21,20,1.000000,1,1
