Name,-O,FLOPS,MFLOPS,GFLOPS,FOP Count,Avg Run Time (s),Format Time (s),Total Time (s),Verification,Iters,Block Row,Block Col,K-Bound,Threads,Rows,Cols,NNZ,NNZ*2,Max Cols,Avg Cols,Col Ratio,Variance,Std Deviation
CSR OMP,O2,350144184.716018,350.144185,0.350144,968512,0.005172,2.739339,2.744511,0,10,1,1,16,8,23560,23560,484256,968512,21,20,1.000000,1,1
CSR OMP,O2,175171435.410384,175.171435,0.175171,968512,0.007474,2.766660,2.774134,0,10,1,1,64,8,23560,23560,484256,968512,21,20,1.000000,1,1
CSR OMP,O2,142649334.229156,142.649334,0.142649,968512,0.008848,2.750444,2.759292,0,10,1,1,128,8,23560,23560,484256,968512,21,20,1.000000,1,1
CSR OMP,O2,533767480.531429,533.767481,0.533767,968512,0.003542,2.788085,2.791627,0,10,1,1,16,16,23560,23560,484256,968512,21,20,1.000000,1,1
CSR OMP,O2,274834316.664278,274.834317,0.274834,968512,0.006832,2.757713,2.764545,0,10,1,1,64,16,23560,23560,484256,968512,21,20,1.000000,1,1
CSR OMP,O2,138274060.876683,138.274061,0.138274,968512,0.013414,2.796244,2.809658,0,10,1,1,128,16,23560,23560,484256,968512,21,20,1.000000,1,1
CSR OMP,O2,576438794.975667,576.438795,0.576439,968512,0.007322,2.769442,2.776764,0,10,1,1,16,32,23560,23560,484256,968512,21,20,1.000000,1,1
CSR OMP,O2,117969508.536360,117.969509,0.117970,968512,0.010442,2.763196,2.773638,0,10,1,1,64,32,23560,23560,484256,968512,21,20,1.000000,1,1
CSR OMP,O2,136374799.191488,136.374799,0.136375,968512,0.013159,2.800889,2.814048,0,10,1,1,128,32,23560,23560,484256,968512,21,20,1.000000,1,1
