Name,-O,FLOPS,MFLOPS,GFLOPS,FOP Count,Avg Run Time (s),Format Time (s),Total Time (s),Verification,Iters,Block Row,Block Col,K-Bound,Threads,Rows,Cols,NNZ,NNZ*2,Max Cols,Avg Cols,Col Ratio,Variance,Std Deviation
COO Serial,O2,4414544656.865509,4414.544657,4.414545,15496192,0.003540,0.912007,0.915546,0,10,1,1,16,-1,23560,23560,484256,968512,21,20,1.000000,1,1
COO Serial,O2,5258614567.812778,5258.614568,5.258615,61984768,0.011871,0.894432,0.906303,0,10,1,1,64,-1,23560,23560,484256,968512,21,20,1.000000,1,1
COO Serial,O2,4308058766.114674,4308.058766,4.308059,123969536,0.028822,0.883022,0.911844,0,10,1,1,128,-1,23560,23560,484256,968512,21,20,1.000000,1,1
