Name,-O,FLOPS,MFLOPS,GFLOPS,FOP Count,Avg Run Time (s),Format Time (s),Total Time (s),Verification,Iters,Block Row,Block Col,K-Bound,Threads,Rows,Cols,NNZ,NNZ*2,Max Cols,Avg Cols,Col Ratio,Variance,Std Deviation
COO OMP,O2,3827133489.479575,3827.133489,3.827133,7748096,0.011754,2.782963,2.794716,0,10,1,1,8,32,23560,23560,484256,968512,21,20,1.000000,1,1
COO OMP,O2,3638569956.571059,3638.569957,3.638570,15496192,0.014658,2.848165,2.862823,0,10,1,1,16,32,23560,23560,484256,968512,21,20,1.000000,1,1
COO OMP,O2,15860961453.990650,15860.961454,15.860961,61984768,0.010981,2.851424,2.862405,0,10,1,1,64,32,23560,23560,484256,968512,21,20,1.000000,1,1
COO OMP,O2,13921397112.448650,13921.397112,13.921397,123969536,0.015501,2.863676,2.879176,0,10,1,1,128,32,23560,23560,484256,968512,21,20,1.000000,1,1
COO OMP,O2,16893326726.234491,16893.326726,16.893327,247939072,0.021854,2.867229,2.889083,0,10,1,1,256,32,23560,23560,484256,968512,21,20,1.000000,1,1
COO OMP,O2,17597557225.434982,17597.557225,17.597557,495878144,0.033114,2.856263,2.889377,0,10,1,1,512,32,23560,23560,484256,968512,21,20,1.000000,1,1
COO OMP,O2,22734945416.358158,22734.945416,22.734945,995630336,0.048199,2.832298,2.880497,0,10,1,1,1028,32,23560,23560,484256,968512,21,20,1.000000,1,1
