Name,-O,FLOPS,MFLOPS,GFLOPS,FOP Count,Avg Run Time (s),Format Time (s),Total Time (s),Verification,Iters,Block Row,Block Col,K-Bound,Threads,Rows,Cols,NNZ,NNZ*2,Max Cols,Avg Cols,Col Ratio,Variance,Std Deviation
CSR OMP,O2,93676369673.947266,93676.369674,93.676370,7748096,0.003105,0.892529,0.895634,0,10,1,1,8,32,23560,23560,484256,968512,21,20,1.000000,1,1
CSR OMP,O2,122911086105.811615,122911.086106,122.911086,15496192,0.002980,0.892516,0.895495,0,10,1,1,16,32,23560,23560,484256,968512,21,20,1.000000,1,1
CSR OMP,O2,154034666134.967346,154034.666135,154.034666,61984768,0.003201,0.876378,0.879579,0,10,1,1,64,32,23560,23560,484256,968512,21,20,1.000000,1,1
CSR OMP,O2,131656230923.466507,131656.230923,131.656231,123969536,0.004123,0.865091,0.869214,0,10,1,1,128,32,23560,23560,484256,968512,21,20,1.000000,1,1
CSR OMP,O2,129279575038.286667,129279.575038,129.279575,247939072,0.006052,0.875022,0.881074,0,10,1,1,256,32,23560,23560,484256,968512,21,20,1.000000,1,1
CSR OMP,O2,112555282642.328812,112555.282642,112.555283,495878144,0.009200,0.873675,0.882875,0,10,1,1,512,32,23560,23560,484256,968512,21,20,1.000000,1,1
CSR OMP,O2,114464223903.836426,114464.223904,114.464224,995630336,0.013252,0.890226,0.903478,0,10,1,1,1028,32,23560,23560,484256,968512,21,20,1.000000,1,1
