Name,-O,FLOPS,MFLOPS,GFLOPS,FOP Count,Avg Run Time (s),Format Time (s),Total Time (s),Verification,Iters,Block Row,Block Col,K-Bound,Threads,Rows,Cols,NNZ,NNZ*2,Max Cols,Avg Cols,Col Ratio,Variance,Std Deviation
BCSR Serial,O2,3269007807.454516,3269.007807,3.269008,15496192,0.004855,1.013944,1.018799,480,10,2,2,16,-1,23560,23560,484256,968512,21,20,1.000000,1,1
BCSR Serial,O2,818747054.082419,818.747054,0.818747,15496192,0.018935,1.021895,1.040830,480,10,16,16,16,-1,23560,23560,484256,968512,21,20,1.000000,1,1
BCSR Serial,O2,4154367371.344626,4154.367371,4.154367,61984768,0.014983,0.880268,0.895251,1920,10,2,2,64,-1,23560,23560,484256,968512,21,20,1.000000,1,1
BCSR Serial,O2,1224504566.952938,1224.504567,1.224505,61984768,0.050631,0.990327,1.040958,1920,10,16,16,64,-1,23560,23560,484256,968512,21,20,1.000000,1,1
BCSR Serial,O2,5051526472.952689,5051.526473,5.051526,123969536,0.024612,0.944856,0.969468,3840,10,2,2,128,-1,23560,23560,484256,968512,21,20,1.000000,1,1
BCSR Serial,O2,1413323672.921780,1413.323673,1.413324,123969536,0.087718,0.976423,1.064141,3840,10,16,16,128,-1,23560,23560,484256,968512,21,20,1.000000,1,1
