Name,-O,FLOPS,MFLOPS,GFLOPS,FOP Count,Avg Run Time (s),Format Time (s),Total Time (s),Verification,Iters,Block Row,Block Col,K-Bound,Threads,Rows,Cols,NNZ,NNZ*2,Max Cols,Avg Cols,Col Ratio,Variance,Std Deviation
COO Serial,O2,1715217690.082928,1715.217690,1.715218,15496192,0.009037,2.776946,2.785983,0,10,1,1,16,-1,23560,23560,484256,968512,21,20,1.000000,1,1
COO Serial,O2,4219269589.055366,4219.269589,4.219270,61984768,0.014737,2.785624,2.800361,0,10,1,1,64,-1,23560,23560,484256,968512,21,20,1.000000,1,1
COO Serial,O2,6489497116.328856,6489.497116,6.489497,123969536,0.019103,2.780817,2.799920,0,10,1,1,128,-1,23560,23560,484256,968512,21,20,1.000000,1,1
