Name,-O,FLOPS,MFLOPS,GFLOPS,FOP Count,Avg Run Time (s),Format Time (s),Total Time (s),Verification,Iters,Block Row,Block Col,K-Bound,Threads,Rows,Cols,NNZ,NNZ*2,Max Cols,Avg Cols,Col Ratio,Variance,Std Deviation
ELL OMP,O2,2307086173.570818,2307.086174,2.307086,968512,0.002439,0.978867,0.981306,0,10,1,1,16,8,23560,23560,484256,968512,21,20,1.000000,1,1
ELL OMP,O2,512772417.321699,512.772417,0.512772,968512,0.004408,0.929753,0.934161,0,10,1,1,64,8,23560,23560,484256,968512,21,20,1.000000,1,1
ELL OMP,O2,245119085.377112,245.119085,0.245119,968512,0.007722,0.883670,0.891392,0,10,1,1,128,8,23560,23560,484256,968512,21,20,1.000000,1,1
ELL OMP,O2,4219335424.507312,4219.335425,4.219335,968512,0.002181,0.925604,0.927785,0,10,1,1,16,16,23560,23560,484256,968512,21,20,1.000000,1,1
ELL OMP,O2,972509202.757504,972.509203,0.972509,968512,0.004260,0.993196,0.997456,0,10,1,1,64,16,23560,23560,484256,968512,21,20,1.000000,1,1
ELL OMP,O2,510872249.672561,510.872250,0.510872,968512,0.005115,0.948207,0.953322,0,10,1,1,128,16,23560,23560,484256,968512,21,20,1.000000,1,1
ELL OMP,O2,7176860444.021704,7176.860444,7.176860,968512,0.002608,0.941958,0.944566,0,10,1,1,16,32,23560,23560,484256,968512,21,20,1.000000,1,1
ELL OMP,O2,1787252376.633065,1787.252377,1.787252,968512,0.002878,0.940400,0.943279,0,10,1,1,64,32,23560,23560,484256,968512,21,20,1.000000,1,1
ELL OMP,O2,932893551.771120,932.893552,0.932894,968512,0.005259,0.950368,0.955627,0,10,1,1,128,32,23560,23560,484256,968512,21,20,1.000000,1,1
