Name,-O,FLOPS,MFLOPS,GFLOPS,FOP Count,Avg Run Time (s),Format Time (s),Total Time (s),Verification,Iters,Block Row,Block Col,K-Bound,Threads,Rows,Cols,NNZ,NNZ*2,Max Cols,Avg Cols,Col Ratio,Variance,Std Deviation
BCSR Serial,O2,2655373456.151694,2655.373456,2.655373,15496192,0.005836,2.834233,2.840069,480,10,2,2,16,-1,23560,23560,484256,968512,21,20,1.000000,1,1
BCSR Serial,O2,547819746.680507,547.819747,0.547820,15496192,0.028363,2.920379,2.948742,480,10,16,16,16,-1,23560,23560,484256,968512,21,20,1.000000,1,1
BCSR Serial,O2,5171229400.505458,5171.229401,5.171229,61984768,0.011998,2.836363,2.848361,1920,10,2,2,64,-1,23560,23560,484256,968512,21,20,1.000000,1,1
BCSR Serial,O2,1321333238.787344,1321.333239,1.321333,61984768,0.047095,2.887056,2.934151,1920,10,16,16,64,-1,23560,23560,484256,968512,21,20,1.000000,1,1
BCSR Serial,O2,6490067223.206131,6490.067223,6.490067,123969536,0.019108,2.841997,2.861105,3840,10,2,2,128,-1,23560,23560,484256,968512,21,20,1.000000,1,1
BCSR Serial,O2,1593534846.095342,1593.534846,1.593535,123969536,0.077904,2.913196,2.991100,3840,10,16,16,128,-1,23560,23560,484256,968512,21,20,1.000000,1,1
