Name,-O,FLOPS,MFLOPS,GFLOPS,FOP Count,Avg Run Time (s),Format Time (s),Total Time (s),Verification,Iters,Block Row,Block Col,K-Bound,Threads,Rows,Cols,NNZ,NNZ*2,Max Cols,Avg Cols,Col Ratio,Variance,Std Deviation
BCSR Serial,O2,1788715606.875576,1788.715607,1.788716,15496192,0.008667,2.840785,2.849452,480,10,4,4,16,-1,23560,23560,484256,968512,21,20,1.000000,1,1
BCSR Serial,O2,4339955680.184404,4339.955680,4.339956,61984768,0.014291,2.830803,2.845094,1920,10,4,4,64,-1,23560,23560,484256,968512,21,20,1.000000,1,1
BCSR Serial,O2,5169660144.930500,5169.660145,5.169660,123969536,0.024187,2.838469,2.862656,3840,10,4,4,128,-1,23560,23560,484256,968512,21,20,1.000000,1,1
