Name,-O,FLOPS,MFLOPS,GFLOPS,FOP Count,Avg Run Time (s),Format Time (s),Total Time (s),Verification,Iters,Block Row,Block Col,K-Bound,Threads,Rows,Cols,NNZ,NNZ*2,Max Cols,Avg Cols,Col Ratio,Variance,Std Deviation
ELL OMP,O2,4209925002.973680,4209.925003,4.209925,7748096,0.008234,2.877108,2.885342,0,10,1,1,8,32,23560,23560,484256,968512,21,20,1.000000,1,1
ELL OMP,O2,4302162956.436928,4302.162956,4.302163,15496192,0.012030,2.921211,2.933241,0,10,1,1,16,32,23560,23560,484256,968512,21,20,1.000000,1,1
ELL OMP,O2,4589584876.377081,4589.584876,4.589585,61984768,0.016682,2.936536,2.953218,0,10,1,1,64,32,23560,23560,484256,968512,21,20,1.000000,1,1
ELL OMP,O2,25061557905.629723,25061.557906,25.061558,123969536,0.014105,2.884399,2.898503,0,10,1,1,128,32,23560,23560,484256,968512,21,20,1.000000,1,1
ELL OMP,O2,16891653807.996084,16891.653808,16.891654,247939072,0.021025,2.953724,2.974749,0,10,1,1,256,32,23560,23560,484256,968512,21,20,1.000000,1,1
ELL OMP,O2,24498567564.173298,24498.567564,24.498568,495878144,0.029919,2.944374,2.974293,0,10,1,1,512,32,23560,23560,484256,968512,21,20,1.000000,1,1
ELL OMP,O2,23378881743.363342,23378.881743,23.378882,995630336,0.052727,2.933778,2.986505,0,10,1,1,1028,32,23560,23560,484256,968512,21,20,1.000000,1,1
