Name,-O,FLOPS,MFLOPS,GFLOPS,FOP Count,Avg Run Time (s),Format Time (s),Total Time (s),Verification,Iters,Block Row,Block Col,K-Bound,Threads,Rows,Cols,NNZ,NNZ*2,Max Cols,Avg Cols,Col Ratio,Variance,Std Deviation
ELL Serial,O2,1835687525.790921,1835.687526,1.835688,15496192,0.008442,2.869064,2.877506,0,10,1,1,16,-1,23560,23560,484256,968512,21,20,1.000000,1,1
ELL Serial,O2,4352474157.546449,4352.474158,4.352474,61984768,0.014292,2.866351,2.880643,0,10,1,1,64,-1,23560,23560,484256,968512,21,20,1.000000,1,1
ELL Serial,O2,5639806953.495009,5639.806953,5.639807,123969536,0.022199,2.869845,2.892044,0,10,1,1,128,-1,23560,23560,484256,968512,21,20,1.000000,1,1
