Name,-O,FLOPS,MFLOPS,GFLOPS,FOP Count,Avg Run Time (s),Format Time (s),Total Time (s),Verification,Iters,Block Row,Block Col,K-Bound,Threads,Rows,Cols,NNZ,NNZ*2,Max Cols,Avg Cols,Col Ratio,Variance,Std Deviation
CSR Serial Transpose,O2,629232.483254,0.629232,0.000629,968512,1.539205,0.912433,2.451638,0,10,1,1,16,-1,23560,23560,484256,968512,21,20,1.000000,1,1
CSR Serial Transpose,O2,598755.027124,0.598755,0.000599,968512,1.617545,0.919332,2.536877,0,10,1,1,64,-1,23560,23560,484256,968512,21,20,1.000000,1,1
CSR Serial Transpose,O2,611967.860080,0.611968,0.000612,968512,1.582663,0.912535,2.495198,0,10,1,1,128,-1,23560,23560,484256,968512,21,20,1.000000,1,1
