Name,-O,FLOPS,MFLOPS,GFLOPS,FOP Count,Avg Run Time (s),Format Time (s),Total Time (s),Verification,Iters,Block Row,Block Col,K-Bound,Threads,Rows,Cols,NNZ,NNZ*2,Max Cols,Avg Cols,Col Ratio,Variance,Std Deviation
ELL OMP Transpose,O2,9560155698.587145,9560.155699,9.560156,123969536,0.019188,2.874511,2.893699,0,10,1,1,128,8,23560,23560,484256,968512,21,20,1.000000,1,1
ELL OMP Transpose,O2,13978834699.390997,13978.834699,13.978835,123969536,0.010547,2.863881,2.874428,0,10,1,1,128,16,23560,23560,484256,968512,21,20,1.000000,1,1
ELL OMP Transpose,O2,15611656091.469290,15611.656091,15.611656,123969536,0.008131,2.884492,2.892623,0,10,1,1,128,32,23560,23560,484256,968512,21,20,1.000000,1,1
