Name,-O,FLOPS,MFLOPS,GFLOPS,FOP Count,Avg Run Time (s),Format Time (s),Total Time (s),Verification,Iters,Block Row,Block Col,K-Bound,Threads,Rows,Cols,NNZ,NNZ*2,Max Cols,Avg Cols,Col Ratio,Variance,Std Deviation
COO Serial,O2,313761698.822161,313.761699,0.313762,968512,0.003101,0.896253,0.899354,0,10,1,1,16,-1,23560,23560,484256,968512,21,20,1.000000,1,1
COO Serial,O2,57702670.487994,57.702670,0.057703,968512,0.016830,0.910872,0.927702,0,10,1,1,64,-1,23560,23560,484256,968512,21,20,1.000000,1,1
COO Serial,O2,32732347.348894,32.732347,0.032732,968512,0.029642,0.906390,0.936032,0,10,1,1,128,-1,23560,23560,484256,968512,21,20,1.000000,1,1
