Name,-O,FLOPS,MFLOPS,GFLOPS,FOP Count,Avg Run Time (s),Format Time (s),Total Time (s),Verification,Iters,Block Row,Block Col,K-Bound,Threads,Rows,Cols,NNZ,NNZ*2,Max Cols,Avg Cols,Col Ratio,Variance,Std Deviation
COO GPU,O2,2426187685.020922,2426.187685,2.426188,15496192,0.020045,2.801537,2.821582,16,10,1,1,16,-1,23560,23560,484256,968512,21,20,1.000000,1,1
COO GPU,O2,6570501584.205064,6570.501584,6.570502,61984768,0.017357,2.983641,3.000998,0,10,1,1,64,-1,23560,23560,484256,968512,21,20,1.000000,1,1
COO GPU,O2,10501294829.420666,10501.294829,10.501295,123969536,0.019493,2.841281,2.860774,0,10,1,1,128,-1,23560,23560,484256,968512,21,20,1.000000,1,1
