Name,-O,FLOPS,MFLOPS,GFLOPS,FOP Count,Avg Run Time (s),Format Time (s),Total Time (s),Verification,Iters,Block Row,Block Col,K-Bound,Threads,Rows,Cols,NNZ,NNZ*2,Max Cols,Avg Cols,Col Ratio,Variance,Std Deviation
BCSR GPU,O2,8859274984.058300,8859.274984,8.859275,968512,0.006915,0.954920,0.961835,480,10,2,2,16,-1,23560,23560,484256,968512,21,20,1.000000,1,1
BCSR GPU,O2,8543958055.560068,8543.958056,8.543958,968512,0.004526,0.956288,0.960814,480,10,4,4,16,-1,23560,23560,484256,968512,21,20,1.000000,1,1
BCSR GPU,O2,2695021194.219178,2695.021194,2.695021,968512,0.006262,1.033695,1.039956,480,10,16,16,16,-1,23560,23560,484256,968512,21,20,1.000000,1,1
BCSR GPU,O2,3160774595.929814,3160.774596,3.160775,968512,0.007329,0.972262,0.979591,1920,10,2,2,64,-1,23560,23560,484256,968512,21,20,1.000000,1,1
BCSR GPU,O2,3238711474.529333,3238.711475,3.238711,968512,0.007338,0.968509,0.975847,1920,10,4,4,64,-1,23560,23560,484256,968512,21,20,1.000000,1,1
BCSR GPU,O2,1101357679.982941,1101.357680,1.101358,968512,0.008401,0.998004,1.006405,1920,10,16,16,64,-1,23560,23560,484256,968512,21,20,1.000000,1,1
BCSR GPU,O2,2374661027.792613,2374.661028,2.374661,968512,0.005652,0.968908,0.974559,3840,10,2,2,128,-1,23560,23560,484256,968512,21,20,1.000000,1,1
BCSR GPU,O2,2039515071.901141,2039.515072,2.039515,968512,0.007163,0.976575,0.983738,3840,10,4,4,128,-1,23560,23560,484256,968512,21,20,1.000000,1,1
BCSR GPU,O2,586576616.009973,586.576616,0.586577,968512,0.009819,0.993882,1.003701,3840,10,16,16,128,-1,23560,23560,484256,968512,21,20,1.000000,1,1
