Name,-O,FLOPS,MFLOPS,GFLOPS,FOP Count,Avg Run Time (s),Format Time (s),Total Time (s),Verification,Iters,Block Row,Block Col,K-Bound,Threads,Rows,Cols,NNZ,NNZ*2,Max Cols,Avg Cols,Col Ratio,Variance,Std Deviation
CSR OMP Transpose,O2,633713.595076,0.633714,0.000634,968512,1.528520,0.929099,2.457619,0,10,1,1,16,8,23560,23560,484256,968512,21,20,1.000000,1,1
CSR OMP Transpose,O2,607753.971540,0.607754,0.000608,968512,1.593622,0.927190,2.520812,0,10,1,1,64,8,23560,23560,484256,968512,21,20,1.000000,1,1
CSR OMP Transpose,O2,671690.207390,0.671690,0.000672,968512,1.442104,0.923029,2.365133,0,10,1,1,128,8,23560,23560,484256,968512,21,20,1.000000,1,1
CSR OMP Transpose,O2,619154.708524,0.619155,0.000619,968512,1.564272,0.935780,2.500052,0,10,1,1,16,16,23560,23560,484256,968512,21,20,1.000000,1,1
CSR OMP Transpose,O2,623690.462094,0.623690,0.000624,968512,1.553138,0.927000,2.480138,0,10,1,1,64,16,23560,23560,484256,968512,21,20,1.000000,1,1
CSR OMP Transpose,O2,670467.774307,0.670468,0.000670,968512,1.444744,0.913254,2.357998,0,10,1,1,128,16,23560,23560,484256,968512,21,20,1.000000,1,1
CSR OMP Transpose,O2,636902.903938,0.636903,0.000637,968512,1.520932,0.922132,2.443064,0,10,1,1,16,32,23560,23560,484256,968512,21,20,1.000000,1,1
CSR OMP Transpose,O2,616788.736970,0.616789,0.000617,968512,1.570620,0.913313,2.483933,0,10,1,1,64,32,23560,23560,484256,968512,21,20,1.000000,1,1
CSR OMP Transpose,O2,628457.747697,0.628458,0.000628,968512,1.541458,0.914149,2.455606,0,10,1,1,128,32,23560,23560,484256,968512,21,20,1.000000,1,1
