Name,-O,FLOPS,MFLOPS,GFLOPS,FOP Count,Avg Run Time (s),Format Time (s),Total Time (s),Verification,Iters,Block Row,Block Col,K-Bound,Threads,Rows,Cols,NNZ,NNZ*2,Max Cols,Avg Cols,Col Ratio,Variance,Std Deviation
ELL GPU,O2,6461067483.992291,6461.067484,6.461067,989520,0.006335,0.983967,0.990302,0,10,1,1,16,-1,23560,23560,484256,968512,21,20,1.000000,1,1
ELL GPU,O2,1229983898.540325,1229.983899,1.229984,989520,0.017743,0.961171,0.978914,0,10,1,1,64,-1,23560,23560,484256,968512,21,20,1.000000,1,1
ELL GPU,O2,1005286743.827706,1005.286744,1.005287,989520,0.008702,0.987032,0.995733,0,10,1,1,128,-1,23560,23560,484256,968512,21,20,1.000000,1,1
