Name,-O,FLOPS,MFLOPS,GFLOPS,FOP Count,Avg Run Time (s),Format Time (s),Total Time (s),Verification,Iters,Block Row,Block Col,K-Bound,Threads,Rows,Cols,NNZ,NNZ*2,Max Cols,Avg Cols,Col Ratio,Variance,Std Deviation
CSR OMP,O2,3124828281.153949,3124.828281,3.124828,15496192,0.014560,2.785284,2.799845,0,10,1,1,16,8,23560,23560,484256,968512,21,20,1.000000,1,1
CSR OMP,O2,4201846485.924675,4201.846486,4.201846,61984768,0.020759,2.831833,2.852593,0,10,1,1,64,8,23560,23560,484256,968512,21,20,1.000000,1,1
CSR OMP,O2,8361335928.124370,8361.335928,8.361336,123969536,0.023482,2.820766,2.844248,0,10,1,1,128,8,23560,23560,484256,968512,21,20,1.000000,1,1
CSR OMP,O2,4038384325.329979,4038.384325,4.038384,15496192,0.013205,2.827931,2.841136,0,10,1,1,16,16,23560,23560,484256,968512,21,20,1.000000,1,1
CSR OMP,O2,11268267096.361301,11268.267096,11.268267,61984768,0.016012,2.818370,2.834382,0,10,1,1,64,16,23560,23560,484256,968512,21,20,1.000000,1,1
CSR OMP,O2,9599335774.207550,9599.335774,9.599336,123969536,0.020556,2.848757,2.869313,0,10,1,1,128,16,23560,23560,484256,968512,21,20,1.000000,1,1
CSR OMP,O2,3905343930.553118,3905.343931,3.905344,15496192,0.012225,2.828363,2.840588,0,10,1,1,16,32,23560,23560,484256,968512,21,20,1.000000,1,1
CSR OMP,O2,10287143043.608507,10287.143044,10.287143,61984768,0.013128,2.864978,2.878106,0,10,1,1,64,32,23560,23560,484256,968512,21,20,1.000000,1,1
CSR OMP,O2,12238804427.013744,12238.804427,12.238804,123969536,0.014296,2.863989,2.878285,0,10,1,1,128,32,23560,23560,484256,968512,21,20,1.000000,1,1
