Name,-O,FLOPS,MFLOPS,GFLOPS,FOP Count,Avg Run Time (s),Format Time (s),Total Time (s),Verification,Iters,Block Row,Block Col,K-Bound,Threads,Rows,Cols,NNZ,NNZ*2,Max Cols,Avg Cols,Col Ratio,Variance,Std Deviation
COO GPU,O2,235349.436972,0.235349,0.000235,968512,4.150048,6.057370,10.207418,376613,10,1,1,16,-1,23560,23560,484256,968512,21,20,1.000000,1,1
COO GPU,O2,231476.079464,0.231476,0.000231,968512,4.218175,6.039207,10.257382,1506277,10,1,1,64,-1,23560,23560,484256,968512,21,20,1.000000,1,1
COO GPU,O2,233766.818675,0.233767,0.000234,968512,4.166793,5.993039,10.159832,3012936,10,1,1,128,-1,23560,23560,484256,968512,21,20,1.000000,1,1
