Name,-O,FLOPS,MFLOPS,GFLOPS,FOP Count,Avg Run Time (s),Format Time (s),Total Time (s),Verification,Iters,Block Row,Block Col,K-Bound,Threads,Rows,Cols,NNZ,NNZ*2,Max Cols,Avg Cols,Col Ratio,Variance,Std Deviation
CSR OMP,O2,inf,inf,inf,7748096,0.000000,2.758086,2.758086,188480,10,1,1,8,32,23560,23560,484256,968512,21,20,1.000000,1,1
CSR OMP,O2,8066084283.882718,8066.084284,8.066084,15496192,0.004866,2.758794,2.763660,0,10,1,1,16,32,23560,23560,484256,968512,21,20,1.000000,1,1
CSR OMP,O2,8721139687.502298,8721.139688,8.721140,61984768,0.012266,2.782761,2.795027,0,10,1,1,64,32,23560,23560,484256,968512,21,20,1.000000,1,1
CSR OMP,O2,19716731526.021160,19716.731526,19.716732,123969536,0.017168,2.814062,2.831230,0,10,1,1,128,32,23560,23560,484256,968512,21,20,1.000000,1,1
CSR OMP,O2,inf,inf,inf,247939072,0.000000,2.822919,2.822919,6031360,10,1,1,256,32,23560,23560,484256,968512,21,20,1.000000,1,1
CSR OMP,O2,inf,inf,inf,495878144,0.000000,2.769519,2.769519,12062720,10,1,1,512,32,23560,23560,484256,968512,21,20,1.000000,1,1
CSR OMP,O2,inf,inf,inf,995630336,0.000000,2.758839,2.758839,24219680,10,1,1,1028,32,23560,23560,484256,968512,21,20,1.000000,1,1
