Name,-O,FLOPS,MFLOPS,GFLOPS,FOP Count,Avg Run Time (s),Format Time (s),Total Time (s),Verification,Iters,Block Row,Block Col,K-Bound,Threads,Rows,Cols,NNZ,NNZ*2,Max Cols,Avg Cols,Col Ratio,Variance,Std Deviation
CSR Serial,O2,121497182.150732,121.497182,0.121497,968512,0.007972,2.722793,2.730765,0,10,1,1,16,-1,23560,23560,484256,968512,21,20,1.000000,1,1
CSR Serial,O2,56062120.300886,56.062120,0.056062,968512,0.017276,2.720392,2.737668,0,10,1,1,64,-1,23560,23560,484256,968512,21,20,1.000000,1,1
CSR Serial,O2,42170702.773713,42.170703,0.042171,968512,0.022973,2.718743,2.741716,0,10,1,1,128,-1,23560,23560,484256,968512,21,20,1.000000,1,1
