Name,-O,FLOPS,MFLOPS,GFLOPS,FOP Count,Avg Run Time (s),Format Time (s),Total Time (s),Verification,Iters,Block Row,Block Col,K-Bound,Threads,Rows,Cols,NNZ,NNZ*2,Max Cols,Avg Cols,Col Ratio,Variance,Std Deviation
ELL OMP,O2,96737575427.671936,96737.575428,96.737575,7748096,0.003313,0.938496,0.941809,0,10,1,1,8,32,23560,23560,484256,968512,21,20,1.000000,1,1
ELL OMP,O2,141227305372.551819,141227.305373,141.227305,15496192,0.003704,0.936485,0.940189,0,10,1,1,16,32,23560,23560,484256,968512,21,20,1.000000,1,1
ELL OMP,O2,146556710043.630188,146556.710044,146.556710,61984768,0.003163,0.939215,0.942378,0,10,1,1,64,32,23560,23560,484256,968512,21,20,1.000000,1,1
ELL OMP,O2,130731989596.359589,130731.989596,130.731990,123969536,0.004163,0.879356,0.883519,0,10,1,1,128,32,23560,23560,484256,968512,21,20,1.000000,1,1
ELL OMP,O2,149640833727.670258,149640.833728,149.640834,247939072,0.006048,0.892081,0.898129,0,10,1,1,256,32,23560,23560,484256,968512,21,20,1.000000,1,1
ELL OMP,O2,110189637281.178024,110189.637281,110.189637,495878144,0.009925,0.935958,0.945883,0,10,1,1,512,32,23560,23560,484256,968512,21,20,1.000000,1,1
ELL OMP,O2,113018452234.561234,113018.452235,113.018452,995630336,0.013432,0.948314,0.961746,0,10,1,1,1028,32,23560,23560,484256,968512,21,20,1.000000,1,1
