Name,-O,FLOPS,MFLOPS,GFLOPS,FOP Count,Avg Run Time (s),Format Time (s),Total Time (s),Verification,Iters,Block Row,Block Col,K-Bound,Threads,Rows,Cols,NNZ,NNZ*2,Max Cols,Avg Cols,Col Ratio,Variance,Std Deviation
COO OMP,O2,2303935804.718990,2303.935805,2.303936,968512,0.002343,0.936322,0.938665,0,10,1,1,16,8,23560,23560,484256,968512,21,20,1.000000,1,1
COO OMP,O2,492500513.875128,492.500514,0.492501,968512,0.004571,0.901991,0.906561,0,10,1,1,64,8,23560,23560,484256,968512,21,20,1.000000,1,1
COO OMP,O2,247453661.565129,247.453662,0.247454,968512,0.007658,0.878525,0.886183,0,10,1,1,128,8,23560,23560,484256,968512,21,20,1.000000,1,1
COO OMP,O2,4359418375.509617,4359.418376,4.359418,968512,0.001903,0.866315,0.868218,0,10,1,1,16,16,23560,23560,484256,968512,21,20,1.000000,1,1
COO OMP,O2,975327824.431129,975.327824,0.975328,968512,0.003611,0.911772,0.915383,0,10,1,1,64,16,23560,23560,484256,968512,21,20,1.000000,1,1
COO OMP,O2,514318494.804672,514.318495,0.514318,968512,0.004769,0.894765,0.899534,0,10,1,1,128,16,23560,23560,484256,968512,21,20,1.000000,1,1
COO OMP,O2,7452763497.180182,7452.763497,7.452763,968512,0.002946,0.884574,0.887521,0,10,1,1,16,32,23560,23560,484256,968512,21,20,1.000000,1,1
COO OMP,O2,1752863857.124648,1752.863857,1.752864,968512,0.003130,0.880071,0.883201,0,10,1,1,64,32,23560,23560,484256,968512,21,20,1.000000,1,1
COO OMP,O2,916699978.449150,916.699978,0.916700,968512,0.004590,0.886543,0.891133,0,10,1,1,128,32,23560,23560,484256,968512,21,20,1.000000,1,1
