Name,-O,FLOPS,MFLOPS,GFLOPS,FOP Count,Avg Run Time (s),Format Time (s),Total Time (s),Verification,Iters,Block Row,Block Col,K-Bound,Threads,Rows,Cols,NNZ,NNZ*2,Max Cols,Avg Cols,Col Ratio,Variance,Std Deviation
BCSR OMP Transpose,O2,2277019754.239110,2277.019754,2.277020,123969536,0.055580,0.944990,1.000569,3840,10,2,2,128,8,23560,23560,484256,968512,21,20,1.000000,1,1
BCSR OMP Transpose,O2,5065369948.548281,5065.369949,5.065370,123969536,0.028511,0.911556,0.940067,3840,10,4,4,128,8,23560,23560,484256,968512,21,20,1.000000,1,1
BCSR OMP Transpose,O2,908004424.424310,908.004424,0.908004,123969536,0.137031,0.992736,1.129766,3840,10,16,16,128,8,23560,23560,484256,968512,21,20,1.000000,1,1
BCSR OMP Transpose,O2,20561036671.027916,20561.036671,20.561037,123969536,0.010026,0.927241,0.937267,3840,10,2,2,128,16,23560,23560,484256,968512,21,20,1.000000,1,1
BCSR OMP Transpose,O2,15575277563.421284,15575.277563,15.575278,123969536,0.011429,0.934019,0.945448,3840,10,4,4,128,16,23560,23560,484256,968512,21,20,1.000000,1,1
BCSR OMP Transpose,O2,5432349656.738528,5432.349657,5.432350,123969536,0.027724,0.982314,1.010038,3840,10,16,16,128,16,23560,23560,484256,968512,21,20,1.000000,1,1
BCSR OMP Transpose,O2,39953219020.326591,39953.219020,39.953219,123969536,0.003103,0.902469,0.905572,3840,10,2,2,128,32,23560,23560,484256,968512,21,20,1.000000,1,1
BCSR OMP Transpose,O2,31105832060.198681,31105.832060,31.105832,123969536,0.003987,0.894152,0.898139,3840,10,4,4,128,32,23560,23560,484256,968512,21,20,1.000000,1,1
BCSR OMP Transpose,O2,9896848184.894817,9896.848185,9.896848,123969536,0.012533,0.956322,0.968855,3840,10,16,16,128,32,23560,23560,484256,968512,21,20,1.000000,1,1
