Name,-O,FLOPS,MFLOPS,GFLOPS,FOP Count,Avg Run Time (s),Format Time (s),Total Time (s),Verification,Iters,Block Row,Block Col,K-Bound,Threads,Rows,Cols,NNZ,NNZ*2,Max Cols,Avg Cols,Col Ratio,Variance,Std Deviation
COO OMP,O2,98098906789.750946,98098.906790,98.098907,7748096,0.003320,0.899928,0.903248,0,10,1,1,8,32,23560,23560,484256,968512,21,20,1.000000,1,1
COO OMP,O2,112275080504.170242,112275.080504,112.275081,15496192,0.002732,0.822942,0.825674,0,10,1,1,16,32,23560,23560,484256,968512,21,20,1.000000,1,1
COO OMP,O2,141040433361.891479,141040.433362,141.040433,61984768,0.002411,0.821572,0.823983,0,10,1,1,64,32,23560,23560,484256,968512,21,20,1.000000,1,1
COO OMP,O2,122481188061.899506,122481.188062,122.481188,123969536,0.004506,0.859835,0.864341,0,10,1,1,128,32,23560,23560,484256,968512,21,20,1.000000,1,1
COO OMP,O2,135581568066.616302,135581.568067,135.581568,247939072,0.007142,0.894290,0.901433,0,10,1,1,256,32,23560,23560,484256,968512,21,20,1.000000,1,1
COO OMP,O2,110506437563.567429,110506.437564,110.506438,495878144,0.009010,0.848045,0.857055,0,10,1,1,512,32,23560,23560,484256,968512,21,20,1.000000,1,1
COO OMP,O2,112226804716.255127,112226.804716,112.226805,995630336,0.013426,0.876647,0.890073,0,10,1,1,1028,32,23560,23560,484256,968512,21,20,1.000000,1,1
