Name,-O,FLOPS,MFLOPS,GFLOPS,FOP Count,Avg Run Time (s),Format Time (s),Total Time (s),Verification,Iters,Block Row,Block Col,K-Bound,Threads,Rows,Cols,NNZ,NNZ*2,Max Cols,Avg Cols,Col Ratio,Variance,Std Deviation
BCSR OMP,O2,inf,inf,inf,7748096,0.000000,0.826095,0.826095,188480,10,4,4,8,32,23560,23560,484256,968512,21,20,1.000000,1,1
BCSR OMP,O2,939290195.136810,939.290195,0.939290,15496192,0.022531,0.943820,0.966351,480,10,4,4,16,32,23560,23560,484256,968512,21,20,1.000000,1,1
BCSR OMP,O2,3177125313.603587,3177.125314,3.177125,61984768,0.025540,0.918504,0.944044,1920,10,4,4,64,32,23560,23560,484256,968512,21,20,1.000000,1,1
BCSR OMP,O2,5049417028.600798,5049.417029,5.049417,123969536,0.032671,0.927418,0.960089,3840,10,4,4,128,32,23560,23560,484256,968512,21,20,1.000000,1,1
BCSR OMP,O2,inf,inf,inf,247939072,0.000000,0.928718,0.928718,6031360,10,4,4,256,32,23560,23560,484256,968512,21,20,1.000000,1,1
BCSR OMP,O2,inf,inf,inf,495878144,0.000000,0.938886,0.938886,12062720,10,4,4,512,32,23560,23560,484256,968512,21,20,1.000000,1,1
BCSR OMP,O2,inf,inf,inf,995630336,0.000000,0.879655,0.879655,24219680,10,4,4,1028,32,23560,23560,484256,968512,21,20,1.000000,1,1
