Name,-O,FLOPS,MFLOPS,GFLOPS,FOP Count,Avg Run Time (s),Format Time (s),Total Time (s),Verification,Iters,Block Row,Block Col,K-Bound,Threads,Rows,Cols,NNZ,NNZ*2,Max Cols,Avg Cols,Col Ratio,Variance,Std Deviation
COO THREADS,O2,632606980.593630,632.606981,0.632607,968512,0.002368,2.922032,2.924400,0,5,1,1,16,32,23560,23560,484256,968512,21,20,1.000000,1,1
COO THREADS,O2,328778620.903253,328.778621,0.328779,968512,0.003209,2.935104,2.938313,0,5,1,1,64,16,23560,23560,484256,968512,21,20,1.000000,1,1
COO THREADS,O2,270014035.292057,270.014035,0.270014,968512,0.003854,2.941788,2.945642,0,5,1,1,128,16,23560,23560,484256,968512,21,20,1.000000,1,1
