Name,-O,FLOPS,MFLOPS,GFLOPS,FOP Count,Avg Run Time (s),Format Time (s),Total Time (s),Verification,Iters,Block Row,Block Col,K-Bound,Threads,Rows,Cols,NNZ,NNZ*2,Max Cols,Avg Cols,Col Ratio,Variance,Std Deviation
ELL GPU,O2,3066697655.195247,3066.697655,3.066698,15496192,0.017104,2.900114,2.917218,0,10,1,1,16,-1,23560,23560,484256,968512,21,20,1.000000,1,1
ELL GPU,O2,7015956846.536815,7015.956847,7.015957,61984768,0.013968,2.923189,2.937157,0,10,1,1,64,-1,23560,23560,484256,968512,21,20,1.000000,1,1
ELL GPU,O2,15881343169.499134,15881.343169,15.881343,123969536,0.016781,2.972175,2.988956,0,10,1,1,128,-1,23560,23560,484256,968512,21,20,1.000000,1,1
