Name,-O,FLOPS,MFLOPS,GFLOPS,FOP Count,Avg Run Time (s),Format Time (s),Total Time (s),Verification,Iters,Block Row,Block Col,K-Bound,Threads,Rows,Cols,NNZ,NNZ*2,Max Cols,Avg Cols,Col Ratio,Variance,Std Deviation
CSR THREADS,O2,646611774.274336,646.611774,0.646612,968512,0.001586,2.922349,2.923935,0,5,1,1,16,16,23560,23560,484256,968512,21,20,1.000000,1,1
CSR THREADS,O2,274860740.102670,274.860740,0.274861,968512,0.003905,2.963221,2.967126,0,5,1,1,64,16,23560,23560,484256,968512,21,20,1.000000,1,1
CSR THREADS,O2,290050595.725897,290.050596,0.290051,968512,0.004625,2.936060,2.940685,0,5,1,1,128,32,23560,23560,484256,968512,21,20,1.000000,1,1
