Name,-O,FLOPS,MFLOPS,GFLOPS,FOP Count,Avg Run Time (s),Format Time (s),Total Time (s),Verification,Iters,Block Row,Block Col,K-Bound,Threads,Rows,Cols,NNZ,NNZ*2,Max Cols,Avg Cols,Col Ratio,Variance,Std Deviation
CSR THREADS,O2,9076202966.450083,9076.202966,9.076203,968512,0.001557,0.905892,0.907449,0,5,1,1,16,72,23560,23560,484256,968512,21,20,1.000000,1,1
CSR THREADS,O2,2488865669.795854,2488.865670,2.488866,968512,0.002623,0.910071,0.912694,0,5,1,1,64,72,23560,23560,484256,968512,21,20,1.000000,1,1
CSR THREADS,O2,1553742521.697692,1553.742522,1.553743,968512,0.002938,0.915382,0.918320,0,5,1,1,128,72,23560,23560,484256,968512,21,20,1.000000,1,1
