Name,-O,FLOPS,MFLOPS,GFLOPS,FOP Count,Avg Run Time (s),Format Time (s),Total Time (s),Verification,Iters,Block Row,Block Col,K-Bound,Threads,Rows,Cols,NNZ,NNZ*2,Max Cols,Avg Cols,Col Ratio,Variance,Std Deviation
BCSR GPU,O2,772070.941883,0.772071,0.000772,968512,1.256518,2.875802,4.132320,480,10,2,2,16,-1,23560,23560,484256,968512,21,20,1.000000,1,1
BCSR GPU,O2,572554.780282,0.572555,0.000573,968512,2.057712,2.768136,4.825848,480,10,4,4,16,-1,23560,23560,484256,968512,21,20,1.000000,1,1
BCSR GPU,O2,BCSR GPU,O2,844356.220155,0.844356,0.000844,968512,1.149214,2.870627,4.019841,1920,10,2,2,64,-1,23560,23560,484256,968512,21,20,1.000000,1,1
BCSR GPU,O2,719841.462688,0.719841,0.000720,968512,1.370890,2.870873,4.241763,1920,10,4,4,64,-1,23560,23560,484256,968512,21,20,1.000000,1,1
BCSR GPU,O2,BCSR GPU,O2,559513.407843,0.559513,0.000560,968512,1.735044,2.875358,4.610402,3840,10,2,2,128,-1,23560,23560,484256,968512,21,20,1.000000,1,1
BCSR GPU,O2,929222.145940,0.929222,0.000929,968512,1.044366,2.804460,3.848826,3840,10,4,4,128,-1,23560,23560,484256,968512,21,20,1.000000,1,1
BCSR GPU,O2,