Name,-O,FLOPS,MFLOPS,GFLOPS,FOP Count,Avg Run Time (s),Format Time (s),Total Time (s),Verification,Iters,Block Row,Block Col,K-Bound,Threads,Rows,Cols,NNZ,NNZ*2,Max Cols,Avg Cols,Col Ratio,Variance,Std Deviation
CSR OMP Transpose,O2,8293247968.315897,8293.247968,8.293248,123969536,0.018605,2.769862,2.788467,0,10,1,1,128,8,23560,23560,484256,968512,21,20,1.000000,1,1
CSR OMP Transpose,O2,15038771854.895987,15038.771855,15.038772,123969536,0.010269,2.756196,2.766465,0,10,1,1,128,16,23560,23560,484256,968512,21,20,1.000000,1,1
CSR OMP Transpose,O2,20925342599.065514,20925.342599,20.925343,123969536,0.006499,2.789002,2.795501,0,10,1,1,128,32,23560,23560,484256,968512,21,20,1.000000,1,1
