Name,-O,FLOPS,MFLOPS,GFLOPS,FOP Count,Avg Run Time (s),Format Time (s),Total Time (s),Verification,Iters,Block Row,Block Col,K-Bound,Threads,Rows,Cols,NNZ,NNZ*2,Max Cols,Avg Cols,Col Ratio,Variance,Std Deviation
COO OMP,O2,29974828970.352276,29974.828970,29.974829,15496192,0.002825,0.911092,0.913917,0,10,1,1,16,8,23560,23560,484256,968512,21,20,1.000000,1,1
COO OMP,O2,39171084648.959251,39171.084649,39.171085,61984768,0.004767,0.905689,0.910456,0,10,1,1,64,8,23560,23560,484256,968512,21,20,1.000000,1,1
COO OMP,O2,31649392698.862282,31649.392699,31.649393,123969536,0.007034,0.843160,0.850194,0,10,1,1,128,8,23560,23560,484256,968512,21,20,1.000000,1,1
COO OMP,O2,59594656294.716599,59594.656295,59.594656,15496192,0.002059,0.820507,0.822566,0,10,1,1,16,16,23560,23560,484256,968512,21,20,1.000000,1,1
COO OMP,O2,75388610742.398911,75388.610742,75.388611,61984768,0.004013,0.888934,0.892947,0,10,1,1,64,16,23560,23560,484256,968512,21,20,1.000000,1,1
COO OMP,O2,65021141337.529953,65021.141338,65.021141,123969536,0.005611,0.822037,0.827648,0,10,1,1,128,16,23560,23560,484256,968512,21,20,1.000000,1,1
COO OMP,O2,124724008187.817108,124724.008188,124.724008,15496192,0.003505,0.835357,0.838862,0,10,1,1,16,32,23560,23560,484256,968512,21,20,1.000000,1,1
COO OMP,O2,136110620229.566849,136110.620230,136.110620,61984768,0.003653,0.885954,0.889607,0,10,1,1,64,32,23560,23560,484256,968512,21,20,1.000000,1,1
COO OMP,O2,120594407244.363068,120594.407244,120.594407,123969536,0.005183,0.896747,0.901930,0,10,1,1,128,32,23560,23560,484256,968512,21,20,1.000000,1,1
