Name,-O,FLOPS,MFLOPS,GFLOPS,FOP Count,Avg Run Time (s),Format Time (s),Total Time (s),Verification,Iters,Block Row,Block Col,K-Bound,Threads,Rows,Cols,NNZ,NNZ*2,Max Cols,Avg Cols,Col Ratio,Variance,Std Deviation
ELL Serial,O2,120692795.407032,120.692795,0.120693,968512,0.008025,2.807012,2.815037,0,10,1,1,16,-1,23560,23560,484256,968512,21,20,1.000000,1,1
ELL Serial,O2,57327743.332808,57.327743,0.057328,968512,0.016899,2.809148,2.826047,0,10,1,1,64,-1,23560,23560,484256,968512,21,20,1.000000,1,1
ELL Serial,O2,40344676.300245,40.344676,0.040345,968512,0.024013,2.812990,2.837003,0,10,1,1,128,-1,23560,23560,484256,968512,21,20,1.000000,1,1
