Name,-O,FLOPS,MFLOPS,GFLOPS,FOP Count,Avg Run Time (s),Format Time (s),Total Time (s),Verification,Iters,Block Row,Block Col,K-Bound,Threads,Rows,Cols,NNZ,NNZ*2,Max Cols,Avg Cols,Col Ratio,Variance,Std Deviation
ELL OMP Transpose,O2,622473.908119,0.622474,0.000622,968512,1.556049,0.997054,2.553103,0,10,1,1,16,8,23560,23560,484256,968512,21,20,1.000000,1,1
ELL OMP Transpose,O2,615300.623988,0.615301,0.000615,968512,1.574235,0.981464,2.555699,0,10,1,1,64,8,23560,23560,484256,968512,21,20,1.000000,1,1
ELL OMP Transpose,O2,618632.166369,0.618632,0.000619,968512,1.565810,0.990524,2.556334,0,10,1,1,128,8,23560,23560,484256,968512,21,20,1.000000,1,1
ELL OMP Transpose,O2,625809.904773,0.625810,0.000626,968512,1.547906,0.988688,2.536594,0,10,1,1,16,16,23560,23560,484256,968512,21,20,1.000000,1,1
ELL OMP Transpose,O2,601653.108836,0.601653,0.000602,968512,1.609797,0.973538,2.583335,0,10,1,1,64,16,23560,23560,484256,968512,21,20,1.000000,1,1
ELL OMP Transpose,O2,614171.084346,0.614171,0.000614,968512,1.577227,0.982523,2.559750,0,10,1,1,128,16,23560,23560,484256,968512,21,20,1.000000,1,1
ELL OMP Transpose,O2,666496.956938,0.666497,0.000666,968512,1.453231,0.978830,2.432061,0,10,1,1,16,32,23560,23560,484256,968512,21,20,1.000000,1,1
ELL OMP Transpose,O2,618281.402100,0.618281,0.000618,968512,1.566788,0.978363,2.545151,0,10,1,1,64,32,23560,23560,484256,968512,21,20,1.000000,1,1
ELL OMP Transpose,O2,625277.344368,0.625277,0.000625,968512,1.549259,0.981193,2.530452,0,10,1,1,128,32,23560,23560,484256,968512,21,20,1.000000,1,1
