Name,-O,FLOPS,MFLOPS,GFLOPS,FOP Count,Avg Run Time (s),Format Time (s),Total Time (s),Verification,Iters,Block Row,Block Col,K-Bound,Threads,Rows,Cols,NNZ,NNZ*2,Max Cols,Avg Cols,Col Ratio,Variance,Std Deviation
CSR Serial,O2,120246965.156862,120.246965,0.120247,968512,0.008055,2.786412,2.794467,0,10,1,1,16,-1,23560,23560,484256,968512,21,20,1.000000,1,1
CSR Serial,O2,53126981.641293,53.126982,0.053127,968512,0.018241,2.786340,2.804581,0,10,1,1,64,-1,23560,23560,484256,968512,21,20,1.000000,1,1
CSR Serial,O2,42760313.634021,42.760314,0.042760,968512,0.022721,2.786953,2.809674,0,10,1,1,128,-1,23560,23560,484256,968512,21,20,1.000000,1,1
