Name,-O,FLOPS,MFLOPS,GFLOPS,FOP Count,Avg Run Time (s),Format Time (s),Total Time (s),Verification,Iters,Block Row,Block Col,K-Bound,Threads,Rows,Cols,NNZ,NNZ*2,Max Cols,Avg Cols,Col Ratio,Variance,Std Deviation
COO OMP Transpose,O2,11516555465.040529,11516.555465,11.516555,123969536,0.015737,2.804835,2.820572,0,10,1,1,128,8,23560,23560,484256,968512,21,20,1.000000,1,1
COO OMP Transpose,O2,15453877553.442371,15453.877553,15.453878,123969536,0.009939,2.784208,2.794147,0,10,1,1,128,16,23560,23560,484256,968512,21,20,1.000000,1,1
COO OMP Transpose,O2,21058018096.049122,21058.018096,21.058018,123969536,0.006464,2.776115,2.782579,0,10,1,1,128,32,23560,23560,484256,968512,21,20,1.000000,1,1
