Name,-O,FLOPS,MFLOPS,GFLOPS,FOP Count,Avg Run Time (s),Format Time (s),Total Time (s),Verification,Iters,Block Row,Block Col,K-Bound,Threads,Rows,Cols,NNZ,NNZ*2,Max Cols,Avg Cols,Col Ratio,Variance,Std Deviation
COO OMP,O2,355266143.028693,355.266143,0.355266,968512,0.003711,2.744446,2.748157,0,10,1,1,16,8,23560,23560,484256,968512,21,20,1.000000,1,1
COO OMP,O2,214332283.832717,214.332284,0.214332,968512,0.005626,2.773545,2.779171,0,10,1,1,64,8,23560,23560,484256,968512,21,20,1.000000,1,1
COO OMP,O2,132705242.623401,132.705243,0.132705,968512,0.014510,2.792257,2.806766,0,10,1,1,128,8,23560,23560,484256,968512,21,20,1.000000,1,1
COO OMP,O2,613616084.119921,613.616084,0.613616,968512,0.003892,2.756484,2.760376,0,10,1,1,16,16,23560,23560,484256,968512,21,20,1.000000,1,1
COO OMP,O2,301744674.770712,301.744675,0.301745,968512,0.006532,2.790037,2.796569,0,10,1,1,64,16,23560,23560,484256,968512,21,20,1.000000,1,1
COO OMP,O2,224339194.170942,224.339194,0.224339,968512,0.007645,2.775341,2.782986,0,10,1,1,128,16,23560,23560,484256,968512,21,20,1.000000,1,1
COO OMP,O2,408116261.902640,408.116262,0.408116,968512,0.009569,2.806667,2.816236,0,10,1,1,16,32,23560,23560,484256,968512,21,20,1.000000,1,1
COO OMP,O2,122077680.199197,122.077680,0.122078,968512,0.012782,2.794094,2.806875,0,10,1,1,64,32,23560,23560,484256,968512,21,20,1.000000,1,1
COO OMP,O2,114940471.069539,114.940471,0.114940,968512,0.009869,2.803111,2.812980,0,10,1,1,128,32,23560,23560,484256,968512,21,20,1.000000,1,1
