Name,-O,FLOPS,MFLOPS,GFLOPS,FOP Count,Avg Run Time (s),Format Time (s),Total Time (s),Verification,Iters,Block Row,Block Col,K-Bound,Threads,Rows,Cols,NNZ,NNZ*2,Max Cols,Avg Cols,Col Ratio,Variance,Std Deviation
COO Serial,O2,122692997.135507,122.692997,0.122693,968512,0.007895,2.761786,2.769681,0,10,1,1,16,-1,23560,23560,484256,968512,21,20,1.000000,1,1
COO Serial,O2,57013323.037991,57.013323,0.057013,968512,0.016991,2.749424,2.766415,0,10,1,1,64,-1,23560,23560,484256,968512,21,20,1.000000,1,1
COO Serial,O2,40852818.016039,40.852818,0.040853,968512,0.023720,2.737612,2.761332,0,10,1,1,128,-1,23560,23560,484256,968512,21,20,1.000000,1,1
