Name,-O,FLOPS,MFLOPS,GFLOPS,FOP Count,Avg Run Time (s),Format Time (s),Total Time (s),Verification,Iters,Block Row,Block Col,K-Bound,Threads,Rows,Cols,NNZ,NNZ*2,Max Cols,Avg Cols,Col Ratio,Variance,Std Deviation
COO Serial Transpose,O2,743037.975443,0.743038,0.000743,968512,1.303501,2.733807,4.037308,0,10,1,1,16,-1,23560,23560,484256,968512,21,20,1.000000,1,1
COO Serial Transpose,O2,719365.215608,0.719365,0.000719,968512,1.346344,2.739373,4.085717,0,10,1,1,64,-1,23560,23560,484256,968512,21,20,1.000000,1,1
COO Serial Transpose,O2,721248.988646,0.721249,0.000721,968512,1.342828,2.729136,4.071964,0,10,1,1,128,-1,23560,23560,484256,968512,21,20,1.000000,1,1
