Name,-O,FLOPS,MFLOPS,GFLOPS,FOP Count,Avg Run Time (s),Format Time (s),Total Time (s),Verification,Iters,Block Row,Block Col,K-Bound,Threads,Rows,Cols,NNZ,NNZ*2,Max Cols,Avg Cols,Col Ratio,Variance,Std Deviation
CSR THREADS,O2,986406634.986519,986.406635,0.986407,439624,0.001910,0.668850,0.670760,0,5,1,1,16,64,10974,10974,219812,439624,108,20,5.000000,79,8
CSR THREADS,O2,227261408.468070,227.261408,0.227261,439624,0.003186,0.684289,0.687475,0,5,1,1,64,72,10974,10974,219812,439624,108,20,5.000000,79,8
CSR THREADS,O2,151842047.209588,151.842047,0.151842,439624,0.004487,0.691921,0.696408,0,5,1,1,128,48,10974,10974,219812,439624,108,20,5.000000,79,8
