Name,Avg Run Time (s),Format Time (s),Total Time (s),GFLOPS,Verification,Iters,Block Row,Block Col,K-Bound,Threads,FOP Count,Rows,Cols,NNZ,Max Cols,Avg Cols,Variance,Std Deviation
coo_omp_O3,0.002877,1.519918,1.522795,13.245283,0,10,1,1,16,8,7033984,10974,10974,219812,108,20,79,8
coo_omp_collapse_O3,0.003352,1.411228,1.414580,14.539910,0,10,1,1,16,8,7033984,10974,10974,219812,108,20,79,8
coo_omp_O3,0.005785,1.401253,1.407038,5.362508,0,10,1,1,16,16,7033984,10974,10974,219812,108,20,79,8
coo_omp_collapse_O3,0.002290,1.513540,1.515830,13.932502,0,10,1,1,16,16,7033984,10974,10974,219812,108,20,79,8
coo_omp_O3,0.006108,1.396503,1.402611,5.186784,0,10,1,1,16,32,7033984,10974,10974,219812,108,20,79,8
coo_omp_collapse_O3,0.002593,1.464822,1.467415,14.120414,0,10,1,1,16,32,7033984,10974,10974,219812,108,20,79,8
