Name,-O,FLOPS,MFLOPS,GFLOPS,FOP Count,Avg Run Time (s),Format Time (s),Total Time (s),Verification,Iters,Block Row,Block Col,K-Bound,Threads,Rows,Cols,NNZ,NNZ*2,Max Cols,Avg Cols,Col Ratio,Variance,Std Deviation
ELL OMP,O2,266983457.590302,266.983458,0.266983,439624,0.002627,0.711956,0.714583,0,10,1,1,16,8,10974,10974,219812,439624,108,20,5.000000,79,8
ELL OMP,O2,111355205.733591,111.355206,0.111355,439624,0.005149,0.699286,0.704435,0,10,1,1,64,8,10974,10974,219812,439624,108,20,5.000000,79,8
ELL OMP,O2,67181016.424571,67.181016,0.067181,439624,0.007003,0.703767,0.710770,0,10,1,1,128,8,10974,10974,219812,439624,108,20,5.000000,79,8
ELL OMP,O2,496951751.213584,496.951751,0.496952,439624,0.001791,0.701830,0.703621,0,10,1,1,16,16,10974,10974,219812,439624,108,20,5.000000,79,8
ELL OMP,O2,135565139.126141,135.565139,0.135565,439624,0.004404,0.748526,0.752930,0,10,1,1,64,16,10974,10974,219812,439624,108,20,5.000000,79,8
ELL OMP,O2,116050123.617406,116.050124,0.116050,439624,0.004871,0.704155,0.709026,0,10,1,1,128,16,10974,10974,219812,439624,108,20,5.000000,79,8
ELL OMP,O2,288742071.116236,288.742071,0.288742,439624,0.004416,0.716150,0.720566,0,10,1,1,16,32,10974,10974,219812,439624,108,20,5.000000,79,8
ELL OMP,O2,299297764.504103,299.297765,0.299298,439624,0.002908,0.705142,0.708050,0,10,1,1,64,32,10974,10974,219812,439624,108,20,5.000000,79,8
ELL OMP,O2,110257634.912722,110.257635,0.110258,439624,0.005525,0.755784,0.761309,0,10,1,1,128,32,10974,10974,219812,439624,108,20,5.000000,79,8
