Name,-O,FLOPS,MFLOPS,GFLOPS,FOP Count,Avg Run Time (s),Format Time (s),Total Time (s),Verification,Iters,Block Row,Block Col,K-Bound,Threads,Rows,Cols,NNZ,NNZ*2,Max Cols,Avg Cols,Col Ratio,Variance,Std Deviation
CSR Serial,O2,143043112.786499,143.043113,0.143043,439624,0.003074,0.672793,0.675867,0,10,1,1,16,-1,10974,10974,219812,439624,108,20,5.000000,79,8
CSR Serial,O2,92733440.503233,92.733441,0.092733,439624,0.004741,0.671005,0.675746,0,10,1,1,64,-1,10974,10974,219812,439624,108,20,5.000000,79,8
CSR Serial,O2,62768289.313261,62.768289,0.062768,439624,0.007006,0.691277,0.698283,0,10,1,1,128,-1,10974,10974,219812,439624,108,20,5.000000,79,8
