Name,-O,FLOPS,MFLOPS,GFLOPS,FOP Count,Avg Run Time (s),Format Time (s),Total Time (s),Verification,Iters,Block Row,Block Col,K-Bound,Threads,Rows,Cols,NNZ,NNZ*2,Max Cols,Avg Cols,Col Ratio,Variance,Std Deviation
ELL Serial,O2,310323809.214857,310.323809,0.310324,2370384,0.007640,0.706561,0.714201,0,10,1,1,16,-1,10974,10974,219812,439624,108,20,5.000000,79,8
ELL Serial,O2,145435977.269703,145.435977,0.145436,2370384,0.016299,0.706132,0.722431,0,10,1,1,64,-1,10974,10974,219812,439624,108,20,5.000000,79,8
ELL Serial,O2,92396081.751410,92.396082,0.092396,2370384,0.025656,0.705398,0.731054,0,10,1,1,128,-1,10974,10974,219812,439624,108,20,5.000000,79,8
