Name,-O,FLOPS,MFLOPS,GFLOPS,FOP Count,Avg Run Time (s),Format Time (s),Total Time (s),Verification,Iters,Block Row,Block Col,K-Bound,Threads,Rows,Cols,NNZ,NNZ*2,Max Cols,Avg Cols,Col Ratio,Variance,Std Deviation
ELL OMP,O2,359813350.217079,359.813350,0.359813,439624,0.004586,0.271007,0.275592,0,10,1,1,16,8,10974,10974,219812,439624,108,20,5.000000,79,8
ELL OMP,O2,137616055.798122,137.616056,0.137616,439624,0.006808,0.337420,0.344228,0,10,1,1,64,8,10974,10974,219812,439624,108,20,5.000000,79,8
ELL OMP,O2,74021271.800609,74.021272,0.074021,439624,0.011306,0.247034,0.258340,0,10,1,1,128,8,10974,10974,219812,439624,108,20,5.000000,79,8
ELL OMP,O2,717441969.614957,717.441970,0.717442,439624,0.002663,0.264939,0.267602,0,10,1,1,16,16,10974,10974,219812,439624,108,20,5.000000,79,8
ELL OMP,O2,266503119.765315,266.503120,0.266503,439624,0.002522,0.346366,0.348888,0,10,1,1,64,16,10974,10974,219812,439624,108,20,5.000000,79,8
ELL OMP,O2,168598312.268186,168.598312,0.168598,439624,0.003055,0.284673,0.287728,0,10,1,1,128,16,10974,10974,219812,439624,108,20,5.000000,79,8
ELL OMP,O2,738813806.742495,738.813807,0.738814,439624,0.002724,0.267442,0.270166,0,10,1,1,16,32,10974,10974,219812,439624,108,20,5.000000,79,8
ELL OMP,O2,345454937.555840,345.454938,0.345455,439624,0.003947,0.244480,0.248427,0,10,1,1,64,32,10974,10974,219812,439624,108,20,5.000000,79,8
ELL OMP,O2,213696911.378650,213.696911,0.213697,439624,0.005498,0.310189,0.315687,0,10,1,1,128,32,10974,10974,219812,439624,108,20,5.000000,79,8
