Name,-O,FLOPS,MFLOPS,GFLOPS,FOP Count,Avg Run Time (s),Format Time (s),Total Time (s),Verification,Iters,Block Row,Block Col,K-Bound,Threads,Rows,Cols,NNZ,NNZ*2,Max Cols,Avg Cols,Col Ratio,Variance,Std Deviation
COO OMP,O2,inf,inf,inf,3516992,0.000000,0.656268,0.656268,87791,10,1,1,8,32,10974,10974,219812,439624,108,20,5.000000,79,8
COO OMP,O2,12376114769.022614,12376.114769,12.376115,7033984,0.001785,0.652862,0.654647,0,10,1,1,16,32,10974,10974,219812,439624,108,20,5.000000,79,8
COO OMP,O2,11214057369.093357,11214.057369,11.214057,28135936,0.003973,0.700171,0.704144,0,10,1,1,64,32,10974,10974,219812,439624,108,20,5.000000,79,8
COO OMP,O2,30599358985.759590,30599.358986,30.599359,56271872,0.003446,0.695444,0.698891,0,10,1,1,128,32,10974,10974,219812,439624,108,20,5.000000,79,8
COO OMP,O2,inf,inf,inf,112543744,0.000000,0.716563,0.716563,2809343,10,1,1,256,32,10974,10974,219812,439624,108,20,5.000000,79,8
COO OMP,O2,inf,inf,inf,225087488,0.000000,0.666741,0.666741,5618687,10,1,1,512,32,10974,10974,219812,439624,108,20,5.000000,79,8
COO OMP,O2,inf,inf,inf,451933472,0.000000,0.668043,0.668043,11281271,10,1,1,1028,32,10974,10974,219812,439624,108,20,5.000000,79,8
