Name,-O,FLOPS,MFLOPS,GFLOPS,FOP Count,Avg Run Time (s),Format Time (s),Total Time (s),Verification,Iters,Block Row,Block Col,K-Bound,Threads,Rows,Cols,NNZ,NNZ*2,Max Cols,Avg Cols,Col Ratio,Variance,Std Deviation
CSR THREADS,O2,695856410.607646,695.856411,0.695856,85886,0.000152,0.044525,0.044678,0,5,1,1,16,8,2003,2003,42943,85886,84,21,4.000000,197,14
CSR THREADS,O2,285924283.757420,285.924284,0.285924,85886,0.000310,0.055509,0.055818,0,5,1,1,64,4,2003,2003,42943,85886,84,21,4.000000,197,14
CSR THREADS,O2,184075958.123279,184.075958,0.184076,85886,0.000474,0.045611,0.046086,0,5,1,1,128,8,2003,2003,42943,85886,84,21,4.000000,197,14
