Name,-O,FLOPS,MFLOPS,GFLOPS,FOP Count,Avg Run Time (s),Format Time (s),Total Time (s),Verification,Iters,Block Row,Block Col,K-Bound,Threads,Rows,Cols,NNZ,NNZ*2,Max Cols,Avg Cols,Col Ratio,Variance,Std Deviation
CSR GPU,O2,393488038.651615,393.488039,0.393488,439624,0.003453,1.135306,1.138759,0,10,1,1,16,-1,10974,10974,219812,439624,108,20,5.000000,79,8
CSR GPU,O2,131630428.805568,131.630429,0.131630,439624,0.007914,1.105094,1.113008,0,10,1,1,64,-1,10974,10974,219812,439624,108,20,5.000000,79,8
CSR GPU,O2,100632261.391690,100.632261,0.100632,439624,0.006056,1.102049,1.108105,0,10,1,1,128,-1,10974,10974,219812,439624,108,20,5.000000,79,8
