Name,-O,FLOPS,MFLOPS,GFLOPS,FOP Count,Avg Run Time (s),Format Time (s),Total Time (s),Verification,Iters,Block Row,Block Col,K-Bound,Threads,Rows,Cols,NNZ,NNZ*2,Max Cols,Avg Cols,Col Ratio,Variance,Std Deviation
COO GPU,O2,671025.942031,0.671026,0.000671,439624,0.658751,0.698423,1.357174,166222,10,1,1,16,-1,10974,10974,219812,439624,108,20,5.000000,79,8
COO GPU,O2,1637282.115729,1.637282,0.001637,439624,0.274639,0.718421,0.993060,664971,10,1,1,64,-1,10974,10974,219812,439624,108,20,5.000000,79,8
COO GPU,O2,1010643.073661,1.010643,0.001011,439624,0.440847,0.700861,1.141708,1329541,10,1,1,128,-1,10974,10974,219812,439624,108,20,5.000000,79,8
