Name,-O,FLOPS,MFLOPS,GFLOPS,FOP Count,Avg Run Time (s),Format Time (s),Total Time (s),Verification,Iters,Block Row,Block Col,K-Bound,Threads,Rows,Cols,NNZ,NNZ*2,Max Cols,Avg Cols,Col Ratio,Variance,Std Deviation
BCSR OMP,O2,inf,inf,inf,687088,0.000000,0.049470,0.049470,16023,10,4,4,8,32,2003,2003,42943,85886,84,21,4.000000,197,14
BCSR OMP,O2,36590999.440110,36.590999,0.036591,1374176,0.039958,0.050499,0.090457,0,10,4,4,16,32,2003,2003,42943,85886,84,21,4.000000,197,14
BCSR OMP,O2,150498560.772432,150.498561,0.150499,5496704,0.039872,0.062044,0.101916,0,10,4,4,64,32,2003,2003,42943,85886,84,21,4.000000,197,14
BCSR OMP,O2,443868870.671250,443.868871,0.443869,10993408,0.030121,0.055673,0.085794,0,10,4,4,128,32,2003,2003,42943,85886,84,21,4.000000,197,14
BCSR OMP,O2,inf,inf,inf,21986816,0.000000,0.060253,0.060253,512767,10,4,4,256,32,2003,2003,42943,85886,84,21,4.000000,197,14
BCSR OMP,O2,inf,inf,inf,43973632,0.000000,0.051463,0.051463,1025535,10,4,4,512,32,2003,2003,42943,85886,84,21,4.000000,197,14
BCSR OMP,O2,inf,inf,inf,88290808,0.000000,0.049321,0.049321,2059083,10,4,4,1028,32,2003,2003,42943,85886,84,21,4.000000,197,14
