Name,-O,FLOPS,MFLOPS,GFLOPS,FOP Count,Avg Run Time (s),Format Time (s),Total Time (s),Verification,Iters,Block Row,Block Col,K-Bound,Threads,Rows,Cols,NNZ,NNZ*2,Max Cols,Avg Cols,Col Ratio,Variance,Std Deviation
CSR Serial Transpose,O2,21933751.378286,21.933751,0.021934,85886,0.004025,0.080193,0.084218,0,10,1,1,16,-1,2003,2003,42943,85886,84,21,4.000000,197,14
CSR Serial Transpose,O2,16366958.637397,16.366959,0.016367,85886,0.005443,0.079411,0.084854,0,10,1,1,64,-1,2003,2003,42943,85886,84,21,4.000000,197,14
CSR Serial Transpose,O2,12442674.189403,12.442674,0.012443,85886,0.007316,0.082975,0.090291,0,10,1,1,128,-1,2003,2003,42943,85886,84,21,4.000000,197,14
