Name,-O,FLOPS,MFLOPS,GFLOPS,FOP Count,Avg Run Time (s),Format Time (s),Total Time (s),Verification,Iters,Block Row,Block Col,K-Bound,Threads,Rows,Cols,NNZ,NNZ*2,Max Cols,Avg Cols,Col Ratio,Variance,Std Deviation
COO OMP Transpose,O2,13129351721.751900,13129.351722,13.129352,56271872,0.004414,0.707730,0.712144,0,10,1,1,128,8,10974,10974,219812,439624,108,20,5.000000,79,8
COO OMP Transpose,O2,12523820354.926203,12523.820355,12.523820,56271872,0.005979,0.769565,0.775544,0,10,1,1,128,16,10974,10974,219812,439624,108,20,5.000000,79,8
COO OMP Transpose,O2,12629266247.763729,12629.266248,12.629266,56271872,0.006021,0.796607,0.802628,0,10,1,1,128,32,10974,10974,219812,439624,108,20,5.000000,79,8
