Name,-O,FLOPS,MFLOPS,GFLOPS,FOP Count,Avg Run Time (s),Format Time (s),Total Time (s),Verification,Iters,Block Row,Block Col,K-Bound,Threads,Rows,Cols,NNZ,NNZ*2,Max Cols,Avg Cols,Col Ratio,Variance,Std Deviation
COO GPU,O2,1553546.038429,1.553546,0.001554,439624,0.351333,0.661670,1.013003,166283,10,1,1,16,-1,10974,10974,219812,439624,108,20,5.000000,79,8
COO GPU,O2,1342797.869824,1.342798,0.001343,439624,0.336735,0.672480,1.009215,664883,10,1,1,64,-1,10974,10974,219812,439624,108,20,5.000000,79,8
COO GPU,O2,1401072.493296,1.401072,0.001401,439624,0.319124,0.660782,0.979906,1329469,10,1,1,128,-1,10974,10974,219812,439624,108,20,5.000000,79,8
