Name,-O,FLOPS,MFLOPS,GFLOPS,FOP Count,Avg Run Time (s),Format Time (s),Total Time (s),Verification,Iters,Block Row,Block Col,K-Bound,Threads,Rows,Cols,NNZ,NNZ*2,Max Cols,Avg Cols,Col Ratio,Variance,Std Deviation
COO OMP Transpose,O2,38474350.815535,38.474351,0.038474,85886,0.003416,0.042289,0.045705,0,10,1,1,16,8,2003,2003,42943,85886,84,21,4.000000,197,14
COO OMP Transpose,O2,27370209.079358,27.370209,0.027370,85886,0.004930,0.043012,0.047942,0,10,1,1,64,8,2003,2003,42943,85886,84,21,4.000000,197,14
COO OMP Transpose,O2,30993599.812290,30.993600,0.030994,85886,0.004867,0.060832,0.065699,0,10,1,1,128,8,2003,2003,42943,85886,84,21,4.000000,197,14
COO OMP Transpose,O2,48878129.696352,48.878130,0.048878,85886,0.003614,0.070538,0.074152,0,10,1,1,16,16,2003,2003,42943,85886,84,21,4.000000,197,14
COO OMP Transpose,O2,38921562.039908,38.921562,0.038922,85886,0.003255,0.052956,0.056211,0,10,1,1,64,16,2003,2003,42943,85886,84,21,4.000000,197,14
COO OMP Transpose,O2,39253316.460199,39.253316,0.039253,85886,0.004490,0.075443,0.079933,0,10,1,1,128,16,2003,2003,42943,85886,84,21,4.000000,197,14
COO OMP Transpose,O2,58726145.468196,58.726145,0.058726,85886,0.004267,0.047238,0.051506,0,10,1,1,16,32,2003,2003,42943,85886,84,21,4.000000,197,14
COO OMP Transpose,O2,60333334.883129,60.333335,0.060333,85886,0.003802,0.041001,0.044803,0,10,1,1,64,32,2003,2003,42943,85886,84,21,4.000000,197,14
COO OMP Transpose,O2,43749895.511541,43.749896,0.043750,85886,0.003680,0.027418,0.031098,0,10,1,1,128,32,2003,2003,42943,85886,84,21,4.000000,197,14
