Name,-O,FLOPS,MFLOPS,GFLOPS,FOP Count,Avg Run Time (s),Format Time (s),Total Time (s),Verification,Iters,Block Row,Block Col,K-Bound,Threads,Rows,Cols,NNZ,NNZ*2,Max Cols,Avg Cols,Col Ratio,Variance,Std Deviation
ELL OMP,O2,13326346455.303202,13326.346455,13.326346,3516992,0.001477,0.260575,0.262052,0,10,1,1,8,32,10974,10974,219812,439624,108,20,5.000000,79,8
ELL OMP,O2,12404275786.082029,12404.275786,12.404276,7033984,0.002043,0.343995,0.346038,0,10,1,1,16,32,10974,10974,219812,439624,108,20,5.000000,79,8
ELL OMP,O2,23321698903.146576,23321.698903,23.321699,28135936,0.003086,0.238858,0.241944,0,10,1,1,64,32,10974,10974,219812,439624,108,20,5.000000,79,8
ELL OMP,O2,28649462660.404144,28649.462660,28.649463,56271872,0.004851,0.257181,0.262032,0,10,1,1,128,32,10974,10974,219812,439624,108,20,5.000000,79,8
ELL OMP,O2,33881839041.665627,33881.839042,33.881839,112543744,0.006889,0.332639,0.339528,0,10,1,1,256,32,10974,10974,219812,439624,108,20,5.000000,79,8
ELL OMP,O2,39578528570.499405,39578.528570,39.578529,225087488,0.006044,0.287858,0.293902,0,10,1,1,512,32,10974,10974,219812,439624,108,20,5.000000,79,8
ELL OMP,O2,36722886503.681198,36722.886504,36.722887,451933472,0.017001,0.285067,0.302068,0,10,1,1,1028,32,10974,10974,219812,439624,108,20,5.000000,79,8
