Name,-O,FLOPS,MFLOPS,GFLOPS,FOP Count,Avg Run Time (s),Format Time (s),Total Time (s),Verification,Iters,Block Row,Block Col,K-Bound,Threads,Rows,Cols,NNZ,NNZ*2,Max Cols,Avg Cols,Col Ratio,Variance,Std Deviation
ELL Serial,O2,979575136.323278,979.575136,0.979575,1374176,0.001403,0.048428,0.049831,0,10,1,1,16,-1,2003,2003,42943,85886,84,21,4.000000,197,14
ELL Serial,O2,2590822125.239745,2590.822125,2.590822,5496704,0.002125,0.050156,0.052281,0,10,1,1,64,-1,2003,2003,42943,85886,84,21,4.000000,197,14
ELL Serial,O2,3078358251.874217,3078.358252,3.078358,10993408,0.003575,0.049401,0.052976,0,10,1,1,128,-1,2003,2003,42943,85886,84,21,4.000000,197,14
