Name,-O,FLOPS,MFLOPS,GFLOPS,FOP Count,Avg Run Time (s),Format Time (s),Total Time (s),Verification,Iters,Block Row,Block Col,K-Bound,Threads,Rows,Cols,NNZ,NNZ*2,Max Cols,Avg Cols,Col Ratio,Variance,Std Deviation
COO OMP,O2,7899729791.299640,7899.729791,7.899730,687088,0.001523,0.045045,0.046568,0,10,1,1,8,32,2003,2003,42943,85886,84,21,4.000000,197,14
COO OMP,O2,5306045827.596289,5306.045828,5.306046,1374176,0.004135,0.052044,0.056179,0,10,1,1,16,32,2003,2003,42943,85886,84,21,4.000000,197,14
COO OMP,O2,14284998363.107971,14284.998363,14.284998,5496704,0.004211,0.057014,0.061225,0,10,1,1,64,32,2003,2003,42943,85886,84,21,4.000000,197,14
COO OMP,O2,25338759820.747673,25338.759821,25.338760,10993408,0.003071,0.053705,0.056776,0,10,1,1,128,32,2003,2003,42943,85886,84,21,4.000000,197,14
COO OMP,O2,35351422562.634171,35351.422563,35.351423,21986816,0.003734,0.055412,0.059146,0,10,1,1,256,32,2003,2003,42943,85886,84,21,4.000000,197,14
COO OMP,O2,26108466980.167290,26108.466980,26.108467,43973632,0.004004,0.057318,0.061322,0,10,1,1,512,32,2003,2003,42943,85886,84,21,4.000000,197,14
COO OMP,O2,48282524014.914719,48282.524015,48.282524,88290808,0.002987,0.053458,0.056445,0,10,1,1,1028,32,2003,2003,42943,85886,84,21,4.000000,197,14
