Name,-O,FLOPS,MFLOPS,GFLOPS,FOP Count,Avg Run Time (s),Format Time (s),Total Time (s),Verification,Iters,Block Row,Block Col,K-Bound,Threads,Rows,Cols,NNZ,NNZ*2,Max Cols,Avg Cols,Col Ratio,Variance,Std Deviation
BCSR Serial Transpose,O2,1486649516.320291,1486.649516,1.486650,56271872,0.038174,0.719214,0.757388,128,10,2,2,128,-1,10974,10974,219812,439624,108,20,5.000000,79,8
BCSR Serial Transpose,O2,1178179373.728978,1178.179374,1.178179,56271872,0.049425,0.816106,0.865531,128,10,4,4,128,-1,10974,10974,219812,439624,108,20,5.000000,79,8
BCSR Serial Transpose,O2,409287808.316646,409.287808,0.409288,56271872,0.140329,0.794738,0.935067,128,10,16,16,128,-1,10974,10974,219812,439624,108,20,5.000000,79,8
