Name,-O,FLOPS,MFLOPS,GFLOPS,FOP Count,Avg Run Time (s),Format Time (s),Total Time (s),Verification,Iters,Block Row,Block Col,K-Bound,Threads,Rows,Cols,NNZ,NNZ*2,Max Cols,Avg Cols,Col Ratio,Variance,Std Deviation
ELL GPU,O2,111889977.993144,111.889978,0.111890,439624,0.006140,1.184536,1.190676,0,10,1,1,16,-1,10974,10974,219812,439624,108,20,5.000000,79,8
ELL GPU,O2,80689142.398968,80.689142,0.080689,439624,0.007818,1.156799,1.164617,0,10,1,1,64,-1,10974,10974,219812,439624,108,20,5.000000,79,8
ELL GPU,O2,41583508.181641,41.583508,0.041584,439624,0.013423,1.177669,1.191092,0,10,1,1,128,-1,10974,10974,219812,439624,108,20,5.000000,79,8
