Name,-O,FLOPS,MFLOPS,GFLOPS,FOP Count,Avg Run Time (s),Format Time (s),Total Time (s),Verification,Iters,Block Row,Block Col,K-Bound,Threads,Rows,Cols,NNZ,NNZ*2,Max Cols,Avg Cols,Col Ratio,Variance,Std Deviation
ELL OMP Transpose,O2,20755369.998128,20.755370,0.020755,85886,0.005560,0.087653,0.093213,0,10,1,1,16,8,2003,2003,42943,85886,84,21,4.000000,197,14
ELL OMP Transpose,O2,16797766.359555,16.797766,0.016798,85886,0.006111,0.093596,0.099707,0,10,1,1,64,8,2003,2003,42943,85886,84,21,4.000000,197,14
ELL OMP Transpose,O2,12340510.380370,12.340510,0.012341,85886,0.009487,0.035497,0.044984,0,10,1,1,128,8,2003,2003,42943,85886,84,21,4.000000,197,14
ELL OMP Transpose,O2,23719530.066439,23.719530,0.023720,85886,0.004516,0.057779,0.062295,0,10,1,1,16,16,2003,2003,42943,85886,84,21,4.000000,197,14
ELL OMP Transpose,O2,18885370.144221,18.885370,0.018885,85886,0.006099,0.079270,0.085369,0,10,1,1,64,16,2003,2003,42943,85886,84,21,4.000000,197,14
ELL OMP Transpose,O2,16977569.248727,16.977569,0.016978,85886,0.007464,0.031472,0.038936,0,10,1,1,128,16,2003,2003,42943,85886,84,21,4.000000,197,14
ELL OMP Transpose,O2,22889185.467240,22.889185,0.022889,85886,0.005109,0.085006,0.090115,0,10,1,1,16,32,2003,2003,42943,85886,84,21,4.000000,197,14
ELL OMP Transpose,O2,22605229.372879,22.605229,0.022605,85886,0.005493,0.028139,0.033633,0,10,1,1,64,32,2003,2003,42943,85886,84,21,4.000000,197,14
ELL OMP Transpose,O2,20018727.632278,20.018728,0.020019,85886,0.006244,0.035524,0.041768,0,10,1,1,128,32,2003,2003,42943,85886,84,21,4.000000,197,14
