Name,-O,FLOPS,MFLOPS,GFLOPS,FOP Count,Avg Run Time (s),Format Time (s),Total Time (s),Verification,Iters,Block Row,Block Col,K-Bound,Threads,Rows,Cols,NNZ,NNZ*2,Max Cols,Avg Cols,Col Ratio,Variance,Std Deviation
BCSR OMP,O2,inf,inf,inf,3516992,0.000000,0.290039,0.290039,87791,10,4,4,8,32,10974,10974,219812,439624,108,20,5.000000,79,8
BCSR OMP,O2,865923008.423396,865.923008,0.865923,7033984,0.012709,0.317018,0.329727,16,10,4,4,16,32,10974,10974,219812,439624,108,20,5.000000,79,8
BCSR OMP,O2,3400369010.538744,3400.369011,3.400369,28135936,0.009450,0.242500,0.251950,64,10,4,4,64,32,10974,10974,219812,439624,108,20,5.000000,79,8
BCSR OMP,O2,6085081478.896978,6085.081479,6.085081,56271872,0.010641,0.317412,0.328053,128,10,4,4,128,32,10974,10974,219812,439624,108,20,5.000000,79,8
BCSR OMP,O2,inf,inf,inf,112543744,0.000000,0.315122,0.315122,2809343,10,4,4,256,32,10974,10974,219812,439624,108,20,5.000000,79,8
BCSR OMP,O2,inf,inf,inf,225087488,0.000000,0.233563,0.233563,5618687,10,4,4,512,32,10974,10974,219812,439624,108,20,5.000000,79,8
BCSR OMP,O2,inf,inf,inf,451933472,0.000000,0.232873,0.232873,11281271,10,4,4,1028,32,10974,10974,219812,439624,108,20,5.000000,79,8
