Name,-O,FLOPS,MFLOPS,GFLOPS,FOP Count,Avg Run Time (s),Format Time (s),Total Time (s),Verification,Iters,Block Row,Block Col,K-Bound,Threads,Rows,Cols,NNZ,NNZ*2,Max Cols,Avg Cols,Col Ratio,Variance,Std Deviation
ELL OMP,O2,1490670673.526503,1490.670674,1.490671,2370384,0.001615,0.704556,0.706171,0,10,1,1,16,8,10974,10974,219812,439624,108,20,5.000000,79,8
ELL OMP,O2,1538949363.184858,1538.949363,1.538949,2370384,0.001635,0.705449,0.707084,0,10,1,1,16,16,10974,10974,219812,439624,108,20,5.000000,79,8
ELL OMP,O2,367866619.156320,367.866619,0.367867,2370384,0.009340,0.706938,0.716278,0,10,1,1,16,32,10974,10974,219812,439624,108,20,5.000000,79,8
