Name,-O,FLOPS,MFLOPS,GFLOPS,FOP Count,Avg Run Time (s),Format Time (s),Total Time (s),Verification,Iters,Block Row,Block Col,K-Bound,Threads,Rows,Cols,NNZ,NNZ*2,Max Cols,Avg Cols,Col Ratio,Variance,Std Deviation
COO OMP Transpose,O2,15151794068.408741,15151.794068,15.151794,56271872,0.003798,0.245882,0.249680,0,10,1,1,128,8,10974,10974,219812,439624,108,20,5.000000,79,8
COO OMP Transpose,O2,27820666667.445229,27820.666667,27.820667,56271872,0.002231,0.250339,0.252570,0,10,1,1,128,16,10974,10974,219812,439624,108,20,5.000000,79,8
COO OMP Transpose,O2,55909954601.679993,55909.954602,55.909955,56271872,0.001058,0.208296,0.209354,0,10,1,1,128,32,10974,10974,219812,439624,108,20,5.000000,79,8
