Name,-O,FLOPS,MFLOPS,GFLOPS,FOP Count,Avg Run Time (s),Format Time (s),Total Time (s),Verification,Iters,Block Row,Block Col,K-Bound,Threads,Rows,Cols,NNZ,NNZ*2,Max Cols,Avg Cols,Col Ratio,Variance,Std Deviation
CSR Serial Transpose,O2,1804307.951738,1.804308,0.001804,439624,0.243653,0.288676,0.532329,0,10,1,1,16,-1,10974,10974,219812,439624,108,20,5.000000,79,8
CSR Serial Transpose,O2,1691103.489924,1.691103,0.001691,439624,0.259963,0.287835,0.547798,0,10,1,1,64,-1,10974,10974,219812,439624,108,20,5.000000,79,8
CSR Serial Transpose,O2,1678216.016207,1.678216,0.001678,439624,0.261960,0.313435,0.575395,0,10,1,1,128,-1,10974,10974,219812,439624,108,20,5.000000,79,8
