Name,-O,FLOPS,MFLOPS,GFLOPS,FOP Count,Avg Run Time (s),Format Time (s),Total Time (s),Verification,Iters,Block Row,Block Col,K-Bound,Threads,Rows,Cols,NNZ,NNZ*2,Max Cols,Avg Cols,Col Ratio,Variance,Std Deviation
COO OMP,O2,5479490566.727794,5479.490567,5.479491,439624,0.005781,0.306279,0.312060,0,10,1,1,16,8,10974,10974,219812,439624,108,20,5.000000,79,8
COO OMP,O2,2510995142.097728,2510.995142,2.510995,439624,0.010485,0.210768,0.221253,0,10,1,1,64,8,10974,10974,219812,439624,108,20,5.000000,79,8
COO OMP,O2,811960276.509542,811.960277,0.811960,439624,0.003104,0.211069,0.214173,0,10,1,1,128,8,10974,10974,219812,439624,108,20,5.000000,79,8
COO OMP,O2,6631721730.343157,6631.721730,6.631722,439624,0.002908,0.212447,0.215355,0,10,1,1,16,16,10974,10974,219812,439624,108,20,5.000000,79,8
COO OMP,O2,1846951252.029382,1846.951252,1.846951,439624,0.002431,0.211633,0.214064,0,10,1,1,64,16,10974,10974,219812,439624,108,20,5.000000,79,8
COO OMP,O2,1305891471.383969,1305.891471,1.305891,439624,0.002851,0.211825,0.214675,0,10,1,1,128,16,10974,10974,219812,439624,108,20,5.000000,79,8
COO OMP,O2,5347297481.408367,5347.297481,5.347297,439624,0.002748,0.210256,0.213004,0,10,1,1,16,32,10974,10974,219812,439624,108,20,5.000000,79,8
COO OMP,O2,2536072422.806834,2536.072423,2.536072,439624,0.002348,0.213858,0.216206,0,10,1,1,64,32,10974,10974,219812,439624,108,20,5.000000,79,8
COO OMP,O2,1226940534.778913,1226.940535,1.226941,439624,0.004064,0.223439,0.227503,0,10,1,1,128,32,10974,10974,219812,439624,108,20,5.000000,79,8
