Name,-O,FLOPS,MFLOPS,GFLOPS,FOP Count,Avg Run Time (s),Format Time (s),Total Time (s),Verification,Iters,Block Row,Block Col,K-Bound,Threads,Rows,Cols,NNZ,NNZ*2,Max Cols,Avg Cols,Col Ratio,Variance,Std Deviation
COO OMP,O2,2716682286.818058,2716.682287,2.716682,687088,0.002126,0.049502,0.051627,0,10,1,1,8,32,2003,2003,42943,85886,84,21,4.000000,197,14
COO OMP,O2,3439909132.700416,3439.909133,3.439909,1374176,0.001476,0.028675,0.030151,0,10,1,1,16,32,2003,2003,42943,85886,84,21,4.000000,197,14
COO OMP,O2,5684247237.096304,5684.247237,5.684247,5496704,0.002559,0.080210,0.082769,0,10,1,1,64,32,2003,2003,42943,85886,84,21,4.000000,197,14
COO OMP,O2,8069481470.030420,8069.481470,8.069481,10993408,0.003273,0.075758,0.079031,0,10,1,1,128,32,2003,2003,42943,85886,84,21,4.000000,197,14
COO OMP,O2,9309249807.765369,9309.249808,9.309250,21986816,0.003901,0.083233,0.087134,0,10,1,1,256,32,2003,2003,42943,85886,84,21,4.000000,197,14
COO OMP,O2,20166776855.224495,20166.776855,20.166777,43973632,0.003816,0.021356,0.025172,0,10,1,1,512,32,2003,2003,42943,85886,84,21,4.000000,197,14
COO OMP,O2,28546389867.285767,28546.389867,28.546390,88290808,0.005240,0.070772,0.076012,0,10,1,1,1028,32,2003,2003,42943,85886,84,21,4.000000,197,14
