Name,-O,FLOPS,MFLOPS,GFLOPS,FOP Count,Avg Run Time (s),Format Time (s),Total Time (s),Verification,Iters,Block Row,Block Col,K-Bound,Threads,Rows,Cols,NNZ,NNZ*2,Max Cols,Avg Cols,Col Ratio,Variance,Std Deviation
COO OMP Transpose,O2,5052253.462058,5.052253,0.005052,439624,0.087380,0.676995,0.764375,0,10,1,1,16,8,10974,10974,219812,439624,108,20,5.000000,79,8
COO OMP Transpose,O2,4855983.063769,4.855983,0.004856,439624,0.090840,0.780238,0.871078,1,10,1,1,64,8,10974,10974,219812,439624,108,20,5.000000,79,8
COO OMP Transpose,O2,5082052.797256,5.082053,0.005082,439624,0.086916,0.788722,0.875638,0,10,1,1,128,8,10974,10974,219812,439624,108,20,5.000000,79,8
COO OMP Transpose,O2,5158878.693868,5.158879,0.005159,439624,0.085587,0.773296,0.858883,0,10,1,1,16,16,10974,10974,219812,439624,108,20,5.000000,79,8
COO OMP Transpose,O2,5133394.728832,5.133395,0.005133,439624,0.086236,0.789045,0.875281,0,10,1,1,64,16,10974,10974,219812,439624,108,20,5.000000,79,8
COO OMP Transpose,O2,4824511.208053,4.824511,0.004825,439624,0.091497,0.832048,0.923545,8,10,1,1,128,16,10974,10974,219812,439624,108,20,5.000000,79,8
COO OMP Transpose,O2,5440240.547196,5.440241,0.005440,439624,0.081160,0.785888,0.867048,0,10,1,1,16,32,10974,10974,219812,439624,108,20,5.000000,79,8
COO OMP Transpose,O2,4862065.325831,4.862065,0.004862,439624,0.090932,0.831684,0.922616,0,10,1,1,64,32,10974,10974,219812,439624,108,20,5.000000,79,8
COO OMP Transpose,O2,4953652.676588,4.953653,0.004954,439624,0.089179,0.795320,0.884499,0,10,1,1,128,32,10974,10974,219812,439624,108,20,5.000000,79,8
