Name,-O,FLOPS,MFLOPS,GFLOPS,FOP Count,Avg Run Time (s),Format Time (s),Total Time (s),Verification,Iters,Block Row,Block Col,K-Bound,Threads,Rows,Cols,NNZ,NNZ*2,Max Cols,Avg Cols,Col Ratio,Variance,Std Deviation
COO GPU,O2,372750396.857597,372.750397,0.372750,85886,0.005111,0.052797,0.057908,16,10,1,1,16,-1,2003,2003,42943,85886,84,21,4.000000,197,14
COO GPU,O2,125365268.278043,125.365268,0.125365,85886,0.005694,0.072955,0.078649,0,10,1,1,64,-1,2003,2003,42943,85886,84,21,4.000000,197,14
COO GPU,O2,104079025.267151,104.079025,0.104079,85886,0.003831,0.059716,0.063547,0,10,1,1,128,-1,2003,2003,42943,85886,84,21,4.000000,197,14
