Name,-O,FLOPS,MFLOPS,GFLOPS,FOP Count,Avg Run Time (s),Format Time (s),Total Time (s),Verification,Iters,Block Row,Block Col,K-Bound,Threads,Rows,Cols,NNZ,NNZ*2,Max Cols,Avg Cols,Col Ratio,Variance,Std Deviation
BCSR Serial,O2,1448090101.853186,1448.090102,1.448090,1374176,0.000953,0.083572,0.084525,0,10,2,2,16,-1,2003,2003,42943,85886,84,21,4.000000,197,14
BCSR Serial,O2,605003494.672165,605.003495,0.605003,1374176,0.002282,0.084798,0.087080,0,10,16,16,16,-1,2003,2003,42943,85886,84,21,4.000000,197,14
BCSR Serial,O2,2502061230.282980,2502.061230,2.502061,5496704,0.002214,0.092897,0.095111,0,10,2,2,64,-1,2003,2003,42943,85886,84,21,4.000000,197,14
BCSR Serial,O2,947349492.035670,947.349492,0.947349,5496704,0.005921,0.068399,0.074320,0,10,16,16,64,-1,2003,2003,42943,85886,84,21,4.000000,197,14
BCSR Serial,O2,3259505222.960796,3259.505223,3.259505,10993408,0.003404,0.073985,0.077389,0,10,2,2,128,-1,2003,2003,42943,85886,84,21,4.000000,197,14
BCSR Serial,O2,1172262699.707742,1172.262700,1.172263,10993408,0.009630,0.058766,0.068396,0,10,16,16,128,-1,2003,2003,42943,85886,84,21,4.000000,197,14
