Name,-O,FLOPS,MFLOPS,GFLOPS,FOP Count,Avg Run Time (s),Format Time (s),Total Time (s),Verification,Iters,Block Row,Block Col,K-Bound,Threads,Rows,Cols,NNZ,NNZ*2,Max Cols,Avg Cols,Col Ratio,Variance,Std Deviation
COO Serial,O2,1999985286.981396,1999.985287,1.999985,7033984,0.003517,0.670038,0.673555,0,10,1,1,16,-1,10974,10974,219812,439624,108,20,5.000000,79,8
COO Serial,O2,5247215294.252503,5247.215294,5.247215,28135936,0.005363,0.670783,0.676146,0,10,1,1,64,-1,10974,10974,219812,439624,108,20,5.000000,79,8
COO Serial,O2,7370696418.011884,7370.696418,7.370696,56271872,0.007635,0.671528,0.679163,0,10,1,1,128,-1,10974,10974,219812,439624,108,20,5.000000,79,8
