Name,-O,FLOPS,MFLOPS,GFLOPS,FOP Count,Avg Run Time (s),Format Time (s),Total Time (s),Verification,Iters,Block Row,Block Col,K-Bound,Threads,Rows,Cols,NNZ,NNZ*2,Max Cols,Avg Cols,Col Ratio,Variance,Std Deviation
ELL Serial Transpose,O2,1573786.868254,1.573787,0.001574,439624,0.279359,0.674380,0.953739,0,10,1,1,16,-1,10974,10974,219812,439624,108,20,5.000000,79,8
ELL Serial Transpose,O2,1407865.907849,1.407866,0.001408,439624,0.312277,0.673833,0.986110,0,10,1,1,64,-1,10974,10974,219812,439624,108,20,5.000000,79,8
ELL Serial Transpose,O2,1206152.400267,1.206152,0.001206,439624,0.364507,0.674683,1.039190,0,10,1,1,128,-1,10974,10974,219812,439624,108,20,5.000000,79,8
