Name,-O,FLOPS,MFLOPS,GFLOPS,FOP Count,Avg Run Time (s),Format Time (s),Total Time (s),Verification,Iters,Block Row,Block Col,K-Bound,Threads,Rows,Cols,NNZ,NNZ*2,Max Cols,Avg Cols,Col Ratio,Variance,Std Deviation
ELL OMP Transpose,O2,3732297867.253217,3732.297867,3.732298,56271872,0.015926,0.762328,0.778254,0,10,1,1,128,8,10974,10974,219812,439624,108,20,5.000000,79,8
ELL OMP Transpose,O2,6420200760.959314,6420.200761,6.420201,56271872,0.009560,0.774322,0.783882,0,10,1,1,128,16,10974,10974,219812,439624,108,20,5.000000,79,8
ELL OMP Transpose,O2,7586338105.637372,7586.338106,7.586338,56271872,0.008059,0.802498,0.810557,0,10,1,1,128,32,10974,10974,219812,439624,108,20,5.000000,79,8
