Name,-O,FLOPS,MFLOPS,GFLOPS,FOP Count,Avg Run Time (s),Format Time (s),Total Time (s),Verification,Iters,Block Row,Block Col,K-Bound,Threads,Rows,Cols,NNZ,NNZ*2,Max Cols,Avg Cols,Col Ratio,Variance,Std Deviation
BCSR GPU,O2,394416427.624286,394.416428,0.394416,138944,0.005538,0.087663,0.093201,0,10,2,2,16,-1,2003,2003,42943,85886,84,21,4.000000,197,14
BCSR GPU,O2,393236277.125113,393.236277,0.393236,223008,0.003712,0.066759,0.070472,0,10,4,4,16,-1,2003,2003,42943,85886,84,21,4.000000,197,14
BCSR GPU,O2,379365342.339204,379.365342,0.379365,564736,0.004713,0.064449,0.069162,0,10,16,16,16,-1,2003,2003,42943,85886,84,21,4.000000,197,14
BCSR GPU,O2,152465027.439628,152.465027,0.152465,138944,0.005387,0.066747,0.072134,0,10,2,2,64,-1,2003,2003,42943,85886,84,21,4.000000,197,14
BCSR GPU,O2,181401402.337198,181.401402,0.181401,223008,0.004611,0.064415,0.069026,0,10,4,4,64,-1,2003,2003,42943,85886,84,21,4.000000,197,14
BCSR GPU,O2,344928777.952095,344.928778,0.344929,564736,0.006151,0.079164,0.085316,0,10,16,16,64,-1,2003,2003,42943,85886,84,21,4.000000,197,14
BCSR GPU,O2,143855003.481532,143.855003,0.143855,138944,0.005079,0.050288,0.055367,0,10,2,2,128,-1,2003,2003,42943,85886,84,21,4.000000,197,14
BCSR GPU,O2,111855497.991190,111.855498,0.111855,223008,0.004999,0.050413,0.055412,0,10,4,4,128,-1,2003,2003,42943,85886,84,21,4.000000,197,14
BCSR GPU,O2,250464392.969587,250.464393,0.250464,564736,0.007624,0.051774,0.059398,0,10,16,16,128,-1,2003,2003,42943,85886,84,21,4.000000,197,14
