Name,-O,FLOPS,MFLOPS,GFLOPS,FOP Count,Avg Run Time (s),Format Time (s),Total Time (s),Verification,Iters,Block Row,Block Col,K-Bound,Threads,Rows,Cols,NNZ,NNZ*2,Max Cols,Avg Cols,Col Ratio,Variance,Std Deviation
CSR Serial Transpose,O2,2660222.977144,2.660223,0.002660,439624,0.165262,0.307547,0.472809,0,10,1,1,16,-1,10974,10974,219812,439624,108,20,5.000000,79,8
CSR Serial Transpose,O2,1901686.749808,1.901687,0.001902,439624,0.231177,0.305635,0.536812,0,10,1,1,64,-1,10974,10974,219812,439624,108,20,5.000000,79,8
CSR Serial Transpose,O2,2399989.576754,2.399990,0.002400,439624,0.183178,0.310021,0.493199,0,10,1,1,128,-1,10974,10974,219812,439624,108,20,5.000000,79,8
