Name,-O,FLOPS,MFLOPS,GFLOPS,FOP Count,Avg Run Time (s),Format Time (s),Total Time (s),Verification,Iters,Block Row,Block Col,K-Bound,Threads,Rows,Cols,NNZ,NNZ*2,Max Cols,Avg Cols,Col Ratio,Variance,Std Deviation
BCSR Serial Transpose,O2,1115314438.707336,1115.314439,1.115314,10993408,0.012831,0.095879,0.108710,0,10,2,2,128,-1,2003,2003,42943,85886,84,21,4.000000,197,14
BCSR Serial Transpose,O2,1854942068.799488,1854.942069,1.854942,10993408,0.005935,0.027051,0.032986,0,10,4,4,128,-1,2003,2003,42943,85886,84,21,4.000000,197,14
BCSR Serial Transpose,O2,761369690.540647,761.369691,0.761370,10993408,0.014439,0.026782,0.041221,0,10,16,16,128,-1,2003,2003,42943,85886,84,21,4.000000,197,14
