Name,-O,FLOPS,MFLOPS,GFLOPS,FOP Count,Avg Run Time (s),Format Time (s),Total Time (s),Verification,Iters,Block Row,Block Col,K-Bound,Threads,Rows,Cols,NNZ,NNZ*2,Max Cols,Avg Cols,Col Ratio,Variance,Std Deviation
ELL OMP Transpose,O2,1988873850.176917,1988.873850,1.988874,10993408,0.007427,0.073760,0.081187,0,10,1,1,128,8,2003,2003,42943,85886,84,21,4.000000,197,14
ELL OMP Transpose,O2,3211735226.401849,3211.735226,3.211735,10993408,0.004314,0.070087,0.074401,0,10,1,1,128,16,2003,2003,42943,85886,84,21,4.000000,197,14
ELL OMP Transpose,O2,3852161172.761201,3852.161173,3.852161,10993408,0.004128,0.027886,0.032014,0,10,1,1,128,32,2003,2003,42943,85886,84,21,4.000000,197,14
