Name,-O,FLOPS,MFLOPS,GFLOPS,FOP Count,Avg Run Time (s),Format Time (s),Total Time (s),Verification,Iters,Block Row,Block Col,K-Bound,Threads,Rows,Cols,NNZ,NNZ*2,Max Cols,Avg Cols,Col Ratio,Variance,Std Deviation
COO Serial Transpose,O2,1621454.536370,1.621455,0.001621,439624,0.271143,0.636421,0.907564,0,10,1,1,16,-1,10974,10974,219812,439624,108,20,5.000000,79,8
COO Serial Transpose,O2,1609248.654821,1.609249,0.001609,439624,0.273201,0.642300,0.915501,0,10,1,1,64,-1,10974,10974,219812,439624,108,20,5.000000,79,8
COO Serial Transpose,O2,1545452.810635,1.545453,0.001545,439624,0.284481,0.639806,0.924287,0,10,1,1,128,-1,10974,10974,219812,439624,108,20,5.000000,79,8
