Name,Avg Run Time (s),Format Time (s),Total Time (s),GFLOPS,Verification,Iters,Block Row,Block Col,K-Bound,Threads,FOP Count,Rows,Cols,NNZ,Max Cols,Avg Cols,Variance,Std Deviation
csr_omp_O3,0.002073,1.439422,1.441495,3049.739669,0,10,1,1,16,8,4824433776,10974,10974,219812,108,20,79,8
csr_omp_collapse_O3,0.852935,1.430953,2.283888,5.661411,0,10,1,1,16,8,4824433776,10974,10974,219812,108,20,79,8
csr_omp_O3,0.001511,1.428901,1.430412,5561.966003,0,10,1,1,16,16,4824433776,10974,10974,219812,108,20,79,8
csr_omp_collapse_O3,0.452053,1.433147,1.885200,10.699836,0,10,1,1,16,16,4824433776,10974,10974,219812,108,20,79,8
csr_omp_O3,0.003767,1.399696,1.403463,6926.197578,0,10,1,1,16,32,4824433776,10974,10974,219812,108,20,79,8
csr_omp_collapse_O3,0.245674,1.390832,1.636506,19.795285,0,10,1,1,16,32,4824433776,10974,10974,219812,108,20,79,8
