Name,-O,FLOPS,MFLOPS,GFLOPS,FOP Count,Avg Run Time (s),Format Time (s),Total Time (s),Verification,Iters,Block Row,Block Col,K-Bound,Threads,Rows,Cols,NNZ,NNZ*2,Max Cols,Avg Cols,Col Ratio,Variance,Std Deviation
ELL OMP,O2,309125350.446961,309.125350,0.309125,85886,0.000909,0.046148,0.047057,0,10,1,1,16,8,2003,2003,42943,85886,84,21,4.000000,197,14
ELL OMP,O2,124579386.681404,124.579387,0.124579,85886,0.001237,0.048295,0.049532,0,10,1,1,64,8,2003,2003,42943,85886,84,21,4.000000,197,14
ELL OMP,O2,78399037.407598,78.399037,0.078399,85886,0.001725,0.050942,0.052667,0,10,1,1,128,8,2003,2003,42943,85886,84,21,4.000000,197,14
ELL OMP,O2,316913508.772565,316.913509,0.316914,85886,0.001658,0.052401,0.054059,0,10,1,1,16,16,2003,2003,42943,85886,84,21,4.000000,197,14
ELL OMP,O2,89034797.276868,89.034797,0.089035,85886,0.001508,0.050568,0.052075,0,10,1,1,64,16,2003,2003,42943,85886,84,21,4.000000,197,14
ELL OMP,O2,88524909.410807,88.524909,0.088525,85886,0.001975,0.049541,0.051516,0,10,1,1,128,16,2003,2003,42943,85886,84,21,4.000000,197,14
ELL OMP,O2,125129847.582919,125.129848,0.125130,85886,0.005138,0.051920,0.057058,0,10,1,1,16,32,2003,2003,42943,85886,84,21,4.000000,197,14
ELL OMP,O2,139140922.172238,139.140922,0.139141,85886,0.003581,0.059027,0.062608,0,10,1,1,64,32,2003,2003,42943,85886,84,21,4.000000,197,14
ELL OMP,O2,85919722.353637,85.919722,0.085920,85886,0.003837,0.056657,0.060493,0,10,1,1,128,32,2003,2003,42943,85886,84,21,4.000000,197,14
