Name,-O,FLOPS,MFLOPS,GFLOPS,FOP Count,Avg Run Time (s),Format Time (s),Total Time (s),Verification,Iters,Block Row,Block Col,K-Bound,Threads,Rows,Cols,NNZ,NNZ*2,Max Cols,Avg Cols,Col Ratio,Variance,Std Deviation
CSR OMP Transpose,O2,12845218209.228981,12845.218209,12.845218,56271872,0.004442,0.306698,0.311140,0,10,1,1,128,8,10974,10974,219812,439624,108,20,5.000000,79,8
CSR OMP Transpose,O2,24739166004.919731,24739.166005,24.739166,56271872,0.002359,0.264051,0.266410,0,10,1,1,128,16,10974,10974,219812,439624,108,20,5.000000,79,8
CSR OMP Transpose,O2,53138041748.801659,53138.041749,53.138042,56271872,0.001223,0.211369,0.212592,0,10,1,1,128,32,10974,10974,219812,439624,108,20,5.000000,79,8
