Name,Avg Run Time (s),Format Time (s),Total Time (s),GFLOPS,Verification,Iters,Block Row,Block Col,K-Bound,Threads,FOP Count,Rows,Cols,NNZ,Max Cols,Avg Cols,Variance,Std Deviation
csr_transpose_omp_O2,0.289306,1.404526,1.693832,16.707922,0,10,1,1,16,8,4824433776,10974,10974,219812,108,20,79,8
csr_transpose_omp_collapse_O2,1.272668,1.409183,2.681851,3.808652,0,10,1,1,16,8,4824433776,10974,10974,219812,108,20,79,8
csr_transpose_omp_omp_O2,0.288551,1.440538,1.729089,16.742330,0,10,1,1,16,8,4824433776,10974,10974,219812,108,20,79,8
csr_transpose_omp_O2,0.171620,1.427961,1.599581,28.160930,0,10,1,1,16,16,4824433776,10974,10974,219812,108,20,79,8
csr_transpose_omp_collapse_O2,0.699761,1.420352,2.120113,6.948502,0,10,1,1,16,16,4824433776,10974,10974,219812,108,20,79,8
csr_transpose_omp_omp_O2,0.173372,1.447140,1.620512,27.860696,0,10,1,1,16,16,4824433776,10974,10974,219812,108,20,79,8
csr_transpose_omp_O2,0.135182,1.494812,1.629994,36.083317,0,10,1,1,16,32,4824433776,10974,10974,219812,108,20,79,8
csr_transpose_omp_collapse_O2,0.395573,1.376828,1.772401,12.221191,0,10,1,1,16,32,4824433776,10974,10974,219812,108,20,79,8
csr_transpose_omp_omp_O2,0.132238,1.481151,1.613389,36.577264,0,10,1,1,16,32,4824433776,10974,10974,219812,108,20,79,8
