Name,-O,FLOPS,MFLOPS,GFLOPS,FOP Count,Avg Run Time (s),Format Time (s),Total Time (s),Verification,Iters,Block Row,Block Col,K-Bound,Threads,Rows,Cols,NNZ,NNZ*2,Max Cols,Avg Cols,Col Ratio,Variance,Std Deviation
BCSR OMP,O2,31420524.143681,31.420524,0.031421,687088,0.037814,0.054118,0.091932,0,10,4,4,8,32,2003,2003,42943,85886,84,21,4.000000,197,14
BCSR OMP,O2,72506171.568462,72.506172,0.072506,1374176,0.029586,0.056777,0.086363,0,10,4,4,16,32,2003,2003,42943,85886,84,21,4.000000,197,14
BCSR OMP,O2,188550134.899316,188.550135,0.188550,5496704,0.034904,0.061998,0.096902,0,10,4,4,64,32,2003,2003,42943,85886,84,21,4.000000,197,14
BCSR OMP,O2,388090921.390558,388.090921,0.388091,10993408,0.038269,0.067633,0.105902,0,10,4,4,128,32,2003,2003,42943,85886,84,21,4.000000,197,14
BCSR OMP,O2,719627485.493044,719.627485,0.719627,21986816,0.039566,0.053622,0.093188,0,10,4,4,256,32,2003,2003,42943,85886,84,21,4.000000,197,14
BCSR OMP,O2,2069986762.274412,2069.986762,2.069987,43973632,0.031867,0.057408,0.089274,0,10,4,4,512,32,2003,2003,42943,85886,84,21,4.000000,197,14
BCSR OMP,O2,2656249538.681542,2656.249539,2.656250,88290808,0.043099,0.056208,0.099307,0,10,4,4,1028,32,2003,2003,42943,85886,84,21,4.000000,197,14
