Name,-O,FLOPS,MFLOPS,GFLOPS,FOP Count,Avg Run Time (s),Format Time (s),Total Time (s),Verification,Iters,Block Row,Block Col,K-Bound,Threads,Rows,Cols,NNZ,NNZ*2,Max Cols,Avg Cols,Col Ratio,Variance,Std Deviation
COO OMP,O2,469468229.693990,469.468230,0.469468,85886,0.005323,0.074760,0.080083,0,10,1,1,16,8,2003,2003,42943,85886,84,21,4.000000,197,14
COO OMP,O2,225085800.450749,225.085800,0.225086,85886,0.005467,0.073846,0.079313,0,10,1,1,64,8,2003,2003,42943,85886,84,21,4.000000,197,14
COO OMP,O2,124737185.802538,124.737186,0.124737,85886,0.004401,0.052536,0.056937,0,10,1,1,128,8,2003,2003,42943,85886,84,21,4.000000,197,14
COO OMP,O2,154934339.640977,154.934340,0.154934,85886,0.003802,0.055917,0.059719,0,10,1,1,16,16,2003,2003,42943,85886,84,21,4.000000,197,14
COO OMP,O2,266424347.073709,266.424347,0.266424,85886,0.005113,0.046142,0.051255,0,10,1,1,64,16,2003,2003,42943,85886,84,21,4.000000,197,14
COO OMP,O2,99086521.667156,99.086522,0.099087,85886,0.003917,0.051436,0.055353,0,10,1,1,128,16,2003,2003,42943,85886,84,21,4.000000,197,14
COO OMP,O2,537166936.368385,537.166936,0.537167,85886,0.004678,0.056989,0.061667,0,10,1,1,16,32,2003,2003,42943,85886,84,21,4.000000,197,14
COO OMP,O2,87615505.480836,87.615505,0.087616,85886,0.003792,0.060238,0.064030,0,10,1,1,64,32,2003,2003,42943,85886,84,21,4.000000,197,14
COO OMP,O2,95138432.475789,95.138432,0.095138,85886,0.004758,0.061267,0.066025,0,10,1,1,128,32,2003,2003,42943,85886,84,21,4.000000,197,14
