Name,-O,FLOPS,MFLOPS,GFLOPS,FOP Count,Avg Run Time (s),Format Time (s),Total Time (s),Verification,Iters,Block Row,Block Col,K-Bound,Threads,Rows,Cols,NNZ,NNZ*2,Max Cols,Avg Cols,Col Ratio,Variance,Std Deviation
ELL OMP,O2,41916612.694089,41.916613,0.041917,85886,0.003306,0.081493,0.084800,0,10,1,1,16,8,2003,2003,42943,85886,84,21,4.000000,197,14
ELL OMP,O2,25307994.819837,25.307995,0.025308,85886,0.005089,0.071056,0.076145,0,10,1,1,64,8,2003,2003,42943,85886,84,21,4.000000,197,14
ELL OMP,O2,18169544.781525,18.169545,0.018170,85886,0.006740,0.066233,0.072973,0,10,1,1,128,8,2003,2003,42943,85886,84,21,4.000000,197,14
ELL OMP,O2,62124931.681069,62.124932,0.062125,85886,0.002457,0.083711,0.086168,0,10,1,1,16,16,2003,2003,42943,85886,84,21,4.000000,197,14
ELL OMP,O2,37517829.508699,37.517830,0.037518,85886,0.003912,0.053314,0.057226,0,10,1,1,64,16,2003,2003,42943,85886,84,21,4.000000,197,14
ELL OMP,O2,25983898.481356,25.983898,0.025984,85886,0.005473,0.046081,0.051554,0,10,1,1,128,16,2003,2003,42943,85886,84,21,4.000000,197,14
ELL OMP,O2,71079066.158387,71.079066,0.071079,85886,0.002929,0.081466,0.084395,0,10,1,1,16,32,2003,2003,42943,85886,84,21,4.000000,197,14
ELL OMP,O2,41873481.118302,41.873481,0.041873,85886,0.004873,0.060460,0.065333,0,10,1,1,64,32,2003,2003,42943,85886,84,21,4.000000,197,14
ELL OMP,O2,36927372.220455,36.927372,0.036927,85886,0.004535,0.087384,0.091919,0,10,1,1,128,32,2003,2003,42943,85886,84,21,4.000000,197,14
