Name,-O,FLOPS,MFLOPS,GFLOPS,FOP Count,Avg Run Time (s),Format Time (s),Total Time (s),Verification,Iters,Block Row,Block Col,K-Bound,Threads,Rows,Cols,NNZ,NNZ*2,Max Cols,Avg Cols,Col Ratio,Variance,Std Deviation
BCSR GPU,O2,682661515.011652,682.661515,0.682662,523592,0.000847,6.244416,6.245263,0,10,2,2,16,-1,10974,10974,219812,439624,108,20,5.000000,79,8
BCSR GPU,O2,860758341.618258,860.758342,0.860758,771328,0.001013,6.490218,6.491231,0,10,4,4,16,-1,10974,10974,219812,439624,108,20,5.000000,79,8
BCSR GPU,O2,280252445.517546,280.252446,0.280252,523592,0.001931,6.249040,6.250971,0,10,2,2,64,-1,10974,10974,219812,439624,108,20,5.000000,79,8
BCSR GPU,O2,345118224.247131,345.118224,0.345118,771328,0.002302,6.548596,6.550898,0,10,4,4,64,-1,10974,10974,219812,439624,108,20,5.000000,79,8
BCSR GPU,O2,160897398.340133,160.897398,0.160897,523592,0.003572,6.254527,6.258099,0,10,2,2,128,-1,10974,10974,219812,439624,108,20,5.000000,79,8
BCSR GPU,O2,222667748.448359,222.667748,0.222668,771328,0.003511,6.480134,6.483645,0,10,4,4,128,-1,10974,10974,219812,439624,108,20,5.000000,79,8
