Name,Avg Run Time (s),Format Time (s),Total Time (s),GFLOPS,Verification,Iters,Block Row,Block Col,K-Bound,Threads,FOP Count,Rows,Cols,NNZ,Max Cols,Avg Cols,Variance,Std Deviation
ell_transpose_omp_O2,0.385715,0.352077,0.737792,67.473012,0,10,1,1,16,8,26012594016,10974,10974,219812,108,20,79,8
ell_transpose_omp_collapse_O2,0.390016,0.356698,0.746714,66.809982,0,10,1,1,16,8,26012594016,10974,10974,219812,108,20,79,8
ell_transpose_omp_omp_O2,0.099325,0.349719,0.449044,269.780838,0,10,1,1,16,8,26012594016,10974,10974,219812,108,20,79,8
ell_transpose_omp_O2,0.376745,0.306502,0.683247,69.060283,0,10,1,1,16,16,26012594016,10974,10974,219812,108,20,79,8
ell_transpose_omp_collapse_O2,0.382060,0.345689,0.727749,68.100940,0,10,1,1,16,16,26012594016,10974,10974,219812,108,20,79,8
ell_transpose_omp_omp_O2,0.138545,0.354467,0.493012,190.185161,0,10,1,1,16,16,26012594016,10974,10974,219812,108,20,79,8
ell_transpose_omp_O2,0.375963,0.252232,0.628195,69.227670,0,10,1,1,16,32,26012594016,10974,10974,219812,108,20,79,8
ell_transpose_omp_collapse_O2,0.379736,0.341089,0.720825,68.533492,0,10,1,1,16,32,26012594016,10974,10974,219812,108,20,79,8
ell_transpose_omp_omp_O2,0.201730,0.324243,0.525973,130.733939,0,10,1,1,16,32,26012594016,10974,10974,219812,108,20,79,8
