Name,-O,FLOPS,MFLOPS,GFLOPS,FOP Count,Avg Run Time (s),Format Time (s),Total Time (s),Verification,Iters,Block Row,Block Col,K-Bound,Threads,Rows,Cols,NNZ,NNZ*2,Max Cols,Avg Cols,Col Ratio,Variance,Std Deviation
CSR GPU,O2,8631807385.592230,8631.807386,8.631807,7033984,0.008895,0.741666,0.750561,0,10,1,1,16,-1,10974,10974,219812,439624,108,20,5.000000,79,8
CSR GPU,O2,22236247430.725449,22236.247431,22.236247,28135936,0.008648,0.756577,0.765225,0,10,1,1,64,-1,10974,10974,219812,439624,108,20,5.000000,79,8
CSR GPU,O2,31408301692.458546,31408.301692,31.408302,56271872,0.007016,0.770478,0.777494,0,10,1,1,128,-1,10974,10974,219812,439624,108,20,5.000000,79,8
