Name,-O,FLOPS,MFLOPS,GFLOPS,FOP Count,Avg Run Time (s),Format Time (s),Total Time (s),Verification,Iters,Block Row,Block Col,K-Bound,Threads,Rows,Cols,NNZ,NNZ*2,Max Cols,Avg Cols,Col Ratio,Variance,Std Deviation
ELL Serial Transpose,O2,18930348.435578,18.930348,0.018930,85886,0.004601,0.048694,0.053295,0,10,1,1,16,-1,2003,2003,42943,85886,84,21,4.000000,197,14
ELL Serial Transpose,O2,8717134.486394,8.717134,0.008717,85886,0.009874,0.047422,0.057296,0,10,1,1,64,-1,2003,2003,42943,85886,84,21,4.000000,197,14
ELL Serial Transpose,O2,5032670.925656,5.032671,0.005033,85886,0.017080,0.043937,0.061017,0,10,1,1,128,-1,2003,2003,42943,85886,84,21,4.000000,197,14
