Name,-O,FLOPS,MFLOPS,GFLOPS,FOP Count,Avg Run Time (s),Format Time (s),Total Time (s),Verification,Iters,Block Row,Block Col,K-Bound,Threads,Rows,Cols,NNZ,NNZ*2,Max Cols,Avg Cols,Col Ratio,Variance,Std Deviation
COO OMP Transpose,O2,17057973.686511,17.057974,0.017058,85886,0.014817,0.045657,0.060474,0,10,1,1,16,8,2003,2003,42943,85886,84,21,4.000000,197,14
COO OMP Transpose,O2,16488521.352207,16.488521,0.016489,85886,0.014081,0.055009,0.069090,0,10,1,1,64,8,2003,2003,42943,85886,84,21,4.000000,197,14
COO OMP Transpose,O2,10016177.455136,10.016177,0.010016,85886,0.020306,0.057790,0.078096,8,10,1,1,128,8,2003,2003,42943,85886,84,21,4.000000,197,14
COO OMP Transpose,O2,12712260.266077,12.712260,0.012712,85886,0.014761,0.044341,0.059102,0,10,1,1,16,16,2003,2003,42943,85886,84,21,4.000000,197,14
COO OMP Transpose,O2,19714746.552180,19.714747,0.019715,85886,0.015884,0.047270,0.063153,0,10,1,1,64,16,2003,2003,42943,85886,84,21,4.000000,197,14
COO OMP Transpose,O2,8094182.853416,8.094183,0.008094,85886,0.018687,0.079371,0.098058,0,10,1,1,128,16,2003,2003,42943,85886,84,21,4.000000,197,14
COO OMP Transpose,O2,9807617.162740,9.807617,0.009808,85886,0.017847,0.045594,0.063441,0,10,1,1,16,32,2003,2003,42943,85886,84,21,4.000000,197,14
COO OMP Transpose,O2,18155752.425376,18.155752,0.018156,85886,0.014045,0.053835,0.067880,0,10,1,1,64,32,2003,2003,42943,85886,84,21,4.000000,197,14
COO OMP Transpose,O2,20605860.236352,20.605860,0.020606,85886,0.014987,0.043200,0.058187,0,10,1,1,128,32,2003,2003,42943,85886,84,21,4.000000,197,14
