Name,-O,FLOPS,MFLOPS,GFLOPS,FOP Count,Avg Run Time (s),Format Time (s),Total Time (s),Verification,Iters,Block Row,Block Col,K-Bound,Threads,Rows,Cols,NNZ,NNZ*2,Max Cols,Avg Cols,Col Ratio,Variance,Std Deviation
BCSR Serial,O2,144293546.690349,144.293547,0.144294,523592,0.003629,6.263768,6.267397,0,10,2,2,16,-1,10974,10974,219812,439624,108,20,5.000000,79,8
BCSR Serial,O2,196563443.605630,196.563444,0.196563,771328,0.003924,6.480886,6.484810,0,10,4,4,16,-1,10974,10974,219812,439624,108,20,5.000000,79,8
BCSR Serial,O2,88989183.285237,88.989183,0.088989,523592,0.005889,6.248160,6.254049,0,10,2,2,64,-1,10974,10974,219812,439624,108,20,5.000000,79,8
BCSR Serial,O2,111453901.158830,111.453901,0.111454,771328,0.006921,6.460734,6.467655,0,10,4,4,64,-1,10974,10974,219812,439624,108,20,5.000000,79,8
BCSR Serial,O2,63344601.875212,63.344602,0.063345,523592,0.008267,6.234358,6.242625,0,10,2,2,128,-1,10974,10974,219812,439624,108,20,5.000000,79,8
BCSR Serial,O2,73554963.384925,73.554963,0.073555,771328,0.010486,6.483178,6.493664,0,10,4,4,128,-1,10974,10974,219812,439624,108,20,5.000000,79,8
