Name,-O,FLOPS,MFLOPS,GFLOPS,FOP Count,Avg Run Time (s),Format Time (s),Total Time (s),Verification,Iters,Block Row,Block Col,K-Bound,Threads,Rows,Cols,NNZ,NNZ*2,Max Cols,Avg Cols,Col Ratio,Variance,Std Deviation
CSR OMP Transpose,O2,11582292728.760710,11582.292729,11.582293,56271872,0.005058,0.702312,0.707370,0,10,1,1,128,8,10974,10974,219812,439624,108,20,5.000000,79,8
CSR OMP Transpose,O2,14843891505.597143,14843.891506,14.843892,56271872,0.003871,0.683182,0.687053,0,10,1,1,128,16,10974,10974,219812,439624,108,20,5.000000,79,8
CSR OMP Transpose,O2,13975741464.159204,13975.741464,13.975741,56271872,0.004567,0.786756,0.791323,0,10,1,1,128,32,10974,10974,219812,439624,108,20,5.000000,79,8
