Name,-O,FLOPS,MFLOPS,GFLOPS,FOP Count,Avg Run Time (s),Format Time (s),Total Time (s),Verification,Iters,Block Row,Block Col,K-Bound,Threads,Rows,Cols,NNZ,NNZ*2,Max Cols,Avg Cols,Col Ratio,Variance,Std Deviation
CSR OMP,O2,383979018.450633,383.979018,0.383979,439624,0.001778,1.107939,1.109717,0,10,1,1,16,8,10974,10974,219812,439624,108,20,5.000000,79,8
CSR OMP,O2,202799917.337122,202.799917,0.202800,439624,0.002490,1.122504,1.124994,0,10,1,1,64,8,10974,10974,219812,439624,108,20,5.000000,79,8
CSR OMP,O2,130263634.384492,130.263634,0.130264,439624,0.003613,1.098299,1.101912,0,10,1,1,128,8,10974,10974,219812,439624,108,20,5.000000,79,8
CSR OMP,O2,248116096.948461,248.116097,0.248116,439624,0.004962,1.123725,1.128687,0,10,1,1,16,16,10974,10974,219812,439624,108,20,5.000000,79,8
CSR OMP,O2,121440025.389235,121.440025,0.121440,439624,0.004790,1.142815,1.147605,0,10,1,1,64,16,10974,10974,219812,439624,108,20,5.000000,79,8
CSR OMP,O2,108271274.596965,108.271275,0.108271,439624,0.005052,1.110088,1.115140,0,10,1,1,128,16,10974,10974,219812,439624,108,20,5.000000,79,8
CSR OMP,O2,144890230.258674,144.890230,0.144890,439624,0.015191,1.129268,1.144459,0,10,1,1,16,32,10974,10974,219812,439624,108,20,5.000000,79,8
CSR OMP,O2,60409455.863093,60.409456,0.060409,439624,0.022809,1.105277,1.128086,0,10,1,1,64,32,10974,10974,219812,439624,108,20,5.000000,79,8
CSR OMP,O2,52532754.524399,52.532755,0.052533,439624,0.018822,1.122352,1.141174,0,10,1,1,128,32,10974,10974,219812,439624,108,20,5.000000,79,8
