Name,-O,FLOPS,MFLOPS,GFLOPS,FOP Count,Avg Run Time (s),Format Time (s),Total Time (s),Verification,Iters,Block Row,Block Col,K-Bound,Threads,Rows,Cols,NNZ,NNZ*2,Max Cols,Avg Cols,Col Ratio,Variance,Std Deviation
BCSR Serial,O2,263355234.469579,263.355234,0.263355,523592,0.001991,0.339480,0.341471,16,10,2,2,16,-1,10974,10974,219812,439624,108,20,5.000000,79,8
BCSR Serial,O2,276599037.695347,276.599038,0.276599,771328,0.002792,0.242705,0.245497,16,10,4,4,16,-1,10974,10974,219812,439624,108,20,5.000000,79,8
BCSR Serial,O2,295568717.270499,295.568717,0.295569,2163712,0.007324,0.355406,0.362730,16,10,16,16,16,-1,10974,10974,219812,439624,108,20,5.000000,79,8
BCSR Serial,O2,109199374.538610,109.199375,0.109199,523592,0.004804,0.291977,0.296781,64,10,2,2,64,-1,10974,10974,219812,439624,108,20,5.000000,79,8
BCSR Serial,O2,113864049.201657,113.864049,0.113864,771328,0.006784,0.286021,0.292805,64,10,4,4,64,-1,10974,10974,219812,439624,108,20,5.000000,79,8
BCSR Serial,O2,128644054.574833,128.644055,0.128644,2163712,0.016825,0.283542,0.300367,64,10,16,16,64,-1,10974,10974,219812,439624,108,20,5.000000,79,8
BCSR Serial,O2,60658121.155295,60.658121,0.060658,523592,0.008656,0.329772,0.338428,128,10,2,2,128,-1,10974,10974,219812,439624,108,20,5.000000,79,8
BCSR Serial,O2,68056768.597737,68.056769,0.068057,771328,0.011348,0.339270,0.350618,128,10,4,4,128,-1,10974,10974,219812,439624,108,20,5.000000,79,8
BCSR Serial,O2,70204820.514049,70.204821,0.070205,2163712,0.030832,0.347084,0.377916,128,10,16,16,128,-1,10974,10974,219812,439624,108,20,5.000000,79,8
