Name,-O,FLOPS,MFLOPS,GFLOPS,FOP Count,Avg Run Time (s),Format Time (s),Total Time (s),Verification,Iters,Block Row,Block Col,K-Bound,Threads,Rows,Cols,NNZ,NNZ*2,Max Cols,Avg Cols,Col Ratio,Variance,Std Deviation
ELL OMP,O2,45670115.291747,45.670115,0.045670,85886,0.002904,0.090908,0.093812,0,10,1,1,16,8,2003,2003,42943,85886,84,21,4.000000,197,14
ELL OMP,O2,28959382.744225,28.959383,0.028959,85886,0.004928,0.049806,0.054734,0,10,1,1,64,8,2003,2003,42943,85886,84,21,4.000000,197,14
ELL OMP,O2,22546572.247918,22.546572,0.022547,85886,0.004748,0.057405,0.062153,0,10,1,1,128,8,2003,2003,42943,85886,84,21,4.000000,197,14
ELL OMP,O2,42524188.502790,42.524189,0.042524,85886,0.003064,0.049622,0.052686,0,10,1,1,16,16,2003,2003,42943,85886,84,21,4.000000,197,14
ELL OMP,O2,42088246.387004,42.088246,0.042088,85886,0.003176,0.087351,0.090527,0,10,1,1,64,16,2003,2003,42943,85886,84,21,4.000000,197,14
ELL OMP,O2,25178992.852857,25.178993,0.025179,85886,0.005361,0.051836,0.057197,0,10,1,1,128,16,2003,2003,42943,85886,84,21,4.000000,197,14
ELL OMP,O2,72486372.171452,72.486372,0.072486,85886,0.002684,0.058994,0.061678,0,10,1,1,16,32,2003,2003,42943,85886,84,21,4.000000,197,14
ELL OMP,O2,54708955.160456,54.708955,0.054709,85886,0.003369,0.048942,0.052312,0,10,1,1,64,32,2003,2003,42943,85886,84,21,4.000000,197,14
ELL OMP,O2,27638128.389775,27.638128,0.027638,85886,0.005304,0.094955,0.100259,0,10,1,1,128,32,2003,2003,42943,85886,84,21,4.000000,197,14
