Name,-O,FLOPS,MFLOPS,GFLOPS,FOP Count,Avg Run Time (s),Format Time (s),Total Time (s),Verification,Iters,Block Row,Block Col,K-Bound,Threads,Rows,Cols,NNZ,NNZ*2,Max Cols,Avg Cols,Col Ratio,Variance,Std Deviation
CSR OMP,O2,8689150593.795414,8689.150594,8.689151,7033984,0.001809,0.716571,0.718379,0,10,1,1,16,8,10974,10974,219812,439624,108,20,5.000000,79,8
CSR OMP,O2,17331870595.106098,17331.870595,17.331871,28135936,0.002871,0.732942,0.735813,0,10,1,1,64,8,10974,10974,219812,439624,108,20,5.000000,79,8
CSR OMP,O2,24477448927.439644,24477.448927,24.477449,56271872,0.003560,0.744521,0.748082,0,10,1,1,128,8,10974,10974,219812,439624,108,20,5.000000,79,8
CSR OMP,O2,9736719619.454067,9736.719619,9.736720,7033984,0.002167,0.748295,0.750462,0,10,1,1,16,16,10974,10974,219812,439624,108,20,5.000000,79,8
CSR OMP,O2,20912994595.025253,20912.994595,20.912995,28135936,0.002649,0.731382,0.734031,0,10,1,1,64,16,10974,10974,219812,439624,108,20,5.000000,79,8
CSR OMP,O2,24914826663.289238,24914.826663,24.914827,56271872,0.003363,0.759179,0.762542,0,10,1,1,128,16,10974,10974,219812,439624,108,20,5.000000,79,8
CSR OMP,O2,9510794646.363861,9510.794646,9.510795,7033984,0.002112,0.760887,0.762999,0,10,1,1,16,32,10974,10974,219812,439624,108,20,5.000000,79,8
CSR OMP,O2,22619583003.100357,22619.583003,22.619583,28135936,0.002845,0.716388,0.719233,0,10,1,1,64,32,10974,10974,219812,439624,108,20,5.000000,79,8
CSR OMP,O2,26082142690.542473,26082.142691,26.082143,56271872,0.003314,0.760638,0.763952,0,10,1,1,128,32,10974,10974,219812,439624,108,20,5.000000,79,8
