Name,-O,FLOPS,MFLOPS,GFLOPS,FOP Count,Avg Run Time (s),Format Time (s),Total Time (s),Verification,Iters,Block Row,Block Col,K-Bound,Threads,Rows,Cols,NNZ,NNZ*2,Max Cols,Avg Cols,Col Ratio,Variance,Std Deviation
BCSR Serial,O2,2603153286.691541,2603.153287,2.603153,7033984,0.002702,0.688620,0.691322,16,10,2,2,16,-1,10974,10974,219812,439624,108,20,5.000000,79,8
BCSR Serial,O2,802912689.898333,802.912690,0.802913,7033984,0.008761,0.715603,0.724364,16,10,16,16,16,-1,10974,10974,219812,439624,108,20,5.000000,79,8
BCSR Serial,O2,5903868936.004975,5903.868936,5.903869,28135936,0.004766,0.688705,0.693471,64,10,2,2,64,-1,10974,10974,219812,439624,108,20,5.000000,79,8
BCSR Serial,O2,2175889840.248531,2175.889840,2.175890,28135936,0.012931,0.709700,0.722631,64,10,16,16,64,-1,10974,10974,219812,439624,108,20,5.000000,79,8
BCSR Serial,O2,7085216202.525724,7085.216203,7.085216,56271872,0.007943,0.682100,0.690043,128,10,2,2,128,-1,10974,10974,219812,439624,108,20,5.000000,79,8
BCSR Serial,O2,2564159239.626910,2564.159240,2.564159,56271872,0.021946,0.708557,0.730503,128,10,16,16,128,-1,10974,10974,219812,439624,108,20,5.000000,79,8
