Name,-O,FLOPS,MFLOPS,GFLOPS,FOP Count,Avg Run Time (s),Format Time (s),Total Time (s),Verification,Iters,Block Row,Block Col,K-Bound,Threads,Rows,Cols,NNZ,NNZ*2,Max Cols,Avg Cols,Col Ratio,Variance,Std Deviation
BCSR THREADS,O2,926570812.589606,926.570813,0.926571,439624,0.001731,0.733679,0.735410,16,5,2,2,16,32,10974,10974,219812,439624,108,20,5.000000,79,8
BCSR THREADS,O2,733446314.821961,733.446315,0.733446,439624,0.002238,0.724005,0.726243,16,5,4,4,16,32,10974,10974,219812,439624,108,20,5.000000,79,8
BCSR THREADS,O2,698116936.952706,698.116937,0.698117,439624,0.000904,0.735801,0.736705,16,5,16,16,16,72,10974,10974,219812,439624,108,20,5.000000,79,8
BCSR THREADS,O2,338087900.749057,338.087901,0.338088,439624,0.001538,0.726093,0.727631,64,5,2,2,64,16,10974,10974,219812,439624,108,20,5.000000,79,8
BCSR THREADS,O2,429506339.270305,429.506339,0.429506,439624,0.001135,0.727485,0.728620,64,5,4,4,64,72,10974,10974,219812,439624,108,20,5.000000,79,8
BCSR THREADS,O2,357785655.457576,357.785655,0.357786,439624,0.001380,0.772184,0.773564,64,5,16,16,64,72,10974,10974,219812,439624,108,20,5.000000,79,8
BCSR THREADS,O2,205222588.213747,205.222588,0.205223,439624,0.006628,0.768207,0.774835,128,5,2,2,128,72,10974,10974,219812,439624,108,20,5.000000,79,8
BCSR THREADS,O2,155808189.644603,155.808190,0.155808,439624,0.003918,0.761292,0.765210,128,5,4,4,128,16,10974,10974,219812,439624,108,20,5.000000,79,8
BCSR THREADS,O2,127073798.056337,127.073798,0.127074,439624,0.004786,0.768549,0.773335,128,5,16,16,128,48,10974,10974,219812,439624,108,20,5.000000,79,8
