Name,-O,FLOPS,MFLOPS,GFLOPS,FOP Count,Avg Run Time (s),Format Time (s),Total Time (s),Verification,Iters,Block Row,Block Col,K-Bound,Threads,Rows,Cols,NNZ,NNZ*2,Max Cols,Avg Cols,Col Ratio,Variance,Std Deviation
CSR OMP,O2,4968083455.127009,4968.083455,4.968083,687088,0.003261,0.044797,0.048058,0,10,1,1,8,32,2003,2003,42943,85886,84,21,4.000000,197,14
CSR OMP,O2,6686479915.952386,6686.479916,6.686480,1374176,0.004480,0.051001,0.055481,0,10,1,1,16,32,2003,2003,42943,85886,84,21,4.000000,197,14
CSR OMP,O2,16761130689.233423,16761.130689,16.761131,5496704,0.004536,0.057264,0.061800,0,10,1,1,64,32,2003,2003,42943,85886,84,21,4.000000,197,14
CSR OMP,O2,26485613772.475845,26485.613772,26.485614,10993408,0.004614,0.056897,0.061511,0,10,1,1,128,32,2003,2003,42943,85886,84,21,4.000000,197,14
CSR OMP,O2,32999652197.104046,32999.652197,32.999652,21986816,0.004829,0.053126,0.057955,0,10,1,1,256,32,2003,2003,42943,85886,84,21,4.000000,197,14
CSR OMP,O2,35156844371.172058,35156.844371,35.156844,43973632,0.004683,0.056251,0.060935,0,10,1,1,512,32,2003,2003,42943,85886,84,21,4.000000,197,14
CSR OMP,O2,40309452821.473572,40309.452821,40.309453,88290808,0.003822,0.059462,0.063284,0,10,1,1,1028,32,2003,2003,42943,85886,84,21,4.000000,197,14
