Name,-O,FLOPS,MFLOPS,GFLOPS,FOP Count,Avg Run Time (s),Format Time (s),Total Time (s),Verification,Iters,Block Row,Block Col,K-Bound,Threads,Rows,Cols,NNZ,NNZ*2,Max Cols,Avg Cols,Col Ratio,Variance,Std Deviation
CSR OMP,O2,2441738223.618542,2441.738224,2.441738,687088,0.002535,0.075280,0.077815,0,10,1,1,8,32,2003,2003,42943,85886,84,21,4.000000,197,14
CSR OMP,O2,2669238368.286365,2669.238368,2.669238,1374176,0.002382,0.059290,0.061672,0,10,1,1,16,32,2003,2003,42943,85886,84,21,4.000000,197,14
CSR OMP,O2,4551484326.196000,4551.484326,4.551484,5496704,0.002949,0.070781,0.073730,0,10,1,1,64,32,2003,2003,42943,85886,84,21,4.000000,197,14
CSR OMP,O2,7129617735.622818,7129.617736,7.129618,10993408,0.003639,0.068821,0.072460,0,10,1,1,128,32,2003,2003,42943,85886,84,21,4.000000,197,14
CSR OMP,O2,12708199594.130468,12708.199594,12.708200,21986816,0.004047,0.051581,0.055628,0,10,1,1,256,32,2003,2003,42943,85886,84,21,4.000000,197,14
CSR OMP,O2,17891472523.441692,17891.472523,17.891473,43973632,0.004942,0.082868,0.087810,0,10,1,1,512,32,2003,2003,42943,85886,84,21,4.000000,197,14
CSR OMP,O2,22765837049.156841,22765.837049,22.765837,88290808,0.006560,0.045758,0.052318,0,10,1,1,1028,32,2003,2003,42943,85886,84,21,4.000000,197,14
