Name,-O,FLOPS,MFLOPS,GFLOPS,FOP Count,Avg Run Time (s),Format Time (s),Total Time (s),Verification,Iters,Block Row,Block Col,K-Bound,Threads,Rows,Cols,NNZ,NNZ*2,Max Cols,Avg Cols,Col Ratio,Variance,Std Deviation
COO OMP,O2,32085013.205979,32.085013,0.032085,85886,0.016382,0.047792,0.064174,0,10,1,1,16,8,2003,2003,42943,85886,84,21,4.000000,197,14
COO OMP,O2,7252907.530354,7.252908,0.007253,85886,0.019957,0.049049,0.069006,96,10,1,1,64,8,2003,2003,42943,85886,84,21,4.000000,197,14
COO OMP,O2,6607730.273440,6.607730,0.006608,85886,0.021877,0.050860,0.072737,0,10,1,1,128,8,2003,2003,42943,85886,84,21,4.000000,197,14
COO OMP,O2,54940604.661900,54.940605,0.054941,85886,0.013059,0.053153,0.066212,16,10,1,1,16,16,2003,2003,42943,85886,84,21,4.000000,197,14
COO OMP,O2,9974522.262534,9.974522,0.009975,85886,0.016965,0.052667,0.069633,0,10,1,1,64,16,2003,2003,42943,85886,84,21,4.000000,197,14
COO OMP,O2,12717716.973548,12.717717,0.012718,85886,0.014486,0.051895,0.066381,0,10,1,1,128,16,2003,2003,42943,85886,84,21,4.000000,197,14
COO OMP,O2,110227199.610674,110.227200,0.110227,85886,0.014860,0.052193,0.067052,16,10,1,1,16,32,2003,2003,42943,85886,84,21,4.000000,197,14
COO OMP,O2,97685396.881478,97.685397,0.097685,85886,0.012435,0.052285,0.064720,36,10,1,1,64,32,2003,2003,42943,85886,84,21,4.000000,197,14
COO OMP,O2,87091384.986725,87.091385,0.087091,85886,0.008012,0.050137,0.058149,256,10,1,1,128,32,2003,2003,42943,85886,84,21,4.000000,197,14
