Name,-O,FLOPS,MFLOPS,GFLOPS,FOP Count,Avg Run Time (s),Format Time (s),Total Time (s),Verification,Iters,Block Row,Block Col,K-Bound,Threads,Rows,Cols,NNZ,NNZ*2,Max Cols,Avg Cols,Col Ratio,Variance,Std Deviation
BCSR Serial,O2,133363033.922376,133.363034,0.133363,138944,0.001049,0.083343,0.084392,0,10,2,2,16,-1,2003,2003,42943,85886,84,21,4.000000,197,14
BCSR Serial,O2,140395230.574346,140.395231,0.140395,223008,0.001597,0.090742,0.092339,0,10,4,4,16,-1,2003,2003,42943,85886,84,21,4.000000,197,14
BCSR Serial,O2,261761301.989883,261.761302,0.261761,564736,0.002163,0.036927,0.039090,0,10,16,16,16,-1,2003,2003,42943,85886,84,21,4.000000,197,14
BCSR Serial,O2,61259779.393699,61.259779,0.061260,138944,0.002283,0.085405,0.087688,0,10,2,2,64,-1,2003,2003,42943,85886,84,21,4.000000,197,14
BCSR Serial,O2,73432665.657889,73.432666,0.073433,223008,0.003064,0.062791,0.065855,0,10,4,4,64,-1,2003,2003,42943,85886,84,21,4.000000,197,14
BCSR Serial,O2,88638169.197707,88.638169,0.088638,564736,0.006529,0.074209,0.080738,0,10,16,16,64,-1,2003,2003,42943,85886,84,21,4.000000,197,14
BCSR Serial,O2,44277023.185065,44.277023,0.044277,138944,0.003165,0.044751,0.047916,0,10,2,2,128,-1,2003,2003,42943,85886,84,21,4.000000,197,14
BCSR Serial,O2,40649619.373180,40.649619,0.040650,223008,0.005595,0.088588,0.094183,0,10,4,4,128,-1,2003,2003,42943,85886,84,21,4.000000,197,14
BCSR Serial,O2,51944023.798568,51.944024,0.051944,564736,0.011380,0.102845,0.114225,0,10,16,16,128,-1,2003,2003,42943,85886,84,21,4.000000,197,14
