Name,-O,FLOPS,MFLOPS,GFLOPS,FOP Count,Avg Run Time (s),Format Time (s),Total Time (s),Verification,Iters,Block Row,Block Col,K-Bound,Threads,Rows,Cols,NNZ,NNZ*2,Max Cols,Avg Cols,Col Ratio,Variance,Std Deviation
BCSR OMP,O2,543942388.783926,543.942389,0.543942,523592,0.001021,6.249754,6.250775,0,10,2,2,16,8,10974,10974,219812,439624,108,20,5.000000,79,8
BCSR OMP,O2,787730658.055765,787.730658,0.787731,771328,0.001011,6.364175,6.365186,0,10,4,4,16,8,10974,10974,219812,439624,108,20,5.000000,79,8
BCSR OMP,O2,685298424.286913,685.298424,0.685298,523592,0.000821,6.140919,6.141740,0,10,2,2,16,16,10974,10974,219812,439624,108,20,5.000000,79,8
BCSR OMP,O2,628152612.638767,628.152613,0.628153,771328,0.001949,6.382016,6.383965,0,10,4,4,16,16,10974,10974,219812,439624,108,20,5.000000,79,8
BCSR OMP,O2,133980118.040320,133.980118,0.133980,523592,0.007149,6.278467,6.285616,0,10,2,2,16,32,10974,10974,219812,439624,108,20,5.000000,79,8
BCSR OMP,O2,524027141.215290,524.027141,0.524027,771328,0.004279,6.476823,6.481102,0,10,4,4,16,32,10974,10974,219812,439624,108,20,5.000000,79,8
