Name,-O,FLOPS,MFLOPS,GFLOPS,FOP Count,Avg Run Time (s),Format Time (s),Total Time (s),Verification,Iters,Block Row,Block Col,K-Bound,Threads,Rows,Cols,NNZ,NNZ*2,Max Cols,Avg Cols,Col Ratio,Variance,Std Deviation
BCSR Serial Transpose,O2,1267191949.591164,1267.191950,1.267192,10993408,0.009439,0.055332,0.064771,0,10,2,2,128,-1,2003,2003,42943,85886,84,21,4.000000,197,14
BCSR Serial Transpose,O2,503878414.151755,503.878414,0.503878,10993408,0.023242,0.067173,0.090415,0,10,4,4,128,-1,2003,2003,42943,85886,84,21,4.000000,197,14
BCSR Serial Transpose,O2,340735876.201186,340.735876,0.340736,10993408,0.038000,0.094992,0.132992,0,10,16,16,128,-1,2003,2003,42943,85886,84,21,4.000000,197,14
