Name,-O,FLOPS,MFLOPS,GFLOPS,FOP Count,Avg Run Time (s),Format Time (s),Total Time (s),Verification,Iters,Block Row,Block Col,K-Bound,Threads,Rows,Cols,NNZ,NNZ*2,Max Cols,Avg Cols,Col Ratio,Variance,Std Deviation
BCSR Serial,O2,157851882.973726,157.851883,0.157852,85886,0.000547,0.048203,0.048750,0,10,2,2,16,-1,2003,2003,42943,85886,84,21,4.000000,197,14
BCSR Serial,O2,113154663.166251,113.154663,0.113155,85886,0.000762,0.046671,0.047433,0,10,4,4,16,-1,2003,2003,42943,85886,84,21,4.000000,197,14
BCSR Serial,O2,48423960.301286,48.423960,0.048424,85886,0.001775,0.049988,0.051763,0,10,16,16,16,-1,2003,2003,42943,85886,84,21,4.000000,197,14
BCSR Serial,O2,68840190.233916,68.840190,0.068840,85886,0.001252,0.041846,0.043098,0,10,2,2,64,-1,2003,2003,42943,85886,84,21,4.000000,197,14
BCSR Serial,O2,48700709.757311,48.700710,0.048701,85886,0.001766,0.047116,0.048882,0,10,4,4,64,-1,2003,2003,42943,85886,84,21,4.000000,197,14
BCSR Serial,O2,19503247.696737,19.503248,0.019503,85886,0.004404,0.050084,0.054488,0,10,16,16,64,-1,2003,2003,42943,85886,84,21,4.000000,197,14
BCSR Serial,O2,42553642.842651,42.553643,0.042554,85886,0.002020,0.043196,0.045216,0,10,2,2,128,-1,2003,2003,42943,85886,84,21,4.000000,197,14
BCSR Serial,O2,29801247.719994,29.801248,0.029801,85886,0.002883,0.049213,0.052096,0,10,4,4,128,-1,2003,2003,42943,85886,84,21,4.000000,197,14
BCSR Serial,O2,11307927.492681,11.307927,0.011308,85886,0.007596,0.052024,0.059620,0,10,16,16,128,-1,2003,2003,42943,85886,84,21,4.000000,197,14
