Name,-O,FLOPS,MFLOPS,GFLOPS,FOP Count,Avg Run Time (s),Format Time (s),Total Time (s),Verification,Iters,Block Row,Block Col,K-Bound,Threads,Rows,Cols,NNZ,NNZ*2,Max Cols,Avg Cols,Col Ratio,Variance,Std Deviation
BCSR Serial,O2,2203307246.910223,2203.307247,2.203307,1374176,0.000624,0.050666,0.051290,0,10,2,2,16,-1,2003,2003,42943,85886,84,21,4.000000,197,14
BCSR Serial,O2,616796343.823180,616.796344,0.616796,1374176,0.002229,0.055684,0.057913,0,10,16,16,16,-1,2003,2003,42943,85886,84,21,4.000000,197,14
BCSR Serial,O2,6045144010.305523,6045.144010,6.045144,5496704,0.000915,0.047454,0.048369,0,10,2,2,64,-1,2003,2003,42943,85886,84,21,4.000000,197,14
BCSR Serial,O2,1427741725.490456,1427.741725,1.427742,5496704,0.004135,0.053429,0.057564,0,10,16,16,64,-1,2003,2003,42943,85886,84,21,4.000000,197,14
BCSR Serial,O2,6314613439.739655,6314.613440,6.314613,10993408,0.001743,0.057526,0.059269,0,10,2,2,128,-1,2003,2003,42943,85886,84,21,4.000000,197,14
BCSR Serial,O2,1798394565.827190,1798.394566,1.798395,10993408,0.006114,0.057908,0.064022,0,10,16,16,128,-1,2003,2003,42943,85886,84,21,4.000000,197,14
