Name,-O,FLOPS,MFLOPS,GFLOPS,FOP Count,Avg Run Time (s),Format Time (s),Total Time (s),Verification,Iters,Block Row,Block Col,K-Bound,Threads,Rows,Cols,NNZ,NNZ*2,Max Cols,Avg Cols,Col Ratio,Variance,Std Deviation
BCSR THREADS,O2,372888290.617825,372.888291,0.372888,85886,0.001007,0.050478,0.051485,0,5,2,2,16,48,2003,2003,42943,85886,84,21,4.000000,197,14
BCSR THREADS,O2,564305774.484815,564.305774,0.564306,85886,0.000989,0.057151,0.058140,0,5,4,4,16,72,2003,2003,42943,85886,84,21,4.000000,197,14
BCSR THREADS,O2,155539912.702909,155.539913,0.155540,85886,0.001428,0.063109,0.064537,0,5,16,16,16,16,2003,2003,42943,85886,84,21,4.000000,197,14
BCSR THREADS,O2,173117588.142760,173.117588,0.173118,85886,0.000510,0.057257,0.057767,0,5,2,2,64,8,2003,2003,42943,85886,84,21,4.000000,197,14
BCSR THREADS,O2,107516869.449065,107.516869,0.107517,85886,0.000814,0.069616,0.070430,0,5,4,4,64,8,2003,2003,42943,85886,84,21,4.000000,197,14
BCSR THREADS,O2,65634232.814173,65.634233,0.065634,85886,0.002667,0.072567,0.075234,0,5,16,16,64,16,2003,2003,42943,85886,84,21,4.000000,197,14
BCSR THREADS,O2,132691315.942422,132.691316,0.132691,85886,0.001252,0.064234,0.065486,0,5,2,2,128,16,2003,2003,42943,85886,84,21,4.000000,197,14
BCSR THREADS,O2,89592625.593730,89.592626,0.089593,85886,0.002398,0.070406,0.072804,0,5,4,4,128,16,2003,2003,42943,85886,84,21,4.000000,197,14
BCSR THREADS,O2,63817089.617656,63.817090,0.063817,85886,0.002129,0.079670,0.081799,0,5,16,16,128,48,2003,2003,42943,85886,84,21,4.000000,197,14
