Name,-O,FLOPS,MFLOPS,GFLOPS,FOP Count,Avg Run Time (s),Format Time (s),Total Time (s),Verification,Iters,Block Row,Block Col,K-Bound,Threads,Rows,Cols,NNZ,NNZ*2,Max Cols,Avg Cols,Col Ratio,Variance,Std Deviation
COO OMP Transpose,O2,19905154.482105,19.905154,0.019905,439624,0.044020,0.274561,0.318581,0,10,1,1,16,8,10974,10974,219812,439624,108,20,5.000000,79,8
COO OMP Transpose,O2,26620805.957911,26.620806,0.026621,439624,0.024799,0.214189,0.238988,0,10,1,1,64,8,10974,10974,219812,439624,108,20,5.000000,79,8
COO OMP Transpose,O2,21322140.772192,21.322141,0.021322,439624,0.035891,0.215832,0.251723,0,10,1,1,128,8,10974,10974,219812,439624,108,20,5.000000,79,8
COO OMP Transpose,O2,32794150.859144,32.794151,0.032794,439624,0.018715,0.217671,0.236386,0,10,1,1,16,16,10974,10974,219812,439624,108,20,5.000000,79,8
COO OMP Transpose,O2,22402818.818482,22.402819,0.022403,439624,0.035115,0.217719,0.252834,0,10,1,1,64,16,10974,10974,219812,439624,108,20,5.000000,79,8
COO OMP Transpose,O2,22126326.767146,22.126327,0.022126,439624,0.031506,0.217474,0.248980,0,10,1,1,128,16,10974,10974,219812,439624,108,20,5.000000,79,8
COO OMP Transpose,O2,33134928.791746,33.134929,0.033135,439624,0.017148,0.215125,0.232273,0,10,1,1,16,32,10974,10974,219812,439624,108,20,5.000000,79,8
COO OMP Transpose,O2,26377472.920338,26.377473,0.026377,439624,0.026837,0.217432,0.244269,0,10,1,1,64,32,10974,10974,219812,439624,108,20,5.000000,79,8
COO OMP Transpose,O2,30618846.242115,30.618846,0.030619,439624,0.019911,0.217377,0.237288,0,10,1,1,128,32,10974,10974,219812,439624,108,20,5.000000,79,8
