Name,-O,FLOPS,MFLOPS,GFLOPS,FOP Count,Avg Run Time (s),Format Time (s),Total Time (s),Verification,Iters,Block Row,Block Col,K-Bound,Threads,Rows,Cols,NNZ,NNZ*2,Max Cols,Avg Cols,Col Ratio,Variance,Std Deviation
BCSR Serial Transpose,O2,1588592.445018,1.588592,0.001589,439624,0.276755,0.660774,0.937529,16,10,2,2,16,-1,10974,10974,219812,439624,108,20,5.000000,79,8
BCSR Serial Transpose,O2,1634154.955737,1.634155,0.001634,439624,0.269043,0.662139,0.931182,16,10,4,4,16,-1,10974,10974,219812,439624,108,20,5.000000,79,8
BCSR Serial Transpose,O2,1571593.980504,1.571594,0.001572,439624,0.279749,0.684244,0.963993,16,10,16,16,16,-1,10974,10974,219812,439624,108,20,5.000000,79,8
BCSR Serial Transpose,O2,1550781.957229,1.550782,0.001551,439624,0.283505,0.662648,0.946153,64,10,2,2,64,-1,10974,10974,219812,439624,108,20,5.000000,79,8
BCSR Serial Transpose,O2,1544365.049638,1.544365,0.001544,439624,0.284680,0.667206,0.951886,64,10,4,4,64,-1,10974,10974,219812,439624,108,20,5.000000,79,8
BCSR Serial Transpose,O2,1433031.409510,1.433031,0.001433,439624,0.306796,0.680660,0.987456,64,10,16,16,64,-1,10974,10974,219812,439624,108,20,5.000000,79,8
BCSR Serial Transpose,O2,1506649.754782,1.506650,0.001507,439624,0.291800,0.662765,0.954565,128,10,2,2,128,-1,10974,10974,219812,439624,108,20,5.000000,79,8
BCSR Serial Transpose,O2,1463757.418623,1.463757,0.001464,439624,0.300356,0.663736,0.964092,128,10,4,4,128,-1,10974,10974,219812,439624,108,20,5.000000,79,8
BCSR Serial Transpose,O2,1232460.477309,1.232460,0.001232,439624,0.356715,0.684872,1.041587,128,10,16,16,128,-1,10974,10974,219812,439624,108,20,5.000000,79,8
