Name,-O,FLOPS,MFLOPS,GFLOPS,FOP Count,Avg Run Time (s),Format Time (s),Total Time (s),Verification,Iters,Block Row,Block Col,K-Bound,Threads,Rows,Cols,NNZ,NNZ*2,Max Cols,Avg Cols,Col Ratio,Variance,Std Deviation
COO GPU,O2,1020164.314336,1.020164,0.001020,439624,0.446441,0.630834,1.077275,166237,10,1,1,16,-1,10974,10974,219812,439624,108,20,5.000000,79,8
COO GPU,O2,COO GPU,O2,1272230.848974,1.272231,0.001272,439624,0.350999,0.626649,0.977647,1329386,10,1,1,128,-1,10974,10974,219812,439624,108,20,5.000000,79,8
