Name,-O,FLOPS,MFLOPS,GFLOPS,FOP Count,Avg Run Time (s),Format Time (s),Total Time (s),Verification,Iters,Block Row,Block Col,K-Bound,Threads,Rows,Cols,NNZ,NNZ*2,Max Cols,Avg Cols,Col Ratio,Variance,Std Deviation
ELL OMP,O2,1089005613.598639,1089.005614,1.089006,687088,0.003262,0.084029,0.087291,0,10,1,1,8,32,2003,2003,42943,85886,84,21,4.000000,197,14
ELL OMP,O2,1227038231.133217,1227.038231,1.227038,1374176,0.002365,0.085132,0.087497,0,10,1,1,16,32,2003,2003,42943,85886,84,21,4.000000,197,14
ELL OMP,O2,4313437583.932379,4313.437584,4.313438,5496704,0.004010,0.080631,0.084642,0,10,1,1,64,32,2003,2003,42943,85886,84,21,4.000000,197,14
ELL OMP,O2,5599712014.538361,5599.712015,5.599712,10993408,0.004380,0.054978,0.059358,0,10,1,1,128,32,2003,2003,42943,85886,84,21,4.000000,197,14
ELL OMP,O2,6702123250.457402,6702.123250,6.702123,21986816,0.005560,0.043376,0.048936,0,10,1,1,256,32,2003,2003,42943,85886,84,21,4.000000,197,14
ELL OMP,O2,10167461559.904184,10167.461560,10.167462,43973632,0.007273,0.039495,0.046768,0,10,1,1,512,32,2003,2003,42943,85886,84,21,4.000000,197,14
ELL OMP,O2,14933869847.068415,14933.869847,14.933870,88290808,0.010158,0.055008,0.065166,0,10,1,1,1028,32,2003,2003,42943,85886,84,21,4.000000,197,14
