Name,-O,FLOPS,MFLOPS,GFLOPS,FOP Count,Avg Run Time (s),Format Time (s),Total Time (s),Verification,Iters,Block Row,Block Col,K-Bound,Threads,Rows,Cols,NNZ,NNZ*2,Max Cols,Avg Cols,Col Ratio,Variance,Std Deviation
CSR OMP,O2,8076861629.694063,8076.861630,8.076862,3516992,0.002242,0.720094,0.722336,0,10,1,1,8,32,10974,10974,219812,439624,108,20,5.000000,79,8
CSR OMP,O2,15178229406.676065,15178.229407,15.178229,7033984,0.001866,0.728116,0.729982,0,10,1,1,16,32,10974,10974,219812,439624,108,20,5.000000,79,8
CSR OMP,O2,25395822174.496674,25395.822174,25.395822,28135936,0.003269,0.730219,0.733488,0,10,1,1,64,32,10974,10974,219812,439624,108,20,5.000000,79,8
CSR OMP,O2,30264154999.826660,30264.155000,30.264155,56271872,0.003680,0.743392,0.747072,0,10,1,1,128,32,10974,10974,219812,439624,108,20,5.000000,79,8
CSR OMP,O2,34704398525.229591,34704.398525,34.704399,112543744,0.004385,0.755653,0.760039,0,10,1,1,256,32,10974,10974,219812,439624,108,20,5.000000,79,8
CSR OMP,O2,41820773846.695160,41820.773847,41.820774,225087488,0.006734,0.757616,0.764350,0,10,1,1,512,32,10974,10974,219812,439624,108,20,5.000000,79,8
CSR OMP,O2,38687030601.053734,38687.030601,38.687031,451933472,0.012646,0.775691,0.788337,0,10,1,1,1028,32,10974,10974,219812,439624,108,20,5.000000,79,8
