Name,-O,FLOPS,MFLOPS,GFLOPS,FOP Count,Avg Run Time (s),Format Time (s),Total Time (s),Verification,Iters,Block Row,Block Col,K-Bound,Threads,Rows,Cols,NNZ,NNZ*2,Max Cols,Avg Cols,Col Ratio,Variance,Std Deviation
CSR Serial Transpose,O2,22003282.124870,22.003282,0.022003,85886,0.003969,0.044490,0.048459,0,10,1,1,16,-1,2003,2003,42943,85886,84,21,4.000000,197,14
CSR Serial Transpose,O2,16683672.702178,16.683673,0.016684,85886,0.005186,0.042818,0.048003,0,10,1,1,64,-1,2003,2003,42943,85886,84,21,4.000000,197,14
CSR Serial Transpose,O2,11812844.919420,11.812845,0.011813,85886,0.007295,0.044023,0.051318,0,10,1,1,128,-1,2003,2003,42943,85886,84,21,4.000000,197,14
