Name,-O,FLOPS,MFLOPS,GFLOPS,FOP Count,Avg Run Time (s),Format Time (s),Total Time (s),Verification,Iters,Block Row,Block Col,K-Bound,Threads,Rows,Cols,NNZ,NNZ*2,Max Cols,Avg Cols,Col Ratio,Variance,Std Deviation
CSR OMP,O2,514751928.132909,514.751928,0.514752,439624,0.001461,0.673460,0.674921,0,10,1,1,16,8,10974,10974,219812,439624,108,20,5.000000,79,8
CSR OMP,O2,269554742.997751,269.554743,0.269555,439624,0.002237,0.672562,0.674799,0,10,1,1,64,8,10974,10974,219812,439624,108,20,5.000000,79,8
CSR OMP,O2,150135112.343885,150.135112,0.150135,439624,0.003436,0.670297,0.673733,0,10,1,1,128,8,10974,10974,219812,439624,108,20,5.000000,79,8
CSR OMP,O2,619799903.227838,619.799903,0.619800,439624,0.002154,0.666763,0.668917,0,10,1,1,16,16,10974,10974,219812,439624,108,20,5.000000,79,8
CSR OMP,O2,275562972.099154,275.562972,0.275563,439624,0.003069,0.663588,0.666657,0,10,1,1,64,16,10974,10974,219812,439624,108,20,5.000000,79,8
CSR OMP,O2,125469104.585688,125.469105,0.125469,439624,0.004433,0.676947,0.681380,0,10,1,1,128,16,10974,10974,219812,439624,108,20,5.000000,79,8
CSR OMP,O2,1463904226.525416,1463.904227,1.463904,439624,0.003421,0.674847,0.678268,0,10,1,1,16,32,10974,10974,219812,439624,108,20,5.000000,79,8
CSR OMP,O2,181706965.889687,181.706966,0.181707,439624,0.005398,0.710295,0.715693,0,10,1,1,64,32,10974,10974,219812,439624,108,20,5.000000,79,8
CSR OMP,O2,122258912.581561,122.258913,0.122259,439624,0.005229,0.713430,0.718659,0,10,1,1,128,32,10974,10974,219812,439624,108,20,5.000000,79,8
