Name,-O,FLOPS,MFLOPS,GFLOPS,FOP Count,Avg Run Time (s),Format Time (s),Total Time (s),Verification,Iters,Block Row,Block Col,K-Bound,Threads,Rows,Cols,NNZ,NNZ*2,Max Cols,Avg Cols,Col Ratio,Variance,Std Deviation
CSR Serial,O2,123083043.123867,123.083043,0.123083,439624,0.003573,0.660205,0.663777,0,10,1,1,16,-1,10974,10974,219812,439624,108,20,5.000000,79,8
CSR Serial,O2,67955039.918886,67.955040,0.067955,439624,0.006470,0.658183,0.664653,0,10,1,1,64,-1,10974,10974,219812,439624,108,20,5.000000,79,8
CSR Serial,O2,50153434.968773,50.153435,0.050153,439624,0.008768,0.659481,0.668249,0,10,1,1,128,-1,10974,10974,219812,439624,108,20,5.000000,79,8
