Name,-O,FLOPS,MFLOPS,GFLOPS,FOP Count,Avg Run Time (s),Format Time (s),Total Time (s),Verification,Iters,Block Row,Block Col,K-Bound,Threads,Rows,Cols,NNZ,NNZ*2,Max Cols,Avg Cols,Col Ratio,Variance,Std Deviation
BCSR THREADS,O2,1788715005.766196,1788.715006,1.788715,439624,0.001362,0.233566,0.234928,16,5,2,2,16,64,10974,10974,219812,439624,108,20,5.000000,79,8
BCSR THREADS,O2,1741538843.835182,1741.538844,1.741539,439624,0.000491,0.229534,0.230025,16,5,4,4,16,32,10974,10974,219812,439624,108,20,5.000000,79,8
BCSR THREADS,O2,1217688330.703431,1217.688331,1.217688,439624,0.000501,0.243141,0.243642,16,5,16,16,16,48,10974,10974,219812,439624,108,20,5.000000,79,8
BCSR THREADS,O2,1154267644.368959,1154.267644,1.154268,439624,0.000602,0.230576,0.231178,64,5,2,2,64,32,10974,10974,219812,439624,108,20,5.000000,79,8
BCSR THREADS,O2,674423506.484129,674.423506,0.674424,439624,0.001653,0.229524,0.231177,64,5,4,4,64,48,10974,10974,219812,439624,108,20,5.000000,79,8
BCSR THREADS,O2,385677224.050493,385.677224,0.385677,439624,0.001479,0.243309,0.244788,64,5,16,16,64,48,10974,10974,219812,439624,108,20,5.000000,79,8
BCSR THREADS,O2,1116636934.918707,1116.636935,1.116637,439624,0.000556,0.227880,0.228436,128,5,2,2,128,48,10974,10974,219812,439624,108,20,5.000000,79,8
BCSR THREADS,O2,756879709.882220,756.879710,0.756880,439624,0.000813,0.228609,0.229422,128,5,4,4,128,48,10974,10974,219812,439624,108,20,5.000000,79,8
BCSR THREADS,O2,331333549.470866,331.333549,0.331334,439624,0.001539,0.244352,0.245891,128,5,16,16,128,48,10974,10974,219812,439624,108,20,5.000000,79,8
