Name,-O,FLOPS,MFLOPS,GFLOPS,FOP Count,Avg Run Time (s),Format Time (s),Total Time (s),Verification,Iters,Block Row,Block Col,K-Bound,Threads,Rows,Cols,NNZ,NNZ*2,Max Cols,Avg Cols,Col Ratio,Variance,Std Deviation
ELL OMP Transpose,O2,22788438.523334,22.788439,0.022788,85886,0.004360,0.051489,0.055849,0,10,1,1,16,8,2003,2003,42943,85886,84,21,4.000000,197,14
ELL OMP Transpose,O2,15511772.644710,15.511773,0.015512,85886,0.005930,0.049624,0.055554,0,10,1,1,64,8,2003,2003,42943,85886,84,21,4.000000,197,14
ELL OMP Transpose,O2,11577866.715916,11.577867,0.011578,85886,0.008036,0.048461,0.056497,0,10,1,1,128,8,2003,2003,42943,85886,84,21,4.000000,197,14
ELL OMP Transpose,O2,17316099.741486,17.316100,0.017316,85886,0.005983,0.050606,0.056589,0,10,1,1,16,16,2003,2003,42943,85886,84,21,4.000000,197,14
ELL OMP Transpose,O2,12998245.463615,12.998245,0.012998,85886,0.007075,0.052582,0.059657,0,10,1,1,64,16,2003,2003,42943,85886,84,21,4.000000,197,14
ELL OMP Transpose,O2,11634626.352464,11.634626,0.011635,85886,0.007884,0.050030,0.057914,0,10,1,1,128,16,2003,2003,42943,85886,84,21,4.000000,197,14
ELL OMP Transpose,O2,16435103.014978,16.435103,0.016435,85886,0.006233,0.049205,0.055438,0,10,1,1,16,32,2003,2003,42943,85886,84,21,4.000000,197,14
ELL OMP Transpose,O2,12426873.988927,12.426874,0.012427,85886,0.010408,0.051752,0.062160,0,10,1,1,64,32,2003,2003,42943,85886,84,21,4.000000,197,14
ELL OMP Transpose,O2,7142897.093734,7.142897,0.007143,85886,0.014674,0.051277,0.065951,0,10,1,1,128,32,2003,2003,42943,85886,84,21,4.000000,197,14
