Name,-O,FLOPS,MFLOPS,GFLOPS,FOP Count,Avg Run Time (s),Format Time (s),Total Time (s),Verification,Iters,Block Row,Block Col,K-Bound,Threads,Rows,Cols,NNZ,NNZ*2,Max Cols,Avg Cols,Col Ratio,Variance,Std Deviation
COO OMP Transpose,O2,57532551.693617,57.532552,0.057533,85886,0.006935,0.079185,0.086120,0,10,1,1,16,8,2003,2003,42943,85886,84,21,4.000000,197,14
COO OMP Transpose,O2,59767113.623730,59.767114,0.059767,85886,0.005004,0.046566,0.051570,0,10,1,1,64,8,2003,2003,42943,85886,84,21,4.000000,197,14
COO OMP Transpose,O2,58183021.214446,58.183021,0.058183,85886,0.005227,0.048993,0.054221,0,10,1,1,128,8,2003,2003,42943,85886,84,21,4.000000,197,14
COO OMP Transpose,O2,80232171.504202,80.232172,0.080232,85886,0.003386,0.037650,0.041036,0,10,1,1,16,16,2003,2003,42943,85886,84,21,4.000000,197,14
COO OMP Transpose,O2,54832730.815690,54.832731,0.054833,85886,0.005717,0.066377,0.072094,0,10,1,1,64,16,2003,2003,42943,85886,84,21,4.000000,197,14
COO OMP Transpose,O2,54999916.020258,54.999916,0.055000,85886,0.005821,0.053651,0.059472,0,10,1,1,128,16,2003,2003,42943,85886,84,21,4.000000,197,14
COO OMP Transpose,O2,84113546.164619,84.113546,0.084114,85886,0.003292,0.035932,0.039224,0,10,1,1,16,32,2003,2003,42943,85886,84,21,4.000000,197,14
COO OMP Transpose,O2,77103525.419444,77.103525,0.077104,85886,0.003411,0.025484,0.028895,0,10,1,1,64,32,2003,2003,42943,85886,84,21,4.000000,197,14
COO OMP Transpose,O2,77482206.668763,77.482207,0.077482,85886,0.005007,0.041137,0.046144,0,10,1,1,128,32,2003,2003,42943,85886,84,21,4.000000,197,14
