Name,-O,FLOPS,MFLOPS,GFLOPS,FOP Count,Avg Run Time (s),Format Time (s),Total Time (s),Verification,Iters,Block Row,Block Col,K-Bound,Threads,Rows,Cols,NNZ,NNZ*2,Max Cols,Avg Cols,Col Ratio,Variance,Std Deviation
ELL GPU,O2,6983234.432968,6.983234,0.006983,85886,0.030008,0.044938,0.074946,0,10,1,1,16,-1,2003,2003,42943,85886,84,21,4.000000,197,14
ELL GPU,O2,6288698.228614,6.288698,0.006289,85886,0.030829,0.044723,0.075553,0,10,1,1,64,-1,2003,2003,42943,85886,84,21,4.000000,197,14
ELL GPU,O2,2995585.539756,2.995586,0.002996,85886,0.043969,0.045197,0.089166,0,10,1,1,128,-1,2003,2003,42943,85886,84,21,4.000000,197,14
