Name,-O,FLOPS,MFLOPS,GFLOPS,FOP Count,Avg Run Time (s),Format Time (s),Total Time (s),Verification,Iters,Block Row,Block Col,K-Bound,Threads,Rows,Cols,NNZ,NNZ*2,Max Cols,Avg Cols,Col Ratio,Variance,Std Deviation
CSR Serial,O2,3690411137.995874,3690.411138,3.690411,1374176,0.000374,0.044110,0.044484,0,10,1,1,16,-1,2003,2003,42943,85886,84,21,4.000000,197,14
CSR Serial,O2,8459465101.936106,8459.465102,8.459465,5496704,0.000662,0.043828,0.044490,0,10,1,1,64,-1,2003,2003,42943,85886,84,21,4.000000,197,14
CSR Serial,O2,9996535761.436146,9996.535761,9.996536,10993408,0.001107,0.039036,0.040143,0,10,1,1,128,-1,2003,2003,42943,85886,84,21,4.000000,197,14
