Name,-O,FLOPS,MFLOPS,GFLOPS,FOP Count,Avg Run Time (s),Format Time (s),Total Time (s),Verification,Iters,Block Row,Block Col,K-Bound,Threads,Rows,Cols,NNZ,NNZ*2,Max Cols,Avg Cols,Col Ratio,Variance,Std Deviation
BCSR Serial,O2,187085253.236001,187.085253,0.187085,439624,0.002576,0.315480,0.318056,16,10,2,2,16,-1,10974,10974,219812,439624,108,20,5.000000,79,8
BCSR Serial,O2,138430134.353761,138.430134,0.138430,439624,0.003457,0.320924,0.324381,16,10,4,4,16,-1,10974,10974,219812,439624,108,20,5.000000,79,8
BCSR Serial,O2,58086474.483474,58.086474,0.058086,439624,0.007844,0.348877,0.356721,16,10,16,16,16,-1,10974,10974,219812,439624,108,20,5.000000,79,8
BCSR Serial,O2,92706400.487901,92.706400,0.092706,439624,0.004752,0.256680,0.261432,64,10,2,2,64,-1,10974,10974,219812,439624,108,20,5.000000,79,8
BCSR Serial,O2,66309093.149591,66.309093,0.066309,439624,0.006639,0.327117,0.333756,64,10,4,4,64,-1,10974,10974,219812,439624,108,20,5.000000,79,8
BCSR Serial,O2,26426161.186923,26.426161,0.026426,439624,0.016643,0.312526,0.329169,64,10,16,16,64,-1,10974,10974,219812,439624,108,20,5.000000,79,8
BCSR Serial,O2,53120936.835459,53.120937,0.053121,439624,0.008304,0.269343,0.277647,128,10,2,2,128,-1,10974,10974,219812,439624,108,20,5.000000,79,8
BCSR Serial,O2,39135429.183592,39.135429,0.039135,439624,0.011252,0.317744,0.328996,128,10,4,4,128,-1,10974,10974,219812,439624,108,20,5.000000,79,8
BCSR Serial,O2,14562746.911232,14.562747,0.014563,439624,0.030200,0.285775,0.315975,128,10,16,16,128,-1,10974,10974,219812,439624,108,20,5.000000,79,8
