Name,-O,FLOPS,MFLOPS,GFLOPS,FOP Count,Avg Run Time (s),Format Time (s),Total Time (s),Verification,Iters,Block Row,Block Col,K-Bound,Threads,Rows,Cols,NNZ,NNZ*2,Max Cols,Avg Cols,Col Ratio,Variance,Std Deviation
COO OMP Transpose,O2,3608250.167568,3.608250,0.003608,439624,0.121848,0.674485,0.796333,0,10,1,1,16,8,10974,10974,219812,439624,108,20,5.000000,79,8
COO OMP Transpose,O2,3445577.669709,3.445578,0.003446,439624,0.127606,0.673124,0.800730,0,10,1,1,64,8,10974,10974,219812,439624,108,20,5.000000,79,8
COO OMP Transpose,O2,3401577.782985,3.401578,0.003402,439624,0.129254,0.671969,0.801223,0,10,1,1,128,8,10974,10974,219812,439624,108,20,5.000000,79,8
COO OMP Transpose,O2,3640793.431088,3.640793,0.003641,439624,0.120754,0.673352,0.794106,0,10,1,1,16,16,10974,10974,219812,439624,108,20,5.000000,79,8
COO OMP Transpose,O2,3656606.007325,3.656606,0.003657,439624,0.120236,0.672731,0.792967,0,10,1,1,64,16,10974,10974,219812,439624,108,20,5.000000,79,8
COO OMP Transpose,O2,3391477.585296,3.391478,0.003391,439624,0.129639,0.671974,0.801613,0,10,1,1,128,16,10974,10974,219812,439624,108,20,5.000000,79,8
COO OMP Transpose,O2,3596733.516948,3.596734,0.003597,439624,0.122230,0.672975,0.795205,0,10,1,1,16,32,10974,10974,219812,439624,108,20,5.000000,79,8
COO OMP Transpose,O2,3602693.228031,3.602693,0.003603,439624,0.122029,0.672513,0.794542,0,10,1,1,64,32,10974,10974,219812,439624,108,20,5.000000,79,8
COO OMP Transpose,O2,3545659.709661,3.545660,0.003546,439624,0.124015,0.671316,0.795331,0,10,1,1,128,32,10974,10974,219812,439624,108,20,5.000000,79,8
