Name,-O,FLOPS,MFLOPS,GFLOPS,FOP Count,Avg Run Time (s),Format Time (s),Total Time (s),Verification,Iters,Block Row,Block Col,K-Bound,Threads,Rows,Cols,NNZ,NNZ*2,Max Cols,Avg Cols,Col Ratio,Variance,Std Deviation
BCSR OMP Transpose,O2,5067895241.310252,5067.895241,5.067895,10993408,0.002203,0.048803,0.051005,0,10,2,2,128,8,2003,2003,42943,85886,84,21,4.000000,197,14
BCSR OMP Transpose,O2,3155807791.043528,3155.807791,3.155808,10993408,0.003485,0.074539,0.078024,0,10,4,4,128,8,2003,2003,42943,85886,84,21,4.000000,197,14
BCSR OMP Transpose,O2,1233381845.879904,1233.381846,1.233382,10993408,0.009048,0.065605,0.074653,0,10,16,16,128,8,2003,2003,42943,85886,84,21,4.000000,197,14
BCSR OMP Transpose,O2,9961459631.656601,9961.459632,9.961460,10993408,0.001151,0.061681,0.062832,0,10,2,2,128,16,2003,2003,42943,85886,84,21,4.000000,197,14
BCSR OMP Transpose,O2,7535821835.911023,7535.821836,7.535822,10993408,0.001533,0.063613,0.065146,0,10,4,4,128,16,2003,2003,42943,85886,84,21,4.000000,197,14
BCSR OMP Transpose,O2,2857365356.300311,2857.365356,2.857365,10993408,0.004051,0.068410,0.072461,0,10,16,16,128,16,2003,2003,42943,85886,84,21,4.000000,197,14
BCSR OMP Transpose,O2,9425317170.508167,9425.317171,9.425317,10993408,0.001337,0.061842,0.063180,0,10,2,2,128,32,2003,2003,42943,85886,84,21,4.000000,197,14
BCSR OMP Transpose,O2,7834095605.050997,7834.095605,7.834096,10993408,0.001427,0.083055,0.084482,0,10,4,4,128,32,2003,2003,42943,85886,84,21,4.000000,197,14
BCSR OMP Transpose,O2,3693386420.698759,3693.386421,3.693386,10993408,0.003056,0.070256,0.073312,0,10,16,16,128,32,2003,2003,42943,85886,84,21,4.000000,197,14
