Name,-O,FLOPS,MFLOPS,GFLOPS,FOP Count,Avg Run Time (s),Format Time (s),Total Time (s),Verification,Iters,Block Row,Block Col,K-Bound,Threads,Rows,Cols,NNZ,NNZ*2,Max Cols,Avg Cols,Col Ratio,Variance,Std Deviation
ELL OMP Transpose,O2,3069400160.967017,3069.400161,3.069400,10993408,0.003594,0.053166,0.056760,0,10,1,1,128,8,2003,2003,42943,85886,84,21,4.000000,197,14
ELL OMP Transpose,O2,5355063438.606544,5355.063439,5.355063,10993408,0.002226,0.059841,0.062067,0,10,1,1,128,16,2003,2003,42943,85886,84,21,4.000000,197,14
ELL OMP Transpose,O2,6383972833.595779,6383.972834,6.383973,10993408,0.001794,0.060159,0.061953,0,10,1,1,128,32,2003,2003,42943,85886,84,21,4.000000,197,14
