Name,-O,FLOPS,MFLOPS,GFLOPS,FOP Count,Avg Run Time (s),Format Time (s),Total Time (s),Verification,Iters,Block Row,Block Col,K-Bound,Threads,Rows,Cols,NNZ,NNZ*2,Max Cols,Avg Cols,Col Ratio,Variance,Std Deviation
CSR GPU,O2,464126706.711904,464.126707,0.464127,439624,0.001047,0.677678,0.678725,0,10,1,1,16,-1,10974,10974,219812,439624,108,20,5.000000,79,8
CSR GPU,O2,227259872.695085,227.259873,0.227260,439624,0.002008,0.670267,0.672275,0,10,1,1,64,-1,10974,10974,219812,439624,108,20,5.000000,79,8
CSR GPU,O2,143486525.149025,143.486525,0.143487,439624,0.003109,0.671060,0.674169,0,10,1,1,128,-1,10974,10974,219812,439624,108,20,5.000000,79,8
