Name,-O,FLOPS,MFLOPS,GFLOPS,FOP Count,Avg Run Time (s),Format Time (s),Total Time (s),Verification,Iters,Block Row,Block Col,K-Bound,Threads,Rows,Cols,NNZ,NNZ*2,Max Cols,Avg Cols,Col Ratio,Variance,Std Deviation
COO THREADS,O2,1054441325.279504,1054.441325,1.054441,439624,0.006715,0.669331,0.676046,0,5,1,1,16,72,10974,10974,219812,439624,108,20,5.000000,79,8
COO THREADS,O2,255045625.934476,255.045626,0.255046,439624,0.006112,0.713431,0.719543,0,5,1,1,64,72,10974,10974,219812,439624,108,20,5.000000,79,8
COO THREADS,O2,203724784.387628,203.724784,0.203725,439624,0.002615,0.713552,0.716167,0,5,1,1,128,8,10974,10974,219812,439624,108,20,5.000000,79,8
