Name,-O,FLOPS,MFLOPS,GFLOPS,FOP Count,Avg Run Time (s),Format Time (s),Total Time (s),Verification,Iters,Block Row,Block Col,K-Bound,Threads,Rows,Cols,NNZ,NNZ*2,Max Cols,Avg Cols,Col Ratio,Variance,Std Deviation
CSR OMP,O2,518569770.716602,518.569771,0.518570,439624,0.001469,0.659417,0.660886,0,10,1,1,16,8,10974,10974,219812,439624,108,20,5.000000,79,8
CSR OMP,O2,231334341.836469,231.334342,0.231334,439624,0.002509,0.664331,0.666840,0,10,1,1,64,8,10974,10974,219812,439624,108,20,5.000000,79,8
CSR OMP,O2,222581216.874608,222.581217,0.222581,439624,0.002788,0.652755,0.655543,0,10,1,1,128,8,10974,10974,219812,439624,108,20,5.000000,79,8
CSR OMP,O2,697605139.713743,697.605140,0.697605,439624,0.001313,0.693479,0.694792,0,10,1,1,16,16,10974,10974,219812,439624,108,20,5.000000,79,8
CSR OMP,O2,310221049.905415,310.221050,0.310221,439624,0.002464,0.649812,0.652276,0,10,1,1,64,16,10974,10974,219812,439624,108,20,5.000000,79,8
CSR OMP,O2,241463195.233601,241.463195,0.241463,439624,0.003405,0.652795,0.656200,0,10,1,1,128,16,10974,10974,219812,439624,108,20,5.000000,79,8
CSR OMP,O2,518557070.229197,518.557070,0.518557,439624,0.001891,0.662516,0.664407,0,10,1,1,16,32,10974,10974,219812,439624,108,20,5.000000,79,8
CSR OMP,O2,189612065.886481,189.612066,0.189612,439624,0.004060,0.652748,0.656808,0,10,1,1,64,32,10974,10974,219812,439624,108,20,5.000000,79,8
CSR OMP,O2,151916850.453164,151.916850,0.151917,439624,0.004144,0.664550,0.668694,0,10,1,1,128,32,10974,10974,219812,439624,108,20,5.000000,79,8
