Name,-O,FLOPS,MFLOPS,GFLOPS,FOP Count,Avg Run Time (s),Format Time (s),Total Time (s),Verification,Iters,Block Row,Block Col,K-Bound,Threads,Rows,Cols,NNZ,NNZ*2,Max Cols,Avg Cols,Col Ratio,Variance,Std Deviation
COO GPU Transpose,O2,29247936.235712,29.247936,0.029248,439624,0.025965,0.280710,0.306675,0,10,1,1,16,-1,10974,10974,219812,439624,108,20,5.000000,79,8
COO GPU Transpose,O2,22818240.117814,22.818240,0.022818,439624,0.031526,0.218521,0.250047,0,10,1,1,64,-1,10974,10974,219812,439624,108,20,5.000000,79,8
COO GPU Transpose,O2,23936125.325520,23.936125,0.023936,439624,0.028799,0.216833,0.245632,0,10,1,1,128,-1,10974,10974,219812,439624,108,20,5.000000,79,8
