Name,-O,FLOPS,MFLOPS,GFLOPS,FOP Count,Avg Run Time (s),Format Time (s),Total Time (s),Verification,Iters,Block Row,Block Col,K-Bound,Threads,Rows,Cols,NNZ,NNZ*2,Max Cols,Avg Cols,Col Ratio,Variance,Std Deviation
ELL Serial Transpose,O2,1706483.362561,1.706483,0.001706,439624,0.257620,0.252774,0.510394,0,10,1,1,16,-1,10974,10974,219812,439624,108,20,5.000000,79,8
ELL Serial Transpose,O2,1535741.313834,1.535741,0.001536,439624,0.286262,0.338207,0.624469,0,10,1,1,64,-1,10974,10974,219812,439624,108,20,5.000000,79,8
ELL Serial Transpose,O2,1304186.838525,1.304187,0.001304,439624,0.337087,0.307659,0.644746,0,10,1,1,128,-1,10974,10974,219812,439624,108,20,5.000000,79,8
