Name,-O,FLOPS,MFLOPS,GFLOPS,FOP Count,Avg Run Time (s),Format Time (s),Total Time (s),Verification,Iters,Block Row,Block Col,K-Bound,Threads,Rows,Cols,NNZ,NNZ*2,Max Cols,Avg Cols,Col Ratio,Variance,Std Deviation
CSR OMP,O2,1507672950.372109,1507.672950,1.507673,439624,0.001681,0.316478,0.318159,0,10,1,1,16,8,10974,10974,219812,439624,108,20,5.000000,79,8
CSR OMP,O2,411321416.915194,411.321417,0.411321,439624,0.002903,0.215393,0.218296,0,10,1,1,64,8,10974,10974,219812,439624,108,20,5.000000,79,8
CSR OMP,O2,268829425.553551,268.829426,0.268829,439624,0.004116,0.255766,0.259882,0,10,1,1,128,8,10974,10974,219812,439624,108,20,5.000000,79,8
CSR OMP,O2,2315220160.063550,2315.220160,2.315220,439624,0.001847,0.214925,0.216772,0,10,1,1,16,16,10974,10974,219812,439624,108,20,5.000000,79,8
CSR OMP,O2,865580514.663575,865.580515,0.865581,439624,0.002666,0.251192,0.253858,0,10,1,1,64,16,10974,10974,219812,439624,108,20,5.000000,79,8
CSR OMP,O2,420032407.847465,420.032408,0.420032,439624,0.002765,0.232604,0.235369,0,10,1,1,128,16,10974,10974,219812,439624,108,20,5.000000,79,8
CSR OMP,O2,4361312778.758560,4361.312779,4.361313,439624,0.001496,0.219337,0.220833,0,10,1,1,16,32,10974,10974,219812,439624,108,20,5.000000,79,8
CSR OMP,O2,1658010074.980995,1658.010075,1.658010,439624,0.002372,0.223392,0.225764,0,10,1,1,64,32,10974,10974,219812,439624,108,20,5.000000,79,8
CSR OMP,O2,890760192.512674,890.760193,0.890760,439624,0.002067,0.211101,0.213168,0,10,1,1,128,32,10974,10974,219812,439624,108,20,5.000000,79,8
