Name,GFLOPS,FOP Count,Avg Run Time (s),Format Time (s),Total Time (s),Verification,Iters,Block Row,Block Col,K-Bound,Threads,Rows,Cols,NNZ,NNZ*2,Max Cols,Avg Cols,Variance,Std Deviation
COO Serial,0.144202,439624,0.003050,0.686693,0.689743,0,10,1,1,16,-1,10974,10974,219812,439624,108,20,79,8
CSR Serial,0.138809,439624,0.003170,0.679126,0.682296,0,10,1,1,16,-1,10974,10974,219812,439624,108,20,79,8
ELL Serial,0.316688,2370384,0.007485,0.721539,0.729024,0,10,1,1,16,-1,10974,10974,219812,439624,108,20,79,8
BCSR Serial,0.146003,523592,0.003587,6.175621,6.179207,0,10,2,2,16,-1,10974,10974,219812,439624,108,20,79,8
BCSR Serial,0.195250,771328,0.003951,6.517413,6.521363,0,10,4,4,16,-1,10974,10974,219812,439624,108,20,79,8
