Name,-O,FLOPS,MFLOPS,GFLOPS,FOP Count,Avg Run Time (s),Format Time (s),Total Time (s),Verification,Iters,Block Row,Block Col,K-Bound,Threads,Rows,Cols,NNZ,NNZ*2,Max Cols,Avg Cols,Col Ratio,Variance,Std Deviation
ELL GPU,O2,529100027.472605,529.100027,0.529100,1374176,0.008860,0.054591,0.063451,0,10,1,1,16,-1,2003,2003,42943,85886,84,21,4.000000,197,14
ELL GPU,O2,1633225951.106350,1633.225951,1.633226,5496704,0.008762,0.059928,0.068690,0,10,1,1,64,-1,2003,2003,42943,85886,84,21,4.000000,197,14
ELL GPU,O2,4622396094.197160,4622.396094,4.622396,10993408,0.010923,0.073326,0.084249,0,10,1,1,128,-1,2003,2003,42943,85886,84,21,4.000000,197,14
