Name,-O,FLOPS,MFLOPS,GFLOPS,FOP Count,Avg Run Time (s),Format Time (s),Total Time (s),Verification,Iters,Block Row,Block Col,K-Bound,Threads,Rows,Cols,NNZ,NNZ*2,Max Cols,Avg Cols,Col Ratio,Variance,Std Deviation
ELL OMP,O2,inf,inf,inf,3516992,0.000000,0.326733,0.326733,87791,10,1,1,8,32,10974,10974,219812,439624,108,20,5.000000,79,8
ELL OMP,O2,19002000572.175308,19002.000572,19.002001,7033984,0.003885,0.288243,0.292128,0,10,1,1,16,32,10974,10974,219812,439624,108,20,5.000000,79,8
ELL OMP,O2,32521297625.825714,32521.297626,32.521298,28135936,0.003728,0.283478,0.287206,0,10,1,1,64,32,10974,10974,219812,439624,108,20,5.000000,79,8
ELL OMP,O2,29626639622.704784,29626.639623,29.626640,56271872,0.004507,0.235986,0.240493,0,10,1,1,128,32,10974,10974,219812,439624,108,20,5.000000,79,8
ELL OMP,O2,inf,inf,inf,112543744,0.000000,0.235245,0.235245,2809343,10,1,1,256,32,10974,10974,219812,439624,108,20,5.000000,79,8
ELL OMP,O2,inf,inf,inf,225087488,0.000000,0.249125,0.249125,5618687,10,1,1,512,32,10974,10974,219812,439624,108,20,5.000000,79,8
ELL OMP,O2,inf,inf,inf,451933472,0.000000,0.325412,0.325412,11281271,10,1,1,1028,32,10974,10974,219812,439624,108,20,5.000000,79,8
