Name,-O,FLOPS,MFLOPS,GFLOPS,FOP Count,Avg Run Time (s),Format Time (s),Total Time (s),Verification,Iters,Block Row,Block Col,K-Bound,Threads,Rows,Cols,NNZ,NNZ*2,Max Cols,Avg Cols,Col Ratio,Variance,Std Deviation
ELL OMP,O2,3160265154.975419,3160.265155,3.160265,1374176,0.001176,0.051000,0.052176,0,10,1,1,16,8,2003,2003,42943,85886,84,21,4.000000,197,14
ELL OMP,O2,9683791507.868872,9683.791508,9.683792,5496704,0.001161,0.060549,0.061710,0,10,1,1,64,8,2003,2003,42943,85886,84,21,4.000000,197,14
ELL OMP,O2,10859703007.139423,10859.703007,10.859703,10993408,0.001625,0.063724,0.065350,0,10,1,1,128,8,2003,2003,42943,85886,84,21,4.000000,197,14
ELL OMP,O2,3360686210.849231,3360.686211,3.360686,1374176,0.001465,0.062857,0.064322,0,10,1,1,16,16,2003,2003,42943,85886,84,21,4.000000,197,14
ELL OMP,O2,10491915179.395834,10491.915179,10.491915,5496704,0.001528,0.064708,0.066236,0,10,1,1,64,16,2003,2003,42943,85886,84,21,4.000000,197,14
ELL OMP,O2,16971284583.489162,16971.284583,16.971285,10993408,0.001535,0.063551,0.065086,0,10,1,1,128,16,2003,2003,42943,85886,84,21,4.000000,197,14
ELL OMP,O2,3557270898.999517,3557.270899,3.557271,1374176,0.002250,0.063956,0.066206,0,10,1,1,16,32,2003,2003,42943,85886,84,21,4.000000,197,14
ELL OMP,O2,2459422215.183751,2459.422215,2.459422,5496704,0.005103,0.062038,0.067142,0,10,1,1,64,32,2003,2003,42943,85886,84,21,4.000000,197,14
ELL OMP,O2,12107773835.945698,12107.773836,12.107774,10993408,0.003717,0.062313,0.066030,0,10,1,1,128,32,2003,2003,42943,85886,84,21,4.000000,197,14
