Name,-O,FLOPS,MFLOPS,GFLOPS,FOP Count,Avg Run Time (s),Format Time (s),Total Time (s),Verification,Iters,Block Row,Block Col,K-Bound,Threads,Rows,Cols,NNZ,NNZ*2,Max Cols,Avg Cols,Col Ratio,Variance,Std Deviation
CSR GPU,O2,686961.421621,0.686961,0.000687,439624,0.643140,0.697216,1.340356,0,10,1,1,16,-1,10974,10974,219812,439624,108,20,5.000000,79,8
CSR GPU,O2,702943.624175,0.702944,0.000703,439624,0.633151,0.692235,1.325386,0,10,1,1,64,-1,10974,10974,219812,439624,108,20,5.000000,79,8
CSR GPU,O2,1802899.976801,1.802900,0.001803,439624,0.250828,0.704131,0.954959,0,10,1,1,128,-1,10974,10974,219812,439624,108,20,5.000000,79,8
