Name,-O,FLOPS,MFLOPS,GFLOPS,FOP Count,Avg Run Time (s),Format Time (s),Total Time (s),Verification,Iters,Block Row,Block Col,K-Bound,Threads,Rows,Cols,NNZ,NNZ*2,Max Cols,Avg Cols,Col Ratio,Variance,Std Deviation
CSR OMP,O2,inf,inf,inf,687088,0.000000,0.051394,0.051394,16023,10,1,1,8,32,2003,2003,42943,85886,84,21,4.000000,197,14
CSR OMP,O2,11421831901.217007,11421.831901,11.421832,1374176,0.001967,0.037787,0.039754,0,10,1,1,16,32,2003,2003,42943,85886,84,21,4.000000,197,14
CSR OMP,O2,1810230511.088578,1810.230511,1.810231,5496704,0.006722,0.049066,0.055788,0,10,1,1,64,32,2003,2003,42943,85886,84,21,4.000000,197,14
CSR OMP,O2,19460530756.781227,19460.530757,19.460531,10993408,0.002269,0.067988,0.070257,0,10,1,1,128,32,2003,2003,42943,85886,84,21,4.000000,197,14
CSR OMP,O2,inf,inf,inf,21986816,0.000000,0.051943,0.051943,512767,10,1,1,256,32,2003,2003,42943,85886,84,21,4.000000,197,14
CSR OMP,O2,inf,inf,inf,43973632,0.000000,0.046110,0.046110,1025535,10,1,1,512,32,2003,2003,42943,85886,84,21,4.000000,197,14
CSR OMP,O2,inf,inf,inf,88290808,0.000000,0.048100,0.048100,2059083,10,1,1,1028,32,2003,2003,42943,85886,84,21,4.000000,197,14
