Name,-O,FLOPS,MFLOPS,GFLOPS,FOP Count,Avg Run Time (s),Format Time (s),Total Time (s),Verification,Iters,Block Row,Block Col,K-Bound,Threads,Rows,Cols,NNZ,NNZ*2,Max Cols,Avg Cols,Col Ratio,Variance,Std Deviation
ELL GPU,O2,7731150220.879450,7731.150221,7.731150,7033984,0.010335,0.764911,0.775246,0,10,1,1,16,-1,10974,10974,219812,439624,108,20,5.000000,79,8
ELL GPU,O2,14556124700.251057,14556.124700,14.556125,28135936,0.009979,0.788940,0.798919,0,10,1,1,64,-1,10974,10974,219812,439624,108,20,5.000000,79,8
ELL GPU,O2,14564337438.771078,14564.337439,14.564337,56271872,0.011978,0.806246,0.818224,0,10,1,1,128,-1,10974,10974,219812,439624,108,20,5.000000,79,8
