Name,-O,FLOPS,MFLOPS,GFLOPS,FOP Count,Avg Run Time (s),Format Time (s),Total Time (s),Verification,Iters,Block Row,Block Col,K-Bound,Threads,Rows,Cols,NNZ,NNZ*2,Max Cols,Avg Cols,Col Ratio,Variance,Std Deviation
BCSR Serial,O2,1478547695.138657,1478.547695,1.478548,1374176,0.001020,0.051850,0.052870,0,10,4,4,16,-1,2003,2003,42943,85886,84,21,4.000000,197,14
BCSR Serial,O2,3863992457.464621,3863.992457,3.863992,5496704,0.001427,0.048523,0.049950,0,10,4,4,64,-1,2003,2003,42943,85886,84,21,4.000000,197,14
BCSR Serial,O2,4495732571.834693,4495.732572,4.495733,10993408,0.002471,0.051092,0.053562,0,10,4,4,128,-1,2003,2003,42943,85886,84,21,4.000000,197,14
