Name,-O,FLOPS,MFLOPS,GFLOPS,FOP Count,Avg Run Time (s),Format Time (s),Total Time (s),Verification,Iters,Block Row,Block Col,K-Bound,Threads,Rows,Cols,NNZ,NNZ*2,Max Cols,Avg Cols,Col Ratio,Variance,Std Deviation
BCSR Serial Transpose,O2,21037432.858013,21.037433,0.021037,85886,0.004184,0.082235,0.086419,0,10,2,2,16,-1,2003,2003,42943,85886,84,21,4.000000,197,14
BCSR Serial Transpose,O2,18761580.177990,18.761580,0.018762,85886,0.004688,0.085636,0.090324,0,10,4,4,16,-1,2003,2003,42943,85886,84,21,4.000000,197,14
BCSR Serial Transpose,O2,16234758.520938,16.234759,0.016235,85886,0.005415,0.058343,0.063758,0,10,16,16,16,-1,2003,2003,42943,85886,84,21,4.000000,197,14
BCSR Serial Transpose,O2,15817942.633401,15.817943,0.015818,85886,0.005580,0.059923,0.065503,0,10,2,2,64,-1,2003,2003,42943,85886,84,21,4.000000,197,14
BCSR Serial Transpose,O2,12228352.767384,12.228353,0.012228,85886,0.007298,0.084003,0.091301,0,10,4,4,64,-1,2003,2003,42943,85886,84,21,4.000000,197,14
BCSR Serial Transpose,O2,7569892.005571,7.569892,0.007570,85886,0.011872,0.095041,0.106913,0,10,16,16,64,-1,2003,2003,42943,85886,84,21,4.000000,197,14
BCSR Serial Transpose,O2,12701470.341928,12.701470,0.012701,85886,0.006863,0.038854,0.045717,0,10,2,2,128,-1,2003,2003,42943,85886,84,21,4.000000,197,14
BCSR Serial Transpose,O2,8595297.486008,8.595297,0.008595,85886,0.010565,0.096619,0.107184,0,10,4,4,128,-1,2003,2003,42943,85886,84,21,4.000000,197,14
BCSR Serial Transpose,O2,4584223.798536,4.584224,0.004584,85886,0.019333,0.093397,0.112729,0,10,16,16,128,-1,2003,2003,42943,85886,84,21,4.000000,197,14
