Name,-O,FLOPS,MFLOPS,GFLOPS,FOP Count,Avg Run Time (s),Format Time (s),Total Time (s),Verification,Iters,Block Row,Block Col,K-Bound,Threads,Rows,Cols,NNZ,NNZ*2,Max Cols,Avg Cols,Col Ratio,Variance,Std Deviation
CSR OMP,O2,452601148.528123,452.601149,0.452601,439624,0.001011,0.681248,0.682260,0,10,1,1,16,8,10974,10974,219812,439624,108,20,5.000000,79,8
CSR OMP,O2,254173703.898989,254.173704,0.254174,439624,0.001756,0.673397,0.675153,0,10,1,1,64,8,10974,10974,219812,439624,108,20,5.000000,79,8
CSR OMP,O2,156397385.035096,156.397385,0.156397,439624,0.002820,0.682086,0.684906,0,10,1,1,128,8,10974,10974,219812,439624,108,20,5.000000,79,8
CSR OMP,O2,486952139.848210,486.952140,0.486952,439624,0.001030,0.676650,0.677680,0,10,1,1,16,16,10974,10974,219812,439624,108,20,5.000000,79,8
CSR OMP,O2,198855180.525193,198.855181,0.198855,439624,0.002333,0.680875,0.683208,0,10,1,1,64,16,10974,10974,219812,439624,108,20,5.000000,79,8
CSR OMP,O2,135744226.248344,135.744226,0.135744,439624,0.003286,0.681549,0.684836,0,10,1,1,128,16,10974,10974,219812,439624,108,20,5.000000,79,8
CSR OMP,O2,271081472.448869,271.081472,0.271081,439624,0.005654,0.676881,0.682535,0,10,1,1,16,32,10974,10974,219812,439624,108,20,5.000000,79,8
CSR OMP,O2,89762686.850827,89.762687,0.089763,439624,0.007594,0.679916,0.687510,0,10,1,1,64,32,10974,10974,219812,439624,108,20,5.000000,79,8
CSR OMP,O2,73122959.741111,73.122960,0.073123,439624,0.009204,0.673565,0.682769,0,10,1,1,128,32,10974,10974,219812,439624,108,20,5.000000,79,8
