Name,-O,FLOPS,MFLOPS,GFLOPS,FOP Count,Avg Run Time (s),Format Time (s),Total Time (s),Verification,Iters,Block Row,Block Col,K-Bound,Threads,Rows,Cols,NNZ,NNZ*2,Max Cols,Avg Cols,Col Ratio,Variance,Std Deviation
BCSR GPU,O2,637113094.256645,637.113094,0.637113,523592,0.000971,6.253562,6.254533,0,10,2,2,16,-1,10974,10974,219812,439624,108,20,5.000000,79,8
BCSR GPU,O2,918501930.258331,918.501930,0.918502,771328,0.000912,6.633427,6.634339,0,10,4,4,16,-1,10974,10974,219812,439624,108,20,5.000000,79,8
