Name,-O,FLOPS,MFLOPS,GFLOPS,FOP Count,Avg Run Time (s),Format Time (s),Total Time (s),Verification,Iters,Block Row,Block Col,K-Bound,Threads,Rows,Cols,NNZ,NNZ*2,Max Cols,Avg Cols,Col Ratio,Variance,Std Deviation
ELL THREADS,O2,568643966.662803,568.643967,0.568644,439624,0.002404,0.711027,0.713431,0,5,1,1,16,72,10974,10974,219812,439624,108,20,5.000000,79,8
ELL THREADS,O2,299340155.472398,299.340155,0.299340,439624,0.003169,0.721300,0.724469,0,5,1,1,64,64,10974,10974,219812,439624,108,20,5.000000,79,8
ELL THREADS,O2,170722381.238159,170.722381,0.170722,439624,0.003997,0.746269,0.750266,0,5,1,1,128,48,10974,10974,219812,439624,108,20,5.000000,79,8
