Name,-O,FLOPS,MFLOPS,GFLOPS,FOP Count,Avg Run Time (s),Format Time (s),Total Time (s),Verification,Iters,Block Row,Block Col,K-Bound,Threads,Rows,Cols,NNZ,NNZ*2,Max Cols,Avg Cols,Col Ratio,Variance,Std Deviation
BCSR OMP,O2,inf,inf,inf,3516992,0.000000,0.697852,0.697852,87791,10,4,4,8,32,10974,10974,219812,439624,108,20,5.000000,79,8
BCSR OMP,O2,460988052.460046,460.988052,0.460988,7033984,0.050216,0.691735,0.741951,16,10,4,4,16,32,10974,10974,219812,439624,108,20,5.000000,79,8
BCSR OMP,O2,1740650511.315732,1740.650511,1.740651,28135936,0.060849,0.738113,0.798962,64,10,4,4,64,32,10974,10974,219812,439624,108,20,5.000000,79,8
BCSR OMP,O2,3315621640.132737,3315.621640,3.315622,56271872,0.044306,0.751333,0.795639,128,10,4,4,128,32,10974,10974,219812,439624,108,20,5.000000,79,8
BCSR OMP,O2,inf,inf,inf,112543744,0.000000,0.752660,0.752660,2809343,10,4,4,256,32,10974,10974,219812,439624,108,20,5.000000,79,8
BCSR OMP,O2,inf,inf,inf,225087488,0.000000,0.701884,0.701884,5618687,10,4,4,512,32,10974,10974,219812,439624,108,20,5.000000,79,8
BCSR OMP,O2,inf,inf,inf,451933472,0.000000,0.696889,0.696889,11281271,10,4,4,1028,32,10974,10974,219812,439624,108,20,5.000000,79,8
