Name,-O,FLOPS,MFLOPS,GFLOPS,FOP Count,Avg Run Time (s),Format Time (s),Total Time (s),Verification,Iters,Block Row,Block Col,K-Bound,Threads,Rows,Cols,NNZ,NNZ*2,Max Cols,Avg Cols,Col Ratio,Variance,Std Deviation
COO GPU,O2,377928227.008713,377.928227,0.377928,439624,0.001489,1.117400,1.118889,0,10,1,1,16,-1,10974,10974,219812,439624,108,20,5.000000,79,8
COO GPU,O2,209659988.397274,209.659988,0.209660,439624,0.003389,1.105421,1.108810,0,10,1,1,64,-1,10974,10974,219812,439624,108,20,5.000000,79,8
COO GPU,O2,123158335.473111,123.158335,0.123158,439624,0.003961,1.101057,1.105018,0,10,1,1,128,-1,10974,10974,219812,439624,108,20,5.000000,79,8
