Name,-O,FLOPS,MFLOPS,GFLOPS,FOP Count,Avg Run Time (s),Format Time (s),Total Time (s),Verification,Iters,Block Row,Block Col,K-Bound,Threads,Rows,Cols,NNZ,NNZ*2,Max Cols,Avg Cols,Col Ratio,Variance,Std Deviation
COO Serial Transpose,O2,1840597.039146,1.840597,0.001841,439624,0.238849,0.317817,0.556666,0,10,1,1,16,-1,10974,10974,219812,439624,108,20,5.000000,79,8
COO Serial Transpose,O2,1769678.945262,1.769679,0.001770,439624,0.248421,0.312296,0.560717,0,10,1,1,64,-1,10974,10974,219812,439624,108,20,5.000000,79,8
COO Serial Transpose,O2,1752112.575134,1.752113,0.001752,439624,0.250911,0.321745,0.572656,0,10,1,1,128,-1,10974,10974,219812,439624,108,20,5.000000,79,8
