Name,-O,FLOPS,MFLOPS,GFLOPS,FOP Count,Avg Run Time (s),Format Time (s),Total Time (s),Verification,Iters,Block Row,Block Col,K-Bound,Threads,Rows,Cols,NNZ,NNZ*2,Max Cols,Avg Cols,Col Ratio,Variance,Std Deviation
CSR OMP,O2,inf,inf,inf,3516992,0.000000,0.668347,0.668347,87791,10,1,1,8,32,10974,10974,219812,439624,108,20,5.000000,79,8
CSR OMP,O2,12628966312.588079,12628.966313,12.628966,7033984,0.002247,0.663750,0.665997,0,10,1,1,16,32,10974,10974,219812,439624,108,20,5.000000,79,8
CSR OMP,O2,20834524183.148701,20834.524183,20.834524,28135936,0.002754,0.706615,0.709369,0,10,1,1,64,32,10974,10974,219812,439624,108,20,5.000000,79,8
CSR OMP,O2,31200341151.705090,31200.341152,31.200341,56271872,0.003106,0.723944,0.727050,0,10,1,1,128,32,10974,10974,219812,439624,108,20,5.000000,79,8
CSR OMP,O2,inf,inf,inf,112543744,0.000000,0.738409,0.738409,2809343,10,1,1,256,32,10974,10974,219812,439624,108,20,5.000000,79,8
CSR OMP,O2,inf,inf,inf,225087488,0.000000,0.669184,0.669184,5618687,10,1,1,512,32,10974,10974,219812,439624,108,20,5.000000,79,8
CSR OMP,O2,inf,inf,inf,451933472,0.000000,0.668606,0.668606,11281271,10,1,1,1028,32,10974,10974,219812,439624,108,20,5.000000,79,8
