Name,-O,FLOPS,MFLOPS,GFLOPS,FOP Count,Avg Run Time (s),Format Time (s),Total Time (s),Verification,Iters,Block Row,Block Col,K-Bound,Threads,Rows,Cols,NNZ,NNZ*2,Max Cols,Avg Cols,Col Ratio,Variance,Std Deviation
COO OMP Transpose,O2,6884198837.640521,6884.198838,6.884199,10993408,0.002211,0.079829,0.082040,0,10,1,1,128,8,2003,2003,42943,85886,84,21,4.000000,197,14
COO OMP Transpose,O2,11498688747.812975,11498.688748,11.498689,10993408,0.001407,0.037337,0.038744,0,10,1,1,128,16,2003,2003,42943,85886,84,21,4.000000,197,14
COO OMP Transpose,O2,13721546441.437632,13721.546441,13.721546,10993408,0.001137,0.078686,0.079823,0,10,1,1,128,32,2003,2003,42943,85886,84,21,4.000000,197,14
