Name,-O,FLOPS,MFLOPS,GFLOPS,FOP Count,Avg Run Time (s),Format Time (s),Total Time (s),Verification,Iters,Block Row,Block Col,K-Bound,Threads,Rows,Cols,NNZ,NNZ*2,Max Cols,Avg Cols,Col Ratio,Variance,Std Deviation
CSR Serial,O2,277146258.765308,277.146259,0.277146,85886,0.000317,0.042435,0.042752,0,10,1,1,16,-1,2003,2003,42943,85886,84,21,4.000000,197,14
CSR Serial,O2,127805083.730027,127.805084,0.127805,85886,0.000681,0.043409,0.044090,0,10,1,1,64,-1,2003,2003,42943,85886,84,21,4.000000,197,14
CSR Serial,O2,77839929.213811,77.839929,0.077840,85886,0.001108,0.041674,0.042782,0,10,1,1,128,-1,2003,2003,42943,85886,84,21,4.000000,197,14
