Name,-O,FLOPS,MFLOPS,GFLOPS,FOP Count,Avg Run Time (s),Format Time (s),Total Time (s),Verification,Iters,Block Row,Block Col,K-Bound,Threads,Rows,Cols,NNZ,NNZ*2,Max Cols,Avg Cols,Col Ratio,Variance,Std Deviation
ELL OMP,O2,316081497.364727,316.081497,0.316081,85886,0.000858,0.051265,0.052123,0,10,1,1,16,8,2003,2003,42943,85886,84,21,4.000000,197,14
ELL OMP,O2,124749388.038805,124.749388,0.124749,85886,0.001351,0.055331,0.056682,0,10,1,1,64,8,2003,2003,42943,85886,84,21,4.000000,197,14
ELL OMP,O2,81991265.158644,81.991265,0.081991,85886,0.001726,0.056115,0.057841,0,10,1,1,128,8,2003,2003,42943,85886,84,21,4.000000,197,14
ELL OMP,O2,565784926.705965,565.784927,0.565785,85886,0.000944,0.055748,0.056692,0,10,1,1,16,16,2003,2003,42943,85886,84,21,4.000000,197,14
ELL OMP,O2,211373455.650140,211.373456,0.211373,85886,0.001216,0.056132,0.057348,0,10,1,1,64,16,2003,2003,42943,85886,84,21,4.000000,197,14
ELL OMP,O2,131462145.084480,131.462145,0.131462,85886,0.001493,0.056232,0.057725,0,10,1,1,128,16,2003,2003,42943,85886,84,21,4.000000,197,14
ELL OMP,O2,143900331.283699,143.900331,0.143900,85886,0.003928,0.057353,0.061281,0,10,1,1,16,32,2003,2003,42943,85886,84,21,4.000000,197,14
ELL OMP,O2,118371457.914426,118.371458,0.118371,85886,0.004862,0.058348,0.063210,0,10,1,1,64,32,2003,2003,42943,85886,84,21,4.000000,197,14
ELL OMP,O2,110459768.355316,110.459768,0.110460,85886,0.002099,0.057616,0.059715,0,10,1,1,128,32,2003,2003,42943,85886,84,21,4.000000,197,14
