Name,-O,FLOPS,MFLOPS,GFLOPS,FOP Count,Avg Run Time (s),Format Time (s),Total Time (s),Verification,Iters,Block Row,Block Col,K-Bound,Threads,Rows,Cols,NNZ,NNZ*2,Max Cols,Avg Cols,Col Ratio,Variance,Std Deviation
BCSR Serial Transpose,O2,2021625330.584611,2021.625331,2.021625,56271872,0.027838,0.224652,0.252490,128,10,2,2,128,-1,10974,10974,219812,439624,108,20,5.000000,79,8
BCSR Serial Transpose,O2,1746262346.618122,1746.262347,1.746262,56271872,0.032309,0.267816,0.300125,128,10,4,4,128,-1,10974,10974,219812,439624,108,20,5.000000,79,8
BCSR Serial Transpose,O2,708356614.181681,708.356614,0.708357,56271872,0.079442,0.257977,0.337419,128,10,16,16,128,-1,10974,10974,219812,439624,108,20,5.000000,79,8
