Name,-O,FLOPS,MFLOPS,GFLOPS,FOP Count,Avg Run Time (s),Format Time (s),Total Time (s),Verification,Iters,Block Row,Block Col,K-Bound,Threads,Rows,Cols,NNZ,NNZ*2,Max Cols,Avg Cols,Col Ratio,Variance,Std Deviation
BCSR OMP Transpose,O2,9564846251.682648,9564.846252,9.564846,56271872,0.006340,0.732376,0.738716,128,10,2,2,128,8,10974,10974,219812,439624,108,20,5.000000,79,8
BCSR OMP Transpose,O2,8861996754.963102,8861.996755,8.861997,56271872,0.006657,0.699587,0.706244,128,10,4,4,128,8,10974,10974,219812,439624,108,20,5.000000,79,8
BCSR OMP Transpose,O2,3700581277.659803,3700.581278,3.700581,56271872,0.015657,0.737967,0.753624,128,10,16,16,128,8,10974,10974,219812,439624,108,20,5.000000,79,8
BCSR OMP Transpose,O2,13781915807.768246,13781.915808,13.781916,56271872,0.004165,0.779935,0.784100,128,10,2,2,128,16,10974,10974,219812,439624,108,20,5.000000,79,8
BCSR OMP Transpose,O2,12619997909.324116,12619.997909,12.619998,56271872,0.004579,0.802325,0.806904,128,10,4,4,128,16,10974,10974,219812,439624,108,20,5.000000,79,8
BCSR OMP Transpose,O2,5317551206.992113,5317.551207,5.317551,56271872,0.011539,0.799088,0.810627,128,10,16,16,128,16,10974,10974,219812,439624,108,20,5.000000,79,8
BCSR OMP Transpose,O2,13070619458.031628,13070.619458,13.070619,56271872,0.004547,0.712306,0.716853,128,10,2,2,128,32,10974,10974,219812,439624,108,20,5.000000,79,8
BCSR OMP Transpose,O2,12464670543.347424,12464.670543,12.464671,56271872,0.004779,0.814015,0.818794,128,10,4,4,128,32,10974,10974,219812,439624,108,20,5.000000,79,8
BCSR OMP Transpose,O2,7652291749.567015,7652.291750,7.652292,56271872,0.007809,0.818268,0.826077,128,10,16,16,128,32,10974,10974,219812,439624,108,20,5.000000,79,8
