Name,-O,FLOPS,MFLOPS,GFLOPS,FOP Count,Avg Run Time (s),Format Time (s),Total Time (s),Verification,Iters,Block Row,Block Col,K-Bound,Threads,Rows,Cols,NNZ,NNZ*2,Max Cols,Avg Cols,Col Ratio,Variance,Std Deviation
CSR OMP Transpose,O2,22108823.477055,22.108823,0.022109,85886,0.004130,0.047293,0.051423,0,10,1,1,16,8,2003,2003,42943,85886,84,21,4.000000,197,14
CSR OMP Transpose,O2,17603371.611060,17.603372,0.017603,85886,0.005322,0.044398,0.049720,0,10,1,1,64,8,2003,2003,42943,85886,84,21,4.000000,197,14
CSR OMP Transpose,O2,16735663.302435,16.735663,0.016736,85886,0.005539,0.042982,0.048521,0,10,1,1,128,8,2003,2003,42943,85886,84,21,4.000000,197,14
CSR OMP Transpose,O2,17736699.959912,17.736700,0.017737,85886,0.005511,0.039444,0.044955,0,10,1,1,16,16,2003,2003,42943,85886,84,21,4.000000,197,14
CSR OMP Transpose,O2,13970799.504490,13.970800,0.013971,85886,0.006451,0.041537,0.047988,0,10,1,1,64,16,2003,2003,42943,85886,84,21,4.000000,197,14
CSR OMP Transpose,O2,12428414.277133,12.428414,0.012428,85886,0.007185,0.043519,0.050704,0,10,1,1,128,16,2003,2003,42943,85886,84,21,4.000000,197,14
CSR OMP Transpose,O2,10777352.699902,10.777353,0.010777,85886,0.011479,0.046652,0.058132,0,10,1,1,16,32,2003,2003,42943,85886,84,21,4.000000,197,14
CSR OMP Transpose,O2,14683621.960668,14.683622,0.014684,85886,0.009340,0.044815,0.054155,0,10,1,1,64,32,2003,2003,42943,85886,84,21,4.000000,197,14
CSR OMP Transpose,O2,7609004.139143,7.609004,0.007609,85886,0.013237,0.041649,0.054886,0,10,1,1,128,32,2003,2003,42943,85886,84,21,4.000000,197,14
