Name,-O,FLOPS,MFLOPS,GFLOPS,FOP Count,Avg Run Time (s),Format Time (s),Total Time (s),Verification,Iters,Block Row,Block Col,K-Bound,Threads,Rows,Cols,NNZ,NNZ*2,Max Cols,Avg Cols,Col Ratio,Variance,Std Deviation
COO GPU,O2,COO GPU,O2,7660009.424550,7.660009,0.007660,85886,0.022067,0.036057,0.058124,126727,10,1,1,64,-1,2003,2003,42943,85886,84,21,4.000000,197,14
COO GPU,O2,7446177.502017,7.446178,0.007446,85886,0.022559,0.036181,0.058740,253434,10,1,1,128,-1,2003,2003,42943,85886,84,21,4.000000,197,14
