Name,-O,FLOPS,MFLOPS,GFLOPS,FOP Count,Avg Run Time (s),Format Time (s),Total Time (s),Verification,Iters,Block Row,Block Col,K-Bound,Threads,Rows,Cols,NNZ,NNZ*2,Max Cols,Avg Cols,Col Ratio,Variance,Std Deviation
CSR OMP Transpose,O2,21563466.353673,21.563466,0.021563,85886,0.005104,0.085098,0.090202,0,10,1,1,16,8,2003,2003,42943,85886,84,21,4.000000,197,14
CSR OMP Transpose,O2,19105903.889661,19.105904,0.019106,85886,0.005923,0.079127,0.085050,0,10,1,1,64,8,2003,2003,42943,85886,84,21,4.000000,197,14
CSR OMP Transpose,O2,17278431.083116,17.278431,0.017278,85886,0.006055,0.083161,0.089216,0,10,1,1,128,8,2003,2003,42943,85886,84,21,4.000000,197,14
CSR OMP Transpose,O2,18784467.456033,18.784467,0.018784,85886,0.005274,0.031934,0.037208,0,10,1,1,16,16,2003,2003,42943,85886,84,21,4.000000,197,14
CSR OMP Transpose,O2,22963448.218295,22.963448,0.022963,85886,0.004705,0.039242,0.043947,0,10,1,1,64,16,2003,2003,42943,85886,84,21,4.000000,197,14
CSR OMP Transpose,O2,21740321.570181,21.740322,0.021740,85886,0.005135,0.018095,0.023230,0,10,1,1,128,16,2003,2003,42943,85886,84,21,4.000000,197,14
CSR OMP Transpose,O2,16338576.858799,16.338577,0.016339,85886,0.007087,0.057033,0.064120,0,10,1,1,16,32,2003,2003,42943,85886,84,21,4.000000,197,14
CSR OMP Transpose,O2,20175000.630209,20.175001,0.020175,85886,0.006210,0.077151,0.083361,0,10,1,1,64,32,2003,2003,42943,85886,84,21,4.000000,197,14
CSR OMP Transpose,O2,21011876.107017,21.011876,0.021012,85886,0.005702,0.074733,0.080435,0,10,1,1,128,32,2003,2003,42943,85886,84,21,4.000000,197,14
