Name,-O,FLOPS,MFLOPS,GFLOPS,FOP Count,Avg Run Time (s),Format Time (s),Total Time (s),Verification,Iters,Block Row,Block Col,K-Bound,Threads,Rows,Cols,NNZ,NNZ*2,Max Cols,Avg Cols,Col Ratio,Variance,Std Deviation
CSR GPU,O2,6719430.742617,6.719431,0.006719,85886,0.029989,0.040222,0.070211,0,10,1,1,16,-1,2003,2003,42943,85886,84,21,4.000000,197,14
CSR GPU,O2,3437655.719295,3.437656,0.003438,85886,0.040116,0.040286,0.080402,0,10,1,1,64,-1,2003,2003,42943,85886,84,21,4.000000,197,14
CSR GPU,O2,4739937.956223,4.739938,0.004740,85886,0.038317,0.040149,0.078465,0,10,1,1,128,-1,2003,2003,42943,85886,84,21,4.000000,197,14
