Name,-O,FLOPS,MFLOPS,GFLOPS,FOP Count,Avg Run Time (s),Format Time (s),Total Time (s),Verification,Iters,Block Row,Block Col,K-Bound,Threads,Rows,Cols,NNZ,NNZ*2,Max Cols,Avg Cols,Col Ratio,Variance,Std Deviation
COO OMP,O2,66714665913.718422,66714.665914,66.714666,3516992,0.002472,0.300638,0.303110,0,10,1,1,8,32,10974,10974,219812,439624,108,20,5.000000,79,8
COO OMP,O2,82901971369.513641,82901.971370,82.901971,7033984,0.000436,0.231988,0.232424,0,10,1,1,16,32,10974,10974,219812,439624,108,20,5.000000,79,8
COO OMP,O2,113081908570.767487,113081.908571,113.081909,28135936,0.001246,0.211243,0.212489,0,10,1,1,64,32,10974,10974,219812,439624,108,20,5.000000,79,8
COO OMP,O2,118259256702.657501,118259.256703,118.259257,56271872,0.001780,0.241074,0.242854,0,10,1,1,128,32,10974,10974,219812,439624,108,20,5.000000,79,8
COO OMP,O2,119465722912.235275,119465.722912,119.465723,112543744,0.002840,0.206389,0.209229,0,10,1,1,256,32,10974,10974,219812,439624,108,20,5.000000,79,8
COO OMP,O2,126081400496.580521,126081.400497,126.081400,225087488,0.005008,0.230937,0.235945,0,10,1,1,512,32,10974,10974,219812,439624,108,20,5.000000,79,8
COO OMP,O2,144460080724.341309,144460.080724,144.460081,451933472,0.007605,0.235759,0.243364,0,10,1,1,1028,32,10974,10974,219812,439624,108,20,5.000000,79,8
