Name,-O,FLOPS,MFLOPS,GFLOPS,FOP Count,Avg Run Time (s),Format Time (s),Total Time (s),Verification,Iters,Block Row,Block Col,K-Bound,Threads,Rows,Cols,NNZ,NNZ*2,Max Cols,Avg Cols,Col Ratio,Variance,Std Deviation
COO Serial,O2,197263907.928805,197.263908,0.197264,85886,0.000443,0.090627,0.091070,0,10,1,1,16,-1,2003,2003,42943,85886,84,21,4.000000,197,14
COO Serial,O2,67818254.027692,67.818254,0.067818,85886,0.001300,0.093793,0.095093,0,10,1,1,64,-1,2003,2003,42943,85886,84,21,4.000000,197,14
COO Serial,O2,54255372.247216,54.255372,0.054255,85886,0.001586,0.070219,0.071805,0,10,1,1,128,-1,2003,2003,42943,85886,84,21,4.000000,197,14
