Name,-O,FLOPS,MFLOPS,GFLOPS,FOP Count,Avg Run Time (s),Format Time (s),Total Time (s),Verification,Iters,Block Row,Block Col,K-Bound,Threads,Rows,Cols,NNZ,NNZ*2,Max Cols,Avg Cols,Col Ratio,Variance,Std Deviation
CSR Serial Transpose,O2,1620115.843200,1.620116,0.001620,439624,0.271370,0.640831,0.912200,0,10,1,1,16,-1,10974,10974,219812,439624,108,20,5.000000,79,8
CSR Serial Transpose,O2,1549494.881652,1.549495,0.001549,439624,0.283738,0.639607,0.923346,0,10,1,1,64,-1,10974,10974,219812,439624,108,20,5.000000,79,8
CSR Serial Transpose,O2,1474725.035279,1.474725,0.001475,439624,0.298191,0.643222,0.941412,0,10,1,1,128,-1,10974,10974,219812,439624,108,20,5.000000,79,8
