Name,-O,FLOPS,MFLOPS,GFLOPS,FOP Count,Avg Run Time (s),Format Time (s),Total Time (s),Verification,Iters,Block Row,Block Col,K-Bound,Threads,Rows,Cols,NNZ,NNZ*2,Max Cols,Avg Cols,Col Ratio,Variance,Std Deviation
CSR OMP,O2,448349160.893512,448.349161,0.448349,439624,0.001021,0.665399,0.666420,0,10,1,1,16,8,10974,10974,219812,439624,108,20,5.000000,79,8
CSR OMP,O2,501810398.926329,501.810399,0.501810,439624,0.000971,0.677001,0.677972,0,10,1,1,16,16,10974,10974,219812,439624,108,20,5.000000,79,8
CSR OMP,O2,248583396.998634,248.583397,0.248583,439624,0.007150,0.667339,0.674489,0,10,1,1,16,32,10974,10974,219812,439624,108,20,5.000000,79,8
