Name,-O,FLOPS,MFLOPS,GFLOPS,FOP Count,Avg Run Time (s),Format Time (s),Total Time (s),Verification,Iters,Block Row,Block Col,K-Bound,Threads,Rows,Cols,NNZ,NNZ*2,Max Cols,Avg Cols,Col Ratio,Variance,Std Deviation
COO GPU,O2,7083839.246582,7.083839,0.007084,85886,0.029464,0.036394,0.065858,31706,10,1,1,16,-1,2003,2003,42943,85886,84,21,4.000000,197,14
COO GPU,O2,7214472.881695,7.214473,0.007214,85886,0.025949,0.036081,0.062029,126762,10,1,1,64,-1,2003,2003,42943,85886,84,21,4.000000,197,14
COO GPU,O2,7402121.322100,7.402121,0.007402,85886,0.022867,0.036500,0.059367,253387,10,1,1,128,-1,2003,2003,42943,85886,84,21,4.000000,197,14
