Name,-O,FLOPS,MFLOPS,GFLOPS,FOP Count,Avg Run Time (s),Format Time (s),Total Time (s),Verification,Iters,Block Row,Block Col,K-Bound,Threads,Rows,Cols,NNZ,NNZ*2,Max Cols,Avg Cols,Col Ratio,Variance,Std Deviation
COO Serial,O2,143030379.733752,143.030380,0.143030,439624,0.003075,0.661091,0.664166,0,10,1,1,16,-1,10974,10974,219812,439624,108,20,5.000000,79,8
COO Serial,O2,71269619.374130,71.269619,0.071270,439624,0.006169,0.660785,0.666954,0,10,1,1,64,-1,10974,10974,219812,439624,108,20,5.000000,79,8
COO Serial,O2,50376831.512113,50.376832,0.050377,439624,0.008727,0.666337,0.675064,0,10,1,1,128,-1,10974,10974,219812,439624,108,20,5.000000,79,8
