Name,-O,FLOPS,MFLOPS,GFLOPS,FOP Count,Avg Run Time (s),Format Time (s),Total Time (s),Verification,Iters,Block Row,Block Col,K-Bound,Threads,Rows,Cols,NNZ,NNZ*2,Max Cols,Avg Cols,Col Ratio,Variance,Std Deviation
ELL THREADS,O2,465331878.428396,465.331878,0.465332,85886,0.001124,0.053601,0.054725,0,5,1,1,16,48,2003,2003,42943,85886,84,21,4.000000,197,14
ELL THREADS,O2,182606073.727820,182.606074,0.182606,85886,0.001203,0.056411,0.057614,0,5,1,1,64,72,2003,2003,42943,85886,84,21,4.000000,197,14
ELL THREADS,O2,87013818.987735,87.013819,0.087014,85886,0.001620,0.062348,0.063968,0,5,1,1,128,32,2003,2003,42943,85886,84,21,4.000000,197,14
