Name,-O,FLOPS,MFLOPS,GFLOPS,FOP Count,Avg Run Time (s),Format Time (s),Total Time (s),Verification,Iters,Block Row,Block Col,K-Bound,Threads,Rows,Cols,NNZ,NNZ*2,Max Cols,Avg Cols,Col Ratio,Variance,Std Deviation
ELL OMP,O2,inf,inf,inf,687088,0.000000,0.048878,0.048878,16023,10,1,1,8,32,2003,2003,42943,85886,84,21,4.000000,197,14
ELL OMP,O2,5774804277.307281,5774.804277,5.774804,1374176,0.001954,0.047167,0.049121,0,10,1,1,16,32,2003,2003,42943,85886,84,21,4.000000,197,14
ELL OMP,O2,9098737749.615961,9098.737750,9.098738,5496704,0.001554,0.053601,0.055155,0,10,1,1,64,32,2003,2003,42943,85886,84,21,4.000000,197,14
ELL OMP,O2,16623010186.382839,16623.010186,16.623010,10993408,0.002039,0.057843,0.059882,0,10,1,1,128,32,2003,2003,42943,85886,84,21,4.000000,197,14
ELL OMP,O2,inf,inf,inf,21986816,0.000000,0.057531,0.057531,512767,10,1,1,256,32,2003,2003,42943,85886,84,21,4.000000,197,14
ELL OMP,O2,inf,inf,inf,43973632,0.000000,0.050959,0.050959,1025535,10,1,1,512,32,2003,2003,42943,85886,84,21,4.000000,197,14
ELL OMP,O2,inf,inf,inf,88290808,0.000000,0.050114,0.050114,2059083,10,1,1,1028,32,2003,2003,42943,85886,84,21,4.000000,197,14
