Name,-O,FLOPS,MFLOPS,GFLOPS,FOP Count,Avg Run Time (s),Format Time (s),Total Time (s),Verification,Iters,Block Row,Block Col,K-Bound,Threads,Rows,Cols,NNZ,NNZ*2,Max Cols,Avg Cols,Col Ratio,Variance,Std Deviation
COO OMP,O2,420526634.979357,420.526635,0.420527,439624,0.002175,1.100389,1.102563,0,10,1,1,16,8,10974,10974,219812,439624,108,20,5.000000,79,8
COO OMP,O2,202238516.449920,202.238516,0.202239,439624,0.002990,1.122128,1.125118,0,10,1,1,64,8,10974,10974,219812,439624,108,20,5.000000,79,8
COO OMP,O2,132985089.791022,132.985090,0.132985,439624,0.003680,1.113429,1.117109,0,10,1,1,128,8,10974,10974,219812,439624,108,20,5.000000,79,8
COO OMP,O2,427645705.303058,427.645705,0.427646,439624,0.001770,1.114082,1.115852,0,10,1,1,16,16,10974,10974,219812,439624,108,20,5.000000,79,8
COO OMP,O2,223945723.683678,223.945724,0.223946,439624,0.002816,1.100607,1.103423,0,10,1,1,64,16,10974,10974,219812,439624,108,20,5.000000,79,8
COO OMP,O2,124038279.658443,124.038280,0.124038,439624,0.004975,1.100467,1.105442,0,10,1,1,128,16,10974,10974,219812,439624,108,20,5.000000,79,8
COO OMP,O2,374647014.778498,374.647015,0.374647,439624,0.001919,1.105740,1.107659,0,10,1,1,16,32,10974,10974,219812,439624,108,20,5.000000,79,8
COO OMP,O2,226312104.184877,226.312104,0.226312,439624,0.003532,1.110470,1.114002,0,10,1,1,64,32,10974,10974,219812,439624,108,20,5.000000,79,8
COO OMP,O2,94946354.732513,94.946355,0.094946,439624,0.006463,1.122401,1.128864,0,10,1,1,128,32,10974,10974,219812,439624,108,20,5.000000,79,8
