Name,-O,FLOPS,MFLOPS,GFLOPS,FOP Count,Avg Run Time (s),Format Time (s),Total Time (s),Verification,Iters,Block Row,Block Col,K-Bound,Threads,Rows,Cols,NNZ,NNZ*2,Max Cols,Avg Cols,Col Ratio,Variance,Std Deviation
ELL THREADS,O2,386891051.592403,386.891052,0.386891,85886,0.002010,0.044061,0.046071,0,5,1,1,16,32,2003,2003,42943,85886,84,21,4.000000,197,14
ELL THREADS,O2,154492456.669654,154.492457,0.154492,85886,0.002130,0.051778,0.053908,0,5,1,1,64,72,2003,2003,42943,85886,84,21,4.000000,197,14
ELL THREADS,O2,89594565.771631,89.594566,0.089595,85886,0.001939,0.055711,0.057651,0,5,1,1,128,16,2003,2003,42943,85886,84,21,4.000000,197,14
