Name,-O,FLOPS,MFLOPS,GFLOPS,FOP Count,Avg Run Time (s),Format Time (s),Total Time (s),Verification,Iters,Block Row,Block Col,K-Bound,Threads,Rows,Cols,NNZ,NNZ*2,Max Cols,Avg Cols,Col Ratio,Variance,Std Deviation
ELL GPU,O2,1617551.746175,1.617552,0.001618,439624,0.278458,0.749171,1.027629,0,10,1,1,16,-1,10974,10974,219812,439624,108,20,5.000000,79,8
ELL GPU,O2,1507927.415434,1.507927,0.001508,439624,0.310413,0.739520,1.049933,0,10,1,1,64,-1,10974,10974,219812,439624,108,20,5.000000,79,8
ELL GPU,O2,665181.587227,0.665182,0.000665,439624,0.663504,0.727113,1.390617,0,10,1,1,128,-1,10974,10974,219812,439624,108,20,5.000000,79,8
