Name,-O,FLOPS,MFLOPS,GFLOPS,FOP Count,Avg Run Time (s),Format Time (s),Total Time (s),Verification,Iters,Block Row,Block Col,K-Bound,Threads,Rows,Cols,NNZ,NNZ*2,Max Cols,Avg Cols,Col Ratio,Variance,Std Deviation
BCSR OMP Transpose,O2,13077522385.861679,13077.522386,13.077522,56271872,0.004341,0.266877,0.271218,128,10,2,2,128,8,10974,10974,219812,439624,108,20,5.000000,79,8
BCSR OMP Transpose,O2,10640934104.002815,10640.934104,10.640934,56271872,0.005302,0.266929,0.272231,128,10,4,4,128,8,10974,10974,219812,439624,108,20,5.000000,79,8
BCSR OMP Transpose,O2,3395759614.757636,3395.759615,3.395760,56271872,0.016617,0.245529,0.262146,128,10,16,16,128,8,10974,10974,219812,439624,108,20,5.000000,79,8
BCSR OMP Transpose,O2,27437607437.261219,27437.607437,27.437607,56271872,0.002140,0.247117,0.249258,128,10,2,2,128,16,10974,10974,219812,439624,108,20,5.000000,79,8
BCSR OMP Transpose,O2,17407568628.747906,17407.568629,17.407569,56271872,0.004060,0.229555,0.233615,128,10,4,4,128,16,10974,10974,219812,439624,108,20,5.000000,79,8
BCSR OMP Transpose,O2,6713969803.177910,6713.969803,6.713970,56271872,0.008435,0.248370,0.256805,128,10,16,16,128,16,10974,10974,219812,439624,108,20,5.000000,79,8
BCSR OMP Transpose,O2,41298498013.770889,41298.498014,41.298498,56271872,0.001662,0.237964,0.239626,128,10,2,2,128,32,10974,10974,219812,439624,108,20,5.000000,79,8
BCSR OMP Transpose,O2,34345560482.736458,34345.560483,34.345560,56271872,0.001721,0.231873,0.233594,128,10,4,4,128,32,10974,10974,219812,439624,108,20,5.000000,79,8
BCSR OMP Transpose,O2,9466734087.730412,9466.734088,9.466734,56271872,0.006152,0.244770,0.250922,128,10,16,16,128,32,10974,10974,219812,439624,108,20,5.000000,79,8
