Name,-O,FLOPS,MFLOPS,GFLOPS,FOP Count,Avg Run Time (s),Format Time (s),Total Time (s),Verification,Iters,Block Row,Block Col,K-Bound,Threads,Rows,Cols,NNZ,NNZ*2,Max Cols,Avg Cols,Col Ratio,Variance,Std Deviation
ELL OMP,O2,13640967.764823,13.640968,0.013641,448,0.000256,0.000563,0.000819,0,10,1,1,16,8,48,48,224,448,10,4,2.000000,4,2
ELL OMP,O2,ELL OMP,O2,ELL OMP,O2,28728918.259132,28.728918,0.028729,448,0.000987,0.000218,0.001205,0,10,1,1,16,16,48,48,224,448,10,4,2.000000,4,2
ELL OMP,O2,ELL OMP,O2,ELL OMP,O2,12967664.124618,12.967664,0.012968,448,0.005174,0.000555,0.005729,0,10,1,1,16,32,48,48,224,448,10,4,2.000000,4,2
ELL OMP,O2,ELL OMP,O2,