Name,-O,FLOPS,MFLOPS,GFLOPS,FOP Count,Avg Run Time (s),Format Time (s),Total Time (s),Verification,Iters,Block Row,Block Col,K-Bound,Threads,Rows,Cols,NNZ,NNZ*2,Max Cols,Avg Cols,Col Ratio,Variance,Std Deviation
COO THREADS,O2,1097048764.456332,1097.048764,1.097049,85886,0.000124,0.045253,0.045377,16,5,1,1,16,8,2003,2003,42943,85886,84,21,4.000000,197,14
COO THREADS,O2,631614559.695096,631.614560,0.631615,85886,0.000369,0.044323,0.044692,0,5,1,1,64,16,2003,2003,42943,85886,84,21,4.000000,197,14
COO THREADS,O2,260500933.121325,260.500933,0.260501,85886,0.000348,0.047842,0.048190,0,5,1,1,128,8,2003,2003,42943,85886,84,21,4.000000,197,14
