Name,-O,FLOPS,MFLOPS,GFLOPS,FOP Count,Avg Run Time (s),Format Time (s),Total Time (s),Verification,Iters,Block Row,Block Col,K-Bound,Threads,Rows,Cols,NNZ,NNZ*2,Max Cols,Avg Cols,Col Ratio,Variance,Std Deviation
ELL OMP,O2,4727770871.090343,4727.770871,4.727771,3516992,0.002077,0.757743,0.759820,0,10,1,1,8,32,10974,10974,219812,439624,108,20,5.000000,79,8
ELL OMP,O2,4527291240.935774,4527.291241,4.527291,7033984,0.003054,0.770037,0.773091,0,10,1,1,16,32,10974,10974,219812,439624,108,20,5.000000,79,8
ELL OMP,O2,14282139755.400324,14282.139755,14.282140,28135936,0.003113,0.776026,0.779139,0,10,1,1,64,32,10974,10974,219812,439624,108,20,5.000000,79,8
ELL OMP,O2,27401567635.743450,27401.567636,27.401568,56271872,0.003455,0.785090,0.788545,0,10,1,1,128,32,10974,10974,219812,439624,108,20,5.000000,79,8
ELL OMP,O2,25885863171.756390,25885.863172,25.885863,112543744,0.005480,0.788472,0.793952,0,10,1,1,256,32,10974,10974,219812,439624,108,20,5.000000,79,8
ELL OMP,O2,22945442500.246937,22945.442500,22.945443,225087488,0.011878,0.798008,0.809886,0,10,1,1,512,32,10974,10974,219812,439624,108,20,5.000000,79,8
ELL OMP,O2,24277772499.102367,24277.772499,24.277772,451933472,0.019756,0.816133,0.835889,0,10,1,1,1028,32,10974,10974,219812,439624,108,20,5.000000,79,8
