Name,-O,FLOPS,MFLOPS,GFLOPS,FOP Count,Avg Run Time (s),Format Time (s),Total Time (s),Verification,Iters,Block Row,Block Col,K-Bound,Threads,Rows,Cols,NNZ,NNZ*2,Max Cols,Avg Cols,Col Ratio,Variance,Std Deviation
ELL OMP,O2,2441893019.110443,2441.893019,2.441893,687088,0.003344,0.054707,0.058052,0,10,1,1,8,32,2003,2003,42943,85886,84,21,4.000000,197,14
ELL OMP,O2,2851856681.832507,2851.856682,2.851857,1374176,0.004659,0.049344,0.054003,0,10,1,1,16,32,2003,2003,42943,85886,84,21,4.000000,197,14
ELL OMP,O2,17192829142.972260,17192.829143,17.192829,5496704,0.002045,0.058502,0.060547,0,10,1,1,64,32,2003,2003,42943,85886,84,21,4.000000,197,14
ELL OMP,O2,6744833339.171340,6744.833339,6.744833,10993408,0.003346,0.061260,0.064606,0,10,1,1,128,32,2003,2003,42943,85886,84,21,4.000000,197,14
ELL OMP,O2,13677130525.011190,13677.130525,13.677131,21986816,0.004343,0.060345,0.064688,0,10,1,1,256,32,2003,2003,42943,85886,84,21,4.000000,197,14
ELL OMP,O2,23643391425.772198,23643.391426,23.643391,43973632,0.002782,0.062619,0.065401,0,10,1,1,512,32,2003,2003,42943,85886,84,21,4.000000,197,14
ELL OMP,O2,33054184980.559925,33054.184981,33.054185,88290808,0.005325,0.065220,0.070544,0,10,1,1,1028,32,2003,2003,42943,85886,84,21,4.000000,197,14
