Name,Avg Run Time (s),Format Time (s),Total Time (s),GFLOPS,Verification,Iters,Block Row,Block Col,K-Bound,Threads,FOP Count,Rows,Cols,NNZ,Max Cols,Avg Cols,Variance,Std Deviation
ell_omp_O3,0.011025,1.578873,1.589898,3718.672977,0,10,1,1,16,8,26012594016,10974,10974,219812,108,20,79,8
ell_omp_collapse_O3,0.007089,1.567125,1.574214,4586.770907,0,10,1,1,16,8,26012594016,10974,10974,219812,108,20,79,8
ell_omp_O3,0.003111,1.476743,1.479854,11600.602544,0,10,1,1,16,16,26012594016,10974,10974,219812,108,20,79,8
ell_omp_collapse_O3,0.007415,1.461305,1.468720,6223.227148,0,10,1,1,16,16,26012594016,10974,10974,219812,108,20,79,8
ell_omp_O3,0.002930,1.558279,1.561209,17578.125413,0,10,1,1,16,32,26012594016,10974,10974,219812,108,20,79,8
ell_omp_collapse_O3,0.003117,1.437604,1.440721,15242.466449,0,10,1,1,16,32,26012594016,10974,10974,219812,108,20,79,8
