Name,Avg Run Time (s),Format Time (s),Total Time (s),GFLOPS,Verification,Iters,Block Row,Block Col,K-Bound,Threads,FOP Count,Rows,Cols,NNZ,Max Cols,Avg Cols,Variance,Std Deviation
coo_transpose_omp_O2,2.075536,1.371973,3.447509,0.003436,0,10,1,1,16,8,7033984,10974,10974,219812,108,20,79,8
coo_transpose_omp_collapse_O2,2.000107,1.504545,3.504652,0.003520,0,10,1,1,16,8,7033984,10974,10974,219812,108,20,79,8
coo_transpose_omp_omp_O2,0.153563,1.375911,1.529474,0.046001,0,10,1,1,16,8,7033984,10974,10974,219812,108,20,79,8
coo_transpose_omp_O2,2.008723,1.378788,3.387511,0.003553,0,10,1,1,16,16,7033984,10974,10974,219812,108,20,79,8
coo_transpose_omp_collapse_O2,1.999354,1.506482,3.505836,0.003521,0,10,1,1,16,16,7033984,10974,10974,219812,108,20,79,8
coo_transpose_omp_omp_O2,0.146948,1.370664,1.517612,0.048392,0,10,1,1,16,16,7033984,10974,10974,219812,108,20,79,8
coo_transpose_omp_O2,2.024789,1.381004,3.405793,0.003479,0,10,1,1,16,32,7033984,10974,10974,219812,108,20,79,8
coo_transpose_omp_collapse_O2,1.998883,1.373023,3.371906,0.003523,0,10,1,1,16,32,7033984,10974,10974,219812,108,20,79,8
coo_transpose_omp_omp_O2,0.149065,1.368878,1.517943,0.047681,0,10,1,1,16,32,7033984,10974,10974,219812,108,20,79,8
