Name,-O,FLOPS,MFLOPS,GFLOPS,FOP Count,Avg Run Time (s),Format Time (s),Total Time (s),Verification,Iters,Block Row,Block Col,K-Bound,Threads,Rows,Cols,NNZ,NNZ*2,Max Cols,Avg Cols,Col Ratio,Variance,Std Deviation
ELL GPU,O2,9060838498.706203,9060.838499,9.060838,2370384,0.004197,0.309156,0.313353,0,10,1,1,16,-1,10974,10974,219812,439624,108,20,5.000000,79,8
ELL GPU,O2,2515686019.617866,2515.686020,2.515686,2370384,0.003650,0.244547,0.248197,0,10,1,1,64,-1,10974,10974,219812,439624,108,20,5.000000,79,8
ELL GPU,O2,1322612192.264808,1322.612192,1.322612,2370384,0.012228,0.246060,0.258288,0,10,1,1,128,-1,10974,10974,219812,439624,108,20,5.000000,79,8
