Name,-O,FLOPS,MFLOPS,GFLOPS,FOP Count,Avg Run Time (s),Format Time (s),Total Time (s),Verification,Iters,Block Row,Block Col,K-Bound,Threads,Rows,Cols,NNZ,NNZ*2,Max Cols,Avg Cols,Col Ratio,Variance,Std Deviation
COO OMP,O2,6678099865.198317,6678.099865,6.678100,7033984,0.002007,0.763871,0.765878,0,10,1,1,16,8,10974,10974,219812,439624,108,20,5.000000,79,8
COO OMP,O2,15550733349.878855,15550.733350,15.550733,28135936,0.002922,0.777394,0.780316,0,10,1,1,64,8,10974,10974,219812,439624,108,20,5.000000,79,8
COO OMP,O2,19464578601.649345,19464.578602,19.464579,56271872,0.004052,0.789783,0.793835,0,10,1,1,128,8,10974,10974,219812,439624,108,20,5.000000,79,8
COO OMP,O2,7343460778.852167,7343.460779,7.343461,7033984,0.001839,0.793529,0.795368,0,10,1,1,16,16,10974,10974,219812,439624,108,20,5.000000,79,8
COO OMP,O2,14851662535.206583,14851.662535,14.851663,28135936,0.002919,0.783007,0.785926,0,10,1,1,64,16,10974,10974,219812,439624,108,20,5.000000,79,8
COO OMP,O2,20906481106.986744,20906.481107,20.906481,56271872,0.003750,0.793910,0.797660,0,10,1,1,128,16,10974,10974,219812,439624,108,20,5.000000,79,8
COO OMP,O2,7234366049.781405,7234.366050,7.234366,7033984,0.003671,0.798074,0.801745,0,10,1,1,16,32,10974,10974,219812,439624,108,20,5.000000,79,8
COO OMP,O2,19792564073.922066,19792.564074,19.792564,28135936,0.003301,0.781038,0.784339,0,10,1,1,64,32,10974,10974,219812,439624,108,20,5.000000,79,8
COO OMP,O2,25754053406.883789,25754.053407,25.754053,56271872,0.003848,0.791137,0.794985,0,10,1,1,128,32,10974,10974,219812,439624,108,20,5.000000,79,8
