Name,-O,FLOPS,MFLOPS,GFLOPS,FOP Count,Avg Run Time (s),Format Time (s),Total Time (s),Verification,Iters,Block Row,Block Col,K-Bound,Threads,Rows,Cols,NNZ,NNZ*2,Max Cols,Avg Cols,Col Ratio,Variance,Std Deviation
COO GPU Transpose,O2,3419014.913126,3.419015,0.003419,439624,0.128634,0.680418,0.809052,0,10,1,1,16,-1,10974,10974,219812,439624,108,20,5.000000,79,8
COO GPU Transpose,O2,3544875.582757,3.544876,0.003545,439624,0.124024,0.677317,0.801342,0,10,1,1,64,-1,10974,10974,219812,439624,108,20,5.000000,79,8
COO GPU Transpose,O2,3368620.537034,3.368621,0.003369,439624,0.130533,0.674541,0.805074,0,10,1,1,128,-1,10974,10974,219812,439624,108,20,5.000000,79,8
