Name,-O,FLOPS,MFLOPS,GFLOPS,FOP Count,Avg Run Time (s),Format Time (s),Total Time (s),Verification,Iters,Block Row,Block Col,K-Bound,Threads,Rows,Cols,NNZ,NNZ*2,Max Cols,Avg Cols,Col Ratio,Variance,Std Deviation
ELL OMP,O2,inf,inf,inf,3516992,0.000000,0.688699,0.688699,87791,10,1,1,8,32,10974,10974,219812,439624,108,20,5.000000,79,8
ELL OMP,O2,5976790743.982168,5976.790744,5.976791,7033984,0.002440,0.686595,0.689035,0,10,1,1,16,32,10974,10974,219812,439624,108,20,5.000000,79,8
ELL OMP,O2,15997912503.361719,15997.912503,15.997913,28135936,0.003999,0.707044,0.711042,0,10,1,1,64,32,10974,10974,219812,439624,108,20,5.000000,79,8
ELL OMP,O2,17925254836.396080,17925.254836,17.925255,56271872,0.004838,0.747767,0.752605,0,10,1,1,128,32,10974,10974,219812,439624,108,20,5.000000,79,8
ELL OMP,O2,inf,inf,inf,112543744,0.000000,0.752041,0.752041,2809343,10,1,1,256,32,10974,10974,219812,439624,108,20,5.000000,79,8
ELL OMP,O2,inf,inf,inf,225087488,0.000000,0.706129,0.706129,5618687,10,1,1,512,32,10974,10974,219812,439624,108,20,5.000000,79,8
ELL OMP,O2,inf,inf,inf,451933472,0.000000,0.705159,0.705159,11281271,10,1,1,1028,32,10974,10974,219812,439624,108,20,5.000000,79,8
