Name,-O,FLOPS,MFLOPS,GFLOPS,FOP Count,Avg Run Time (s),Format Time (s),Total Time (s),Verification,Iters,Block Row,Block Col,K-Bound,Threads,Rows,Cols,NNZ,NNZ*2,Max Cols,Avg Cols,Col Ratio,Variance,Std Deviation
COO Serial,O2,382092094.030473,382.092094,0.382092,439624,0.001158,0.285003,0.286161,0,10,1,1,16,-1,10974,10974,219812,439624,108,20,5.000000,79,8
COO Serial,O2,118873479.441199,118.873479,0.118873,439624,0.003759,0.311169,0.314929,0,10,1,1,64,-1,10974,10974,219812,439624,108,20,5.000000,79,8
COO Serial,O2,48029366.941697,48.029367,0.048029,439624,0.009217,0.311987,0.321204,0,10,1,1,128,-1,10974,10974,219812,439624,108,20,5.000000,79,8
