Name,-O,FLOPS,MFLOPS,GFLOPS,FOP Count,Avg Run Time (s),Format Time (s),Total Time (s),Verification,Iters,Block Row,Block Col,K-Bound,Threads,Rows,Cols,NNZ,NNZ*2,Max Cols,Avg Cols,Col Ratio,Variance,Std Deviation
COO OMP,O2,6877860881.151492,6877.860881,6.877861,3516992,0.002056,0.724474,0.726530,0,10,1,1,8,32,10974,10974,219812,439624,108,20,5.000000,79,8
COO OMP,O2,8469251914.746692,8469.251915,8.469252,7033984,0.002537,0.735943,0.738481,0,10,1,1,16,32,10974,10974,219812,439624,108,20,5.000000,79,8
COO OMP,O2,19710224002.136936,19710.224002,19.710224,28135936,0.002618,0.732776,0.735394,0,10,1,1,64,32,10974,10974,219812,439624,108,20,5.000000,79,8
COO OMP,O2,24011990121.557358,24011.990122,24.011990,56271872,0.003697,0.752221,0.755918,0,10,1,1,128,32,10974,10974,219812,439624,108,20,5.000000,79,8
COO OMP,O2,43607745473.524300,43607.745474,43.607745,112543744,0.004288,0.746871,0.751159,0,10,1,1,256,32,10974,10974,219812,439624,108,20,5.000000,79,8
COO OMP,O2,30004734981.826111,30004.734982,30.004735,225087488,0.008537,0.755936,0.764473,0,10,1,1,512,32,10974,10974,219812,439624,108,20,5.000000,79,8
COO OMP,O2,41011942445.077095,41011.942445,41.011942,451933472,0.011988,0.770422,0.782410,0,10,1,1,1028,32,10974,10974,219812,439624,108,20,5.000000,79,8
