Name,-O,FLOPS,MFLOPS,GFLOPS,FOP Count,Avg Run Time (s),Format Time (s),Total Time (s),Verification,Iters,Block Row,Block Col,K-Bound,Threads,Rows,Cols,NNZ,NNZ*2,Max Cols,Avg Cols,Col Ratio,Variance,Std Deviation
BCSR GPU,O2,3689939757.162682,3689.939757,3.689940,1374176,0.006289,0.056063,0.062352,0,10,4,4,16,-1,2003,2003,42943,85886,84,21,4.000000,197,14
BCSR GPU,O2,8020123857.521901,8020.123858,8.020124,5496704,0.009429,0.052891,0.062319,0,10,4,4,64,-1,2003,2003,42943,85886,84,21,4.000000,197,14
BCSR GPU,O2,10889025448.673893,10889.025449,10.889025,10993408,0.009519,0.058024,0.067543,0,10,4,4,128,-1,2003,2003,42943,85886,84,21,4.000000,197,14
