Name,-O,FLOPS,MFLOPS,GFLOPS,FOP Count,Avg Run Time (s),Format Time (s),Total Time (s),Verification,Iters,Block Row,Block Col,K-Bound,Threads,Rows,Cols,NNZ,NNZ*2,Max Cols,Avg Cols,Col Ratio,Variance,Std Deviation
COO OMP,O2,2784185423.639119,2784.185424,2.784185,1374176,0.001364,0.068750,0.070114,0,10,1,1,16,8,2003,2003,42943,85886,84,21,4.000000,197,14
COO OMP,O2,3444310278.341390,3444.310278,3.444310,5496704,0.002514,0.068822,0.071336,0,10,1,1,64,8,2003,2003,42943,85886,84,21,4.000000,197,14
COO OMP,O2,5122485017.666512,5122.485018,5.122485,10993408,0.003243,0.067334,0.070577,0,10,1,1,128,8,2003,2003,42943,85886,84,21,4.000000,197,14
COO OMP,O2,1909300896.171364,1909.300896,1.909301,1374176,0.001405,0.049986,0.051391,0,10,1,1,16,16,2003,2003,42943,85886,84,21,4.000000,197,14
COO OMP,O2,2996571277.989372,2996.571278,2.996571,5496704,0.002585,0.062443,0.065028,0,10,1,1,64,16,2003,2003,42943,85886,84,21,4.000000,197,14
COO OMP,O2,5608852347.614758,5608.852348,5.608852,10993408,0.003142,0.082877,0.086019,0,10,1,1,128,16,2003,2003,42943,85886,84,21,4.000000,197,14
COO OMP,O2,3561024463.279353,3561.024463,3.561024,1374176,0.002296,0.080182,0.082478,0,10,1,1,16,32,2003,2003,42943,85886,84,21,4.000000,197,14
COO OMP,O2,5324333753.116460,5324.333753,5.324334,5496704,0.002510,0.066650,0.069160,0,10,1,1,64,32,2003,2003,42943,85886,84,21,4.000000,197,14
COO OMP,O2,6496523361.274250,6496.523361,6.496523,10993408,0.003539,0.053138,0.056677,0,10,1,1,128,32,2003,2003,42943,85886,84,21,4.000000,197,14
