Name,Avg Run Time (s),Format Time (s),Total Time (s),GFLOPS,Verification,Iters,Block Row,Block Col,K-Bound,Threads,FOP Count,Rows,Cols,NNZ,Max Cols,Avg Cols,Variance,Std Deviation
ell_transpose_omp_O2,2.150263,1.532407,3.682670,12.267492,0,10,1,1,16,8,26012594016,10974,10974,219812,108,20,79,8
ell_transpose_omp_collapse_O2,2.150610,1.500645,3.651255,12.267122,0,10,1,1,16,8,26012594016,10974,10974,219812,108,20,79,8
ell_transpose_omp_omp_O2,0.297969,1.497797,1.795766,87.621741,0,10,1,1,16,8,26012594016,10974,10974,219812,108,20,79,8
ell_transpose_omp_O2,2.002686,1.528386,3.531072,13.014920,0,10,1,1,16,16,26012594016,10974,10974,219812,108,20,79,8
ell_transpose_omp_collapse_O2,2.058265,1.524353,3.582618,12.656229,0,10,1,1,16,16,26012594016,10974,10974,219812,108,20,79,8
ell_transpose_omp_omp_O2,0.199411,1.530726,1.730137,139.439784,0,10,1,1,16,16,26012594016,10974,10974,219812,108,20,79,8
ell_transpose_omp_O2,2.205626,1.488487,3.694113,11.967578,0,10,1,1,16,32,26012594016,10974,10974,219812,108,20,79,8
ell_transpose_omp_collapse_O2,2.168326,1.563800,3.732126,12.177848,0,10,1,1,16,32,26012594016,10974,10974,219812,108,20,79,8
ell_transpose_omp_omp_O2,0.138145,1.510852,1.648997,189.386918,0,10,1,1,16,32,26012594016,10974,10974,219812,108,20,79,8
