Name,-O,FLOPS,MFLOPS,GFLOPS,FOP Count,Avg Run Time (s),Format Time (s),Total Time (s),Verification,Iters,Block Row,Block Col,K-Bound,Threads,Rows,Cols,NNZ,NNZ*2,Max Cols,Avg Cols,Col Ratio,Variance,Std Deviation
COO THREADS,O2,462718057.635625,462.718058,0.462718,85886,0.001246,0.072837,0.074083,0,5,1,1,16,72,2003,2003,42943,85886,84,21,4.000000,197,14
COO THREADS,O2,200675006.869207,200.675007,0.200675,85886,0.001639,0.075639,0.077278,0,5,1,1,64,32,2003,2003,42943,85886,84,21,4.000000,197,14
COO THREADS,O2,88828773.774563,88.828774,0.088829,85886,0.001595,0.040261,0.041856,0,5,1,1,128,72,2003,2003,42943,85886,84,21,4.000000,197,14
