Name,-O,FLOPS,MFLOPS,GFLOPS,FOP Count,Avg Run Time (s),Format Time (s),Total Time (s),Verification,Iters,Block Row,Block Col,K-Bound,Threads,Rows,Cols,NNZ,NNZ*2,Max Cols,Avg Cols,Col Ratio,Variance,Std Deviation
COO OMP,O2,inf,inf,inf,3516992,0.000000,0.300288,0.300288,87791,10,1,1,8,32,10974,10974,219812,439624,108,20,5.000000,79,8
COO OMP,O2,76271720281.889618,76271.720282,76.271720,7033984,0.002516,0.300765,0.303281,0,10,1,1,16,32,10974,10974,219812,439624,108,20,5.000000,79,8
COO OMP,O2,91299521502.273331,91299.521502,91.299522,28135936,0.001436,0.206443,0.207879,0,10,1,1,64,32,10974,10974,219812,439624,108,20,5.000000,79,8
COO OMP,O2,91286222547.206757,91286.222547,91.286223,56271872,0.002915,0.205293,0.208208,0,10,1,1,128,32,10974,10974,219812,439624,108,20,5.000000,79,8
COO OMP,O2,inf,inf,inf,112543744,0.000000,0.262902,0.262902,2809343,10,1,1,256,32,10974,10974,219812,439624,108,20,5.000000,79,8
COO OMP,O2,inf,inf,inf,225087488,0.000000,0.301401,0.301401,5618687,10,1,1,512,32,10974,10974,219812,439624,108,20,5.000000,79,8
COO OMP,O2,inf,inf,inf,451933472,0.000000,0.206107,0.206107,11281271,10,1,1,1028,32,10974,10974,219812,439624,108,20,5.000000,79,8
