Name,-O,FLOPS,MFLOPS,GFLOPS,FOP Count,Avg Run Time (s),Format Time (s),Total Time (s),Verification,Iters,Block Row,Block Col,K-Bound,Threads,Rows,Cols,NNZ,NNZ*2,Max Cols,Avg Cols,Col Ratio,Variance,Std Deviation
COO GPU Transpose,O2,70794501.028386,70.794501,0.070795,85886,0.006621,0.082721,0.089342,0,10,1,1,16,-1,2003,2003,42943,85886,84,21,4.000000,197,14
COO GPU Transpose,O2,53177296.183241,53.177296,0.053177,85886,0.005285,0.055659,0.060944,0,10,1,1,64,-1,2003,2003,42943,85886,84,21,4.000000,197,14
COO GPU Transpose,O2,56383800.137436,56.383800,0.056384,85886,0.004847,0.039581,0.044428,0,10,1,1,128,-1,2003,2003,42943,85886,84,21,4.000000,197,14
