Name,-O,FLOPS,MFLOPS,GFLOPS,FOP Count,Avg Run Time (s),Format Time (s),Total Time (s),Verification,Iters,Block Row,Block Col,K-Bound,Threads,Rows,Cols,NNZ,NNZ*2,Max Cols,Avg Cols,Col Ratio,Variance,Std Deviation
COO THREADS,O2,1110619028.719024,1110.619029,1.110619,439624,0.001987,0.748378,0.750365,0,5,1,1,16,72,10974,10974,219812,439624,108,20,5.000000,79,8
COO THREADS,O2,182779355.759392,182.779356,0.182779,439624,0.003185,0.790000,0.793185,0,5,1,1,64,16,10974,10974,219812,439624,108,20,5.000000,79,8
COO THREADS,O2,167727584.016959,167.727584,0.167728,439624,0.002979,0.759358,0.762337,0,5,1,1,128,8,10974,10974,219812,439624,108,20,5.000000,79,8
