Name,-O,FLOPS,MFLOPS,GFLOPS,FOP Count,Avg Run Time (s),Format Time (s),Total Time (s),Verification,Iters,Block Row,Block Col,K-Bound,Threads,Rows,Cols,NNZ,NNZ*2,Max Cols,Avg Cols,Col Ratio,Variance,Std Deviation
COO OMP,O2,inf,inf,inf,687088,0.000000,0.082942,0.082942,16023,10,1,1,8,32,2003,2003,42943,85886,84,21,4.000000,197,14
COO OMP,O2,2223004136.075513,2223.004136,2.223004,1374176,0.003543,0.074179,0.077722,0,10,1,1,16,32,2003,2003,42943,85886,84,21,4.000000,197,14
COO OMP,O2,5525371160.679016,5525.371161,5.525371,5496704,0.002939,0.072396,0.075335,0,10,1,1,64,32,2003,2003,42943,85886,84,21,4.000000,197,14
COO OMP,O2,6604128954.157275,6604.128954,6.604129,10993408,0.002902,0.066578,0.069480,0,10,1,1,128,32,2003,2003,42943,85886,84,21,4.000000,197,14
COO OMP,O2,inf,inf,inf,21986816,0.000000,0.079056,0.079056,512767,10,1,1,256,32,2003,2003,42943,85886,84,21,4.000000,197,14
COO OMP,O2,inf,inf,inf,43973632,0.000000,0.043522,0.043522,1025535,10,1,1,512,32,2003,2003,42943,85886,84,21,4.000000,197,14
COO OMP,O2,inf,inf,inf,88290808,0.000000,0.078702,0.078702,2059083,10,1,1,1028,32,2003,2003,42943,85886,84,21,4.000000,197,14
