Name,-O,FLOPS,MFLOPS,GFLOPS,FOP Count,Avg Run Time (s),Format Time (s),Total Time (s),Verification,Iters,Block Row,Block Col,K-Bound,Threads,Rows,Cols,NNZ,NNZ*2,Max Cols,Avg Cols,Col Ratio,Variance,Std Deviation
ELL OMP Transpose,O2,30298692.565447,30.298693,0.030299,85886,0.004802,0.089969,0.094771,0,10,1,1,16,8,2003,2003,42943,85886,84,21,4.000000,197,14
ELL OMP Transpose,O2,19521302.305460,19.521302,0.019521,85886,0.006722,0.034707,0.041429,0,10,1,1,64,8,2003,2003,42943,85886,84,21,4.000000,197,14
ELL OMP Transpose,O2,15557876.432194,15.557876,0.015558,85886,0.007314,0.079113,0.086427,0,10,1,1,128,8,2003,2003,42943,85886,84,21,4.000000,197,14
ELL OMP Transpose,O2,41873089.217653,41.873089,0.041873,85886,0.003463,0.034559,0.038022,0,10,1,1,16,16,2003,2003,42943,85886,84,21,4.000000,197,14
ELL OMP Transpose,O2,28252642.429756,28.252642,0.028253,85886,0.004457,0.022944,0.027400,0,10,1,1,64,16,2003,2003,42943,85886,84,21,4.000000,197,14
ELL OMP Transpose,O2,20578941.728536,20.578942,0.020579,85886,0.006554,0.040532,0.047086,0,10,1,1,128,16,2003,2003,42943,85886,84,21,4.000000,197,14
ELL OMP Transpose,O2,64864621.676324,64.864622,0.064865,85886,0.003749,0.062409,0.066158,0,10,1,1,16,32,2003,2003,42943,85886,84,21,4.000000,197,14
ELL OMP Transpose,O2,33590246.807508,33.590247,0.033590,85886,0.004676,0.022523,0.027199,0,10,1,1,64,32,2003,2003,42943,85886,84,21,4.000000,197,14
ELL OMP Transpose,O2,23650489.217146,23.650489,0.023650,85886,0.006156,0.045446,0.051602,0,10,1,1,128,32,2003,2003,42943,85886,84,21,4.000000,197,14
