Name,-O,FLOPS,MFLOPS,GFLOPS,FOP Count,Avg Run Time (s),Format Time (s),Total Time (s),Verification,Iters,Block Row,Block Col,K-Bound,Threads,Rows,Cols,NNZ,NNZ*2,Max Cols,Avg Cols,Col Ratio,Variance,Std Deviation
BCSR OMP,O2,180140520.191573,180.140520,0.180141,687088,0.007380,0.051258,0.058638,0,10,4,4,8,32,2003,2003,42943,85886,84,21,4.000000,197,14
BCSR OMP,O2,354688750.668747,354.688751,0.354689,1374176,0.006257,0.053371,0.059628,0,10,4,4,16,32,2003,2003,42943,85886,84,21,4.000000,197,14
BCSR OMP,O2,1145691017.484246,1145.691017,1.145691,5496704,0.007530,0.042167,0.049697,0,10,4,4,64,32,2003,2003,42943,85886,84,21,4.000000,197,14
BCSR OMP,O2,2354539245.717612,2354.539246,2.354539,10993408,0.005362,0.033027,0.038389,0,10,4,4,128,32,2003,2003,42943,85886,84,21,4.000000,197,14
BCSR OMP,O2,3183657492.376440,3183.657492,3.183657,21986816,0.010131,0.048524,0.058655,0,10,4,4,256,32,2003,2003,42943,85886,84,21,4.000000,197,14
BCSR OMP,O2,4618565273.567701,4618.565274,4.618565,43973632,0.014088,0.077271,0.091359,0,10,4,4,512,32,2003,2003,42943,85886,84,21,4.000000,197,14
BCSR OMP,O2,8883360895.313234,8883.360895,8.883361,88290808,0.010348,0.029532,0.039880,0,10,4,4,1028,32,2003,2003,42943,85886,84,21,4.000000,197,14
