Name,-O,FLOPS,MFLOPS,GFLOPS,FOP Count,Avg Run Time (s),Format Time (s),Total Time (s),Verification,Iters,Block Row,Block Col,K-Bound,Threads,Rows,Cols,NNZ,NNZ*2,Max Cols,Avg Cols,Col Ratio,Variance,Std Deviation
COO GPU,O2,7476053.411426,7.476053,0.007476,85886,0.028490,0.040222,0.068712,31675,10,1,1,16,-1,2003,2003,42943,85886,84,21,4.000000,197,14
COO GPU,O2,3411490.434414,3.411490,0.003411,85886,0.040178,0.040404,0.080582,126618,10,1,1,64,-1,2003,2003,42943,85886,84,21,4.000000,197,14
COO GPU,O2,7224571.846810,7.224572,0.007225,85886,0.028952,0.035159,0.064111,253564,10,1,1,128,-1,2003,2003,42943,85886,84,21,4.000000,197,14
