Name,Avg Run Time (s),Format Time (s),Total Time (s),GFLOPS,Verification,Iters,Block Row,Block Col,K-Bound,Threads,FOP Count,Rows,Cols,NNZ,Max Cols,Avg Cols,Variance,Std Deviation
csr_omp_O2,0.002192,1.378622,1.380814,2903.179384,0,10,1,1,16,8,4824433776,10974,10974,219812,108,20,79,8
csr_omp_collapse_O2,0.946144,1.398196,2.344340,5.103283,0,10,1,1,16,8,4824433776,10974,10974,219812,108,20,79,8
csr_omp_O2,0.001564,1.469281,1.470845,5244.329557,0,10,1,1,16,16,4824433776,10974,10974,219812,108,20,79,8
csr_omp_collapse_O2,0.490485,1.391755,1.882240,9.852405,0,10,1,1,16,16,4824433776,10974,10974,219812,108,20,79,8
csr_omp_O2,0.003072,1.403993,1.407066,6815.315349,0,10,1,1,16,32,4824433776,10974,10974,219812,108,20,79,8
csr_omp_collapse_O2,0.265711,1.417258,1.682969,18.310225,0,10,1,1,16,32,4824433776,10974,10974,219812,108,20,79,8
