Name,-O,FLOPS,MFLOPS,GFLOPS,FOP Count,Avg Run Time (s),Format Time (s),Total Time (s),Verification,Iters,Block Row,Block Col,K-Bound,Threads,Rows,Cols,NNZ,NNZ*2,Max Cols,Avg Cols,Col Ratio,Variance,Std Deviation
ELL OMP Transpose,O2,4338615231.210337,4338.615231,4.338615,56271872,0.013067,0.254429,0.267496,0,10,1,1,128,8,10974,10974,219812,439624,108,20,5.000000,79,8
ELL OMP Transpose,O2,6585237337.275767,6585.237337,6.585237,56271872,0.008999,0.339929,0.348928,0,10,1,1,128,16,10974,10974,219812,439624,108,20,5.000000,79,8
ELL OMP Transpose,O2,11418489873.136967,11418.489873,11.418490,56271872,0.005764,0.241086,0.246850,0,10,1,1,128,32,10974,10974,219812,439624,108,20,5.000000,79,8
