Name,-O,FLOPS,MFLOPS,GFLOPS,FOP Count,Avg Run Time (s),Format Time (s),Total Time (s),Verification,Iters,Block Row,Block Col,K-Bound,Threads,Rows,Cols,NNZ,NNZ*2,Max Cols,Avg Cols,Col Ratio,Variance,Std Deviation
ELL OMP Transpose,O2,1382585.926650,1.382586,0.001383,439624,0.386647,0.718186,1.104833,0,10,1,1,16,8,10974,10974,219812,439624,108,20,5.000000,79,8
ELL OMP Transpose,O2,1235729.702841,1.235730,0.001236,439624,0.401677,0.677540,1.079216,0,10,1,1,64,8,10974,10974,219812,439624,108,20,5.000000,79,8
ELL OMP Transpose,O2,1367108.043752,1.367108,0.001367,439624,0.404569,0.692658,1.097227,0,10,1,1,128,8,10974,10974,219812,439624,108,20,5.000000,79,8
ELL OMP Transpose,O2,1232231.851703,1.232232,0.001232,439624,0.413868,0.684058,1.097926,0,10,1,1,16,16,10974,10974,219812,439624,108,20,5.000000,79,8
ELL OMP Transpose,O2,1449255.228262,1.449255,0.001449,439624,0.372197,0.679186,1.051383,0,10,1,1,64,16,10974,10974,219812,439624,108,20,5.000000,79,8
ELL OMP Transpose,O2,1397501.435724,1.397501,0.001398,439624,0.387886,0.701685,1.089571,0,10,1,1,128,16,10974,10974,219812,439624,108,20,5.000000,79,8
ELL OMP Transpose,O2,1508384.616689,1.508385,0.001508,439624,0.336524,0.677395,1.013919,0,10,1,1,16,32,10974,10974,219812,439624,108,20,5.000000,79,8
ELL OMP Transpose,O2,1433605.927399,1.433606,0.001434,439624,0.352123,0.678572,1.030695,0,10,1,1,64,32,10974,10974,219812,439624,108,20,5.000000,79,8
ELL OMP Transpose,O2,1390228.928650,1.390229,0.001390,439624,0.357461,0.676847,1.034308,0,10,1,1,128,32,10974,10974,219812,439624,108,20,5.000000,79,8
