Name,-O,FLOPS,MFLOPS,GFLOPS,FOP Count,Avg Run Time (s),Format Time (s),Total Time (s),Verification,Iters,Block Row,Block Col,K-Bound,Threads,Rows,Cols,NNZ,NNZ*2,Max Cols,Avg Cols,Col Ratio,Variance,Std Deviation
COO OMP,O2,inf,inf,inf,687088,0.000000,0.043442,0.043442,16023,10,1,1,8,32,2003,2003,42943,85886,84,21,4.000000,197,14
COO OMP,O2,8345617537.950090,8345.617538,8.345618,1374176,0.003298,0.038355,0.041653,16,10,1,1,16,32,2003,2003,42943,85886,84,21,4.000000,197,14
COO OMP,O2,16734576931.857412,16734.576932,16.734577,5496704,0.003352,0.051856,0.055208,0,10,1,1,64,32,2003,2003,42943,85886,84,21,4.000000,197,14
COO OMP,O2,17967945201.599255,17967.945202,17.967945,10993408,0.003289,0.052852,0.056141,0,10,1,1,128,32,2003,2003,42943,85886,84,21,4.000000,197,14
COO OMP,O2,inf,inf,inf,21986816,0.000000,0.048388,0.048388,512767,10,1,1,256,32,2003,2003,42943,85886,84,21,4.000000,197,14
COO OMP,O2,inf,inf,inf,43973632,0.000000,0.049000,0.049000,1025535,10,1,1,512,32,2003,2003,42943,85886,84,21,4.000000,197,14
COO OMP,O2,inf,inf,inf,88290808,0.000000,0.042542,0.042542,2059083,10,1,1,1028,32,2003,2003,42943,85886,84,21,4.000000,197,14
