Name,-O,FLOPS,MFLOPS,GFLOPS,FOP Count,Avg Run Time (s),Format Time (s),Total Time (s),Verification,Iters,Block Row,Block Col,K-Bound,Threads,Rows,Cols,NNZ,NNZ*2,Max Cols,Avg Cols,Col Ratio,Variance,Std Deviation
BCSR OMP,O2,1262357888.508506,1262.357889,1.262358,7033984,0.006594,0.741280,0.747875,16,10,4,4,16,8,10974,10974,219812,439624,108,20,5.000000,79,8
BCSR OMP,O2,3596315925.891794,3596.315926,3.596316,28135936,0.008860,0.766712,0.775572,64,10,4,4,64,8,10974,10974,219812,439624,108,20,5.000000,79,8
BCSR OMP,O2,5637665430.893485,5637.665431,5.637665,56271872,0.010816,0.782331,0.793147,128,10,4,4,128,8,10974,10974,219812,439624,108,20,5.000000,79,8
BCSR OMP,O2,877981155.310241,877.981155,0.877981,7033984,0.010543,0.867899,0.878442,16,10,4,4,16,16,10974,10974,219812,439624,108,20,5.000000,79,8
BCSR OMP,O2,2203668493.869542,2203.668494,2.203668,28135936,0.021322,0.754306,0.775628,64,10,4,4,64,16,10974,10974,219812,439624,108,20,5.000000,79,8
BCSR OMP,O2,4634323149.752172,4634.323150,4.634323,56271872,0.016904,0.785691,0.802595,128,10,4,4,128,16,10974,10974,219812,439624,108,20,5.000000,79,8
BCSR OMP,O2,373550617.174102,373.550617,0.373551,7033984,0.054953,0.779641,0.834595,16,10,4,4,16,32,10974,10974,219812,439624,108,20,5.000000,79,8
BCSR OMP,O2,1788669238.532839,1788.669239,1.788669,28135936,0.044190,0.747845,0.792035,64,10,4,4,64,32,10974,10974,219812,439624,108,20,5.000000,79,8
BCSR OMP,O2,2810205882.322229,2810.205882,2.810206,56271872,0.049853,0.772825,0.822678,128,10,4,4,128,32,10974,10974,219812,439624,108,20,5.000000,79,8
