Name,-O,FLOPS,MFLOPS,GFLOPS,FOP Count,Avg Run Time (s),Format Time (s),Total Time (s),Verification,Iters,Block Row,Block Col,K-Bound,Threads,Rows,Cols,NNZ,NNZ*2,Max Cols,Avg Cols,Col Ratio,Variance,Std Deviation
ELL OMP Transpose,O2,1668676.735683,1.668677,0.001669,439624,0.263565,0.308241,0.571806,0,10,1,1,16,8,10974,10974,219812,439624,108,20,5.000000,79,8
ELL OMP Transpose,O2,1481915.586091,1.481916,0.001482,439624,0.297233,0.341416,0.638649,0,10,1,1,64,8,10974,10974,219812,439624,108,20,5.000000,79,8
ELL OMP Transpose,O2,1391721.398579,1.391721,0.001392,439624,0.316136,0.346455,0.662591,0,10,1,1,128,8,10974,10974,219812,439624,108,20,5.000000,79,8
ELL OMP Transpose,O2,1686995.416561,1.686995,0.001687,439624,0.260657,0.342545,0.603202,0,10,1,1,16,16,10974,10974,219812,439624,108,20,5.000000,79,8
ELL OMP Transpose,O2,1540349.066447,1.540349,0.001540,439624,0.285517,0.336548,0.622065,0,10,1,1,64,16,10974,10974,219812,439624,108,20,5.000000,79,8
ELL OMP Transpose,O2,1454323.588618,1.454324,0.001454,439624,0.302344,0.337829,0.640173,0,10,1,1,128,16,10974,10974,219812,439624,108,20,5.000000,79,8
ELL OMP Transpose,O2,1679477.617241,1.679478,0.001679,439624,0.261905,0.343958,0.605863,0,10,1,1,16,32,10974,10974,219812,439624,108,20,5.000000,79,8
ELL OMP Transpose,O2,1569997.451192,1.569997,0.001570,439624,0.280139,0.349476,0.629615,0,10,1,1,64,32,10974,10974,219812,439624,108,20,5.000000,79,8
ELL OMP Transpose,O2,1512969.229085,1.512969,0.001513,439624,0.290863,0.352543,0.643406,0,10,1,1,128,32,10974,10974,219812,439624,108,20,5.000000,79,8
