Name,-O,FLOPS,MFLOPS,GFLOPS,FOP Count,Avg Run Time (s),Format Time (s),Total Time (s),Verification,Iters,Block Row,Block Col,K-Bound,Threads,Rows,Cols,NNZ,NNZ*2,Max Cols,Avg Cols,Col Ratio,Variance,Std Deviation
BCSR GPU,O2,386090815.069686,386.090815,0.386091,439624,0.002152,1.142237,1.144389,16,10,2,2,16,-1,10974,10974,219812,439624,108,20,5.000000,79,8
BCSR GPU,O2,352460862.033517,352.460862,0.352461,439624,0.002307,1.126118,1.128425,16,10,4,4,16,-1,10974,10974,219812,439624,108,20,5.000000,79,8
BCSR GPU,O2,163440840.916626,163.440841,0.163441,439624,0.003862,1.163213,1.167075,16,10,16,16,16,-1,10974,10974,219812,439624,108,20,5.000000,79,8
BCSR GPU,O2,187511603.600686,187.511604,0.187512,439624,0.003654,1.139492,1.143146,64,10,2,2,64,-1,10974,10974,219812,439624,108,20,5.000000,79,8
BCSR GPU,O2,104922622.864786,104.922623,0.104923,439624,0.006409,1.128519,1.134928,64,10,4,4,64,-1,10974,10974,219812,439624,108,20,5.000000,79,8
BCSR GPU,O2,59985699.613525,59.985700,0.059986,439624,0.009005,1.161317,1.170322,64,10,16,16,64,-1,10974,10974,219812,439624,108,20,5.000000,79,8
BCSR GPU,O2,85012148.055229,85.012148,0.085012,439624,0.008372,1.159430,1.167802,128,10,2,2,128,-1,10974,10974,219812,439624,108,20,5.000000,79,8
BCSR GPU,O2,72810848.780310,72.810849,0.072811,439624,0.010037,1.138318,1.148355,128,10,4,4,128,-1,10974,10974,219812,439624,108,20,5.000000,79,8
BCSR GPU,O2,42309680.461445,42.309680,0.042310,439624,0.011165,1.163383,1.174549,128,10,16,16,128,-1,10974,10974,219812,439624,108,20,5.000000,79,8
