Name,-O,FLOPS,MFLOPS,GFLOPS,FOP Count,Avg Run Time (s),Format Time (s),Total Time (s),Verification,Iters,Block Row,Block Col,K-Bound,Threads,Rows,Cols,NNZ,NNZ*2,Max Cols,Avg Cols,Col Ratio,Variance,Std Deviation
COO GPU,O2,9518668921.726669,9518.668922,9.518669,7033984,0.014137,0.766924,0.781061,0,10,1,1,16,-1,10974,10974,219812,439624,108,20,5.000000,79,8
COO GPU,O2,26644419473.523151,26644.419474,26.644419,28135936,0.007234,0.684568,0.691802,0,10,1,1,64,-1,10974,10974,219812,439624,108,20,5.000000,79,8
COO GPU,O2,16516883139.624893,16516.883140,16.516883,56271872,0.011727,0.685461,0.697188,0,10,1,1,128,-1,10974,10974,219812,439624,108,20,5.000000,79,8
