Name,-O,FLOPS,MFLOPS,GFLOPS,FOP Count,Avg Run Time (s),Format Time (s),Total Time (s),Verification,Iters,Block Row,Block Col,K-Bound,Threads,Rows,Cols,NNZ,NNZ*2,Max Cols,Avg Cols,Col Ratio,Variance,Std Deviation
COO OMP,O2,455500297.682850,455.500298,0.455500,439624,0.001062,0.669703,0.670765,0,10,1,1,16,8,10974,10974,219812,439624,108,20,5.000000,79,8
COO OMP,O2,463305214.660221,463.305215,0.463305,439624,0.001136,0.670482,0.671618,0,10,1,1,16,16,10974,10974,219812,439624,108,20,5.000000,79,8
COO OMP,O2,457440754.539373,457.440755,0.457441,439624,0.001300,0.674518,0.675818,0,10,1,1,16,32,10974,10974,219812,439624,108,20,5.000000,79,8
