Name,FLOPS,MFLOPS,GFLOPS,FOP Count,Avg Run Time (s),Format Time (s),Total Time (s),Verification,Iters,Block Row,Block Col,K-Bound,Threads,Rows,Cols,NNZ,NNZ*2,Max Cols,Avg Cols,Col Ratio,Variance,Std Deviation
COO Serial,146733473.144962,146.733473,0.146733,439624,0.002996,0.677542,0.680538,0,10,1,1,16,-1,10974,10974,219812,439624,108,20,5.000000,79,8
CSR Serial,143650051.008608,143.650051,0.143650,439624,0.003060,0.674479,0.677539,0,10,1,1,16,-1,10974,10974,219812,439624,108,20,5.000000,79,8
ELL Serial,314141624.967694,314.141625,0.314142,2370384,0.007548,0.709119,0.716667,0,10,1,1,16,-1,10974,10974,219812,439624,108,20,5.000000,79,8
BCSR Serial,146825143.518663,146.825144,0.146825,523592,0.003566,6.294508,6.298074,0,10,2,2,16,-1,10974,10974,219812,439624,108,20,5.000000,79,8
BCSR Serial,196360030.324624,196.360030,0.196360,771328,0.003928,6.478701,6.482629,0,10,4,4,16,-1,10974,10974,219812,439624,108,20,5.000000,79,8
