Name,-O,FLOPS,MFLOPS,GFLOPS,FOP Count,Avg Run Time (s),Format Time (s),Total Time (s),Verification,Iters,Block Row,Block Col,K-Bound,Threads,Rows,Cols,NNZ,NNZ*2,Max Cols,Avg Cols,Col Ratio,Variance,Std Deviation
COO GPU,O2,3215173.636888,3.215174,0.003215,85886,0.034607,0.088757,0.123364,31720,10,1,1,16,-1,2003,2003,42943,85886,84,21,4.000000,197,14
COO GPU,O2,3224726.488933,3.224726,0.003225,85886,0.033008,0.085346,0.118354,126810,10,1,1,64,-1,2003,2003,42943,85886,84,21,4.000000,197,14
COO GPU,O2,3212029.632853,3.212030,0.003212,85886,0.033235,0.088013,0.121248,253611,10,1,1,128,-1,2003,2003,42943,85886,84,21,4.000000,197,14
