Name,-O,FLOPS,MFLOPS,GFLOPS,FOP Count,Avg Run Time (s),Format Time (s),Total Time (s),Verification,Iters,Block Row,Block Col,K-Bound,Threads,Rows,Cols,NNZ,NNZ*2,Max Cols,Avg Cols,Col Ratio,Variance,Std Deviation
COO OMP,O2,870992929.896088,870.992930,0.870993,85886,0.000689,0.046718,0.047407,0,10,1,1,16,8,2003,2003,42943,85886,84,21,4.000000,197,14
COO OMP,O2,419148727.517803,419.148728,0.419149,85886,0.000763,0.040432,0.041195,0,10,1,1,64,8,2003,2003,42943,85886,84,21,4.000000,197,14
COO OMP,O2,240176656.709786,240.176657,0.240177,85886,0.000933,0.037685,0.038618,0,10,1,1,128,8,2003,2003,42943,85886,84,21,4.000000,197,14
COO OMP,O2,566630788.897904,566.630789,0.566631,85886,0.000890,0.043807,0.044697,0,10,1,1,16,16,2003,2003,42943,85886,84,21,4.000000,197,14
COO OMP,O2,344658354.685646,344.658355,0.344658,85886,0.001206,0.043972,0.045178,0,10,1,1,64,16,2003,2003,42943,85886,84,21,4.000000,197,14
COO OMP,O2,400634407.843339,400.634408,0.400634,85886,0.001210,0.046744,0.047954,0,10,1,1,128,16,2003,2003,42943,85886,84,21,4.000000,197,14
COO OMP,O2,328950687.542028,328.950688,0.328951,85886,0.004424,0.042286,0.046709,0,10,1,1,16,32,2003,2003,42943,85886,84,21,4.000000,197,14
COO OMP,O2,106875489.940399,106.875490,0.106875,85886,0.002660,0.043800,0.046460,0,10,1,1,64,32,2003,2003,42943,85886,84,21,4.000000,197,14
COO OMP,O2,38906329.127382,38.906329,0.038906,85886,0.003622,0.041655,0.045277,0,10,1,1,128,32,2003,2003,42943,85886,84,21,4.000000,197,14
