Name,-O,FLOPS,MFLOPS,GFLOPS,FOP Count,Avg Run Time (s),Format Time (s),Total Time (s),Verification,Iters,Block Row,Block Col,K-Bound,Threads,Rows,Cols,NNZ,NNZ*2,Max Cols,Avg Cols,Col Ratio,Variance,Std Deviation
ELL OMP,O2,1824202385.038330,1824.202385,1.824202,2370384,0.002581,0.317538,0.320119,0,10,1,1,16,8,10974,10974,219812,439624,108,20,5.000000,79,8
ELL OMP,O2,614898930.014788,614.898930,0.614899,2370384,0.006672,0.297526,0.304198,0,10,1,1,64,8,10974,10974,219812,439624,108,20,5.000000,79,8
ELL OMP,O2,376185956.919988,376.185957,0.376186,2370384,0.011151,0.248072,0.259223,0,10,1,1,128,8,10974,10974,219812,439624,108,20,5.000000,79,8
ELL OMP,O2,3402683883.797274,3402.683884,3.402684,2370384,0.003490,0.250068,0.253558,0,10,1,1,16,16,10974,10974,219812,439624,108,20,5.000000,79,8
ELL OMP,O2,1168134310.596415,1168.134311,1.168134,2370384,0.004715,0.272564,0.277279,0,10,1,1,64,16,10974,10974,219812,439624,108,20,5.000000,79,8
ELL OMP,O2,819315009.387568,819.315009,0.819315,2370384,0.003711,0.247692,0.251403,0,10,1,1,128,16,10974,10974,219812,439624,108,20,5.000000,79,8
ELL OMP,O2,4133734865.478457,4133.734865,4.133735,2370384,0.002880,0.265419,0.268299,0,10,1,1,16,32,10974,10974,219812,439624,108,20,5.000000,79,8
ELL OMP,O2,1888754406.518646,1888.754407,1.888754,2370384,0.003769,0.247307,0.251076,0,10,1,1,64,32,10974,10974,219812,439624,108,20,5.000000,79,8
ELL OMP,O2,1111386736.450164,1111.386736,1.111387,2370384,0.005251,0.291970,0.297221,0,10,1,1,128,32,10974,10974,219812,439624,108,20,5.000000,79,8
