Name,-O,FLOPS,MFLOPS,GFLOPS,FOP Count,Avg Run Time (s),Format Time (s),Total Time (s),Verification,Iters,Block Row,Block Col,K-Bound,Threads,Rows,Cols,NNZ,NNZ*2,Max Cols,Avg Cols,Col Ratio,Variance,Std Deviation
CSR Serial,O2,2008720944.588610,2008.720945,2.008721,7033984,0.003503,0.664236,0.667739,0,10,1,1,16,-1,10974,10974,219812,439624,108,20,5.000000,79,8
CSR Serial,O2,5439822943.419205,5439.822943,5.439823,28135936,0.005173,0.663739,0.668912,0,10,1,1,64,-1,10974,10974,219812,439624,108,20,5.000000,79,8
CSR Serial,O2,7471543153.235067,7471.543153,7.471543,56271872,0.007532,0.668256,0.675788,0,10,1,1,128,-1,10974,10974,219812,439624,108,20,5.000000,79,8
