Name,-O,FLOPS,MFLOPS,GFLOPS,FOP Count,Avg Run Time (s),Format Time (s),Total Time (s),Verification,Iters,Block Row,Block Col,K-Bound,Threads,Rows,Cols,NNZ,NNZ*2,Max Cols,Avg Cols,Col Ratio,Variance,Std Deviation
COO OMP,O2,19410430.752795,19.410431,0.019410,85886,0.006333,0.092069,0.098402,0,10,1,1,16,8,2003,2003,42943,85886,84,21,4.000000,197,14
COO OMP,O2,239398631.394561,239.398631,0.239399,85886,0.003373,0.069400,0.072773,0,10,1,1,64,8,2003,2003,42943,85886,84,21,4.000000,197,14
COO OMP,O2,293463823.688505,293.463824,0.293464,85886,0.002527,0.067439,0.069966,0,10,1,1,128,8,2003,2003,42943,85886,84,21,4.000000,197,14
COO OMP,O2,573103422.343239,573.103422,0.573103,85886,0.001655,0.067331,0.068986,0,10,1,1,16,16,2003,2003,42943,85886,84,21,4.000000,197,14
COO OMP,O2,319084161.808323,319.084162,0.319084,85886,0.003296,0.066871,0.070166,0,10,1,1,64,16,2003,2003,42943,85886,84,21,4.000000,197,14
COO OMP,O2,220243939.265855,220.243939,0.220244,85886,0.003383,0.066932,0.070315,0,10,1,1,128,16,2003,2003,42943,85886,84,21,4.000000,197,14
COO OMP,O2,429959043.105005,429.959043,0.429959,85886,0.003290,0.066288,0.069578,0,10,1,1,16,32,2003,2003,42943,85886,84,21,4.000000,197,14
COO OMP,O2,368819091.451308,368.819091,0.368819,85886,0.001982,0.065827,0.067809,0,10,1,1,64,32,2003,2003,42943,85886,84,21,4.000000,197,14
COO OMP,O2,252626589.012808,252.626589,0.252627,85886,0.002494,0.067232,0.069726,0,10,1,1,128,32,2003,2003,42943,85886,84,21,4.000000,197,14
