Name,-O,FLOPS,MFLOPS,GFLOPS,FOP Count,Avg Run Time (s),Format Time (s),Total Time (s),Verification,Iters,Block Row,Block Col,K-Bound,Threads,Rows,Cols,NNZ,NNZ*2,Max Cols,Avg Cols,Col Ratio,Variance,Std Deviation
BCSR GPU,O2,4468647767.728553,4468.647768,4.468648,523592,0.005723,0.287907,0.293630,16,10,2,2,16,-1,10974,10974,219812,439624,108,20,5.000000,79,8
BCSR GPU,O2,2305855743.476256,2305.855743,2.305856,771328,0.002485,0.241120,0.243605,16,10,4,4,16,-1,10974,10974,219812,439624,108,20,5.000000,79,8
BCSR GPU,O2,5058540814.017765,5058.540814,5.058541,2163712,0.002542,0.254273,0.256815,16,10,16,16,16,-1,10974,10974,219812,439624,108,20,5.000000,79,8
BCSR GPU,O2,2451332863.851699,2451.332864,2.451333,523592,0.003126,0.237303,0.240429,64,10,2,2,64,-1,10974,10974,219812,439624,108,20,5.000000,79,8
BCSR GPU,O2,3494050922.781221,3494.050923,3.494051,771328,0.002805,0.239380,0.242184,64,10,4,4,64,-1,10974,10974,219812,439624,108,20,5.000000,79,8
BCSR GPU,O2,2956187296.157042,2956.187296,2.956187,2163712,0.004358,0.253702,0.258060,64,10,16,16,64,-1,10974,10974,219812,439624,108,20,5.000000,79,8
BCSR GPU,O2,1549318053.233841,1549.318053,1.549318,523592,0.002723,0.236133,0.238856,128,10,2,2,128,-1,10974,10974,219812,439624,108,20,5.000000,79,8
BCSR GPU,O2,1098062737.324605,1098.062737,1.098063,771328,0.003156,0.238964,0.242121,128,10,4,4,128,-1,10974,10974,219812,439624,108,20,5.000000,79,8
BCSR GPU,O2,1483303947.506386,1483.303948,1.483304,2163712,0.006658,0.253705,0.260363,128,10,16,16,128,-1,10974,10974,219812,439624,108,20,5.000000,79,8
