Name,-O,FLOPS,MFLOPS,GFLOPS,FOP Count,Avg Run Time (s),Format Time (s),Total Time (s),Verification,Iters,Block Row,Block Col,K-Bound,Threads,Rows,Cols,NNZ,NNZ*2,Max Cols,Avg Cols,Col Ratio,Variance,Std Deviation
BCSR GPU,O2,6023731.809817,6.023732,0.006024,85886,0.031062,0.045112,0.076174,0,10,2,2,16,-1,2003,2003,42943,85886,84,21,4.000000,197,14
BCSR GPU,O2,4273199.004923,4.273199,0.004273,85886,0.038723,0.045705,0.084428,0,10,4,4,16,-1,2003,2003,42943,85886,84,21,4.000000,197,14
BCSR GPU,O2,2005183.004830,2.005183,0.002005,85886,0.057645,0.050793,0.108439,0,10,16,16,16,-1,2003,2003,42943,85886,84,21,4.000000,197,14
BCSR GPU,O2,5206971.207614,5.206971,0.005207,85886,0.033200,0.044781,0.077981,0,10,2,2,64,-1,2003,2003,42943,85886,84,21,4.000000,197,14
BCSR GPU,O2,3603570.413322,3.603570,0.003604,85886,0.040496,0.045307,0.085803,0,10,4,4,64,-1,2003,2003,42943,85886,84,21,4.000000,197,14
BCSR GPU,O2,895552.422722,0.895552,0.000896,85886,0.110068,0.050829,0.160897,0,10,16,16,64,-1,2003,2003,42943,85886,84,21,4.000000,197,14
BCSR GPU,O2,4224017.728955,4.224018,0.004224,85886,0.037010,0.044920,0.081930,0,10,2,2,128,-1,2003,2003,42943,85886,84,21,4.000000,197,14
BCSR GPU,O2,2589952.141358,2.589952,0.002590,85886,0.049544,0.045616,0.095160,0,10,4,4,128,-1,2003,2003,42943,85886,84,21,4.000000,197,14
BCSR GPU,O2,541386.183544,0.541386,0.000541,85886,0.171618,0.051396,0.223014,0,10,16,16,128,-1,2003,2003,42943,85886,84,21,4.000000,197,14
