Name,-O,FLOPS,MFLOPS,GFLOPS,FOP Count,Avg Run Time (s),Format Time (s),Total Time (s),Verification,Iters,Block Row,Block Col,K-Bound,Threads,Rows,Cols,NNZ,NNZ*2,Max Cols,Avg Cols,Col Ratio,Variance,Std Deviation
CSR OMP Transpose,O2,6561267508.713020,6561.267509,6.561268,10993408,0.001864,0.047189,0.049053,0,10,1,1,128,8,2003,2003,42943,85886,84,21,4.000000,197,14
CSR OMP Transpose,O2,6252099939.198223,6252.099939,6.252100,10993408,0.002533,0.023164,0.025697,0,10,1,1,128,16,2003,2003,42943,85886,84,21,4.000000,197,14
CSR OMP Transpose,O2,9685789221.585278,9685.789222,9.685789,10993408,0.001764,0.037278,0.039042,0,10,1,1,128,32,2003,2003,42943,85886,84,21,4.000000,197,14
