Name,Avg Run Time (s),Format Time (s),Total Time (s),GFLOPS,Verification,Iters,Block Row,Block Col,K-Bound,Threads,FOP Count,Rows,Cols,NNZ,Max Cols,Avg Cols,Variance,Std Deviation
csr_transpose_omp_O2,0.295393,1.553322,1.848715,16.342444,0,10,1,1,16,8,4824433776,10974,10974,219812,108,20,79,8
csr_transpose_omp_collapse_O2,1.276596,1.442607,2.719203,3.800877,0,10,1,1,16,8,4824433776,10974,10974,219812,108,20,79,8
csr_transpose_omp_omp_O2,0.294030,1.502641,1.796671,16.428374,0,10,1,1,16,8,4824433776,10974,10974,219812,108,20,79,8
csr_transpose_omp_O2,0.172772,1.472198,1.644970,28.103955,0,10,1,1,16,16,4824433776,10974,10974,219812,108,20,79,8
csr_transpose_omp_collapse_O2,0.684709,1.431963,2.116672,7.099617,0,10,1,1,16,16,4824433776,10974,10974,219812,108,20,79,8
csr_transpose_omp_omp_O2,0.171924,1.421882,1.593806,28.096063,0,10,1,1,16,16,4824433776,10974,10974,219812,108,20,79,8
csr_transpose_omp_O2,0.139384,1.434218,1.573602,34.864846,0,10,1,1,16,32,4824433776,10974,10974,219812,108,20,79,8
csr_transpose_omp_collapse_O2,0.398071,1.464800,1.862871,12.178844,0,10,1,1,16,32,4824433776,10974,10974,219812,108,20,79,8
csr_transpose_omp_omp_O2,0.134847,1.497073,1.631920,36.057830,0,10,1,1,16,32,4824433776,10974,10974,219812,108,20,79,8
