Name,-O,FLOPS,MFLOPS,GFLOPS,FOP Count,Avg Run Time (s),Format Time (s),Total Time (s),Verification,Iters,Block Row,Block Col,K-Bound,Threads,Rows,Cols,NNZ,NNZ*2,Max Cols,Avg Cols,Col Ratio,Variance,Std Deviation
COO Serial,O2,332354971.141984,332.354971,0.332355,85886,0.000264,0.041575,0.041839,0,10,1,1,16,-1,2003,2003,42943,85886,84,21,4.000000,197,14
COO Serial,O2,130517103.537675,130.517104,0.130517,85886,0.000663,0.041552,0.042215,0,10,1,1,64,-1,2003,2003,42943,85886,84,21,4.000000,197,14
COO Serial,O2,78144077.270354,78.144077,0.078144,85886,0.001103,0.041993,0.043096,0,10,1,1,128,-1,2003,2003,42943,85886,84,21,4.000000,197,14
