Name,-O,FLOPS,MFLOPS,GFLOPS,FOP Count,Avg Run Time (s),Format Time (s),Total Time (s),Verification,Iters,Block Row,Block Col,K-Bound,Threads,Rows,Cols,NNZ,NNZ*2,Max Cols,Avg Cols,Col Ratio,Variance,Std Deviation
BCSR GPU,O2,7992215523.761212,7992.215524,7.992216,7033984,0.012117,0.744520,0.756637,16,10,4,4,16,-1,10974,10974,219812,439624,108,20,5.000000,79,8
BCSR GPU,O2,21507534331.284840,21507.534331,21.507534,28135936,0.012204,0.740262,0.752466,64,10,4,4,64,-1,10974,10974,219812,439624,108,20,5.000000,79,8
BCSR GPU,O2,29499073692.156639,29499.073692,29.499074,56271872,0.005239,0.786296,0.791535,128,10,4,4,128,-1,10974,10974,219812,439624,108,20,5.000000,79,8
