Name,-O,FLOPS,MFLOPS,GFLOPS,FOP Count,Avg Run Time (s),Format Time (s),Total Time (s),Verification,Iters,Block Row,Block Col,K-Bound,Threads,Rows,Cols,NNZ,NNZ*2,Max Cols,Avg Cols,Col Ratio,Variance,Std Deviation
BCSR OMP,O2,412473346.980067,412.473347,0.412473,3516992,0.013290,0.226906,0.240196,8,10,4,4,8,32,10974,10974,219812,439624,108,20,5.000000,79,8
BCSR OMP,O2,846059570.645728,846.059571,0.846060,7033984,0.011851,0.229356,0.241208,16,10,4,4,16,32,10974,10974,219812,439624,108,20,5.000000,79,8
BCSR OMP,O2,3409850328.565372,3409.850329,3.409850,28135936,0.009546,0.234622,0.244168,64,10,4,4,64,32,10974,10974,219812,439624,108,20,5.000000,79,8
BCSR OMP,O2,5920855375.343385,5920.855375,5.920855,56271872,0.010898,0.326692,0.337590,128,10,4,4,128,32,10974,10974,219812,439624,108,20,5.000000,79,8
BCSR OMP,O2,8336370444.733233,8336.370445,8.336370,112543744,0.015215,0.270026,0.285241,256,10,4,4,256,32,10974,10974,219812,439624,108,20,5.000000,79,8
BCSR OMP,O2,10020665410.715605,10020.665411,10.020665,225087488,0.026874,0.327374,0.354248,512,10,4,4,512,32,10974,10974,219812,439624,108,20,5.000000,79,8
BCSR OMP,O2,12588223748.149878,12588.223748,12.588224,451933472,0.038467,0.229768,0.268235,1028,10,4,4,1028,32,10974,10974,219812,439624,108,20,5.000000,79,8
