Name,-O,FLOPS,MFLOPS,GFLOPS,FOP Count,Avg Run Time (s),Format Time (s),Total Time (s),Verification,Iters,Block Row,Block Col,K-Bound,Threads,Rows,Cols,NNZ,NNZ*2,Max Cols,Avg Cols,Col Ratio,Variance,Std Deviation
CSR Serial,O2,288498326.238188,288.498326,0.288498,85886,0.000304,0.042417,0.042721,0,10,1,1,16,-1,2003,2003,42943,85886,84,21,4.000000,197,14
CSR Serial,O2,130800280.169964,130.800280,0.130800,85886,0.000664,0.041472,0.042136,0,10,1,1,64,-1,2003,2003,42943,85886,84,21,4.000000,197,14
CSR Serial,O2,76126198.969459,76.126199,0.076126,85886,0.001131,0.041989,0.043121,0,10,1,1,128,-1,2003,2003,42943,85886,84,21,4.000000,197,14
