Name,-O,FLOPS,MFLOPS,GFLOPS,FOP Count,Avg Run Time (s),Format Time (s),Total Time (s),Verification,Iters,Block Row,Block Col,K-Bound,Threads,Rows,Cols,NNZ,NNZ*2,Max Cols,Avg Cols,Col Ratio,Variance,Std Deviation
COO GPU,O2,549345922.091009,549.345922,0.549346,1374176,0.014754,0.049483,0.064237,16,10,1,1,16,-1,2003,2003,42943,85886,84,21,4.000000,197,14
COO GPU,O2,1340936198.760773,1340.936199,1.340936,5496704,0.011810,0.054286,0.066096,0,10,1,1,64,-1,2003,2003,42943,85886,84,21,4.000000,197,14
COO GPU,O2,1237156210.526972,1237.156211,1.237156,10993408,0.017017,0.052781,0.069798,0,10,1,1,128,-1,2003,2003,42943,85886,84,21,4.000000,197,14
