Name,-O,FLOPS,MFLOPS,GFLOPS,FOP Count,Avg Run Time (s),Format Time (s),Total Time (s),Verification,Iters,Block Row,Block Col,K-Bound,Threads,Rows,Cols,NNZ,NNZ*2,Max Cols,Avg Cols,Col Ratio,Variance,Std Deviation
CSR OMP,O2,661379284.248566,661.379284,0.661379,85886,0.000643,0.040340,0.040983,0,10,1,1,16,8,2003,2003,42943,85886,84,21,4.000000,197,14
CSR OMP,O2,251115785.527406,251.115786,0.251116,85886,0.000817,0.048425,0.049242,0,10,1,1,64,8,2003,2003,42943,85886,84,21,4.000000,197,14
CSR OMP,O2,168302611.051909,168.302611,0.168303,85886,0.001153,0.046562,0.047715,0,10,1,1,128,8,2003,2003,42943,85886,84,21,4.000000,197,14
CSR OMP,O2,542368508.364022,542.368508,0.542369,85886,0.001547,0.047448,0.048996,0,10,1,1,16,16,2003,2003,42943,85886,84,21,4.000000,197,14
CSR OMP,O2,399442772.741639,399.442773,0.399443,85886,0.001245,0.046801,0.048046,0,10,1,1,64,16,2003,2003,42943,85886,84,21,4.000000,197,14
CSR OMP,O2,177508951.852811,177.508952,0.177509,85886,0.001262,0.049178,0.050440,0,10,1,1,128,16,2003,2003,42943,85886,84,21,4.000000,197,14
CSR OMP,O2,424390529.982137,424.390530,0.424391,85886,0.004549,0.049729,0.054278,0,10,1,1,16,32,2003,2003,42943,85886,84,21,4.000000,197,14
CSR OMP,O2,236972981.099510,236.972981,0.236973,85886,0.003077,0.047915,0.050992,0,10,1,1,64,32,2003,2003,42943,85886,84,21,4.000000,197,14
CSR OMP,O2,91431711.225598,91.431711,0.091432,85886,0.004397,0.045274,0.049671,0,10,1,1,128,32,2003,2003,42943,85886,84,21,4.000000,197,14
