Name,-O,FLOPS,MFLOPS,GFLOPS,FOP Count,Avg Run Time (s),Format Time (s),Total Time (s),Verification,Iters,Block Row,Block Col,K-Bound,Threads,Rows,Cols,NNZ,NNZ*2,Max Cols,Avg Cols,Col Ratio,Variance,Std Deviation
BCSR Serial Transpose,O2,1606594.539251,1.606595,0.001607,439624,0.273798,0.737123,1.010921,16,10,2,2,16,-1,10974,10974,219812,439624,108,20,5.000000,79,8
BCSR Serial Transpose,O2,1565853.461586,1.565853,0.001566,439624,0.280952,0.742749,1.023701,16,10,4,4,16,-1,10974,10974,219812,439624,108,20,5.000000,79,8
BCSR Serial Transpose,O2,1560672.159108,1.560672,0.001561,439624,0.281867,0.762355,1.044222,16,10,16,16,16,-1,10974,10974,219812,439624,108,20,5.000000,79,8
BCSR Serial Transpose,O2,1553615.741314,1.553616,0.001554,439624,0.283141,0.728850,1.011991,64,10,2,2,64,-1,10974,10974,219812,439624,108,20,5.000000,79,8
BCSR Serial Transpose,O2,1528316.313250,1.528316,0.001528,439624,0.287771,0.741473,1.029244,64,10,4,4,64,-1,10974,10974,219812,439624,108,20,5.000000,79,8
BCSR Serial Transpose,O2,1408612.061307,1.408612,0.001409,439624,0.312246,0.759293,1.071539,64,10,16,16,64,-1,10974,10974,219812,439624,108,20,5.000000,79,8
BCSR Serial Transpose,O2,1502286.814582,1.502287,0.001502,439624,0.292758,0.739075,1.031833,128,10,2,2,128,-1,10974,10974,219812,439624,108,20,5.000000,79,8
BCSR Serial Transpose,O2,1444573.068592,1.444573,0.001445,439624,0.304484,0.739542,1.044026,128,10,4,4,128,-1,10974,10974,219812,439624,108,20,5.000000,79,8
BCSR Serial Transpose,O2,1230638.750771,1.230639,0.001231,439624,0.357367,0.758374,1.115741,128,10,16,16,128,-1,10974,10974,219812,439624,108,20,5.000000,79,8
