Name,-O,FLOPS,MFLOPS,GFLOPS,FOP Count,Avg Run Time (s),Format Time (s),Total Time (s),Verification,Iters,Block Row,Block Col,K-Bound,Threads,Rows,Cols,NNZ,NNZ*2,Max Cols,Avg Cols,Col Ratio,Variance,Std Deviation
CSR Serial Transpose,O2,995671.582599,0.995672,0.000996,439624,0.441535,0.670673,1.112209,0,10,1,1,16,-1,10974,10974,219812,439624,108,20,5.000000,79,8
CSR Serial Transpose,O2,982433.505607,0.982434,0.000982,439624,0.447485,0.669408,1.116893,0,10,1,1,64,-1,10974,10974,219812,439624,108,20,5.000000,79,8
CSR Serial Transpose,O2,1000950.640828,1.000951,0.001001,439624,0.439206,0.670978,1.110185,0,10,1,1,128,-1,10974,10974,219812,439624,108,20,5.000000,79,8
