Name,Avg Run Time (s),Format Time (s),Total Time (s),GFLOPS,Verification,Iters,Block Row,Block Col,K-Bound,Threads,FOP Count,Rows,Cols,NNZ,Max Cols,Avg Cols,Variance,Std Deviation
coo_omp_O3,0.005864,0.309852,0.315716,72.891205,0,10,1,1,16,8,7033984,10974,10974,219812,108,20,79,8
coo_omp_collapse_O3,0.001205,0.205082,0.206287,80.849003,0,10,1,1,16,8,7033984,10974,10974,219812,108,20,79,8
coo_omp_O3,0.003430,0.208693,0.212123,107.489882,0,10,1,1,16,16,7033984,10974,10974,219812,108,20,79,8
coo_omp_collapse_O3,0.001828,0.206331,0.208159,81.236323,0,10,1,1,16,16,7033984,10974,10974,219812,108,20,79,8
coo_omp_O3,0.002810,0.206230,0.209040,100.419457,0,10,1,1,16,32,7033984,10974,10974,219812,108,20,79,8
coo_omp_collapse_O3,0.003085,0.207050,0.210135,49.246022,0,10,1,1,16,32,7033984,10974,10974,219812,108,20,79,8
