Name,-O,FLOPS,MFLOPS,GFLOPS,FOP Count,Avg Run Time (s),Format Time (s),Total Time (s),Verification,Iters,Block Row,Block Col,K-Bound,Threads,Rows,Cols,NNZ,NNZ*2,Max Cols,Avg Cols,Col Ratio,Variance,Std Deviation
ELL GPU,O2,1548004454.333763,1548.004454,1.548004,2370384,0.001725,0.707653,0.709378,0,10,1,1,16,-1,10974,10974,219812,439624,108,20,5.000000,79,8
ELL GPU,O2,681203696.496114,681.203696,0.681204,2370384,0.003742,0.701531,0.705273,0,10,1,1,64,-1,10974,10974,219812,439624,108,20,5.000000,79,8
ELL GPU,O2,578027392.429362,578.027392,0.578027,2370384,0.004271,0.712861,0.717132,0,10,1,1,128,-1,10974,10974,219812,439624,108,20,5.000000,79,8
