Name,-O,FLOPS,MFLOPS,GFLOPS,FOP Count,Avg Run Time (s),Format Time (s),Total Time (s),Verification,Iters,Block Row,Block Col,K-Bound,Threads,Rows,Cols,NNZ,NNZ*2,Max Cols,Avg Cols,Col Ratio,Variance,Std Deviation
COO Serial,O2,5086021649.621289,5086.021650,5.086022,7033984,0.001387,0.228654,0.230041,0,10,1,1,16,-1,10974,10974,219812,439624,108,20,5.000000,79,8
COO Serial,O2,7488233784.121448,7488.233784,7.488234,28135936,0.003813,0.303802,0.307615,0,10,1,1,64,-1,10974,10974,219812,439624,108,20,5.000000,79,8
COO Serial,O2,6949791150.363462,6949.791150,6.949791,56271872,0.008177,0.304675,0.312852,0,10,1,1,128,-1,10974,10974,219812,439624,108,20,5.000000,79,8
