Name,-O,FLOPS,MFLOPS,GFLOPS,FOP Count,Avg Run Time (s),Format Time (s),Total Time (s),Verification,Iters,Block Row,Block Col,K-Bound,Threads,Rows,Cols,NNZ,NNZ*2,Max Cols,Avg Cols,Col Ratio,Variance,Std Deviation
BCSR Serial,O2,2195801849.814733,2195.801850,2.195802,7033984,0.003204,0.684056,0.687260,16,10,4,4,16,-1,10974,10974,219812,439624,108,20,5.000000,79,8
BCSR Serial,O2,4895609973.028154,4895.609973,4.895610,28135936,0.005747,0.690017,0.695764,64,10,4,4,64,-1,10974,10974,219812,439624,108,20,5.000000,79,8
BCSR Serial,O2,5852867263.050753,5852.867263,5.852867,56271872,0.009615,0.690845,0.700460,128,10,4,4,128,-1,10974,10974,219812,439624,108,20,5.000000,79,8
