Name,-O,FLOPS,MFLOPS,GFLOPS,FOP Count,Avg Run Time (s),Format Time (s),Total Time (s),Verification,Iters,Block Row,Block Col,K-Bound,Threads,Rows,Cols,NNZ,NNZ*2,Max Cols,Avg Cols,Col Ratio,Variance,Std Deviation
BCSR Serial,O2,147446740.003082,147.446740,0.147447,523592,0.003551,6.257983,6.261534,0,10,2,2,16,-1,10974,10974,219812,439624,108,20,5.000000,79,8
BCSR Serial,O2,196600657.054711,196.600657,0.196601,771328,0.003923,6.464801,6.468724,0,10,4,4,16,-1,10974,10974,219812,439624,108,20,5.000000,79,8
