Name,-O,FLOPS,MFLOPS,GFLOPS,FOP Count,Avg Run Time (s),Format Time (s),Total Time (s),Verification,Iters,Block Row,Block Col,K-Bound,Threads,Rows,Cols,NNZ,NNZ*2,Max Cols,Avg Cols,Col Ratio,Variance,Std Deviation
COO OMP,O2,397775405.729173,397.775406,0.397775,439624,0.024172,0.729507,0.753679,0,10,1,1,16,8,10974,10974,219812,439624,108,20,5.000000,79,8
COO OMP,O2,184955099.722690,184.955100,0.184955,439624,0.013062,0.737430,0.750492,0,10,1,1,64,8,10974,10974,219812,439624,108,20,5.000000,79,8
COO OMP,O2,197810780.555222,197.810781,0.197811,439624,0.017291,0.708652,0.725943,0,10,1,1,128,8,10974,10974,219812,439624,108,20,5.000000,79,8
COO OMP,O2,263142640.238642,263.142640,0.263143,439624,0.017301,0.745890,0.763191,16,10,1,1,16,16,10974,10974,219812,439624,108,20,5.000000,79,8
COO OMP,O2,100250621.704185,100.250622,0.100251,439624,0.021648,0.720683,0.742331,0,10,1,1,64,16,10974,10974,219812,439624,108,20,5.000000,79,8
COO OMP,O2,98540804.413246,98.540804,0.098541,439624,0.012867,0.738272,0.751139,0,10,1,1,128,16,10974,10974,219812,439624,108,20,5.000000,79,8
COO OMP,O2,193345454.943466,193.345455,0.193345,439624,0.021244,0.709060,0.730304,0,10,1,1,16,32,10974,10974,219812,439624,108,20,5.000000,79,8
COO OMP,O2,114973333.994420,114.973334,0.114973,439624,0.013015,0.680838,0.693853,0,10,1,1,64,32,10974,10974,219812,439624,108,20,5.000000,79,8
COO OMP,O2,146180880.575133,146.180881,0.146181,439624,0.013006,0.728523,0.741529,0,10,1,1,128,32,10974,10974,219812,439624,108,20,5.000000,79,8
