Name,-O,FLOPS,MFLOPS,GFLOPS,FOP Count,Avg Run Time (s),Format Time (s),Total Time (s),Verification,Iters,Block Row,Block Col,K-Bound,Threads,Rows,Cols,NNZ,NNZ*2,Max Cols,Avg Cols,Col Ratio,Variance,Std Deviation
CSR OMP Transpose,O2,7302522609.182877,7302.522609,7.302523,10993408,0.001514,0.046057,0.047571,0,10,1,1,128,8,2003,2003,42943,85886,84,21,4.000000,197,14
CSR OMP Transpose,O2,12067813310.896009,12067.813311,12.067813,10993408,0.000956,0.066535,0.067491,0,10,1,1,128,16,2003,2003,42943,85886,84,21,4.000000,197,14
CSR OMP Transpose,O2,10402509949.702908,10402.509950,10.402510,10993408,0.001118,0.056120,0.057238,0,10,1,1,128,32,2003,2003,42943,85886,84,21,4.000000,197,14
