Name,-O,FLOPS,MFLOPS,GFLOPS,FOP Count,Avg Run Time (s),Format Time (s),Total Time (s),Verification,Iters,Block Row,Block Col,K-Bound,Threads,Rows,Cols,NNZ,NNZ*2,Max Cols,Avg Cols,Col Ratio,Variance,Std Deviation
CSR OMP Transpose,O2,1504845.845811,1.504846,0.001505,439624,0.338134,0.798306,1.136440,0,10,1,1,16,8,10974,10974,219812,439624,108,20,5.000000,79,8
CSR OMP Transpose,O2,1348900.844753,1.348901,0.001349,439624,0.374386,0.638762,1.013148,0,10,1,1,64,8,10974,10974,219812,439624,108,20,5.000000,79,8
CSR OMP Transpose,O2,1437534.963848,1.437535,0.001438,439624,0.351082,0.650566,1.001648,0,10,1,1,128,8,10974,10974,219812,439624,108,20,5.000000,79,8
CSR OMP Transpose,O2,1389239.906609,1.389240,0.001389,439624,0.377131,0.645058,1.022189,0,10,1,1,16,16,10974,10974,219812,439624,108,20,5.000000,79,8
CSR OMP Transpose,O2,1487743.862522,1.487744,0.001488,439624,0.340942,0.641599,0.982541,0,10,1,1,64,16,10974,10974,219812,439624,108,20,5.000000,79,8
CSR OMP Transpose,O2,1377668.471926,1.377668,0.001378,439624,0.365143,0.637987,1.003130,0,10,1,1,128,16,10974,10974,219812,439624,108,20,5.000000,79,8
CSR OMP Transpose,O2,1485289.324201,1.485289,0.001485,439624,0.342222,0.643700,0.985922,0,10,1,1,16,32,10974,10974,219812,439624,108,20,5.000000,79,8
CSR OMP Transpose,O2,1373902.135299,1.373902,0.001374,439624,0.368828,0.642531,1.011359,0,10,1,1,64,32,10974,10974,219812,439624,108,20,5.000000,79,8
CSR OMP Transpose,O2,1433010.241925,1.433010,0.001433,439624,0.353449,0.645411,0.998860,0,10,1,1,128,32,10974,10974,219812,439624,108,20,5.000000,79,8
