Name,-O,FLOPS,MFLOPS,GFLOPS,FOP Count,Avg Run Time (s),Format Time (s),Total Time (s),Verification,Iters,Block Row,Block Col,K-Bound,Threads,Rows,Cols,NNZ,NNZ*2,Max Cols,Avg Cols,Col Ratio,Variance,Std Deviation
CSR OMP,O2,272301377.634797,272.301378,0.272301,439624,0.005676,1.461977,1.467653,0,10,1,1,16,8,10974,10974,219812,439624,108,20,5.000000,79,8
CSR OMP,O2,268628667.665395,268.628668,0.268629,439624,0.002181,1.504230,1.506411,0,10,1,1,64,8,10974,10974,219812,439624,108,20,5.000000,79,8
CSR OMP,O2,177604843.157226,177.604843,0.177605,439624,0.002933,1.420285,1.423218,0,10,1,1,128,8,10974,10974,219812,439624,108,20,5.000000,79,8
CSR OMP,O2,790374280.516973,790.374281,0.790374,439624,0.001092,1.436273,1.437365,0,10,1,1,16,16,10974,10974,219812,439624,108,20,5.000000,79,8
CSR OMP,O2,446237889.074232,446.237889,0.446238,439624,0.001557,1.432315,1.433873,0,10,1,1,64,16,10974,10974,219812,439624,108,20,5.000000,79,8
CSR OMP,O2,255172369.405282,255.172369,0.255172,439624,0.002186,1.400097,1.402283,0,10,1,1,128,16,10974,10974,219812,439624,108,20,5.000000,79,8
CSR OMP,O2,926984954.486823,926.984954,0.926985,439624,0.002726,1.389542,1.392268,0,10,1,1,16,32,10974,10974,219812,439624,108,20,5.000000,79,8
CSR OMP,O2,459911358.931500,459.911359,0.459911,439624,0.002415,1.388825,1.391240,0,10,1,1,64,32,10974,10974,219812,439624,108,20,5.000000,79,8
CSR OMP,O2,236974118.721850,236.974119,0.236974,439624,0.003150,1.389400,1.392550,0,10,1,1,128,32,10974,10974,219812,439624,108,20,5.000000,79,8
