Name,-O,FLOPS,MFLOPS,GFLOPS,FOP Count,Avg Run Time (s),Format Time (s),Total Time (s),Verification,Iters,Block Row,Block Col,K-Bound,Threads,Rows,Cols,NNZ,NNZ*2,Max Cols,Avg Cols,Col Ratio,Variance,Std Deviation
BCSR OMP,O2,1736504671.748492,1736.504672,1.736505,1374176,0.001447,0.052063,0.053510,0,10,4,4,16,8,2003,2003,42943,85886,84,21,4.000000,197,14
BCSR OMP,O2,5526031226.048235,5526.031226,5.526031,5496704,0.001582,0.063528,0.065110,0,10,4,4,64,8,2003,2003,42943,85886,84,21,4.000000,197,14
BCSR OMP,O2,8214076406.758438,8214.076407,8.214076,10993408,0.001928,0.064226,0.066153,0,10,4,4,128,8,2003,2003,42943,85886,84,21,4.000000,197,14
BCSR OMP,O2,152669365.629489,152.669366,0.152669,1374176,0.010135,0.063444,0.073579,0,10,4,4,16,16,2003,2003,42943,85886,84,21,4.000000,197,14
BCSR OMP,O2,2731537674.268683,2731.537674,2.731538,5496704,0.003301,0.078228,0.081529,0,10,4,4,64,16,2003,2003,42943,85886,84,21,4.000000,197,14
BCSR OMP,O2,1157093736.208409,1157.093736,1.157094,10993408,0.010657,0.067217,0.077874,0,10,4,4,128,16,2003,2003,42943,85886,84,21,4.000000,197,14
BCSR OMP,O2,36376964.585128,36.376965,0.036377,1374176,0.046426,0.062432,0.108858,0,10,4,4,16,32,2003,2003,42943,85886,84,21,4.000000,197,14
BCSR OMP,O2,308366476.843088,308.366477,0.308366,5496704,0.030061,0.059485,0.089546,0,10,4,4,64,32,2003,2003,42943,85886,84,21,4.000000,197,14
BCSR OMP,O2,561815079.088003,561.815079,0.561815,10993408,0.030493,0.059773,0.090265,0,10,4,4,128,32,2003,2003,42943,85886,84,21,4.000000,197,14
