Name,-O,FLOPS,MFLOPS,GFLOPS,FOP Count,Avg Run Time (s),Format Time (s),Total Time (s),Verification,Iters,Block Row,Block Col,K-Bound,Threads,Rows,Cols,NNZ,NNZ*2,Max Cols,Avg Cols,Col Ratio,Variance,Std Deviation
COO OMP Transpose,O2,12126058184.818287,12126.058185,12.126058,10993408,0.000936,0.047491,0.048427,0,10,1,1,128,8,2003,2003,42943,85886,84,21,4.000000,197,14
COO OMP Transpose,O2,17407610322.167065,17407.610322,17.407610,10993408,0.000637,0.078106,0.078743,0,10,1,1,128,16,2003,2003,42943,85886,84,21,4.000000,197,14
COO OMP Transpose,O2,7296065799.468196,7296.065799,7.296066,10993408,0.001665,0.078036,0.079701,0,10,1,1,128,32,2003,2003,42943,85886,84,21,4.000000,197,14
