Name,-O,FLOPS,MFLOPS,GFLOPS,FOP Count,Avg Run Time (s),Format Time (s),Total Time (s),Verification,Iters,Block Row,Block Col,K-Bound,Threads,Rows,Cols,NNZ,NNZ*2,Max Cols,Avg Cols,Col Ratio,Variance,Std Deviation
BCSR Serial,O2,141197123.509560,141.197124,0.141197,439624,0.003114,0.653446,0.656560,16,10,2,2,16,-1,10974,10974,219812,439624,108,20,5.000000,79,8
BCSR Serial,O2,126442452.544135,126.442453,0.126442,439624,0.003479,0.658490,0.661969,16,10,4,4,16,-1,10974,10974,219812,439624,108,20,5.000000,79,8
BCSR Serial,O2,60115230.358407,60.115230,0.060115,439624,0.007315,0.678387,0.685702,16,10,16,16,16,-1,10974,10974,219812,439624,108,20,5.000000,79,8
BCSR Serial,O2,64367002.490423,64.367002,0.064367,439624,0.006832,0.656900,0.663732,64,10,2,2,64,-1,10974,10974,219812,439624,108,20,5.000000,79,8
BCSR Serial,O2,53641587.793802,53.641588,0.053642,439624,0.008196,0.660416,0.668612,64,10,4,4,64,-1,10974,10974,219812,439624,108,20,5.000000,79,8
BCSR Serial,O2,24005005.721240,24.005006,0.024005,439624,0.018315,0.676625,0.694939,64,10,16,16,64,-1,10974,10974,219812,439624,108,20,5.000000,79,8
BCSR Serial,O2,44260073.397736,44.260073,0.044260,439624,0.009934,0.655158,0.665092,128,10,2,2,128,-1,10974,10974,219812,439624,108,20,5.000000,79,8
BCSR Serial,O2,34432017.069768,34.432017,0.034432,439624,0.012768,0.656823,0.669591,128,10,4,4,128,-1,10974,10974,219812,439624,108,20,5.000000,79,8
BCSR Serial,O2,15227366.103712,15.227366,0.015227,439624,0.028871,0.677756,0.706627,128,10,16,16,128,-1,10974,10974,219812,439624,108,20,5.000000,79,8
