Name,-O,FLOPS,MFLOPS,GFLOPS,FOP Count,Avg Run Time (s),Format Time (s),Total Time (s),Verification,Iters,Block Row,Block Col,K-Bound,Threads,Rows,Cols,NNZ,NNZ*2,Max Cols,Avg Cols,Col Ratio,Variance,Std Deviation
COO Serial,O2,149434566.423721,149.434566,0.149435,439624,0.002942,0.672978,0.675920,0,10,1,1,16,-1,10974,10974,219812,439624,108,20,5.000000,79,8
COO Serial,O2,86204378.955355,86.204379,0.086204,439624,0.005100,0.670073,0.675173,0,10,1,1,64,-1,10974,10974,219812,439624,108,20,5.000000,79,8
COO Serial,O2,60655646.548244,60.655647,0.060656,439624,0.007248,0.670950,0.678198,0,10,1,1,128,-1,10974,10974,219812,439624,108,20,5.000000,79,8
