Name,-O,FLOPS,MFLOPS,GFLOPS,FOP Count,Avg Run Time (s),Format Time (s),Total Time (s),Verification,Iters,Block Row,Block Col,K-Bound,Threads,Rows,Cols,NNZ,NNZ*2,Max Cols,Avg Cols,Col Ratio,Variance,Std Deviation
CSR OMP,O2,79809471.242663,79.809471,0.079809,85886,0.002033,0.092923,0.094956,0,10,1,1,16,8,2003,2003,42943,85886,84,21,4.000000,197,14
CSR OMP,O2,46722406.999967,46.722407,0.046722,85886,0.003181,0.082611,0.085792,0,10,1,1,64,8,2003,2003,42943,85886,84,21,4.000000,197,14
CSR OMP,O2,32878864.130548,32.878864,0.032879,85886,0.004272,0.042940,0.047212,0,10,1,1,128,8,2003,2003,42943,85886,84,21,4.000000,197,14
CSR OMP,O2,88613739.722745,88.613740,0.088614,85886,0.001643,0.030536,0.032179,0,10,1,1,16,16,2003,2003,42943,85886,84,21,4.000000,197,14
CSR OMP,O2,55279773.084311,55.279773,0.055280,85886,0.002829,0.057745,0.060574,0,10,1,1,64,16,2003,2003,42943,85886,84,21,4.000000,197,14
CSR OMP,O2,48375494.067261,48.375494,0.048375,85886,0.002929,0.070465,0.073394,0,10,1,1,128,16,2003,2003,42943,85886,84,21,4.000000,197,14
CSR OMP,O2,156480387.812284,156.480388,0.156480,85886,0.002303,0.082674,0.084977,0,10,1,1,16,32,2003,2003,42943,85886,84,21,4.000000,197,14
CSR OMP,O2,64064004.766553,64.064005,0.064064,85886,0.002864,0.083233,0.086096,0,10,1,1,64,32,2003,2003,42943,85886,84,21,4.000000,197,14
CSR OMP,O2,49485562.854978,49.485563,0.049486,85886,0.003644,0.060956,0.064600,0,10,1,1,128,32,2003,2003,42943,85886,84,21,4.000000,197,14
