Name,-O,FLOPS,MFLOPS,GFLOPS,FOP Count,Avg Run Time (s),Format Time (s),Total Time (s),Verification,Iters,Block Row,Block Col,K-Bound,Threads,Rows,Cols,NNZ,NNZ*2,Max Cols,Avg Cols,Col Ratio,Variance,Std Deviation
CSR THREADS,O2,233500880.977613,233.500881,0.233501,85886,0.002410,0.077674,0.080084,0,5,1,1,16,64,2003,2003,42943,85886,84,21,4.000000,197,14
CSR THREADS,O2,118751124.218647,118.751124,0.118751,85886,0.001385,0.031790,0.033175,0,5,1,1,64,64,2003,2003,42943,85886,84,21,4.000000,197,14
CSR THREADS,O2,47830270.666193,47.830271,0.047830,85886,0.002274,0.053053,0.055327,0,5,1,1,128,64,2003,2003,42943,85886,84,21,4.000000,197,14
