Name,-O,FLOPS,MFLOPS,GFLOPS,FOP Count,Avg Run Time (s),Format Time (s),Total Time (s),Verification,Iters,Block Row,Block Col,K-Bound,Threads,Rows,Cols,NNZ,NNZ*2,Max Cols,Avg Cols,Col Ratio,Variance,Std Deviation
BCSR Serial Transpose,O2,21004311.966708,21.004312,0.021004,85886,0.004140,0.048887,0.053027,0,10,2,2,16,-1,2003,2003,42943,85886,84,21,4.000000,197,14
BCSR Serial Transpose,O2,19479322.117793,19.479322,0.019479,85886,0.004455,0.048963,0.053418,0,10,4,4,16,-1,2003,2003,42943,85886,84,21,4.000000,197,14
BCSR Serial Transpose,O2,14345234.872117,14.345235,0.014345,85886,0.006020,0.054502,0.060522,0,10,16,16,16,-1,2003,2003,42943,85886,84,21,4.000000,197,14
BCSR Serial Transpose,O2,13237220.522941,13.237221,0.013237,85886,0.006511,0.049109,0.055620,0,10,2,2,64,-1,2003,2003,42943,85886,84,21,4.000000,197,14
BCSR Serial Transpose,O2,10559256.257909,10.559256,0.010559,85886,0.008155,0.044915,0.053070,0,10,4,4,64,-1,2003,2003,42943,85886,84,21,4.000000,197,14
BCSR Serial Transpose,O2,5694240.695806,5.694241,0.005694,85886,0.015103,0.053333,0.068436,0,10,16,16,64,-1,2003,2003,42943,85886,84,21,4.000000,197,14
BCSR Serial Transpose,O2,9160735.565002,9.160736,0.009161,85886,0.009393,0.048367,0.057760,0,10,2,2,128,-1,2003,2003,42943,85886,84,21,4.000000,197,14
BCSR Serial Transpose,O2,6760160.986834,6.760161,0.006760,85886,0.012719,0.047782,0.060501,0,10,4,4,128,-1,2003,2003,42943,85886,84,21,4.000000,197,14
BCSR Serial Transpose,O2,3240793.848824,3.240794,0.003241,85886,0.026508,0.054824,0.081333,0,10,16,16,128,-1,2003,2003,42943,85886,84,21,4.000000,197,14
