Name,-O,FLOPS,MFLOPS,GFLOPS,FOP Count,Avg Run Time (s),Format Time (s),Total Time (s),Verification,Iters,Block Row,Block Col,K-Bound,Threads,Rows,Cols,NNZ,NNZ*2,Max Cols,Avg Cols,Col Ratio,Variance,Std Deviation
CSR OMP,O2,inf,inf,inf,3516992,0.000000,0.242480,0.242480,87791,10,1,1,8,32,10974,10974,219812,439624,108,20,5.000000,79,8
CSR OMP,O2,80697220569.881805,80697.220570,80.697221,7033984,0.002596,0.207584,0.210180,0,10,1,1,16,32,10974,10974,219812,439624,108,20,5.000000,79,8
CSR OMP,O2,87577508926.986542,87577.508927,87.577509,28135936,0.001367,0.207208,0.208575,0,10,1,1,64,32,10974,10974,219812,439624,108,20,5.000000,79,8
CSR OMP,O2,112536153603.201340,112536.153603,112.536154,56271872,0.002021,0.210287,0.212308,0,10,1,1,128,32,10974,10974,219812,439624,108,20,5.000000,79,8
CSR OMP,O2,inf,inf,inf,112543744,0.000000,0.207882,0.207882,2809343,10,1,1,256,32,10974,10974,219812,439624,108,20,5.000000,79,8
CSR OMP,O2,inf,inf,inf,225087488,0.000000,0.216028,0.216028,5618687,10,1,1,512,32,10974,10974,219812,439624,108,20,5.000000,79,8
CSR OMP,O2,inf,inf,inf,451933472,0.000000,0.301700,0.301700,11281271,10,1,1,1028,32,10974,10974,219812,439624,108,20,5.000000,79,8
