Name,-O,FLOPS,MFLOPS,GFLOPS,FOP Count,Avg Run Time (s),Format Time (s),Total Time (s),Verification,Iters,Block Row,Block Col,K-Bound,Threads,Rows,Cols,NNZ,NNZ*2,Max Cols,Avg Cols,Col Ratio,Variance,Std Deviation
CSR Serial Transpose,O2,22837250.993786,22.837251,0.022837,85886,0.003916,0.077079,0.080995,0,10,1,1,16,-1,2003,2003,42943,85886,84,21,4.000000,197,14
CSR Serial Transpose,O2,16825196.425280,16.825196,0.016825,85886,0.005347,0.076051,0.081398,0,10,1,1,64,-1,2003,2003,42943,85886,84,21,4.000000,197,14
CSR Serial Transpose,O2,15582922.682123,15.582923,0.015583,85886,0.005598,0.030752,0.036351,0,10,1,1,128,-1,2003,2003,42943,85886,84,21,4.000000,197,14
