Name,-O,FLOPS,MFLOPS,GFLOPS,FOP Count,Avg Run Time (s),Format Time (s),Total Time (s),Verification,Iters,Block Row,Block Col,K-Bound,Threads,Rows,Cols,NNZ,NNZ*2,Max Cols,Avg Cols,Col Ratio,Variance,Std Deviation
BCSR OMP,O2,inf,inf,inf,687088,0.000000,0.090761,0.090761,16023,10,4,4,8,32,2003,2003,42943,85886,84,21,4.000000,197,14
BCSR OMP,O2,358479988.371463,358.479988,0.358480,1374176,0.008105,0.081230,0.089335,0,10,4,4,16,32,2003,2003,42943,85886,84,21,4.000000,197,14
BCSR OMP,O2,1129591735.955057,1129.591736,1.129592,5496704,0.006381,0.079615,0.085995,0,10,4,4,64,32,2003,2003,42943,85886,84,21,4.000000,197,14
BCSR OMP,O2,1747256488.378437,1747.256488,1.747256,10993408,0.008221,0.057054,0.065275,0,10,4,4,128,32,2003,2003,42943,85886,84,21,4.000000,197,14
BCSR OMP,O2,inf,inf,inf,21986816,0.000000,0.054182,0.054182,512767,10,4,4,256,32,2003,2003,42943,85886,84,21,4.000000,197,14
BCSR OMP,O2,inf,inf,inf,43973632,0.000000,0.066782,0.066782,1025535,10,4,4,512,32,2003,2003,42943,85886,84,21,4.000000,197,14
BCSR OMP,O2,inf,inf,inf,88290808,0.000000,0.090851,0.090851,2059083,10,4,4,1028,32,2003,2003,42943,85886,84,21,4.000000,197,14
