Name,-O,FLOPS,MFLOPS,GFLOPS,FOP Count,Avg Run Time (s),Format Time (s),Total Time (s),Verification,Iters,Block Row,Block Col,K-Bound,Threads,Rows,Cols,NNZ,NNZ*2,Max Cols,Avg Cols,Col Ratio,Variance,Std Deviation
CSR THREADS,O2,830507771.154911,830.507771,0.830508,439624,0.000873,0.745940,0.746813,0,5,1,1,16,72,10974,10974,219812,439624,108,20,5.000000,79,8
CSR THREADS,O2,233494209.888703,233.494210,0.233494,439624,0.003311,0.745589,0.748900,0,5,1,1,64,72,10974,10974,219812,439624,108,20,5.000000,79,8
CSR THREADS,O2,199341879.637938,199.341880,0.199342,439624,0.002971,0.780180,0.783151,0,5,1,1,128,16,10974,10974,219812,439624,108,20,5.000000,79,8
