Name,-O,FLOPS,MFLOPS,GFLOPS,FOP Count,Avg Run Time (s),Format Time (s),Total Time (s),Verification,Iters,Block Row,Block Col,K-Bound,Threads,Rows,Cols,NNZ,NNZ*2,Max Cols,Avg Cols,Col Ratio,Variance,Std Deviation
CSR OMP,O2,48873625723.731407,48873.625724,48.873626,3516992,0.002190,0.302118,0.304308,0,10,1,1,8,32,10974,10974,219812,439624,108,20,5.000000,79,8
CSR OMP,O2,65050792238.967628,65050.792239,65.050792,7033984,0.000973,0.306820,0.307793,0,10,1,1,16,32,10974,10974,219812,439624,108,20,5.000000,79,8
CSR OMP,O2,102207573454.400635,102207.573454,102.207573,28135936,0.001180,0.206557,0.207737,0,10,1,1,64,32,10974,10974,219812,439624,108,20,5.000000,79,8
CSR OMP,O2,158845828146.688538,158845.828147,158.845828,56271872,0.001865,0.240153,0.242018,0,10,1,1,128,32,10974,10974,219812,439624,108,20,5.000000,79,8
CSR OMP,O2,123837551534.362885,123837.551534,123.837552,112543744,0.002810,0.214609,0.217419,0,10,1,1,256,32,10974,10974,219812,439624,108,20,5.000000,79,8
CSR OMP,O2,123419970465.661133,123419.970466,123.419970,225087488,0.004345,0.256714,0.261059,0,10,1,1,512,32,10974,10974,219812,439624,108,20,5.000000,79,8
CSR OMP,O2,141930203175.735168,141930.203176,141.930203,451933472,0.006684,0.240185,0.246869,0,10,1,1,1028,32,10974,10974,219812,439624,108,20,5.000000,79,8
