Name,-O,FLOPS,MFLOPS,GFLOPS,FOP Count,Avg Run Time (s),Format Time (s),Total Time (s),Verification,Iters,Block Row,Block Col,K-Bound,Threads,Rows,Cols,NNZ,NNZ*2,Max Cols,Avg Cols,Col Ratio,Variance,Std Deviation
CSR GPU,O2,2331002459.826273,2331.002460,2.331002,1374176,0.012684,0.044786,0.057470,0,10,1,1,16,-1,2003,2003,42943,85886,84,21,4.000000,197,14
CSR GPU,O2,7833367978.655276,7833.367979,7.833368,5496704,0.006976,0.045828,0.052804,0,10,1,1,64,-1,2003,2003,42943,85886,84,21,4.000000,197,14
CSR GPU,O2,16551696151.088831,16551.696151,16.551696,10993408,0.006507,0.056398,0.062905,0,10,1,1,128,-1,2003,2003,42943,85886,84,21,4.000000,197,14
