Name,-O,FLOPS,MFLOPS,GFLOPS,FOP Count,Avg Run Time (s),Format Time (s),Total Time (s),Verification,Iters,Block Row,Block Col,K-Bound,Threads,Rows,Cols,NNZ,NNZ*2,Max Cols,Avg Cols,Col Ratio,Variance,Std Deviation
BCSR OMP Transpose,O2,3633292008.816664,3633.292009,3.633292,10993408,0.003835,0.085429,0.089264,0,10,2,2,128,8,2003,2003,42943,85886,84,21,4.000000,197,14
BCSR OMP Transpose,O2,3121038934.668954,3121.038935,3.121039,10993408,0.004170,0.043595,0.047765,0,10,4,4,128,8,2003,2003,42943,85886,84,21,4.000000,197,14
BCSR OMP Transpose,O2,1526146928.950253,1526.146929,1.526147,10993408,0.008833,0.088322,0.097155,0,10,16,16,128,8,2003,2003,42943,85886,84,21,4.000000,197,14
BCSR OMP Transpose,O2,4912161266.232739,4912.161266,4.912161,10993408,0.002782,0.043155,0.045937,0,10,2,2,128,16,2003,2003,42943,85886,84,21,4.000000,197,14
BCSR OMP Transpose,O2,2880247262.215019,2880.247262,2.880247,10993408,0.005388,0.021885,0.027273,0,10,4,4,128,16,2003,2003,42943,85886,84,21,4.000000,197,14
BCSR OMP Transpose,O2,2328070778.884169,2328.070779,2.328071,10993408,0.006140,0.032170,0.038310,0,10,16,16,128,16,2003,2003,42943,85886,84,21,4.000000,197,14
BCSR OMP Transpose,O2,8783958112.578714,8783.958113,8.783958,10993408,0.001922,0.076320,0.078242,0,10,2,2,128,32,2003,2003,42943,85886,84,21,4.000000,197,14
BCSR OMP Transpose,O2,4394631377.020903,4394.631377,4.394631,10993408,0.003956,0.036912,0.040868,0,10,4,4,128,32,2003,2003,42943,85886,84,21,4.000000,197,14
BCSR OMP Transpose,O2,2720161991.551641,2720.161992,2.720162,10993408,0.005550,0.072653,0.078203,0,10,16,16,128,32,2003,2003,42943,85886,84,21,4.000000,197,14
