Name,Avg Run Time (s),Format Time (s),Total Time (s),GFLOPS,Verification,Iters,Block Row,Block Col,K-Bound,Threads,FOP Count,Rows,Cols,NNZ,Max Cols,Avg Cols,Variance,Std Deviation
ell_transpose_omp_O2,2.044864,1.547962,3.592826,12.734219,0,10,1,1,16,8,26012594016,10974,10974,219812,108,20,79,8
ell_transpose_omp_collapse_O2,2.043908,1.444687,3.488595,12.749538,0,10,1,1,16,8,26012594016,10974,10974,219812,108,20,79,8
ell_transpose_omp_omp_O2,0.291983,1.461050,1.753033,89.186163,0,10,1,1,16,8,26012594016,10974,10974,219812,108,20,79,8
ell_transpose_omp_O2,2.027291,1.572555,3.599846,12.857213,0,10,1,1,16,16,26012594016,10974,10974,219812,108,20,79,8
ell_transpose_omp_collapse_O2,2.091039,1.521092,3.612131,12.618971,0,10,1,1,16,16,26012594016,10974,10974,219812,108,20,79,8
ell_transpose_omp_omp_O2,0.201540,1.556023,1.757563,136.030861,0,10,1,1,16,16,26012594016,10974,10974,219812,108,20,79,8
ell_transpose_omp_O2,2.007447,1.514625,3.522072,12.971908,0,10,1,1,16,32,26012594016,10974,10974,219812,108,20,79,8
ell_transpose_omp_collapse_O2,2.033836,1.412450,3.446286,12.806080,0,10,1,1,16,32,26012594016,10974,10974,219812,108,20,79,8
ell_transpose_omp_omp_O2,0.131296,1.540065,1.671361,198.639023,0,10,1,1,16,32,26012594016,10974,10974,219812,108,20,79,8
