Name,-O,FLOPS,MFLOPS,GFLOPS,FOP Count,Avg Run Time (s),Format Time (s),Total Time (s),Verification,Iters,Block Row,Block Col,K-Bound,Threads,Rows,Cols,NNZ,NNZ*2,Max Cols,Avg Cols,Col Ratio,Variance,Std Deviation
COO OMP,O2,23371811868.383484,23371.811868,23.371812,7033984,0.001708,0.290883,0.292591,0,10,1,1,16,8,10974,10974,219812,439624,108,20,5.000000,79,8
COO OMP,O2,27410928156.060848,27410.928156,27.410928,28135936,0.003091,0.285829,0.288920,0,10,1,1,64,8,10974,10974,219812,439624,108,20,5.000000,79,8
COO OMP,O2,33062102961.656395,33062.102962,33.062103,56271872,0.004033,0.209430,0.213463,0,10,1,1,128,8,10974,10974,219812,439624,108,20,5.000000,79,8
COO OMP,O2,34500818927.581711,34500.818928,34.500819,7033984,0.001290,0.213857,0.215147,0,10,1,1,16,16,10974,10974,219812,439624,108,20,5.000000,79,8
COO OMP,O2,51805165311.282082,51805.165311,51.805165,28135936,0.001912,0.216179,0.218091,0,10,1,1,64,16,10974,10974,219812,439624,108,20,5.000000,79,8
COO OMP,O2,59105008692.875832,59105.008693,59.105009,56271872,0.002852,0.238818,0.241670,0,10,1,1,128,16,10974,10974,219812,439624,108,20,5.000000,79,8
COO OMP,O2,30301645962.817768,30301.645963,30.301646,7033984,0.001446,0.232317,0.233763,0,10,1,1,16,32,10974,10974,219812,439624,108,20,5.000000,79,8
COO OMP,O2,91320357262.333374,91320.357262,91.320357,28135936,0.001413,0.222548,0.223961,0,10,1,1,64,32,10974,10974,219812,439624,108,20,5.000000,79,8
COO OMP,O2,108247472398.980286,108247.472399,108.247472,56271872,0.002144,0.211778,0.213922,0,10,1,1,128,32,10974,10974,219812,439624,108,20,5.000000,79,8
