Name,Avg Run Time (s),Format Time (s),Total Time (s),GFLOPS,Verification,Iters,Block Row,Block Col,K-Bound,Threads,FOP Count,Rows,Cols,NNZ,Max Cols,Avg Cols,Variance,Std Deviation
coo_omp_O2,0.004377,1.417855,1.422232,5.578751,0,10,1,1,16,8,7033984,10974,10974,219812,108,20,79,8
coo_omp_collapse_O2,0.003095,1.480489,1.483584,6.323724,0,10,1,1,16,8,7033984,10974,10974,219812,108,20,79,8
coo_omp_O2,0.007584,1.471136,1.478720,3.414997,0,10,1,1,16,16,7033984,10974,10974,219812,108,20,79,8
coo_omp_collapse_O2,0.003888,1.444254,1.448142,11.089202,0,10,1,1,16,16,7033984,10974,10974,219812,108,20,79,8
coo_omp_O2,0.003421,1.355887,1.359308,12.107977,0,10,1,1,16,32,7033984,10974,10974,219812,108,20,79,8
coo_omp_collapse_O2,0.007037,1.353477,1.360514,4.555307,0,10,1,1,16,32,7033984,10974,10974,219812,108,20,79,8
