Name,-O,FLOPS,MFLOPS,GFLOPS,FOP Count,Avg Run Time (s),Format Time (s),Total Time (s),Verification,Iters,Block Row,Block Col,K-Bound,Threads,Rows,Cols,NNZ,NNZ*2,Max Cols,Avg Cols,Col Ratio,Variance,Std Deviation
COO Serial Transpose,O2,22529683.192716,22.529683,0.022530,85886,0.003864,0.044996,0.048860,0,10,1,1,16,-1,2003,2003,42943,85886,84,21,4.000000,197,14
COO Serial Transpose,O2,17072616.718777,17.072617,0.017073,85886,0.005058,0.043629,0.048687,0,10,1,1,64,-1,2003,2003,42943,85886,84,21,4.000000,197,14
COO Serial Transpose,O2,12809167.573806,12.809168,0.012809,85886,0.006732,0.042477,0.049209,0,10,1,1,128,-1,2003,2003,42943,85886,84,21,4.000000,197,14
