Name,-O,FLOPS,MFLOPS,GFLOPS,FOP Count,Avg Run Time (s),Format Time (s),Total Time (s),Verification,Iters,Block Row,Block Col,K-Bound,Threads,Rows,Cols,NNZ,NNZ*2,Max Cols,Avg Cols,Col Ratio,Variance,Std Deviation
COO Serial Transpose,O2,23225800.397007,23.225800,0.023226,85886,0.003826,0.070260,0.074086,0,10,1,1,16,-1,2003,2003,42943,85886,84,21,4.000000,197,14
COO Serial Transpose,O2,18502682.740093,18.502683,0.018503,85886,0.004800,0.058112,0.062913,0,10,1,1,64,-1,2003,2003,42943,85886,84,21,4.000000,197,14
COO Serial Transpose,O2,19642342.054618,19.642342,0.019642,85886,0.004375,0.019317,0.023692,0,10,1,1,128,-1,2003,2003,42943,85886,84,21,4.000000,197,14
