Name,-O,FLOPS,MFLOPS,GFLOPS,FOP Count,Avg Run Time (s),Format Time (s),Total Time (s),Verification,Iters,Block Row,Block Col,K-Bound,Threads,Rows,Cols,NNZ,NNZ*2,Max Cols,Avg Cols,Col Ratio,Variance,Std Deviation
COO OMP,O2,186915454.787010,186.915455,0.186915,85886,0.011920,0.042888,0.054808,0,10,1,1,16,8,2003,2003,42943,85886,84,21,4.000000,197,14
COO OMP,O2,39704003.955048,39.704004,0.039704,85886,0.009757,0.044097,0.053854,0,10,1,1,64,8,2003,2003,42943,85886,84,21,4.000000,197,14
COO OMP,O2,122347876.387888,122.347876,0.122348,85886,0.009838,0.049251,0.059089,0,10,1,1,128,8,2003,2003,42943,85886,84,21,4.000000,197,14
COO OMP,O2,77972241.248561,77.972241,0.077972,85886,0.008217,0.051028,0.059244,0,10,1,1,16,16,2003,2003,42943,85886,84,21,4.000000,197,14
COO OMP,O2,25177081.580737,25.177082,0.025177,85886,0.017447,0.046494,0.063941,0,10,1,1,64,16,2003,2003,42943,85886,84,21,4.000000,197,14
COO OMP,O2,60329583.311808,60.329583,0.060330,85886,0.007239,0.050723,0.057962,112,10,1,1,128,16,2003,2003,42943,85886,84,21,4.000000,197,14
COO OMP,O2,19771393.872325,19.771394,0.019771,85886,0.016743,0.047231,0.063974,0,10,1,1,16,32,2003,2003,42943,85886,84,21,4.000000,197,14
COO OMP,O2,22030864.199642,22.030864,0.022031,85886,0.009881,0.050639,0.060520,0,10,1,1,64,32,2003,2003,42943,85886,84,21,4.000000,197,14
COO OMP,O2,116001338.910290,116.001339,0.116001,85886,0.011793,0.044745,0.056538,117,10,1,1,128,32,2003,2003,42943,85886,84,21,4.000000,197,14
