Name,-O,FLOPS,MFLOPS,GFLOPS,FOP Count,Avg Run Time (s),Format Time (s),Total Time (s),Verification,Iters,Block Row,Block Col,K-Bound,Threads,Rows,Cols,NNZ,NNZ*2,Max Cols,Avg Cols,Col Ratio,Variance,Std Deviation
COO GPU,O2,412351227.030526,412.351227,0.412351,439624,0.001143,0.674280,0.675423,0,10,1,1,16,-1,10974,10974,219812,439624,108,20,5.000000,79,8
COO GPU,O2,244980205.264162,244.980205,0.244980,439624,0.001844,0.674182,0.676026,0,10,1,1,64,-1,10974,10974,219812,439624,108,20,5.000000,79,8
COO GPU,O2,102410355.725195,102.410356,0.102410,439624,0.004683,0.672789,0.677472,0,10,1,1,128,-1,10974,10974,219812,439624,108,20,5.000000,79,8
