Name,-O,FLOPS,MFLOPS,GFLOPS,FOP Count,Avg Run Time (s),Format Time (s),Total Time (s),Verification,Iters,Block Row,Block Col,K-Bound,Threads,Rows,Cols,NNZ,NNZ*2,Max Cols,Avg Cols,Col Ratio,Variance,Std Deviation
COO OMP,O2,13608249526.909664,13608.249527,13.608250,1374176,0.000851,0.045541,0.046392,0,10,1,1,16,8,2003,2003,42943,85886,84,21,4.000000,197,14
COO OMP,O2,30215735365.614513,30215.735366,30.215735,5496704,0.000737,0.053037,0.053775,0,10,1,1,64,8,2003,2003,42943,85886,84,21,4.000000,197,14
COO OMP,O2,39729691175.096664,39729.691175,39.729691,10993408,0.001252,0.067870,0.069123,0,10,1,1,128,8,2003,2003,42943,85886,84,21,4.000000,197,14
COO OMP,O2,14147374367.937412,14147.374368,14.147374,1374176,0.001424,0.058205,0.059629,0,10,1,1,16,16,2003,2003,42943,85886,84,21,4.000000,197,14
COO OMP,O2,18125108325.675034,18125.108326,18.125108,5496704,0.001626,0.056161,0.057787,0,10,1,1,64,16,2003,2003,42943,85886,84,21,4.000000,197,14
COO OMP,O2,28780677407.991371,28780.677408,28.780677,10993408,0.001700,0.058391,0.060091,0,10,1,1,128,16,2003,2003,42943,85886,84,21,4.000000,197,14
COO OMP,O2,5920727663.973840,5920.727664,5.920728,1374176,0.003237,0.059861,0.063098,0,10,1,1,16,32,2003,2003,42943,85886,84,21,4.000000,197,14
COO OMP,O2,13034249720.520662,13034.249721,13.034250,5496704,0.004590,0.057624,0.062214,0,10,1,1,64,32,2003,2003,42943,85886,84,21,4.000000,197,14
COO OMP,O2,33448779123.145760,33448.779123,33.448779,10993408,0.001827,0.058238,0.060065,0,10,1,1,128,32,2003,2003,42943,85886,84,21,4.000000,197,14
