Name,Avg Run Time (s),Format Time (s),Total Time (s),GFLOPS,Verification,Iters,Block Row,Block Col,K-Bound,Threads,FOP Count,Rows,Cols,NNZ,Max Cols,Avg Cols,Variance,Std Deviation
csr_omp_O3,0.001938,0.311424,0.313362,12436.749526,0,10,1,1,16,8,4824433776,10974,10974,219812,108,20,79,8
csr_omp_collapse_O3,0.850882,0.303234,1.154115,5.679302,0,10,1,1,16,8,4824433776,10974,10974,219812,108,20,79,8
csr_omp_O3,0.001463,0.306275,0.307738,16403.613714,0,10,1,1,16,16,4824433776,10974,10974,219812,108,20,79,8
csr_omp_collapse_O3,0.432783,0.225383,0.658166,11.210564,0,10,1,1,16,16,4824433776,10974,10974,219812,108,20,79,8
csr_omp_O3,0.001953,0.212065,0.214018,26669.893826,0,10,1,1,16,32,4824433776,10974,10974,219812,108,20,79,8
csr_omp_collapse_O3,0.223578,0.214203,0.437781,21.994909,0,10,1,1,16,32,4824433776,10974,10974,219812,108,20,79,8
