Name,-O,FLOPS,MFLOPS,GFLOPS,FOP Count,Avg Run Time (s),Format Time (s),Total Time (s),Verification,Iters,Block Row,Block Col,K-Bound,Threads,Rows,Cols,NNZ,NNZ*2,Max Cols,Avg Cols,Col Ratio,Variance,Std Deviation
BCSR Serial Transpose,O2,186468.500068,0.186469,0.000186,4069834,21.825854,5.596716,27.422570,0,10,2,2,16,-1,62451,62451,2034917,4069834,40,32,1.000000,54,7
BCSR Serial Transpose,O2,186222.189576,0.186222,0.000186,4069834,21.854723,5.658961,27.513684,0,10,4,4,16,-1,62451,62451,2034917,4069834,40,32,1.000000,54,7
BCSR Serial Transpose,O2,186921.535301,0.186922,0.000187,4069834,21.772956,5.674617,27.447573,0,10,16,16,16,-1,62451,62451,2034917,4069834,40,32,1.000000,54,7
BCSR Serial Transpose,O2,186195.770750,0.186196,0.000186,4069834,21.857824,5.635496,27.493320,0,10,2,2,64,-1,62451,62451,2034917,4069834,40,32,1.000000,54,7
BCSR Serial Transpose,O2,185693.404033,0.185693,0.000186,4069834,21.916957,5.629572,27.546529,0,10,4,4,64,-1,62451,62451,2034917,4069834,40,32,1.000000,54,7
BCSR Serial Transpose,O2,184355.805473,0.184356,0.000184,4069834,22.075985,5.716574,27.792559,0,10,16,16,64,-1,62451,62451,2034917,4069834,40,32,1.000000,54,7
BCSR Serial Transpose,O2,184515.754717,0.184516,0.000185,4069834,22.056839,5.515337,27.572176,0,10,2,2,128,-1,62451,62451,2034917,4069834,40,32,1.000000,54,7
BCSR Serial Transpose,O2,193424.500481,0.193425,0.000193,4069834,21.040945,5.563137,26.604083,0,10,4,4,128,-1,62451,62451,2034917,4069834,40,32,1.000000,54,7
BCSR Serial Transpose,O2,187254.830236,0.187255,0.000187,4069834,21.734201,5.626354,27.360555,0,10,16,16,128,-1,62451,62451,2034917,4069834,40,32,1.000000,54,7
