Name,-O,FLOPS,MFLOPS,GFLOPS,FOP Count,Avg Run Time (s),Format Time (s),Total Time (s),Verification,Iters,Block Row,Block Col,K-Bound,Threads,Rows,Cols,NNZ,NNZ*2,Max Cols,Avg Cols,Col Ratio,Variance,Std Deviation
CSR Serial,O2,121675797.469481,121.675797,0.121676,4069834,0.034097,19.132680,19.166776,0,10,1,1,16,-1,62451,62451,2034917,4069834,40,32,1.000000,54,7
CSR Serial,O2,73238061.473103,73.238061,0.073238,4069834,0.055689,19.071568,19.127257,0,10,1,1,64,-1,62451,62451,2034917,4069834,40,32,1.000000,54,7
CSR Serial,O2,48746195.266937,48.746195,0.048746,4069834,0.085868,19.154051,19.239919,0,10,1,1,128,-1,62451,62451,2034917,4069834,40,32,1.000000,54,7
