Name,-O,FLOPS,MFLOPS,GFLOPS,FOP Count,Avg Run Time (s),Format Time (s),Total Time (s),Verification,Iters,Block Row,Block Col,K-Bound,Threads,Rows,Cols,NNZ,NNZ*2,Max Cols,Avg Cols,Col Ratio,Variance,Std Deviation
BCSR OMP,O2,229159758.828395,229.159759,0.229160,32558672,0.144335,5.422534,5.566869,0,10,4,4,8,32,62451,62451,2034917,4069834,40,32,1.000000,54,7
BCSR OMP,O2,435657837.632747,435.657838,0.435658,65117344,0.152902,5.516612,5.669514,0,10,4,4,16,32,62451,62451,2034917,4069834,40,32,1.000000,54,7
BCSR OMP,O2,1670801209.751105,1670.801210,1.670801,260469376,0.157082,5.520842,5.677924,0,10,4,4,64,32,62451,62451,2034917,4069834,40,32,1.000000,54,7
BCSR OMP,O2,3188369197.598751,3188.369198,3.188369,520938752,0.164417,5.480153,5.644569,0,10,4,4,128,32,62451,62451,2034917,4069834,40,32,1.000000,54,7
BCSR OMP,O2,5164640069.839716,5164.640070,5.164640,1041877504,0.202286,5.497555,5.699841,0,10,4,4,256,32,62451,62451,2034917,4069834,40,32,1.000000,54,7
BCSR OMP,O2,7289316367.488501,7289.316367,7.289316,2083755008,0.286038,5.533552,5.819590,0,10,4,4,512,32,62451,62451,2034917,4069834,40,32,1.000000,54,7
BCSR OMP,O2,10078047967.784317,10078.047968,10.078048,4183789352,0.415357,5.517922,5.933279,0,10,4,4,1028,32,62451,62451,2034917,4069834,40,32,1.000000,54,7
