Name,-O,FLOPS,MFLOPS,GFLOPS,FOP Count,Avg Run Time (s),Format Time (s),Total Time (s),Verification,Iters,Block Row,Block Col,K-Bound,Threads,Rows,Cols,NNZ,NNZ*2,Max Cols,Avg Cols,Col Ratio,Variance,Std Deviation
CSR OMP,O2,134305105.344178,134.305105,0.134305,4069834,0.030624,5.253323,5.283947,0,10,1,1,16,8,62451,62451,2034917,4069834,40,32,1.000000,54,7
CSR OMP,O2,79579643.968318,79.579644,0.079580,4069834,0.051565,5.303483,5.355048,0,10,1,1,64,8,62451,62451,2034917,4069834,40,32,1.000000,54,7
CSR OMP,O2,56229947.493091,56.229947,0.056230,4069834,0.072639,5.344353,5.416992,0,10,1,1,128,8,62451,62451,2034917,4069834,40,32,1.000000,54,7
CSR OMP,O2,171395797.562036,171.395798,0.171396,4069834,0.024329,5.343852,5.368181,0,10,1,1,16,16,62451,62451,2034917,4069834,40,32,1.000000,54,7
CSR OMP,O2,104443932.521211,104.443933,0.104444,4069834,0.039886,5.318839,5.358725,0,10,1,1,64,16,62451,62451,2034917,4069834,40,32,1.000000,54,7
CSR OMP,O2,78325974.539437,78.325975,0.078326,4069834,0.052275,5.385564,5.437839,0,10,1,1,128,16,62451,62451,2034917,4069834,40,32,1.000000,54,7
CSR OMP,O2,223411785.762620,223.411786,0.223412,4069834,0.020129,5.379879,5.400008,0,10,1,1,16,32,62451,62451,2034917,4069834,40,32,1.000000,54,7
CSR OMP,O2,135849707.691763,135.849708,0.135850,4069834,0.031707,5.370074,5.401781,0,10,1,1,64,32,62451,62451,2034917,4069834,40,32,1.000000,54,7
CSR OMP,O2,96844474.753918,96.844475,0.096844,4069834,0.043139,5.364464,5.407603,0,10,1,1,128,32,62451,62451,2034917,4069834,40,32,1.000000,54,7
