Name,Avg Run Time (s),Format Time (s),Total Time (s),GFLOPS,Verification,Iters,Block Row,Block Col,K-Bound,Threads,FOP Count,Rows,Cols,NNZ,Max Cols,Avg Cols,Variance,Std Deviation
ell_transpose_omp_O2,80.088260,41.958552,122.046813,3.912237,0,10,1,1,16,8,312010192080,62451,62451,2034917,40,32,54,7
ell_transpose_omp_collapse_O2,79.959654,42.132881,122.092535,3.913108,0,10,1,1,16,8,312010192080,62451,62451,2034917,40,32,54,7
ell_transpose_omp_omp_O2,17.676657,42.322972,59.999629,18.040630,0,10,1,1,16,8,312010192080,62451,62451,2034917,40,32,54,7
ell_transpose_omp_O2,79.829309,42.262328,122.091637,3.920023,0,10,1,1,16,16,312010192080,62451,62451,2034917,40,32,54,7
ell_transpose_omp_collapse_O2,81.370023,45.320336,126.690358,3.862759,0,10,1,1,16,16,312010192080,62451,62451,2034917,40,32,54,7
ell_transpose_omp_omp_O2,12.093569,41.937861,54.031430,26.262842,0,10,1,1,16,16,312010192080,62451,62451,2034917,40,32,54,7
ell_transpose_omp_O2,79.776847,43.553895,123.330742,3.921009,0,10,1,1,16,32,312010192080,62451,62451,2034917,40,32,54,7
ell_transpose_omp_collapse_O2,80.275305,42.427682,122.702987,3.897461,0,10,1,1,16,32,312010192080,62451,62451,2034917,40,32,54,7
ell_transpose_omp_omp_O2,8.806504,45.278711,54.085215,35.943423,0,10,1,1,16,32,312010192080,62451,62451,2034917,40,32,54,7
