Name,-O,FLOPS,MFLOPS,GFLOPS,FOP Count,Avg Run Time (s),Format Time (s),Total Time (s),Verification,Iters,Block Row,Block Col,K-Bound,Threads,Rows,Cols,NNZ,NNZ*2,Max Cols,Avg Cols,Col Ratio,Variance,Std Deviation
BCSR Serial,O2,1596308532.844951,1596.308533,1.596309,65117344,0.042410,19.609192,19.651602,0,10,4,4,16,-1,62451,62451,2034917,4069834,40,32,1.000000,54,7
BCSR Serial,O2,3977873401.281556,3977.873401,3.977873,260469376,0.066728,19.719280,19.786008,0,10,4,4,64,-1,62451,62451,2034917,4069834,40,32,1.000000,54,7
BCSR Serial,O2,4622840502.393309,4622.840502,4.622841,520938752,0.114513,19.693474,19.807987,0,10,4,4,128,-1,62451,62451,2034917,4069834,40,32,1.000000,54,7
