Name,-O,FLOPS,MFLOPS,GFLOPS,FOP Count,Avg Run Time (s),Format Time (s),Total Time (s),Verification,Iters,Block Row,Block Col,K-Bound,Threads,Rows,Cols,NNZ,NNZ*2,Max Cols,Avg Cols,Col Ratio,Variance,Std Deviation
COO OMP,O2,inf,inf,inf,32558672,0.000000,5.354114,5.354114,499607,10,1,1,8,32,62451,62451,2034917,4069834,40,32,1.000000,54,7
COO OMP,O2,3142035883.475499,3142.035883,3.142036,65117344,0.022580,5.277116,5.299696,0,10,1,1,16,32,62451,62451,2034917,4069834,40,32,1.000000,54,7
COO OMP,O2,8593007667.026251,8593.007667,8.593008,260469376,0.032214,5.363818,5.396032,0,10,1,1,64,32,62451,62451,2034917,4069834,40,32,1.000000,54,7
COO OMP,O2,12138109515.524990,12138.109516,12.138110,520938752,0.044372,5.402501,5.446873,0,10,1,1,128,32,62451,62451,2034917,4069834,40,32,1.000000,54,7
COO OMP,O2,inf,inf,inf,1041877504,0.000000,5.419501,5.419501,15987455,10,1,1,256,32,62451,62451,2034917,4069834,40,32,1.000000,54,7
COO OMP,O2,inf,inf,inf,2083755008,0.000000,5.473383,5.473383,31974911,10,1,1,512,32,62451,62451,2034917,4069834,40,32,1.000000,54,7
COO OMP,O2,inf,inf,inf,4183789352,0.000000,5.246825,5.246825,64199627,10,1,1,1028,32,62451,62451,2034917,4069834,40,32,1.000000,54,7
