Name,-O,FLOPS,MFLOPS,GFLOPS,FOP Count,Avg Run Time (s),Format Time (s),Total Time (s),Verification,Iters,Block Row,Block Col,K-Bound,Threads,Rows,Cols,NNZ,NNZ*2,Max Cols,Avg Cols,Col Ratio,Variance,Std Deviation
BCSR Serial,O2,1566801471.329705,1566.801471,1.566801,65117344,0.045006,19.675988,19.720994,0,10,2,2,16,-1,62451,62451,2034917,4069834,40,32,1.000000,54,7
BCSR Serial,O2,857411915.376465,857.411915,0.857412,65117344,0.076215,19.672574,19.748789,0,10,16,16,16,-1,62451,62451,2034917,4069834,40,32,1.000000,54,7
BCSR Serial,O2,4405531257.976033,4405.531258,4.405531,260469376,0.062278,19.596650,19.658928,0,10,2,2,64,-1,62451,62451,2034917,4069834,40,32,1.000000,54,7
BCSR Serial,O2,2171678034.582638,2171.678035,2.171678,260469376,0.120027,19.733617,19.853644,0,10,16,16,64,-1,62451,62451,2034917,4069834,40,32,1.000000,54,7
BCSR Serial,O2,6018781127.243537,6018.781127,6.018781,520938752,0.087376,19.641322,19.728698,0,10,2,2,128,-1,62451,62451,2034917,4069834,40,32,1.000000,54,7
BCSR Serial,O2,2709640040.094491,2709.640040,2.709640,520938752,0.192356,19.769573,19.961929,0,10,16,16,128,-1,62451,62451,2034917,4069834,40,32,1.000000,54,7
