Name,-O,FLOPS,MFLOPS,GFLOPS,FOP Count,Avg Run Time (s),Format Time (s),Total Time (s),Verification,Iters,Block Row,Block Col,K-Bound,Threads,Rows,Cols,NNZ,NNZ*2,Max Cols,Avg Cols,Col Ratio,Variance,Std Deviation
BCSR OMP,O2,651466629.909478,651.466630,0.651467,65117344,0.158331,19.800595,19.958926,0,10,4,4,16,8,62451,62451,2034917,4069834,40,32,1.000000,54,7
BCSR OMP,O2,2833566241.310737,2833.566241,2.833566,260469376,0.141072,19.690755,19.831826,0,10,4,4,64,8,62451,62451,2034917,4069834,40,32,1.000000,54,7
BCSR OMP,O2,3084409584.628307,3084.409585,3.084410,520938752,0.280597,19.667363,19.947960,0,10,4,4,128,8,62451,62451,2034917,4069834,40,32,1.000000,54,7
BCSR OMP,O2,517395109.542311,517.395110,0.517395,65117344,0.176406,19.739350,19.915756,0,10,4,4,16,16,62451,62451,2034917,4069834,40,32,1.000000,54,7
BCSR OMP,O2,2684630916.119253,2684.630916,2.684631,260469376,0.220029,19.714566,19.934595,0,10,4,4,64,16,62451,62451,2034917,4069834,40,32,1.000000,54,7
BCSR OMP,O2,4688046514.777181,4688.046515,4.688047,520938752,0.247443,19.734709,19.982152,0,10,4,4,128,16,62451,62451,2034917,4069834,40,32,1.000000,54,7
BCSR OMP,O2,479319476.229902,479.319476,0.479319,65117344,0.228607,19.723474,19.952081,0,10,4,4,16,32,62451,62451,2034917,4069834,40,32,1.000000,54,7
BCSR OMP,O2,1329323617.985652,1329.323618,1.329324,260469376,0.323927,19.730652,20.054579,0,10,4,4,64,32,62451,62451,2034917,4069834,40,32,1.000000,54,7
BCSR OMP,O2,1837538713.454945,1837.538713,1.837539,520938752,0.342233,19.739064,20.081297,0,10,4,4,128,32,62451,62451,2034917,4069834,40,32,1.000000,54,7
