Name,-O,FLOPS,MFLOPS,GFLOPS,FOP Count,Avg Run Time (s),Format Time (s),Total Time (s),Verification,Iters,Block Row,Block Col,K-Bound,Threads,Rows,Cols,NNZ,NNZ*2,Max Cols,Avg Cols,Col Ratio,Variance,Std Deviation
COO OMP,O2,4036187141.978714,4036.187142,4.036187,65117344,0.044241,19.416001,19.460242,0,10,1,1,16,8,62451,62451,2034917,4069834,40,32,1.000000,54,7
COO OMP,O2,8344130345.812845,8344.130346,8.344130,260469376,0.054544,19.190544,19.245087,0,10,1,1,64,8,62451,62451,2034917,4069834,40,32,1.000000,54,7
COO OMP,O2,19290714663.204945,19290.714663,19.290715,520938752,0.049947,19.214373,19.264319,0,10,1,1,128,8,62451,62451,2034917,4069834,40,32,1.000000,54,7
COO OMP,O2,7334567732.107602,7334.567732,7.334568,65117344,0.034924,19.210644,19.245568,0,10,1,1,16,16,62451,62451,2034917,4069834,40,32,1.000000,54,7
COO OMP,O2,8394606540.690173,8394.606541,8.394607,260469376,0.051105,19.192450,19.243555,0,10,1,1,64,16,62451,62451,2034917,4069834,40,32,1.000000,54,7
COO OMP,O2,20614631400.108940,20614.631400,20.614631,520938752,0.048830,19.173160,19.221990,0,10,1,1,128,16,62451,62451,2034917,4069834,40,32,1.000000,54,7
COO OMP,O2,8720478495.729023,8720.478496,8.720478,65117344,0.035444,19.236185,19.271629,0,10,1,1,16,32,62451,62451,2034917,4069834,40,32,1.000000,54,7
COO OMP,O2,21687007864.920685,21687.007865,21.687008,260469376,0.033789,19.224119,19.257908,0,10,1,1,64,32,62451,62451,2034917,4069834,40,32,1.000000,54,7
COO OMP,O2,23761647228.746380,23761.647229,23.761647,520938752,0.039434,19.274056,19.313490,0,10,1,1,128,32,62451,62451,2034917,4069834,40,32,1.000000,54,7
