Name,-O,FLOPS,MFLOPS,GFLOPS,FOP Count,Avg Run Time (s),Format Time (s),Total Time (s),Verification,Iters,Block Row,Block Col,K-Bound,Threads,Rows,Cols,NNZ,NNZ*2,Max Cols,Avg Cols,Col Ratio,Variance,Std Deviation
ELL Serial,O2,1419832325.765676,1419.832326,1.419832,65117344,0.049128,19.772549,19.821677,0,10,1,1,16,-1,62451,62451,2034917,4069834,40,32,1.000000,54,7
ELL Serial,O2,5627265861.312457,5627.265861,5.627266,260469376,0.046321,19.742628,19.788949,0,10,1,1,64,-1,62451,62451,2034917,4069834,40,32,1.000000,54,7
ELL Serial,O2,5709620348.616982,5709.620349,5.709620,520938752,0.093263,19.801875,19.895137,0,10,1,1,128,-1,62451,62451,2034917,4069834,40,32,1.000000,54,7
