Name,-O,FLOPS,MFLOPS,GFLOPS,FOP Count,Avg Run Time (s),Format Time (s),Total Time (s),Verification,Iters,Block Row,Block Col,K-Bound,Threads,Rows,Cols,NNZ,NNZ*2,Max Cols,Avg Cols,Col Ratio,Variance,Std Deviation
ELL OMP,O2,200976330.237836,200.976330,0.200976,4069834,0.041401,19.657938,19.699339,0,10,1,1,16,8,62451,62451,2034917,4069834,40,32,1.000000,54,7
ELL OMP,O2,195571249.655781,195.571250,0.195571,4069834,0.034207,19.669019,19.703226,0,10,1,1,64,8,62451,62451,2034917,4069834,40,32,1.000000,54,7
ELL OMP,O2,155201676.005522,155.201676,0.155202,4069834,0.052706,19.613920,19.666626,0,10,1,1,128,8,62451,62451,2034917,4069834,40,32,1.000000,54,7
ELL OMP,O2,318443050.352438,318.443050,0.318443,4069834,0.039268,19.706283,19.745551,0,10,1,1,16,16,62451,62451,2034917,4069834,40,32,1.000000,54,7
ELL OMP,O2,238155108.377699,238.155108,0.238155,4069834,0.034504,19.707831,19.742335,0,10,1,1,64,16,62451,62451,2034917,4069834,40,32,1.000000,54,7
ELL OMP,O2,200289812.772239,200.289813,0.200290,4069834,0.032088,19.668991,19.701079,0,10,1,1,128,16,62451,62451,2034917,4069834,40,32,1.000000,54,7
ELL OMP,O2,439778180.298240,439.778180,0.439778,4069834,0.027500,19.613952,19.641452,0,10,1,1,16,32,62451,62451,2034917,4069834,40,32,1.000000,54,7
ELL OMP,O2,170180779.785408,170.180780,0.170181,4069834,0.041094,19.680199,19.721293,0,10,1,1,64,32,62451,62451,2034917,4069834,40,32,1.000000,54,7
ELL OMP,O2,192927992.946775,192.927993,0.192928,4069834,0.035810,19.667361,19.703171,0,10,1,1,128,32,62451,62451,2034917,4069834,40,32,1.000000,54,7
