Name,-O,FLOPS,MFLOPS,GFLOPS,FOP Count,Avg Run Time (s),Format Time (s),Total Time (s),Verification,Iters,Block Row,Block Col,K-Bound,Threads,Rows,Cols,NNZ,NNZ*2,Max Cols,Avg Cols,Col Ratio,Variance,Std Deviation
ELL THREADS,O2,249590843.661138,249.590844,0.249591,4069834,0.017545,5.406810,5.424355,0,5,1,1,16,72,62451,62451,2034917,4069834,40,32,1.000000,54,7
ELL THREADS,O2,133521984.267825,133.521984,0.133522,4069834,0.030923,5.446578,5.477501,0,5,1,1,64,72,62451,62451,2034917,4069834,40,32,1.000000,54,7
ELL THREADS,O2,95029606.522822,95.029607,0.095030,4069834,0.043542,5.399496,5.443038,0,5,1,1,128,72,62451,62451,2034917,4069834,40,32,1.000000,54,7
