Name,Avg Run Time (s),Format Time (s),Total Time (s),GFLOPS,Verification,Iters,Block Row,Block Col,K-Bound,Threads,FOP Count,Rows,Cols,NNZ,Max Cols,Avg Cols,Variance,Std Deviation
ell_omp_O3,0.042501,42.981660,43.024161,12324.475704,0,10,1,1,16,8,312010192080,62451,62451,2034917,40,32,54,7
ell_omp_collapse_O3,0.027146,41.337601,41.364747,11725.047963,0,10,1,1,16,8,312010192080,62451,62451,2034917,40,32,54,7
ell_omp_O3,0.021666,43.604117,43.625783,22024.195098,0,10,1,1,16,16,312010192080,62451,62451,2034917,40,32,54,7
ell_omp_collapse_O3,0.029543,43.560946,43.590489,17872.893835,0,10,1,1,16,16,312010192080,62451,62451,2034917,40,32,54,7
ell_omp_O3,0.010140,43.578707,43.588847,36864.950763,0,10,1,1,16,32,312010192080,62451,62451,2034917,40,32,54,7
ell_omp_collapse_O3,0.010647,43.638328,43.648975,32488.162868,0,10,1,1,16,32,312010192080,62451,62451,2034917,40,32,54,7
