Name,-O,FLOPS,MFLOPS,GFLOPS,FOP Count,Avg Run Time (s),Format Time (s),Total Time (s),Verification,Iters,Block Row,Block Col,K-Bound,Threads,Rows,Cols,NNZ,NNZ*2,Max Cols,Avg Cols,Col Ratio,Variance,Std Deviation
COO OMP,O2,111243192.444001,111.243192,0.111243,4069834,0.042320,19.028225,19.070545,0,10,1,1,16,8,62451,62451,2034917,4069834,40,32,1.000000,54,7
COO OMP,O2,130183245.480626,130.183245,0.130183,4069834,0.043974,19.087771,19.131745,0,10,1,1,64,8,62451,62451,2034917,4069834,40,32,1.000000,54,7
COO OMP,O2,112458621.800259,112.458622,0.112459,4069834,0.046446,19.127506,19.173952,0,10,1,1,128,8,62451,62451,2034917,4069834,40,32,1.000000,54,7
COO OMP,O2,90160919.588564,90.160920,0.090161,4069834,0.048731,19.060787,19.109518,0,10,1,1,16,16,62451,62451,2034917,4069834,40,32,1.000000,54,7
COO OMP,O2,93809662.059455,93.809662,0.093810,4069834,0.046779,19.131417,19.178196,0,10,1,1,64,16,62451,62451,2034917,4069834,40,32,1.000000,54,7
COO OMP,O2,116134922.103821,116.134922,0.116135,4069834,0.046136,19.109158,19.155293,0,10,1,1,128,16,62451,62451,2034917,4069834,40,32,1.000000,54,7
COO OMP,O2,106971160.057544,106.971160,0.106971,4069834,0.048922,19.120219,19.169141,0,10,1,1,16,32,62451,62451,2034917,4069834,40,32,1.000000,54,7
COO OMP,O2,334083503.727707,334.083504,0.334084,4069834,0.045991,19.146106,19.192097,0,10,1,1,64,32,62451,62451,2034917,4069834,40,32,1.000000,54,7
COO OMP,O2,87858050.820715,87.858051,0.087858,4069834,0.049578,19.065030,19.114608,0,10,1,1,128,32,62451,62451,2034917,4069834,40,32,1.000000,54,7
