Name,Avg Run Time (s),Format Time (s),Total Time (s),GFLOPS,Verification,Iters,Block Row,Block Col,K-Bound,Threads,FOP Count,Rows,Cols,NNZ,Max Cols,Avg Cols,Variance,Std Deviation
coo_transpose_omp_O2,79.261027,40.813860,120.074887,0.000825,0,10,1,1,16,8,65117344,62451,62451,2034917,40,32,54,7
coo_transpose_omp_collapse_O2,77.966627,40.867958,118.834585,0.000840,0,10,1,1,16,8,65117344,62451,62451,2034917,40,32,54,7
coo_transpose_omp_omp_O2,8.103576,42.461217,50.564793,0.008085,0,10,1,1,16,8,65117344,62451,62451,2034917,40,32,54,7
coo_transpose_omp_O2,78.142225,41.205412,119.347637,0.000837,0,10,1,1,16,16,65117344,62451,62451,2034917,40,32,54,7
coo_transpose_omp_collapse_O2,78.181627,40.763028,118.944655,0.000837,0,10,1,1,16,16,65117344,62451,62451,2034917,40,32,54,7
coo_transpose_omp_omp_O2,8.199808,42.570189,50.769997,0.007996,0,10,1,1,16,16,65117344,62451,62451,2034917,40,32,54,7
coo_transpose_omp_O2,78.174426,41.683180,119.857606,0.000837,0,10,1,1,16,32,65117344,62451,62451,2034917,40,32,54,7
coo_transpose_omp_collapse_O2,74.452896,40.875503,115.328399,0.000878,0,10,1,1,16,32,65117344,62451,62451,2034917,40,32,54,7
coo_transpose_omp_omp_O2,8.052502,40.840587,48.893088,0.008141,0,10,1,1,16,32,65117344,62451,62451,2034917,40,32,54,7
