Name,-O,FLOPS,MFLOPS,GFLOPS,FOP Count,Avg Run Time (s),Format Time (s),Total Time (s),Verification,Iters,Block Row,Block Col,K-Bound,Threads,Rows,Cols,NNZ,NNZ*2,Max Cols,Avg Cols,Col Ratio,Variance,Std Deviation
ELL OMP,O2,10076943001.090511,10076.943001,10.076943,32558672,0.014907,19.940893,19.955800,0,10,1,1,8,32,62451,62451,2034917,4069834,40,32,1.000000,54,7
ELL OMP,O2,6327457181.976368,6327.457182,6.327457,65117344,0.031483,19.831693,19.863176,0,10,1,1,16,32,62451,62451,2034917,4069834,40,32,1.000000,54,7
ELL OMP,O2,14950974394.689108,14950.974395,14.950974,260469376,0.031275,19.807881,19.839156,0,10,1,1,64,32,62451,62451,2034917,4069834,40,32,1.000000,54,7
ELL OMP,O2,21407481777.321350,21407.481777,21.407482,520938752,0.040551,19.822750,19.863301,0,10,1,1,128,32,62451,62451,2034917,4069834,40,32,1.000000,54,7
ELL OMP,O2,34265892027.148335,34265.892027,34.265892,1041877504,0.047698,19.814622,19.862320,0,10,1,1,256,32,62451,62451,2034917,4069834,40,32,1.000000,54,7
ELL OMP,O2,43588529245.692474,43588.529246,43.588529,2083755008,0.062495,19.824533,19.887028,0,10,1,1,512,32,62451,62451,2034917,4069834,40,32,1.000000,54,7
ELL OMP,O2,56384143474.314621,56384.143474,56.384143,4183789352,0.092294,19.832857,19.925151,0,10,1,1,1028,32,62451,62451,2034917,4069834,40,32,1.000000,54,7
