Name,-O,FLOPS,MFLOPS,GFLOPS,FOP Count,Avg Run Time (s),Format Time (s),Total Time (s),Verification,Iters,Block Row,Block Col,K-Bound,Threads,Rows,Cols,NNZ,NNZ*2,Max Cols,Avg Cols,Col Ratio,Variance,Std Deviation
ELL GPU,O2,195302551.684197,195.302552,0.195303,4069834,0.023939,5.517132,5.541071,0,10,1,1,16,-1,62451,62451,2034917,4069834,40,32,1.000000,54,7
ELL GPU,O2,116665737.435141,116.665737,0.116666,4069834,0.040046,5.677421,5.717467,0,10,1,1,64,-1,62451,62451,2034917,4069834,40,32,1.000000,54,7
ELL GPU,O2,91491648.017185,91.491648,0.091492,4069834,0.048975,5.694476,5.743451,0,10,1,1,128,-1,62451,62451,2034917,4069834,40,32,1.000000,54,7
