Name,-O,FLOPS,MFLOPS,GFLOPS,FOP Count,Avg Run Time (s),Format Time (s),Total Time (s),Verification,Iters,Block Row,Block Col,K-Bound,Threads,Rows,Cols,NNZ,NNZ*2,Max Cols,Avg Cols,Col Ratio,Variance,Std Deviation
ELL OMP,O2,inf,inf,inf,32558672,0.000000,19.724975,19.724975,499607,10,1,1,8,32,62451,62451,2034917,4069834,40,32,1.000000,54,7
ELL OMP,O2,5707214636.978453,5707.214637,5.707215,65117344,0.032890,19.738459,19.771349,0,10,1,1,16,32,62451,62451,2034917,4069834,40,32,1.000000,54,7
ELL OMP,O2,20043242508.434128,20043.242508,20.043243,260469376,0.029150,19.754537,19.783687,0,10,1,1,64,32,62451,62451,2034917,4069834,40,32,1.000000,54,7
ELL OMP,O2,22614160609.143589,22614.160609,22.614161,520938752,0.041737,19.783437,19.825174,0,10,1,1,128,32,62451,62451,2034917,4069834,40,32,1.000000,54,7
ELL OMP,O2,inf,inf,inf,1041877504,0.000000,19.770907,19.770907,15987455,10,1,1,256,32,62451,62451,2034917,4069834,40,32,1.000000,54,7
ELL OMP,O2,inf,inf,inf,2083755008,0.000000,19.749523,19.749523,31974911,10,1,1,512,32,62451,62451,2034917,4069834,40,32,1.000000,54,7
ELL OMP,O2,inf,inf,inf,4183789352,0.000000,19.745209,19.745209,64199627,10,1,1,1028,32,62451,62451,2034917,4069834,40,32,1.000000,54,7
