Name,-O,FLOPS,MFLOPS,GFLOPS,FOP Count,Avg Run Time (s),Format Time (s),Total Time (s),Verification,Iters,Block Row,Block Col,K-Bound,Threads,Rows,Cols,NNZ,NNZ*2,Max Cols,Avg Cols,Col Ratio,Variance,Std Deviation
ELL OMP,O2,2551086008.799176,2551.086009,2.551086,65117344,0.058446,19.968548,20.026994,0,10,1,1,16,8,62451,62451,2034917,4069834,40,32,1.000000,54,7
ELL OMP,O2,6279196421.481013,6279.196421,6.279196,260469376,0.058274,19.797477,19.855751,0,10,1,1,64,8,62451,62451,2034917,4069834,40,32,1.000000,54,7
ELL OMP,O2,8193359845.257428,8193.359845,8.193360,520938752,0.070436,20.069827,20.140263,0,10,1,1,128,8,62451,62451,2034917,4069834,40,32,1.000000,54,7
ELL OMP,O2,4647476491.394041,4647.476491,4.647476,65117344,0.034586,19.622943,19.657529,0,10,1,1,16,16,62451,62451,2034917,4069834,40,32,1.000000,54,7
ELL OMP,O2,7711546820.208330,7711.546820,7.711547,260469376,0.050882,20.091445,20.142327,0,10,1,1,64,16,62451,62451,2034917,4069834,40,32,1.000000,54,7
ELL OMP,O2,18625417805.731758,18625.417806,18.625418,520938752,0.055509,19.672994,19.728503,0,10,1,1,128,16,62451,62451,2034917,4069834,40,32,1.000000,54,7
ELL OMP,O2,6431763135.495770,6431.763135,6.431763,65117344,0.038519,19.917193,19.955712,0,10,1,1,16,32,62451,62451,2034917,4069834,40,32,1.000000,54,7
ELL OMP,O2,35622464910.116463,35622.464910,35.622465,260469376,0.031447,19.652769,19.684216,0,10,1,1,64,32,62451,62451,2034917,4069834,40,32,1.000000,54,7
ELL OMP,O2,20785359132.270481,20785.359132,20.785359,520938752,0.045840,19.899948,19.945788,0,10,1,1,128,32,62451,62451,2034917,4069834,40,32,1.000000,54,7
