Name,-O,FLOPS,MFLOPS,GFLOPS,FOP Count,Avg Run Time (s),Format Time (s),Total Time (s),Verification,Iters,Block Row,Block Col,K-Bound,Threads,Rows,Cols,NNZ,NNZ*2,Max Cols,Avg Cols,Col Ratio,Variance,Std Deviation
ELL THREADS,O2,540824610.068994,540.824610,0.540825,4069834,0.010015,19.693595,19.703610,0,5,1,1,16,64,62451,62451,2034917,4069834,40,32,1.000000,54,7
ELL THREADS,O2,423555460.081653,423.555460,0.423555,4069834,0.010247,19.638812,19.649059,0,5,1,1,64,32,62451,62451,2034917,4069834,40,32,1.000000,54,7
ELL THREADS,O2,342181474.413094,342.181474,0.342181,4069834,0.012121,19.599024,19.611145,0,5,1,1,128,48,62451,62451,2034917,4069834,40,32,1.000000,54,7
