Name,Avg Run Time (s),Format Time (s),Total Time (s),GFLOPS,Verification,Iters,Block Row,Block Col,K-Bound,Threads,FOP Count,Rows,Cols,NNZ,Max Cols,Avg Cols,Variance,Std Deviation
coo_omp_O3,0.021092,5.110382,5.131474,3.372226,0,10,1,1,16,8,65117344,62451,62451,2034917,40,32,54,7
coo_omp_collapse_O3,0.022496,5.185614,5.208109,3.581631,0,10,1,1,16,8,65117344,62451,62451,2034917,40,32,54,7
coo_omp_O3,0.023950,5.225499,5.249449,3.351289,0,10,1,1,16,16,65117344,62451,62451,2034917,40,32,54,7
coo_omp_collapse_O3,0.023965,5.201587,5.225552,3.280922,0,10,1,1,16,16,65117344,62451,62451,2034917,40,32,54,7
coo_omp_O3,0.024741,5.209632,5.234373,3.218011,0,10,1,1,16,32,65117344,62451,62451,2034917,40,32,54,7
coo_omp_collapse_O3,0.024596,5.244577,5.269173,3.279277,0,10,1,1,16,32,65117344,62451,62451,2034917,40,32,54,7
