Name,-O,FLOPS,MFLOPS,GFLOPS,FOP Count,Avg Run Time (s),Format Time (s),Total Time (s),Verification,Iters,Block Row,Block Col,K-Bound,Threads,Rows,Cols,NNZ,NNZ*2,Max Cols,Avg Cols,Col Ratio,Variance,Std Deviation
ELL OMP,O2,132824677.540551,132.824678,0.132825,4069834,0.032832,5.650334,5.683166,0,10,1,1,16,8,62451,62451,2034917,4069834,40,32,1.000000,54,7
ELL OMP,O2,76112930.708692,76.112931,0.076113,4069834,0.054426,5.644738,5.699164,0,10,1,1,64,8,62451,62451,2034917,4069834,40,32,1.000000,54,7
ELL OMP,O2,61355401.148384,61.355401,0.061355,4069834,0.068655,5.648645,5.717300,0,10,1,1,128,8,62451,62451,2034917,4069834,40,32,1.000000,54,7
ELL OMP,O2,189197847.322311,189.197847,0.189198,4069834,0.023645,5.674178,5.697823,0,10,1,1,16,16,62451,62451,2034917,4069834,40,32,1.000000,54,7
ELL OMP,O2,98622140.421874,98.622140,0.098622,4069834,0.042041,5.620469,5.662510,0,10,1,1,64,16,62451,62451,2034917,4069834,40,32,1.000000,54,7
ELL OMP,O2,72221027.771787,72.221028,0.072221,4069834,0.056954,5.688441,5.745395,0,10,1,1,128,16,62451,62451,2034917,4069834,40,32,1.000000,54,7
ELL OMP,O2,199445176.976655,199.445177,0.199445,4069834,0.021818,5.703581,5.725399,0,10,1,1,16,32,62451,62451,2034917,4069834,40,32,1.000000,54,7
ELL OMP,O2,123466546.410414,123.466546,0.123467,4069834,0.034569,5.665962,5.700531,0,10,1,1,64,32,62451,62451,2034917,4069834,40,32,1.000000,54,7
ELL OMP,O2,85090396.596665,85.090397,0.085090,4069834,0.049116,5.690463,5.739579,0,10,1,1,128,32,62451,62451,2034917,4069834,40,32,1.000000,54,7
