Name,-O,FLOPS,MFLOPS,GFLOPS,FOP Count,Avg Run Time (s),Format Time (s),Total Time (s),Verification,Iters,Block Row,Block Col,K-Bound,Threads,Rows,Cols,NNZ,NNZ*2,Max Cols,Avg Cols,Col Ratio,Variance,Std Deviation
COO THREADS,O2,270931380.968641,270.931381,0.270931,4069834,0.015455,5.197265,5.212720,0,5,1,1,16,64,62451,62451,2034917,4069834,40,32,1.000000,54,7
COO THREADS,O2,138223780.837355,138.223781,0.138224,4069834,0.030086,5.239764,5.269850,0,5,1,1,64,72,62451,62451,2034917,4069834,40,32,1.000000,54,7
COO THREADS,O2,106495553.039275,106.495553,0.106496,4069834,0.039046,5.212539,5.251585,0,5,1,1,128,72,62451,62451,2034917,4069834,40,32,1.000000,54,7
