Name,-O,FLOPS,MFLOPS,GFLOPS,FOP Count,Avg Run Time (s),Format Time (s),Total Time (s),Verification,Iters,Block Row,Block Col,K-Bound,Threads,Rows,Cols,NNZ,NNZ*2,Max Cols,Avg Cols,Col Ratio,Variance,Std Deviation
COO OMP,O2,4140335803.780453,4140.335804,4.140336,32558672,0.035044,19.602838,19.637882,0,10,1,1,8,32,62451,62451,2034917,4069834,40,32,1.000000,54,7
COO OMP,O2,6861748153.526586,6861.748154,6.861748,65117344,0.035712,19.470625,19.506337,0,10,1,1,16,32,62451,62451,2034917,4069834,40,32,1.000000,54,7
COO OMP,O2,19724618116.657497,19724.618117,19.724618,260469376,0.033401,19.493178,19.526580,0,10,1,1,64,32,62451,62451,2034917,4069834,40,32,1.000000,54,7
COO OMP,O2,25278823487.420673,25278.823487,25.278823,520938752,0.041664,19.475107,19.516771,0,10,1,1,128,32,62451,62451,2034917,4069834,40,32,1.000000,54,7
COO OMP,O2,34217657706.973289,34217.657707,34.217658,1041877504,0.048145,19.451219,19.499364,0,10,1,1,256,32,62451,62451,2034917,4069834,40,32,1.000000,54,7
COO OMP,O2,41540371849.601181,41540.371850,41.540372,2083755008,0.067836,19.458242,19.526078,0,10,1,1,512,32,62451,62451,2034917,4069834,40,32,1.000000,54,7
COO OMP,O2,47273524821.294807,47273.524821,47.273525,4183789352,0.108705,19.503885,19.612590,0,10,1,1,1028,32,62451,62451,2034917,4069834,40,32,1.000000,54,7
