Name,-O,FLOPS,MFLOPS,GFLOPS,FOP Count,Avg Run Time (s),Format Time (s),Total Time (s),Verification,Iters,Block Row,Block Col,K-Bound,Threads,Rows,Cols,NNZ,NNZ*2,Max Cols,Avg Cols,Col Ratio,Variance,Std Deviation
CSR OMP,O2,inf,inf,inf,32558672,0.000000,5.317444,5.317444,499607,10,1,1,8,32,62451,62451,2034917,4069834,40,32,1.000000,54,7
CSR OMP,O2,3788176076.017816,3788.176076,3.788176,65117344,0.019313,5.418431,5.437744,0,10,1,1,16,32,62451,62451,2034917,4069834,40,32,1.000000,54,7
CSR OMP,O2,9468410079.987064,9468.410080,9.468410,260469376,0.029238,5.420396,5.449633,0,10,1,1,64,32,62451,62451,2034917,4069834,40,32,1.000000,54,7
CSR OMP,O2,12146600299.129971,12146.600299,12.146600,520938752,0.044766,5.397048,5.441814,0,10,1,1,128,32,62451,62451,2034917,4069834,40,32,1.000000,54,7
CSR OMP,O2,inf,inf,inf,1041877504,0.000000,5.416369,5.416369,15987455,10,1,1,256,32,62451,62451,2034917,4069834,40,32,1.000000,54,7
CSR OMP,O2,inf,inf,inf,2083755008,0.000000,5.397087,5.397087,31974911,10,1,1,512,32,62451,62451,2034917,4069834,40,32,1.000000,54,7
CSR OMP,O2,inf,inf,inf,4183789352,0.000000,5.454434,5.454434,64199627,10,1,1,1028,32,62451,62451,2034917,4069834,40,32,1.000000,54,7
