Name,-O,FLOPS,MFLOPS,GFLOPS,FOP Count,Avg Run Time (s),Format Time (s),Total Time (s),Verification,Iters,Block Row,Block Col,K-Bound,Threads,Rows,Cols,NNZ,NNZ*2,Max Cols,Avg Cols,Col Ratio,Variance,Std Deviation
BCSR Serial,O2,131006619.274640,131.006619,0.131007,4069834,0.031169,19.041155,19.072323,0,10,2,2,16,-1,62451,62451,2034917,4069834,40,32,1.000000,54,7
BCSR Serial,O2,72073671.536993,72.073672,0.072074,4069834,0.067299,19.082004,19.149303,0,10,4,4,16,-1,62451,62451,2034917,4069834,40,32,1.000000,54,7
BCSR Serial,O2,48421955.754492,48.421956,0.048422,4069834,0.093811,19.197699,19.291510,0,10,16,16,16,-1,62451,62451,2034917,4069834,40,32,1.000000,54,7
BCSR Serial,O2,47249291.297028,47.249291,0.047249,4069834,0.096066,19.037719,19.133785,0,10,2,2,64,-1,62451,62451,2034917,4069834,40,32,1.000000,54,7
BCSR Serial,O2,48143440.337559,48.143440,0.048143,4069834,0.087502,19.108254,19.195756,0,10,4,4,64,-1,62451,62451,2034917,4069834,40,32,1.000000,54,7
BCSR Serial,O2,23364463.713378,23.364464,0.023364,4069834,0.182659,19.209792,19.392451,0,10,16,16,64,-1,62451,62451,2034917,4069834,40,32,1.000000,54,7
BCSR Serial,O2,37132007.263841,37.132007,0.037132,4069834,0.121179,19.042819,19.163998,0,10,2,2,128,-1,62451,62451,2034917,4069834,40,32,1.000000,54,7
BCSR Serial,O2,32612545.816566,32.612546,0.032613,4069834,0.125075,19.084442,19.209517,0,10,4,4,128,-1,62451,62451,2034917,4069834,40,32,1.000000,54,7
BCSR Serial,O2,16051741.527675,16.051742,0.016052,4069834,0.256993,19.168062,19.425055,0,10,16,16,128,-1,62451,62451,2034917,4069834,40,32,1.000000,54,7
