Name,-O,FLOPS,MFLOPS,GFLOPS,FOP Count,Avg Run Time (s),Format Time (s),Total Time (s),Verification,Iters,Block Row,Block Col,K-Bound,Threads,Rows,Cols,NNZ,NNZ*2,Max Cols,Avg Cols,Col Ratio,Variance,Std Deviation
CSR OMP Transpose,O2,4953638661.902281,4953.638662,4.953639,520938752,0.105199,5.103838,5.209037,0,10,1,1,128,8,62451,62451,2034917,4069834,40,32,1.000000,54,7
CSR OMP Transpose,O2,6563094001.673006,6563.094002,6.563094,520938752,0.079466,5.274777,5.354243,0,10,1,1,128,16,62451,62451,2034917,4069834,40,32,1.000000,54,7
CSR OMP Transpose,O2,8167151320.881531,8167.151321,8.167151,520938752,0.064168,5.251887,5.316055,0,10,1,1,128,32,62451,62451,2034917,4069834,40,32,1.000000,54,7
