Name,-O,FLOPS,MFLOPS,GFLOPS,FOP Count,Avg Run Time (s),Format Time (s),Total Time (s),Verification,Iters,Block Row,Block Col,K-Bound,Threads,Rows,Cols,NNZ,NNZ*2,Max Cols,Avg Cols,Col Ratio,Variance,Std Deviation
CSR OMP,O2,260743880.925957,260.743881,0.260744,4069834,0.021844,41.686514,41.708358,0,10,1,1,16,8,62451,62451,2034917,4069834,40,32,1.000000,54,7
CSR OMP,O2,174465431.947292,174.465432,0.174465,4069834,0.027276,43.138469,43.165745,0,10,1,1,64,8,62451,62451,2034917,4069834,40,32,1.000000,54,7
CSR OMP,O2,153047789.679882,153.047790,0.153048,4069834,0.026964,43.083818,43.110782,0,10,1,1,128,8,62451,62451,2034917,4069834,40,32,1.000000,54,7
CSR OMP,O2,397509581.762579,397.509582,0.397510,4069834,0.014426,41.516338,41.530764,0,10,1,1,16,16,62451,62451,2034917,4069834,40,32,1.000000,54,7
CSR OMP,O2,255164585.974489,255.164586,0.255165,4069834,0.024574,43.063427,43.088001,0,10,1,1,64,16,62451,62451,2034917,4069834,40,32,1.000000,54,7
CSR OMP,O2,188777233.086968,188.777233,0.188777,4069834,0.029473,43.041771,43.071244,0,10,1,1,128,16,62451,62451,2034917,4069834,40,32,1.000000,54,7
CSR OMP,O2,408008571.287516,408.008571,0.408009,4069834,0.020088,43.384331,43.404419,0,10,1,1,16,32,62451,62451,2034917,4069834,40,32,1.000000,54,7
CSR OMP,O2,229179706.504103,229.179707,0.229180,4069834,0.025760,42.634101,42.659861,0,10,1,1,64,32,62451,62451,2034917,4069834,40,32,1.000000,54,7
CSR OMP,O2,175882435.674197,175.882436,0.175882,4069834,0.030691,42.947110,42.977801,0,10,1,1,128,32,62451,62451,2034917,4069834,40,32,1.000000,54,7
