Name,-O,FLOPS,MFLOPS,GFLOPS,FOP Count,Avg Run Time (s),Format Time (s),Total Time (s),Verification,Iters,Block Row,Block Col,K-Bound,Threads,Rows,Cols,NNZ,NNZ*2,Max Cols,Avg Cols,Col Ratio,Variance,Std Deviation
ELL OMP Transpose,O2,196787.798335,0.196788,0.000197,4069834,20.683512,5.664729,26.348241,0,10,1,1,16,8,62451,62451,2034917,4069834,40,32,1.000000,54,7
ELL OMP Transpose,O2,195096.435709,0.195096,0.000195,4069834,20.862947,5.664001,26.526948,0,10,1,1,64,8,62451,62451,2034917,4069834,40,32,1.000000,54,7
ELL OMP Transpose,O2,189428.593874,0.189429,0.000189,4069834,21.484829,5.659619,27.144448,0,10,1,1,128,8,62451,62451,2034917,4069834,40,32,1.000000,54,7
ELL OMP Transpose,O2,189879.824247,0.189880,0.000190,4069834,21.433758,5.680018,27.113776,0,10,1,1,16,16,62451,62451,2034917,4069834,40,32,1.000000,54,7
ELL OMP Transpose,O2,196340.917575,0.196341,0.000196,4069834,20.730923,5.675472,26.406395,0,10,1,1,64,16,62451,62451,2034917,4069834,40,32,1.000000,54,7
ELL OMP Transpose,O2,195743.630777,0.195744,0.000196,4069834,20.793876,5.674584,26.468460,0,10,1,1,128,16,62451,62451,2034917,4069834,40,32,1.000000,54,7
ELL OMP Transpose,O2,196277.249234,0.196277,0.000196,4069834,20.737723,5.676502,26.414225,0,10,1,1,16,32,62451,62451,2034917,4069834,40,32,1.000000,54,7
ELL OMP Transpose,O2,188190.266480,0.188190,0.000188,4069834,21.626459,5.695436,27.321895,0,10,1,1,64,32,62451,62451,2034917,4069834,40,32,1.000000,54,7
ELL OMP Transpose,O2,196249.560465,0.196250,0.000196,4069834,20.740646,5.655491,26.396137,0,10,1,1,128,32,62451,62451,2034917,4069834,40,32,1.000000,54,7
