Name,-O,FLOPS,MFLOPS,GFLOPS,FOP Count,Avg Run Time (s),Format Time (s),Total Time (s),Verification,Iters,Block Row,Block Col,K-Bound,Threads,Rows,Cols,NNZ,NNZ*2,Max Cols,Avg Cols,Col Ratio,Variance,Std Deviation
CSR OMP,O2,371524889.384375,371.524889,0.371525,4069834,0.026958,19.339641,19.366600,0,10,1,1,16,8,62451,62451,2034917,4069834,40,32,1.000000,54,7
CSR OMP,O2,208818741.474699,208.818741,0.208819,4069834,0.035068,19.378810,19.413878,0,10,1,1,64,8,62451,62451,2034917,4069834,40,32,1.000000,54,7
CSR OMP,O2,181181124.127021,181.181124,0.181181,4069834,0.041098,19.371287,19.412385,0,10,1,1,128,8,62451,62451,2034917,4069834,40,32,1.000000,54,7
CSR OMP,O2,427236513.073925,427.236513,0.427237,4069834,0.037210,19.423591,19.460801,0,10,1,1,16,16,62451,62451,2034917,4069834,40,32,1.000000,54,7
CSR OMP,O2,283422911.015636,283.422911,0.283423,4069834,0.026921,19.400772,19.427693,0,10,1,1,64,16,62451,62451,2034917,4069834,40,32,1.000000,54,7
CSR OMP,O2,141126163.566599,141.126164,0.141126,4069834,0.047319,19.401700,19.449019,0,10,1,1,128,16,62451,62451,2034917,4069834,40,32,1.000000,54,7
CSR OMP,O2,335140459.959287,335.140460,0.335140,4069834,0.031467,19.358301,19.389768,0,10,1,1,16,32,62451,62451,2034917,4069834,40,32,1.000000,54,7
CSR OMP,O2,199176523.056525,199.176523,0.199177,4069834,0.037083,19.390067,19.427150,0,10,1,1,64,32,62451,62451,2034917,4069834,40,32,1.000000,54,7
CSR OMP,O2,254649779.656994,254.649780,0.254650,4069834,0.027310,19.383503,19.410813,0,10,1,1,128,32,62451,62451,2034917,4069834,40,32,1.000000,54,7
