Name,-O,FLOPS,MFLOPS,GFLOPS,FOP Count,Avg Run Time (s),Format Time (s),Total Time (s),Verification,Iters,Block Row,Block Col,K-Bound,Threads,Rows,Cols,NNZ,NNZ*2,Max Cols,Avg Cols,Col Ratio,Variance,Std Deviation
CSR OMP,O2,413946720.289937,413.946720,0.413947,4069834,0.024136,19.005904,19.030040,0,10,1,1,16,8,62451,62451,2034917,4069834,40,32,1.000000,54,7
CSR OMP,O2,271063618.900612,271.063619,0.271064,4069834,0.028284,19.030644,19.058928,0,10,1,1,64,8,62451,62451,2034917,4069834,40,32,1.000000,54,7
CSR OMP,O2,167841162.511074,167.841163,0.167841,4069834,0.042943,18.967627,19.010570,0,10,1,1,128,8,62451,62451,2034917,4069834,40,32,1.000000,54,7
CSR OMP,O2,105980491.758881,105.980492,0.105980,4069834,0.046336,19.025843,19.072179,0,10,1,1,16,16,62451,62451,2034917,4069834,40,32,1.000000,54,7
CSR OMP,O2,93011709.799301,93.011710,0.093012,4069834,0.051160,19.037179,19.088339,0,10,1,1,64,16,62451,62451,2034917,4069834,40,32,1.000000,54,7
CSR OMP,O2,80366361.190941,80.366361,0.080366,4069834,0.057341,19.080258,19.137599,0,10,1,1,128,16,62451,62451,2034917,4069834,40,32,1.000000,54,7
CSR OMP,O2,81832869.086308,81.832869,0.081833,4069834,0.050997,19.070703,19.121700,0,10,1,1,16,32,62451,62451,2034917,4069834,40,32,1.000000,54,7
CSR OMP,O2,143665675.626363,143.665676,0.143666,4069834,0.039633,19.031124,19.070757,0,10,1,1,64,32,62451,62451,2034917,4069834,40,32,1.000000,54,7
CSR OMP,O2,171850466.643346,171.850467,0.171850,4069834,0.045372,19.062862,19.108234,0,10,1,1,128,32,62451,62451,2034917,4069834,40,32,1.000000,54,7
