Name,Avg Run Time (s),Format Time (s),Total Time (s),GFLOPS,Verification,Iters,Block Row,Block Col,K-Bound,Threads,FOP Count,Rows,Cols,NNZ,Max Cols,Avg Cols,Variance,Std Deviation
ell_omp_O3,0.035658,5.421414,5.457072,8816.319324,0,10,1,1,16,8,312010192080,62451,62451,2034917,40,32,54,7
ell_omp_collapse_O3,0.040317,5.513945,5.554262,7795.494612,0,10,1,1,16,8,312010192080,62451,62451,2034917,40,32,54,7
ell_omp_O3,0.026120,5.560779,5.586899,12230.218991,0,10,1,1,16,16,312010192080,62451,62451,2034917,40,32,54,7
ell_omp_collapse_O3,0.029002,5.534614,5.563616,11280.996096,0,10,1,1,16,16,312010192080,62451,62451,2034917,40,32,54,7
ell_omp_O3,0.024923,5.529478,5.554401,13065.769071,0,10,1,1,16,32,312010192080,62451,62451,2034917,40,32,54,7
ell_omp_collapse_O3,0.028075,5.557791,5.585866,12059.081500,0,10,1,1,16,32,312010192080,62451,62451,2034917,40,32,54,7
