Name,-O,FLOPS,MFLOPS,GFLOPS,FOP Count,Avg Run Time (s),Format Time (s),Total Time (s),Verification,Iters,Block Row,Block Col,K-Bound,Threads,Rows,Cols,NNZ,NNZ*2,Max Cols,Avg Cols,Col Ratio,Variance,Std Deviation
COO OMP,O2,197857766.981655,197.857767,0.197858,4069834,0.028550,5.433820,5.462370,0,10,1,1,16,8,62451,62451,2034917,4069834,40,32,1.000000,54,7
COO OMP,O2,129404433.123658,129.404433,0.129404,4069834,0.035324,5.372571,5.407895,0,10,1,1,64,8,62451,62451,2034917,4069834,40,32,1.000000,54,7
COO OMP,O2,100669648.747733,100.669649,0.100670,4069834,0.044609,5.349779,5.394388,0,10,1,1,128,8,62451,62451,2034917,4069834,40,32,1.000000,54,7
COO OMP,O2,213401962.626321,213.401963,0.213402,4069834,0.024572,5.361208,5.385780,0,10,1,1,16,16,62451,62451,2034917,4069834,40,32,1.000000,54,7
COO OMP,O2,106895803.608604,106.895804,0.106896,4069834,0.044687,5.320693,5.365380,0,10,1,1,64,16,62451,62451,2034917,4069834,40,32,1.000000,54,7
COO OMP,O2,194377474.698517,194.377475,0.194377,4069834,0.029056,5.287017,5.316073,128,10,1,1,128,16,62451,62451,2034917,4069834,40,32,1.000000,54,7
COO OMP,O2,137377873.527143,137.377874,0.137378,4069834,0.040659,7.104355,7.145014,0,10,1,1,16,32,62451,62451,2034917,4069834,40,32,1.000000,54,7
COO OMP,O2,160816430.173985,160.816430,0.160816,4069834,0.046068,10.801515,10.847583,0,10,1,1,64,32,62451,62451,2034917,4069834,40,32,1.000000,54,7
COO OMP,O2,78862669.584741,78.862670,0.078863,4069834,0.056365,11.250266,11.306631,0,10,1,1,128,32,62451,62451,2034917,4069834,40,32,1.000000,54,7
