Name,-O,FLOPS,MFLOPS,GFLOPS,FOP Count,Avg Run Time (s),Format Time (s),Total Time (s),Verification,Iters,Block Row,Block Col,K-Bound,Threads,Rows,Cols,NNZ,NNZ*2,Max Cols,Avg Cols,Col Ratio,Variance,Std Deviation
BCSR GPU Transpose,O2,168274.811571,0.168275,0.000168,4069834,24.245936,5.508911,29.754847,0,10,2,2,16,-1,62451,62451,2034917,4069834,40,32,1.000000,54,7
BCSR GPU Transpose,O2,171818.123839,0.171818,0.000172,4069834,23.739199,5.588339,29.327538,0,10,4,4,16,-1,62451,62451,2034917,4069834,40,32,1.000000,54,7
BCSR GPU Transpose,O2,165588.448423,0.165588,0.000166,4069834,24.637545,5.648258,30.285803,0,10,16,16,16,-1,62451,62451,2034917,4069834,40,32,1.000000,54,7
BCSR GPU Transpose,O2,168158.565192,0.168159,0.000168,4069834,24.271685,5.558547,29.830233,0,10,2,2,64,-1,62451,62451,2034917,4069834,40,32,1.000000,54,7
BCSR GPU Transpose,O2,171756.368190,0.171756,0.000172,4069834,23.733990,5.535051,29.269041,0,10,4,4,64,-1,62451,62451,2034917,4069834,40,32,1.000000,54,7
BCSR GPU Transpose,O2,165668.546721,0.165669,0.000166,4069834,24.621403,5.675202,30.296606,0,10,16,16,64,-1,62451,62451,2034917,4069834,40,32,1.000000,54,7
BCSR GPU Transpose,O2,169763.775066,0.169764,0.000170,4069834,24.037699,5.527095,29.564794,0,10,2,2,128,-1,62451,62451,2034917,4069834,40,32,1.000000,54,7
BCSR GPU Transpose,O2,173766.456291,0.173766,0.000174,4069834,23.488257,5.559271,29.047529,0,10,4,4,128,-1,62451,62451,2034917,4069834,40,32,1.000000,54,7
BCSR GPU Transpose,O2,169360.112260,0.169360,0.000169,4069834,24.062966,5.604345,29.667311,0,10,16,16,128,-1,62451,62451,2034917,4069834,40,32,1.000000,54,7
