Name,-O,FLOPS,MFLOPS,GFLOPS,FOP Count,Avg Run Time (s),Format Time (s),Total Time (s),Verification,Iters,Block Row,Block Col,K-Bound,Threads,Rows,Cols,NNZ,NNZ*2,Max Cols,Avg Cols,Col Ratio,Variance,Std Deviation
CSR Serial,O2,1528709503.531567,1528.709504,1.528710,65117344,0.045327,19.421517,19.466845,0,10,1,1,16,-1,62451,62451,2034917,4069834,40,32,1.000000,54,7
CSR Serial,O2,4647441833.062481,4647.441833,4.647442,260469376,0.059974,19.481433,19.541407,0,10,1,1,64,-1,62451,62451,2034917,4069834,40,32,1.000000,54,7
CSR Serial,O2,6585195754.917703,6585.195755,6.585196,520938752,0.081786,19.477795,19.559581,0,10,1,1,128,-1,62451,62451,2034917,4069834,40,32,1.000000,54,7
