Name,-O,FLOPS,MFLOPS,GFLOPS,FOP Count,Avg Run Time (s),Format Time (s),Total Time (s),Verification,Iters,Block Row,Block Col,K-Bound,Threads,Rows,Cols,NNZ,NNZ*2,Max Cols,Avg Cols,Col Ratio,Variance,Std Deviation
COO Serial,O2,122710649.757380,122.710650,0.122711,4069834,0.038005,18.808298,18.846303,0,10,1,1,16,-1,62451,62451,2034917,4069834,40,32,1.000000,54,7
COO Serial,O2,55320389.820065,55.320390,0.055320,4069834,0.086466,18.869977,18.956443,0,10,1,1,64,-1,62451,62451,2034917,4069834,40,32,1.000000,54,7
COO Serial,O2,54798643.745513,54.798644,0.054799,4069834,0.076361,18.842215,18.918576,0,10,1,1,128,-1,62451,62451,2034917,4069834,40,32,1.000000,54,7
