Name,-O,FLOPS,MFLOPS,GFLOPS,FOP Count,Avg Run Time (s),Format Time (s),Total Time (s),Verification,Iters,Block Row,Block Col,K-Bound,Threads,Rows,Cols,NNZ,NNZ*2,Max Cols,Avg Cols,Col Ratio,Variance,Std Deviation
CSR OMP,O2,4464579061.737441,4464.579062,4.464579,32558672,0.033355,19.632346,19.665701,0,10,1,1,8,32,62451,62451,2034917,4069834,40,32,1.000000,54,7
CSR OMP,O2,8948197979.532001,8948.197980,8.948198,65117344,0.034883,19.492150,19.527033,0,10,1,1,16,32,62451,62451,2034917,4069834,40,32,1.000000,54,7
CSR OMP,O2,15973292542.941357,15973.292543,15.973293,260469376,0.033878,19.496962,19.530840,0,10,1,1,64,32,62451,62451,2034917,4069834,40,32,1.000000,54,7
CSR OMP,O2,27897929288.006096,27897.929288,27.897929,520938752,0.034319,19.477889,19.512208,0,10,1,1,128,32,62451,62451,2034917,4069834,40,32,1.000000,54,7
CSR OMP,O2,27377253343.509125,27377.253344,27.377253,1041877504,0.048933,19.479478,19.528411,0,10,1,1,256,32,62451,62451,2034917,4069834,40,32,1.000000,54,7
CSR OMP,O2,40450511251.754219,40450.511252,40.450511,2083755008,0.068599,19.496408,19.565007,0,10,1,1,512,32,62451,62451,2034917,4069834,40,32,1.000000,54,7
CSR OMP,O2,51410778917.342308,51410.778917,51.410779,4183789352,0.111564,19.481446,19.593010,0,10,1,1,1028,32,62451,62451,2034917,4069834,40,32,1.000000,54,7
