Name,-O,FLOPS,MFLOPS,GFLOPS,FOP Count,Avg Run Time (s),Format Time (s),Total Time (s),Verification,Iters,Block Row,Block Col,K-Bound,Threads,Rows,Cols,NNZ,NNZ*2,Max Cols,Avg Cols,Col Ratio,Variance,Std Deviation
COO Serial,O2,139502753.322944,139.502753,0.139503,4069834,0.029330,18.996360,19.025690,0,10,1,1,16,-1,62451,62451,2034917,4069834,40,32,1.000000,54,7
COO Serial,O2,65794257.234337,65.794257,0.065794,4069834,0.064652,18.973486,19.038138,0,10,1,1,64,-1,62451,62451,2034917,4069834,40,32,1.000000,54,7
COO Serial,O2,43938975.039359,43.938975,0.043939,4069834,0.095182,19.067781,19.162963,0,10,1,1,128,-1,62451,62451,2034917,4069834,40,32,1.000000,54,7
