Name,-O,FLOPS,MFLOPS,GFLOPS,FOP Count,Avg Run Time (s),Format Time (s),Total Time (s),Verification,Iters,Block Row,Block Col,K-Bound,Threads,Rows,Cols,NNZ,NNZ*2,Max Cols,Avg Cols,Col Ratio,Variance,Std Deviation
CSR OMP,O2,365184971.758515,365.184972,0.365185,4069834,0.032412,18.853513,18.885925,0,10,1,1,16,8,62451,62451,2034917,4069834,40,32,1.000000,54,7
CSR OMP,O2,236815645.300885,236.815645,0.236816,4069834,0.036627,18.885462,18.922089,0,10,1,1,64,8,62451,62451,2034917,4069834,40,32,1.000000,54,7
CSR OMP,O2,213284316.786998,213.284317,0.213284,4069834,0.030530,18.917358,18.947888,0,10,1,1,128,8,62451,62451,2034917,4069834,40,32,1.000000,54,7
CSR OMP,O2,365687046.607942,365.687047,0.365687,4069834,0.027527,18.873570,18.901097,0,10,1,1,16,16,62451,62451,2034917,4069834,40,32,1.000000,54,7
CSR OMP,O2,280013230.508286,280.013231,0.280013,4069834,0.039720,18.880511,18.920231,0,10,1,1,64,16,62451,62451,2034917,4069834,40,32,1.000000,54,7
CSR OMP,O2,250102625.632801,250.102626,0.250103,4069834,0.032241,18.911232,18.943473,0,10,1,1,128,16,62451,62451,2034917,4069834,40,32,1.000000,54,7
CSR OMP,O2,694885097.196427,694.885097,0.694885,4069834,0.030087,18.947774,18.977861,0,10,1,1,16,32,62451,62451,2034917,4069834,40,32,1.000000,54,7
CSR OMP,O2,283319099.872659,283.319100,0.283319,4069834,0.028394,18.881282,18.909676,0,10,1,1,64,32,62451,62451,2034917,4069834,40,32,1.000000,54,7
CSR OMP,O2,184397988.380262,184.397988,0.184398,4069834,0.041113,18.893280,18.934393,0,10,1,1,128,32,62451,62451,2034917,4069834,40,32,1.000000,54,7
