Name,Avg Run Time (s),Format Time (s),Total Time (s),GFLOPS,Verification,Iters,Block Row,Block Col,K-Bound,Threads,FOP Count,Rows,Cols,NNZ,Max Cols,Avg Cols,Variance,Std Deviation
coo_serial_O1,0.058653,40.915773,40.974426,1.110458,0,100,1,1,16,-1,65117344,62451,62451,2034917,40,32,54,7
csr_serial_O1,0.086712,40.772622,40.859334,2961.252582,0,100,1,1,16,-1,254165203134,62451,62451,2034917,40,32,54,7
ell_serial_O1,0.100601,43.191327,43.291928,3101.886765,0,100,1,1,16,-1,312010192080,62451,62451,2034917,40,32,54,7
bcsr_serial_O1,0.092527,344.738177,344.830704,2747.349101,0,100,1,1,16,-1,254165203134,62451,62451,2034917,40,32,54,7
bell_serial_O1,0.059209,41.250176,41.309385,1.099929,1510685,100,1,1,16,-1,65117344,62451,62451,2034917,40,32,54,7
bcsr_serial_O1,