Name,-O,FLOPS,MFLOPS,GFLOPS,FOP Count,Avg Run Time (s),Format Time (s),Total Time (s),Verification,Iters,Block Row,Block Col,K-Bound,Threads,Rows,Cols,NNZ,NNZ*2,Max Cols,Avg Cols,Col Ratio,Variance,Std Deviation
CSR OMP,O2,inf,inf,inf,32558672,0.000000,19.463561,19.463561,499607,10,1,1,8,32,62451,62451,2034917,4069834,40,32,1.000000,54,7
CSR OMP,O2,4982039456.857140,4982.039457,4.982039,65117344,0.035717,19.384137,19.419854,0,10,1,1,16,32,62451,62451,2034917,4069834,40,32,1.000000,54,7
CSR OMP,O2,9939418744.068897,9939.418744,9.939419,260469376,0.042756,19.432364,19.475120,0,10,1,1,64,32,62451,62451,2034917,4069834,40,32,1.000000,54,7
CSR OMP,O2,27039991533.158955,27039.991533,27.039992,520938752,0.040544,19.433658,19.474202,0,10,1,1,128,32,62451,62451,2034917,4069834,40,32,1.000000,54,7
CSR OMP,O2,inf,inf,inf,1041877504,0.000000,19.448357,19.448357,15987455,10,1,1,256,32,62451,62451,2034917,4069834,40,32,1.000000,54,7
CSR OMP,O2,inf,inf,inf,2083755008,0.000000,19.440326,19.440326,31974911,10,1,1,512,32,62451,62451,2034917,4069834,40,32,1.000000,54,7
CSR OMP,O2,inf,inf,inf,4183789352,0.000000,19.421518,19.421518,64199627,10,1,1,1028,32,62451,62451,2034917,4069834,40,32,1.000000,54,7
