Name,-O,FLOPS,MFLOPS,GFLOPS,FOP Count,Avg Run Time (s),Format Time (s),Total Time (s),Verification,Iters,Block Row,Block Col,K-Bound,Threads,Rows,Cols,NNZ,NNZ*2,Max Cols,Avg Cols,Col Ratio,Variance,Std Deviation
CSR Serial Transpose,O2,187588.332601,0.187588,0.000188,4069834,21.695635,5.352861,27.048496,0,10,1,1,16,-1,62451,62451,2034917,4069834,40,32,1.000000,54,7
CSR Serial Transpose,O2,187439.339808,0.187439,0.000187,4069834,21.712808,5.457692,27.170500,0,10,1,1,64,-1,62451,62451,2034917,4069834,40,32,1.000000,54,7
CSR Serial Transpose,O2,187567.856157,0.187568,0.000188,4069834,21.697930,5.363500,27.061430,0,10,1,1,128,-1,62451,62451,2034917,4069834,40,32,1.000000,54,7
