Name,-O,FLOPS,MFLOPS,GFLOPS,FOP Count,Avg Run Time (s),Format Time (s),Total Time (s),Verification,Iters,Block Row,Block Col,K-Bound,Threads,Rows,Cols,NNZ,NNZ*2,Max Cols,Avg Cols,Col Ratio,Variance,Std Deviation
BCSR THREADS,O2,1029597421.787245,1029.597422,1.029597,4069834,0.004035,19.463743,19.467778,0,5,2,2,16,16,62451,62451,2034917,4069834,40,32,1.000000,54,7
BCSR THREADS,O2,598239879.889622,598.239880,0.598240,4069834,0.009790,19.445175,19.454965,0,5,4,4,16,16,62451,62451,2034917,4069834,40,32,1.000000,54,7
BCSR THREADS,O2,652282216.046620,652.282216,0.652282,4069834,0.007499,19.545148,19.552647,0,5,16,16,16,32,62451,62451,2034917,4069834,40,32,1.000000,54,7
BCSR THREADS,O2,358258036.344592,358.258036,0.358258,4069834,0.013249,19.910253,19.923502,0,5,2,2,64,48,62451,62451,2034917,4069834,40,32,1.000000,54,7
BCSR THREADS,O2,329347079.986352,329.347080,0.329347,4069834,0.012399,19.238721,19.251120,0,5,4,4,64,32,62451,62451,2034917,4069834,40,32,1.000000,54,7
BCSR THREADS,O2,328198841.600205,328.198842,0.328199,4069834,0.013036,19.728562,19.741598,0,5,16,16,64,48,62451,62451,2034917,4069834,40,32,1.000000,54,7
BCSR THREADS,O2,350125322.769642,350.125323,0.350125,4069834,0.012127,19.560979,19.573106,0,5,2,2,128,32,62451,62451,2034917,4069834,40,32,1.000000,54,7
BCSR THREADS,O2,326728196.369667,326.728196,0.326728,4069834,0.012907,19.807495,19.820402,0,5,4,4,128,32,62451,62451,2034917,4069834,40,32,1.000000,54,7
BCSR THREADS,O2,177877046.936188,177.877047,0.177877,4069834,0.023163,19.707358,19.730521,0,5,16,16,128,64,62451,62451,2034917,4069834,40,32,1.000000,54,7
