Name,-O,FLOPS,MFLOPS,GFLOPS,FOP Count,Avg Run Time (s),Format Time (s),Total Time (s),Verification,Iters,Block Row,Block Col,K-Bound,Threads,Rows,Cols,NNZ,NNZ*2,Max Cols,Avg Cols,Col Ratio,Variance,Std Deviation
BCSR Serial Transpose,O2,1871761280.339413,1871.761280,1.871761,520938752,0.281286,19.864685,20.145970,0,10,2,2,128,-1,62451,62451,2034917,4069834,40,32,1.000000,54,7
BCSR Serial Transpose,O2,1490064755.852721,1490.064756,1.490065,520938752,0.351357,19.717520,20.068877,0,10,4,4,128,-1,62451,62451,2034917,4069834,40,32,1.000000,54,7
BCSR Serial Transpose,O2,711460582.584169,711.460583,0.711461,520938752,0.732916,19.974862,20.707778,0,10,16,16,128,-1,62451,62451,2034917,4069834,40,32,1.000000,54,7
