Name,-O,FLOPS,MFLOPS,GFLOPS,FOP Count,Avg Run Time (s),Format Time (s),Total Time (s),Verification,Iters,Block Row,Block Col,K-Bound,Threads,Rows,Cols,NNZ,NNZ*2,Max Cols,Avg Cols,Col Ratio,Variance,Std Deviation
BCSR Serial Transpose,O2,2012903045.676926,2012.903046,2.012903,520938752,0.258800,5.363178,5.621978,0,10,2,2,128,-1,62451,62451,2034917,4069834,40,32,1.000000,54,7
BCSR Serial Transpose,O2,1854747504.342110,1854.747504,1.854748,520938752,0.280869,5.577578,5.858447,0,10,4,4,128,-1,62451,62451,2034917,4069834,40,32,1.000000,54,7
BCSR Serial Transpose,O2,679936274.926630,679.936275,0.679936,520938752,0.766161,5.702651,6.468812,0,10,16,16,128,-1,62451,62451,2034917,4069834,40,32,1.000000,54,7
