Name,-O,FLOPS,MFLOPS,GFLOPS,FOP Count,Avg Run Time (s),Format Time (s),Total Time (s),Verification,Iters,Block Row,Block Col,K-Bound,Threads,Rows,Cols,NNZ,NNZ*2,Max Cols,Avg Cols,Col Ratio,Variance,Std Deviation
COO OMP Transpose,O2,11129279742.035414,11129.279742,11.129280,520938752,0.059050,19.576242,19.635292,0,10,1,1,128,8,62451,62451,2034917,4069834,40,32,1.000000,54,7
COO OMP Transpose,O2,19105031856.748878,19105.031857,19.105032,520938752,0.040341,19.337193,19.377534,0,10,1,1,128,16,62451,62451,2034917,4069834,40,32,1.000000,54,7
COO OMP Transpose,O2,25613317842.433960,25613.317842,25.613318,520938752,0.031159,19.360602,19.391761,0,10,1,1,128,32,62451,62451,2034917,4069834,40,32,1.000000,54,7
