Name,-O,FLOPS,MFLOPS,GFLOPS,FOP Count,Avg Run Time (s),Format Time (s),Total Time (s),Verification,Iters,Block Row,Block Col,K-Bound,Threads,Rows,Cols,NNZ,NNZ*2,Max Cols,Avg Cols,Col Ratio,Variance,Std Deviation
CSR OMP Transpose,O2,9640965833.351978,9640.965833,9.640966,520938752,0.075427,19.502990,19.578417,0,10,1,1,128,8,62451,62451,2034917,4069834,40,32,1.000000,54,7
CSR OMP Transpose,O2,16061692482.619308,16061.692483,16.061692,520938752,0.048392,19.316914,19.365306,0,10,1,1,128,16,62451,62451,2034917,4069834,40,32,1.000000,54,7
CSR OMP Transpose,O2,29081067867.719688,29081.067868,29.081068,520938752,0.022880,19.482274,19.505154,0,10,1,1,128,32,62451,62451,2034917,4069834,40,32,1.000000,54,7
