Name,-O,FLOPS,MFLOPS,GFLOPS,FOP Count,Avg Run Time (s),Format Time (s),Total Time (s),Verification,Iters,Block Row,Block Col,K-Bound,Threads,Rows,Cols,NNZ,NNZ*2,Max Cols,Avg Cols,Col Ratio,Variance,Std Deviation
COO OMP,O2,252655813.317766,252.655813,0.252656,4069834,0.048934,19.435578,19.484512,0,10,1,1,16,8,62451,62451,2034917,4069834,40,32,1.000000,54,7
COO OMP,O2,195767372.102219,195.767372,0.195767,4069834,0.038681,19.234636,19.273317,0,10,1,1,64,8,62451,62451,2034917,4069834,40,32,1.000000,54,7
COO OMP,O2,133813052.382549,133.813052,0.133813,4069834,0.048533,19.393051,19.441583,0,10,1,1,128,8,62451,62451,2034917,4069834,40,32,1.000000,54,7
COO OMP,O2,293080248.071247,293.080248,0.293080,4069834,0.047868,19.347608,19.395476,0,10,1,1,16,16,62451,62451,2034917,4069834,40,32,1.000000,54,7
COO OMP,O2,244507573.439334,244.507573,0.244508,4069834,0.036552,19.412115,19.448667,0,10,1,1,64,16,62451,62451,2034917,4069834,40,32,1.000000,54,7
COO OMP,O2,180705848.256970,180.705848,0.180706,4069834,0.052224,19.361312,19.413536,0,10,1,1,128,16,62451,62451,2034917,4069834,40,32,1.000000,54,7
COO OMP,O2,276992506.766900,276.992507,0.276993,4069834,0.041900,19.362215,19.404115,0,10,1,1,16,32,62451,62451,2034917,4069834,40,32,1.000000,54,7
COO OMP,O2,301969985.472897,301.969985,0.301970,4069834,0.033604,19.334628,19.368232,0,10,1,1,64,32,62451,62451,2034917,4069834,40,32,1.000000,54,7
COO OMP,O2,190256003.356153,190.256003,0.190256,4069834,0.045257,19.369439,19.414696,0,10,1,1,128,32,62451,62451,2034917,4069834,40,32,1.000000,54,7
