Name,-O,FLOPS,MFLOPS,GFLOPS,FOP Count,Avg Run Time (s),Format Time (s),Total Time (s),Verification,Iters,Block Row,Block Col,K-Bound,Threads,Rows,Cols,NNZ,NNZ*2,Max Cols,Avg Cols,Col Ratio,Variance,Std Deviation
COO Serial,O2,260178764.396140,260.178764,0.260179,4069834,0.015647,5.352138,5.367785,0,10,1,1,16,-1,62451,62451,2034917,4069834,40,32,1.000000,54,7
COO Serial,O2,91604999.878037,91.605000,0.091605,4069834,0.044432,5.333553,5.377986,0,10,1,1,64,-1,62451,62451,2034917,4069834,40,32,1.000000,54,7
COO Serial,O2,42735124.213081,42.735124,0.042735,4069834,0.095239,5.447069,5.542308,0,10,1,1,128,-1,62451,62451,2034917,4069834,40,32,1.000000,54,7
