Name,-O,FLOPS,MFLOPS,GFLOPS,FOP Count,Avg Run Time (s),Format Time (s),Total Time (s),Verification,Iters,Block Row,Block Col,K-Bound,Threads,Rows,Cols,NNZ,NNZ*2,Max Cols,Avg Cols,Col Ratio,Variance,Std Deviation
CSR OMP,O2,3185325735.200844,3185.325735,3.185326,32558672,0.011845,5.212442,5.224287,0,10,1,1,8,32,62451,62451,2034917,4069834,40,32,1.000000,54,7
CSR OMP,O2,4008119500.378287,4008.119500,4.008120,65117344,0.018348,5.295619,5.313967,0,10,1,1,16,32,62451,62451,2034917,4069834,40,32,1.000000,54,7
CSR OMP,O2,8250256817.888402,8250.256818,8.250257,260469376,0.033226,5.304673,5.337899,0,10,1,1,64,32,62451,62451,2034917,4069834,40,32,1.000000,54,7
CSR OMP,O2,13401240402.467060,13401.240402,13.401240,520938752,0.040317,5.285906,5.326223,0,10,1,1,128,32,62451,62451,2034917,4069834,40,32,1.000000,54,7
CSR OMP,O2,19310317557.769356,19310.317558,19.310318,1041877504,0.055436,5.307605,5.363041,0,10,1,1,256,32,62451,62451,2034917,4069834,40,32,1.000000,54,7
CSR OMP,O2,29566562607.293755,29566.562607,29.566563,2083755008,0.071463,5.302019,5.373482,0,10,1,1,512,32,62451,62451,2034917,4069834,40,32,1.000000,54,7
CSR OMP,O2,43225390309.701675,43225.390310,43.225390,4183789352,0.097570,5.301307,5.398877,0,10,1,1,1028,32,62451,62451,2034917,4069834,40,32,1.000000,54,7
