Name,-O,FLOPS,MFLOPS,GFLOPS,FOP Count,Avg Run Time (s),Format Time (s),Total Time (s),Verification,Iters,Block Row,Block Col,K-Bound,Threads,Rows,Cols,NNZ,NNZ*2,Max Cols,Avg Cols,Col Ratio,Variance,Std Deviation
CSR OMP Transpose,O2,703138.419906,0.703138,0.000703,4069834,5.790322,5.282534,11.072856,0,10,1,1,16,8,62451,62451,2034917,4069834,40,32,1.000000,54,7
CSR OMP Transpose,O2,661126.345291,0.661126,0.000661,4069834,6.158490,5.480401,11.638891,0,10,1,1,64,8,62451,62451,2034917,4069834,40,32,1.000000,54,7
CSR OMP Transpose,O2,682998.637142,0.682999,0.000683,4069834,5.959235,5.472936,11.432171,0,10,1,1,128,8,62451,62451,2034917,4069834,40,32,1.000000,54,7
CSR OMP Transpose,O2,1305502.791521,1.305503,0.001306,4069834,3.117659,5.488401,8.606060,0,10,1,1,16,16,62451,62451,2034917,4069834,40,32,1.000000,54,7
CSR OMP Transpose,O2,1283163.133581,1.283163,0.001283,4069834,3.172356,5.495298,8.667654,0,10,1,1,64,16,62451,62451,2034917,4069834,40,32,1.000000,54,7
CSR OMP Transpose,O2,1235647.040460,1.235647,0.001236,4069834,3.293814,5.481021,8.774835,0,10,1,1,128,16,62451,62451,2034917,4069834,40,32,1.000000,54,7
CSR OMP Transpose,O2,2428422.897937,2.428423,0.002428,4069834,1.676143,5.519010,7.195153,0,10,1,1,16,32,62451,62451,2034917,4069834,40,32,1.000000,54,7
CSR OMP Transpose,O2,2371832.871962,2.371833,0.002372,4069834,1.716035,5.490473,7.206508,0,10,1,1,64,32,62451,62451,2034917,4069834,40,32,1.000000,54,7
CSR OMP Transpose,O2,2357400.531959,2.357401,0.002357,4069834,1.726525,5.543281,7.269806,0,10,1,1,128,32,62451,62451,2034917,4069834,40,32,1.000000,54,7
