Name,-O,FLOPS,MFLOPS,GFLOPS,FOP Count,Avg Run Time (s),Format Time (s),Total Time (s),Verification,Iters,Block Row,Block Col,K-Bound,Threads,Rows,Cols,NNZ,NNZ*2,Max Cols,Avg Cols,Col Ratio,Variance,Std Deviation
BCSR OMP,O2,228919831.849496,228.919832,0.228920,32558672,0.264641,19.935630,20.200270,0,10,4,4,8,32,62451,62451,2034917,4069834,40,32,1.000000,54,7
BCSR OMP,O2,601838058.009763,601.838058,0.601838,65117344,0.185714,19.788742,19.974456,0,10,4,4,16,32,62451,62451,2034917,4069834,40,32,1.000000,54,7
BCSR OMP,O2,1330141205.901998,1330.141206,1.330141,260469376,0.230153,19.906103,20.136256,0,10,4,4,64,32,62451,62451,2034917,4069834,40,32,1.000000,54,7
BCSR OMP,O2,2693971060.757446,2693.971061,2.693971,520938752,0.344595,20.017327,20.361922,0,10,4,4,128,32,62451,62451,2034917,4069834,40,32,1.000000,54,7
BCSR OMP,O2,4685558344.309410,4685.558344,4.685558,1041877504,0.345866,19.774767,20.120633,0,10,4,4,256,32,62451,62451,2034917,4069834,40,32,1.000000,54,7
BCSR OMP,O2,7930662049.689372,7930.662050,7.930662,2083755008,0.311812,19.772287,20.084099,0,10,4,4,512,32,62451,62451,2034917,4069834,40,32,1.000000,54,7
BCSR OMP,O2,7737156833.297289,7737.156833,7.737157,4183789352,0.812652,19.917210,20.729862,0,10,4,4,1028,32,62451,62451,2034917,4069834,40,32,1.000000,54,7
