Name,-O,FLOPS,MFLOPS,GFLOPS,FOP Count,Avg Run Time (s),Format Time (s),Total Time (s),Verification,Iters,Block Row,Block Col,K-Bound,Threads,Rows,Cols,NNZ,NNZ*2,Max Cols,Avg Cols,Col Ratio,Variance,Std Deviation
COO Serial,O2,1908917477.030153,1908.917477,1.908917,65117344,0.035692,19.534919,19.570611,0,10,1,1,16,-1,62451,62451,2034917,4069834,40,32,1.000000,54,7
COO Serial,O2,4455835062.906071,4455.835063,4.455835,260469376,0.062331,19.518389,19.580720,0,10,1,1,64,-1,62451,62451,2034917,4069834,40,32,1.000000,54,7
COO Serial,O2,7440862561.755014,7440.862562,7.440863,520938752,0.070411,19.487883,19.558294,0,10,1,1,128,-1,62451,62451,2034917,4069834,40,32,1.000000,54,7
