Name,-O,FLOPS,MFLOPS,GFLOPS,FOP Count,Avg Run Time (s),Format Time (s),Total Time (s),Verification,Iters,Block Row,Block Col,K-Bound,Threads,Rows,Cols,NNZ,NNZ*2,Max Cols,Avg Cols,Col Ratio,Variance,Std Deviation
BCSR Serial,O2,2810203179.235700,2810.203179,2.810203,65117344,0.023185,5.522797,5.545982,0,10,2,2,16,-1,62451,62451,2034917,4069834,40,32,1.000000,54,7
BCSR Serial,O2,1279460983.541398,1279.460984,1.279461,65117344,0.050914,5.741548,5.792462,0,10,16,16,16,-1,62451,62451,2034917,4069834,40,32,1.000000,54,7
BCSR Serial,O2,4742058980.294170,4742.058980,4.742059,260469376,0.054936,5.490283,5.545219,0,10,2,2,64,-1,62451,62451,2034917,4069834,40,32,1.000000,54,7
BCSR Serial,O2,1903603770.387750,1903.603770,1.903604,260469376,0.136832,5.612243,5.749075,0,10,16,16,64,-1,62451,62451,2034917,4069834,40,32,1.000000,54,7
BCSR Serial,O2,5491116886.514366,5491.116887,5.491117,520938752,0.094877,5.466845,5.561722,0,10,2,2,128,-1,62451,62451,2034917,4069834,40,32,1.000000,54,7
BCSR Serial,O2,2118593228.791622,2118.593229,2.118593,520938752,0.245890,5.612223,5.858113,0,10,16,16,128,-1,62451,62451,2034917,4069834,40,32,1.000000,54,7
