Name,-O,FLOPS,MFLOPS,GFLOPS,FOP Count,Avg Run Time (s),Format Time (s),Total Time (s),Verification,Iters,Block Row,Block Col,K-Bound,Threads,Rows,Cols,NNZ,NNZ*2,Max Cols,Avg Cols,Col Ratio,Variance,Std Deviation
BCSR OMP Transpose,O2,8473336407.690132,8473.336408,8.473336,520938752,0.089700,19.622621,19.712321,0,10,2,2,128,8,62451,62451,2034917,4069834,40,32,1.000000,54,7
BCSR OMP Transpose,O2,8757037567.783854,8757.037568,8.757038,520938752,0.062875,19.728316,19.791191,0,10,4,4,128,8,62451,62451,2034917,4069834,40,32,1.000000,54,7
BCSR OMP Transpose,O2,4407597146.604829,4407.597147,4.407597,520938752,0.120864,19.795239,19.916103,0,10,16,16,128,8,62451,62451,2034917,4069834,40,32,1.000000,54,7
BCSR OMP Transpose,O2,15020061650.461567,15020.061650,15.020062,520938752,0.048928,19.699863,19.748791,0,10,2,2,128,16,62451,62451,2034917,4069834,40,32,1.000000,54,7
BCSR OMP Transpose,O2,16487019255.297405,16487.019255,16.487019,520938752,0.032410,19.659159,19.691569,0,10,4,4,128,16,62451,62451,2034917,4069834,40,32,1.000000,54,7
BCSR OMP Transpose,O2,8543711509.799345,8543.711510,8.543712,520938752,0.067017,19.742312,19.809329,0,10,16,16,128,16,62451,62451,2034917,4069834,40,32,1.000000,54,7
BCSR OMP Transpose,O2,25890920382.540005,25890.920383,25.890920,520938752,0.024063,19.647879,19.671942,0,10,2,2,128,32,62451,62451,2034917,4069834,40,32,1.000000,54,7
BCSR OMP Transpose,O2,20702048661.946411,20702.048662,20.702049,520938752,0.032512,19.775966,19.808478,0,10,4,4,128,32,62451,62451,2034917,4069834,40,32,1.000000,54,7
BCSR OMP Transpose,O2,10903761182.540060,10903.761183,10.903761,520938752,0.052235,19.740631,19.792866,0,10,16,16,128,32,62451,62451,2034917,4069834,40,32,1.000000,54,7
