Name,-O,FLOPS,MFLOPS,GFLOPS,FOP Count,Avg Run Time (s),Format Time (s),Total Time (s),Verification,Iters,Block Row,Block Col,K-Bound,Threads,Rows,Cols,NNZ,NNZ*2,Max Cols,Avg Cols,Col Ratio,Variance,Std Deviation
ELL OMP Transpose,O2,4528576980.089680,4528.576980,4.528577,520938752,0.115141,5.535384,5.650525,0,10,1,1,128,8,62451,62451,2034917,4069834,40,32,1.000000,54,7
ELL OMP Transpose,O2,5338045424.526996,5338.045425,5.338045,520938752,0.097678,5.553732,5.651410,0,10,1,1,128,16,62451,62451,2034917,4069834,40,32,1.000000,54,7
ELL OMP Transpose,O2,7882198183.607962,7882.198184,7.882198,520938752,0.066131,5.498233,5.564364,0,10,1,1,128,32,62451,62451,2034917,4069834,40,32,1.000000,54,7
