Name,-O,FLOPS,MFLOPS,GFLOPS,FOP Count,Avg Run Time (s),Format Time (s),Total Time (s),Verification,Iters,Block Row,Block Col,K-Bound,Threads,Rows,Cols,NNZ,NNZ*2,Max Cols,Avg Cols,Col Ratio,Variance,Std Deviation
COO OMP,O2,2257326236.300044,2257.326236,2.257326,32558672,0.015738,5.219723,5.235461,0,10,1,1,8,32,62451,62451,2034917,4069834,40,32,1.000000,54,7
COO OMP,O2,3081622257.539830,3081.622258,3.081622,65117344,0.023202,5.305763,5.328965,0,10,1,1,16,32,62451,62451,2034917,4069834,40,32,1.000000,54,7
COO OMP,O2,8569484169.277463,8569.484169,8.569484,260469376,0.032144,5.372149,5.404293,0,10,1,1,64,32,62451,62451,2034917,4069834,40,32,1.000000,54,7
COO OMP,O2,13039504824.125130,13039.504824,13.039505,520938752,0.041491,5.278786,5.320277,0,10,1,1,128,32,62451,62451,2034917,4069834,40,32,1.000000,54,7
COO OMP,O2,18805430783.435104,18805.430783,18.805431,1041877504,0.056589,5.321214,5.377803,0,10,1,1,256,32,62451,62451,2034917,4069834,40,32,1.000000,54,7
COO OMP,O2,28751988223.648567,28751.988224,28.751988,2083755008,0.073642,5.326726,5.400368,0,10,1,1,512,32,62451,62451,2034917,4069834,40,32,1.000000,54,7
COO OMP,O2,42985822150.860634,42985.822151,42.985822,4183789352,0.098353,5.287275,5.385628,0,10,1,1,1028,32,62451,62451,2034917,4069834,40,32,1.000000,54,7
