Name,Avg Run Time (s),Format Time (s),Total Time (s),GFLOPS,Verification,Iters,Block Row,Block Col,K-Bound,Threads,FOP Count,Rows,Cols,NNZ,Max Cols,Avg Cols,Variance,Std Deviation
ell_omp_O2,0.037438,5.450302,5.487740,8364.901542,0,10,1,1,16,8,312010192080,62451,62451,2034917,40,32,54,7
ell_omp_collapse_O2,0.035623,5.482205,5.517828,10398.988410,0,10,1,1,16,8,312010192080,62451,62451,2034917,40,32,54,7
ell_omp_O2,0.024205,5.566438,5.590643,15344.920947,0,10,1,1,16,16,312010192080,62451,62451,2034917,40,32,54,7
ell_omp_collapse_O2,0.029468,5.546445,5.575913,10849.860176,0,10,1,1,16,16,312010192080,62451,62451,2034917,40,32,54,7
ell_omp_O2,0.025418,5.539818,5.565236,13085.564379,0,10,1,1,16,32,312010192080,62451,62451,2034917,40,32,54,7
ell_omp_collapse_O2,0.024988,5.523326,5.548314,13356.509958,0,10,1,1,16,32,312010192080,62451,62451,2034917,40,32,54,7
