Name,-O,FLOPS,MFLOPS,GFLOPS,FOP Count,Avg Run Time (s),Format Time (s),Total Time (s),Verification,Iters,Block Row,Block Col,K-Bound,Threads,Rows,Cols,NNZ,NNZ*2,Max Cols,Avg Cols,Col Ratio,Variance,Std Deviation
COO OMP,O2,142742297.361248,142.742297,0.142742,4069834,0.042021,18.936021,18.978042,0,10,1,1,16,8,62451,62451,2034917,4069834,40,32,1.000000,54,7
COO OMP,O2,96589973.624569,96.589974,0.096590,4069834,0.042704,18.894267,18.936971,0,10,1,1,64,8,62451,62451,2034917,4069834,40,32,1.000000,54,7
COO OMP,O2,79374912.522564,79.374913,0.079375,4069834,0.054958,18.942959,18.997916,0,10,1,1,128,8,62451,62451,2034917,4069834,40,32,1.000000,54,7
COO OMP,O2,80556020.653578,80.556021,0.080556,4069834,0.056715,19.197574,19.254289,0,10,1,1,16,16,62451,62451,2034917,4069834,40,32,1.000000,54,7
COO OMP,O2,248680390.656116,248.680391,0.248680,4069834,0.045495,18.869136,18.914631,0,10,1,1,64,16,62451,62451,2034917,4069834,40,32,1.000000,54,7
COO OMP,O2,197234135.451743,197.234135,0.197234,4069834,0.046855,18.895316,18.942171,0,10,1,1,128,16,62451,62451,2034917,4069834,40,32,1.000000,54,7
COO OMP,O2,763559256.855763,763.559257,0.763559,4069834,0.029916,18.853911,18.883827,0,10,1,1,16,32,62451,62451,2034917,4069834,40,32,1.000000,54,7
COO OMP,O2,85225126.409674,85.225126,0.085225,4069834,0.051406,18.905583,18.956989,0,10,1,1,64,32,62451,62451,2034917,4069834,40,32,1.000000,54,7
COO OMP,O2,173360078.107947,173.360078,0.173360,4069834,0.049660,18.948152,18.997812,0,10,1,1,128,32,62451,62451,2034917,4069834,40,32,1.000000,54,7
