Name,-O,FLOPS,MFLOPS,GFLOPS,FOP Count,Avg Run Time (s),Format Time (s),Total Time (s),Verification,Iters,Block Row,Block Col,K-Bound,Threads,Rows,Cols,NNZ,NNZ*2,Max Cols,Avg Cols,Col Ratio,Variance,Std Deviation
BCSR OMP,O2,inf,inf,inf,32558672,0.000000,5.506495,5.506495,499607,10,4,4,8,32,62451,62451,2034917,4069834,40,32,1.000000,54,7
BCSR OMP,O2,439371354.304336,439.371354,0.439371,65117344,0.148891,5.585021,5.733912,0,10,4,4,16,32,62451,62451,2034917,4069834,40,32,1.000000,54,7
BCSR OMP,O2,1691680714.909165,1691.680715,1.691681,260469376,0.156367,5.586164,5.742531,0,10,4,4,64,32,62451,62451,2034917,4069834,40,32,1.000000,54,7
BCSR OMP,O2,3142466931.127250,3142.466931,3.142467,520938752,0.167549,5.602068,5.769617,0,10,4,4,128,32,62451,62451,2034917,4069834,40,32,1.000000,54,7
BCSR OMP,O2,inf,inf,inf,1041877504,0.000000,5.605974,5.605974,15987455,10,4,4,256,32,62451,62451,2034917,4069834,40,32,1.000000,54,7
BCSR OMP,O2,inf,inf,inf,2083755008,0.000000,5.673589,5.673589,31974911,10,4,4,512,32,62451,62451,2034917,4069834,40,32,1.000000,54,7
BCSR OMP,O2,inf,inf,inf,4183789352,0.000000,5.462970,5.462970,64199627,10,4,4,1028,32,62451,62451,2034917,4069834,40,32,1.000000,54,7
