Name,-O,FLOPS,MFLOPS,GFLOPS,FOP Count,Avg Run Time (s),Format Time (s),Total Time (s),Verification,Iters,Block Row,Block Col,K-Bound,Threads,Rows,Cols,NNZ,NNZ*2,Max Cols,Avg Cols,Col Ratio,Variance,Std Deviation
COO OMP,O2,inf,inf,inf,32558672,0.000000,19.424827,19.424827,499607,10,1,1,8,32,62451,62451,2034917,4069834,40,32,1.000000,54,7
COO OMP,O2,7255270246.256597,7255.270246,7.255270,65117344,0.031372,19.434093,19.465465,0,10,1,1,16,32,62451,62451,2034917,4069834,40,32,1.000000,54,7
COO OMP,O2,11272453649.463291,11272.453649,11.272454,260469376,0.034506,19.434874,19.469380,0,10,1,1,64,32,62451,62451,2034917,4069834,40,32,1.000000,54,7
COO OMP,O2,25713421755.889503,25713.421756,25.713422,520938752,0.039047,19.478437,19.517483,0,10,1,1,128,32,62451,62451,2034917,4069834,40,32,1.000000,54,7
COO OMP,O2,inf,inf,inf,1041877504,0.000000,19.464306,19.464306,15987455,10,1,1,256,32,62451,62451,2034917,4069834,40,32,1.000000,54,7
COO OMP,O2,inf,inf,inf,2083755008,0.000000,19.568687,19.568687,31974911,10,1,1,512,32,62451,62451,2034917,4069834,40,32,1.000000,54,7
COO OMP,O2,inf,inf,inf,4183789352,0.000000,19.482589,19.482589,64199627,10,1,1,1028,32,62451,62451,2034917,4069834,40,32,1.000000,54,7
