Name,-O,FLOPS,MFLOPS,GFLOPS,FOP Count,Avg Run Time (s),Format Time (s),Total Time (s),Verification,Iters,Block Row,Block Col,K-Bound,Threads,Rows,Cols,NNZ,NNZ*2,Max Cols,Avg Cols,Col Ratio,Variance,Std Deviation
CSR Serial Transpose,O2,188537.579520,0.188538,0.000189,4069834,21.586346,5.414247,27.000593,0,10,1,1,16,-1,62451,62451,2034917,4069834,40,32,1.000000,54,7
CSR Serial Transpose,O2,188361.872514,0.188362,0.000188,4069834,21.606517,5.328766,26.935283,0,10,1,1,64,-1,62451,62451,2034917,4069834,40,32,1.000000,54,7
CSR Serial Transpose,O2,182955.091774,0.182955,0.000183,4069834,22.244994,5.512140,27.757134,0,10,1,1,128,-1,62451,62451,2034917,4069834,40,32,1.000000,54,7
