Name,-O,FLOPS,MFLOPS,GFLOPS,FOP Count,Avg Run Time (s),Format Time (s),Total Time (s),Verification,Iters,Block Row,Block Col,K-Bound,Threads,Rows,Cols,NNZ,NNZ*2,Max Cols,Avg Cols,Col Ratio,Variance,Std Deviation
ELL OMP,O2,244734608.552658,244.734609,0.244735,4069834,0.035451,19.450155,19.485606,0,10,1,1,16,8,62451,62451,2034917,4069834,40,32,1.000000,54,7
ELL OMP,O2,214744204.324247,214.744204,0.214744,4069834,0.031638,19.161419,19.193057,0,10,1,1,64,8,62451,62451,2034917,4069834,40,32,1.000000,54,7
ELL OMP,O2,174480056.284300,174.480056,0.174480,4069834,0.039339,19.139409,19.178748,0,10,1,1,128,8,62451,62451,2034917,4069834,40,32,1.000000,54,7
ELL OMP,O2,534935147.832632,534.935148,0.534935,4069834,0.029063,19.172376,19.201439,0,10,1,1,16,16,62451,62451,2034917,4069834,40,32,1.000000,54,7
ELL OMP,O2,193927712.716302,193.927713,0.193928,4069834,0.039039,19.133013,19.172052,0,10,1,1,64,16,62451,62451,2034917,4069834,40,32,1.000000,54,7
ELL OMP,O2,102057167.032665,102.057167,0.102057,4069834,0.058802,19.169782,19.228584,0,10,1,1,128,16,62451,62451,2034917,4069834,40,32,1.000000,54,7
ELL OMP,O2,842501189.184562,842.501189,0.842501,4069834,0.023682,19.127310,19.150992,0,10,1,1,16,32,62451,62451,2034917,4069834,40,32,1.000000,54,7
ELL OMP,O2,318139298.039349,318.139298,0.318139,4069834,0.032342,19.227659,19.260001,0,10,1,1,64,32,62451,62451,2034917,4069834,40,32,1.000000,54,7
ELL OMP,O2,415715405.971814,415.715406,0.415715,4069834,0.026289,19.128144,19.154433,0,10,1,1,128,32,62451,62451,2034917,4069834,40,32,1.000000,54,7
