Name,-O,FLOPS,MFLOPS,GFLOPS,FOP Count,Avg Run Time (s),Format Time (s),Total Time (s),Verification,Iters,Block Row,Block Col,K-Bound,Threads,Rows,Cols,NNZ,NNZ*2,Max Cols,Avg Cols,Col Ratio,Variance,Std Deviation
ELL OMP,O2,2759463623.581040,2759.463624,2.759464,32558672,0.013163,5.432148,5.445311,0,10,1,1,8,32,62451,62451,2034917,4069834,40,32,1.000000,54,7
ELL OMP,O2,2991115601.885006,2991.115602,2.991116,65117344,0.023770,5.635949,5.659719,0,10,1,1,16,32,62451,62451,2034917,4069834,40,32,1.000000,54,7
ELL OMP,O2,8525887084.838270,8525.887085,8.525887,260469376,0.031977,5.644775,5.676752,0,10,1,1,64,32,62451,62451,2034917,4069834,40,32,1.000000,54,7
ELL OMP,O2,11248426386.046520,11248.426386,11.248426,520938752,0.048091,5.618897,5.666988,0,10,1,1,128,32,62451,62451,2034917,4069834,40,32,1.000000,54,7
ELL OMP,O2,18081860291.692802,18081.860292,18.081860,1041877504,0.058927,5.632061,5.690988,0,10,1,1,256,32,62451,62451,2034917,4069834,40,32,1.000000,54,7
ELL OMP,O2,26596336788.115944,26596.336788,26.596337,2083755008,0.079104,5.636037,5.715141,0,10,1,1,512,32,62451,62451,2034917,4069834,40,32,1.000000,54,7
ELL OMP,O2,39546841685.294228,39546.841685,39.546842,4183789352,0.106628,5.665306,5.771934,0,10,1,1,1028,32,62451,62451,2034917,4069834,40,32,1.000000,54,7
