Name,-O,FLOPS,MFLOPS,GFLOPS,FOP Count,Avg Run Time (s),Format Time (s),Total Time (s),Verification,Iters,Block Row,Block Col,K-Bound,Threads,Rows,Cols,NNZ,NNZ*2,Max Cols,Avg Cols,Col Ratio,Variance,Std Deviation
COO Serial,O2,3785879075.896938,3785.879076,3.785879,65117344,0.017211,5.266965,5.284176,0,10,1,1,16,-1,62451,62451,2034917,4069834,40,32,1.000000,54,7
COO Serial,O2,5532472948.787309,5532.472949,5.532473,260469376,0.047087,5.261003,5.308090,0,10,1,1,64,-1,62451,62451,2034917,4069834,40,32,1.000000,54,7
COO Serial,O2,5596586417.975987,5596.586418,5.596586,520938752,0.093092,5.301798,5.394890,0,10,1,1,128,-1,62451,62451,2034917,4069834,40,32,1.000000,54,7
