Name,-O,FLOPS,MFLOPS,GFLOPS,FOP Count,Avg Run Time (s),Format Time (s),Total Time (s),Verification,Iters,Block Row,Block Col,K-Bound,Threads,Rows,Cols,NNZ,NNZ*2,Max Cols,Avg Cols,Col Ratio,Variance,Std Deviation
ELL Serial,O2,208464738.112301,208.464738,0.208465,4069834,0.019553,5.839452,5.859005,0,10,1,1,16,-1,62451,62451,2034917,4069834,40,32,1.000000,54,7
ELL Serial,O2,73853897.704071,73.853898,0.073854,4069834,0.055125,5.760593,5.815718,0,10,1,1,64,-1,62451,62451,2034917,4069834,40,32,1.000000,54,7
ELL Serial,O2,38307700.151831,38.307700,0.038308,4069834,0.106250,5.808684,5.914934,0,10,1,1,128,-1,62451,62451,2034917,4069834,40,32,1.000000,54,7
