Name,-O,FLOPS,MFLOPS,GFLOPS,FOP Count,Avg Run Time (s),Format Time (s),Total Time (s),Verification,Iters,Block Row,Block Col,K-Bound,Threads,Rows,Cols,NNZ,NNZ*2,Max Cols,Avg Cols,Col Ratio,Variance,Std Deviation
COO THREADS,O2,979794510.605239,979.794511,0.979795,4069834,0.004668,19.398287,19.402955,0,5,1,1,16,48,62451,62451,2034917,4069834,40,32,1.000000,54,7
COO THREADS,O2,440675944.153974,440.675944,0.440676,4069834,0.009729,19.331146,19.340875,0,5,1,1,64,64,62451,62451,2034917,4069834,40,32,1.000000,54,7
COO THREADS,O2,347794657.192495,347.794657,0.347795,4069834,0.011797,19.345829,19.357626,0,5,1,1,128,48,62451,62451,2034917,4069834,40,32,1.000000,54,7
