Name,Avg Run Time (s),Format Time (s),Total Time (s),GFLOPS,Verification,Iters,Block Row,Block Col,K-Bound,Threads,FOP Count,Rows,Cols,NNZ,Max Cols,Avg Cols,Variance,Std Deviation
csr_omp_O3,0.025416,5.196805,5.222221,12678.884335,0,10,1,1,16,8,254165203134,62451,62451,2034917,40,32,54,7
csr_omp_collapse_O3,49.056927,5.220187,54.277114,5.181035,0,10,1,1,16,8,254165203134,62451,62451,2034917,40,32,54,7
csr_omp_O3,0.024543,5.304016,5.328559,10891.959813,0,10,1,1,16,16,254165203134,62451,62451,2034917,40,32,54,7
csr_omp_collapse_O3,24.626491,5.291085,29.917576,10.320926,0,10,1,1,16,16,254165203134,62451,62451,2034917,40,32,54,7
csr_omp_O3,0.020511,5.248623,5.269134,13378.285369,0,10,1,1,16,32,254165203134,62451,62451,2034917,40,32,54,7
csr_omp_collapse_O3,12.422914,5.228251,17.651165,20.459754,0,10,1,1,16,32,254165203134,62451,62451,2034917,40,32,54,7
