Name,-O,FLOPS,MFLOPS,GFLOPS,FOP Count,Avg Run Time (s),Format Time (s),Total Time (s),Verification,Iters,Block Row,Block Col,K-Bound,Threads,Rows,Cols,NNZ,NNZ*2,Max Cols,Avg Cols,Col Ratio,Variance,Std Deviation
BCSR OMP Transpose,O2,4384166866.392129,4384.166866,4.384167,520938752,0.118901,5.414578,5.533479,0,10,2,2,128,8,62451,62451,2034917,4069834,40,32,1.000000,54,7
BCSR OMP Transpose,O2,3409126890.760441,3409.126891,3.409127,520938752,0.152870,5.478827,5.631697,0,10,4,4,128,8,62451,62451,2034917,4069834,40,32,1.000000,54,7
BCSR OMP Transpose,O2,2361381071.837540,2361.381072,2.361381,520938752,0.220770,5.566751,5.787521,0,10,16,16,128,8,62451,62451,2034917,4069834,40,32,1.000000,54,7
BCSR OMP Transpose,O2,5089720629.576945,5089.720630,5.089721,520938752,0.102505,5.658632,5.761138,0,10,2,2,128,16,62451,62451,2034917,4069834,40,32,1.000000,54,7
BCSR OMP Transpose,O2,5025227374.807799,5025.227375,5.025227,520938752,0.103686,5.511411,5.615097,0,10,4,4,128,16,62451,62451,2034917,4069834,40,32,1.000000,54,7
BCSR OMP Transpose,O2,3537083552.686419,3537.083553,3.537084,520938752,0.147335,5.653851,5.801186,0,10,16,16,128,16,62451,62451,2034917,4069834,40,32,1.000000,54,7
BCSR OMP Transpose,O2,7494127768.482913,7494.127768,7.494128,520938752,0.069921,5.530367,5.600289,0,10,2,2,128,32,62451,62451,2034917,4069834,40,32,1.000000,54,7
BCSR OMP Transpose,O2,6482329550.190859,6482.329550,6.482330,520938752,0.080584,5.524180,5.604764,0,10,4,4,128,32,62451,62451,2034917,4069834,40,32,1.000000,54,7
BCSR OMP Transpose,O2,4236202185.230814,4236.202185,4.236202,520938752,0.123150,5.640801,5.763951,0,10,16,16,128,32,62451,62451,2034917,4069834,40,32,1.000000,54,7
