Name,-O,FLOPS,MFLOPS,GFLOPS,FOP Count,Avg Run Time (s),Format Time (s),Total Time (s),Verification,Iters,Block Row,Block Col,K-Bound,Threads,Rows,Cols,NNZ,NNZ*2,Max Cols,Avg Cols,Col Ratio,Variance,Std Deviation
ELL OMP,O2,inf,inf,inf,32558672,0.000000,5.390020,5.390020,499607,10,1,1,8,32,62451,62451,2034917,4069834,40,32,1.000000,54,7
ELL OMP,O2,3268656312.595850,3268.656313,3.268656,65117344,0.021076,5.537767,5.558843,0,10,1,1,16,32,62451,62451,2034917,4069834,40,32,1.000000,54,7
ELL OMP,O2,8160658259.961601,8160.658260,8.160658,260469376,0.033098,5.581040,5.614138,0,10,1,1,64,32,62451,62451,2034917,4069834,40,32,1.000000,54,7
ELL OMP,O2,12050088690.236660,12050.088690,12.050089,520938752,0.044986,5.506540,5.551526,0,10,1,1,128,32,62451,62451,2034917,4069834,40,32,1.000000,54,7
ELL OMP,O2,inf,inf,inf,1041877504,0.000000,5.533834,5.533834,15987455,10,1,1,256,32,62451,62451,2034917,4069834,40,32,1.000000,54,7
ELL OMP,O2,inf,inf,inf,2083755008,0.000000,5.406714,5.406714,31974911,10,1,1,512,32,62451,62451,2034917,4069834,40,32,1.000000,54,7
ELL OMP,O2,inf,inf,inf,4183789352,0.000000,5.578195,5.578195,64199627,10,1,1,1028,32,62451,62451,2034917,4069834,40,32,1.000000,54,7
