Name,-O,FLOPS,MFLOPS,GFLOPS,FOP Count,Avg Run Time (s),Format Time (s),Total Time (s),Verification,Iters,Block Row,Block Col,K-Bound,Threads,Rows,Cols,NNZ,NNZ*2,Max Cols,Avg Cols,Col Ratio,Variance,Std Deviation
ELL OMP Transpose,O2,9444456638.752966,9444.456639,9.444457,520938752,0.076766,19.912070,19.988836,0,10,1,1,128,8,62451,62451,2034917,4069834,40,32,1.000000,54,7
ELL OMP Transpose,O2,16765236056.898407,16765.236057,16.765236,520938752,0.039730,19.796201,19.835931,0,10,1,1,128,16,62451,62451,2034917,4069834,40,32,1.000000,54,7
ELL OMP Transpose,O2,23713469128.938068,23713.469129,23.713469,520938752,0.027066,19.842905,19.869971,0,10,1,1,128,32,62451,62451,2034917,4069834,40,32,1.000000,54,7
