Name,-O,FLOPS,MFLOPS,GFLOPS,FOP Count,Avg Run Time (s),Format Time (s),Total Time (s),Verification,Iters,Block Row,Block Col,K-Bound,Threads,Rows,Cols,NNZ,NNZ*2,Max Cols,Avg Cols,Col Ratio,Variance,Std Deviation
BCSR Serial Transpose,O2,333772.687429,0.333773,0.000334,4069834,12.906955,19.056118,31.963072,0,10,2,2,16,-1,62451,62451,2034917,4069834,40,32,1.000000,54,7
BCSR Serial Transpose,O2,373064.751495,0.373065,0.000373,4069834,10.928340,19.195885,30.124225,0,10,4,4,16,-1,62451,62451,2034917,4069834,40,32,1.000000,54,7
BCSR Serial Transpose,O2,367992.723735,0.367993,0.000368,4069834,11.143740,19.225724,30.369464,0,10,16,16,16,-1,62451,62451,2034917,4069834,40,32,1.000000,54,7
BCSR Serial Transpose,O2,364435.782160,0.364436,0.000364,4069834,11.212811,19.083237,30.296048,0,10,2,2,64,-1,62451,62451,2034917,4069834,40,32,1.000000,54,7
BCSR Serial Transpose,O2,316673.438055,0.316673,0.000317,4069834,13.320182,19.029270,32.349452,0,10,4,4,64,-1,62451,62451,2034917,4069834,40,32,1.000000,54,7
BCSR Serial Transpose,O2,351818.657386,0.351819,0.000352,4069834,11.583441,19.206947,30.790388,0,10,16,16,64,-1,62451,62451,2034917,4069834,40,32,1.000000,54,7
BCSR Serial Transpose,O2,321785.474891,0.321785,0.000322,4069834,12.757370,19.087127,31.844497,0,10,2,2,128,-1,62451,62451,2034917,4069834,40,32,1.000000,54,7
BCSR Serial Transpose,O2,362155.471894,0.362155,0.000362,4069834,11.262135,19.058472,30.320607,0,10,4,4,128,-1,62451,62451,2034917,4069834,40,32,1.000000,54,7
BCSR Serial Transpose,O2,319176.696485,0.319177,0.000319,4069834,13.081734,19.181115,32.262849,0,10,16,16,128,-1,62451,62451,2034917,4069834,40,32,1.000000,54,7
