Name,-O,FLOPS,MFLOPS,GFLOPS,FOP Count,Avg Run Time (s),Format Time (s),Total Time (s),Verification,Iters,Block Row,Block Col,K-Bound,Threads,Rows,Cols,NNZ,NNZ*2,Max Cols,Avg Cols,Col Ratio,Variance,Std Deviation
CSR THREADS,O2,567059689.689204,567.059690,0.567060,4069834,0.007892,19.406991,19.414883,0,5,1,1,16,72,62451,62451,2034917,4069834,40,32,1.000000,54,7
CSR THREADS,O2,430843017.933065,430.843018,0.430843,4069834,0.009864,19.399553,19.409417,0,5,1,1,64,64,62451,62451,2034917,4069834,40,32,1.000000,54,7
CSR THREADS,O2,377453802.242305,377.453802,0.377454,4069834,0.010980,19.362683,19.373663,0,5,1,1,128,72,62451,62451,2034917,4069834,40,32,1.000000,54,7
