Name,-O,FLOPS,MFLOPS,GFLOPS,FOP Count,Avg Run Time (s),Format Time (s),Total Time (s),Verification,Iters,Block Row,Block Col,K-Bound,Threads,Rows,Cols,NNZ,NNZ*2,Max Cols,Avg Cols,Col Ratio,Variance,Std Deviation
COO OMP Transpose,O2,5318027898.158693,5318.027898,5.318028,520938752,0.098071,5.203652,5.301723,0,10,1,1,128,8,62451,62451,2034917,4069834,40,32,1.000000,54,7
COO OMP Transpose,O2,6762348610.705585,6762.348611,6.762349,520938752,0.077330,5.252681,5.330011,0,10,1,1,128,16,62451,62451,2034917,4069834,40,32,1.000000,54,7
COO OMP Transpose,O2,9056892535.870304,9056.892536,9.056893,520938752,0.057851,5.279526,5.337377,0,10,1,1,128,32,62451,62451,2034917,4069834,40,32,1.000000,54,7
