Name,Avg Run Time (s),Format Time (s),Total Time (s),GFLOPS,Verification,Iters,Block Row,Block Col,K-Bound,Threads,FOP Count,Rows,Cols,NNZ,Max Cols,Avg Cols,Variance,Std Deviation
csr_transpose_omp_O2,16.065728,41.079819,57.145547,16.140941,0,10,1,1,16,8,254165203134,62451,62451,2034917,40,32,54,7
csr_transpose_omp_collapse_O2,150.934447,43.299542,194.233989,1.684913,0,10,1,1,16,8,254165203134,62451,62451,2034917,40,32,54,7
csr_transpose_omp_omp_O2,16.626849,42.150716,58.777565,15.648791,0,10,1,1,16,8,254165203134,62451,62451,2034917,40,32,54,7
csr_transpose_omp_O2,12.581167,41.601340,54.182508,20.877733,0,10,1,1,16,16,254165203134,62451,62451,2034917,40,32,54,7
csr_transpose_omp_collapse_O2,79.437949,42.930005,122.367954,3.200785,0,10,1,1,16,16,254165203134,62451,62451,2034917,40,32,54,7
csr_transpose_omp_omp_O2,11.801306,42.810304,54.611610,21.800152,0,10,1,1,16,16,254165203134,62451,62451,2034917,40,32,54,7
csr_transpose_omp_O2,8.538981,41.388441,49.927422,30.068570,0,10,1,1,16,32,254165203134,62451,62451,2034917,40,32,54,7
csr_transpose_omp_collapse_O2,44.732380,41.041849,85.774229,5.686939,0,10,1,1,16,32,254165203134,62451,62451,2034917,40,32,54,7
csr_transpose_omp_omp_O2,8.245282,40.876988,49.122271,31.255148,0,10,1,1,16,32,254165203134,62451,62451,2034917,40,32,54,7
