Name,-O,FLOPS,MFLOPS,GFLOPS,FOP Count,Avg Run Time (s),Format Time (s),Total Time (s),Verification,Iters,Block Row,Block Col,K-Bound,Threads,Rows,Cols,NNZ,NNZ*2,Max Cols,Avg Cols,Col Ratio,Variance,Std Deviation
COO OMP Transpose,O2,3709297.535159,3.709298,0.003709,4069834,1.097364,5.281267,6.378631,0,10,1,1,16,8,62451,62451,2034917,4069834,40,32,1.000000,54,7
COO OMP Transpose,O2,3648095.422803,3.648095,0.003648,4069834,1.116338,5.468865,6.585203,0,10,1,1,64,8,62451,62451,2034917,4069834,40,32,1.000000,54,7
COO OMP Transpose,O2,3555938.980942,3.555939,0.003556,4069834,1.144876,5.404229,6.549105,0,10,1,1,128,8,62451,62451,2034917,4069834,40,32,1.000000,54,7
COO OMP Transpose,O2,3732620.586443,3.732621,0.003733,4069834,1.090805,5.523309,6.614114,0,10,1,1,16,16,62451,62451,2034917,4069834,40,32,1.000000,54,7
COO OMP Transpose,O2,3660126.426957,3.660126,0.003660,4069834,1.112564,5.429048,6.541612,0,10,1,1,64,16,62451,62451,2034917,4069834,40,32,1.000000,54,7
COO OMP Transpose,O2,3580788.444936,3.580788,0.003581,4069834,1.137073,5.455650,6.592723,0,10,1,1,128,16,62451,62451,2034917,4069834,40,32,1.000000,54,7
COO OMP Transpose,O2,3703591.351244,3.703591,0.003704,4069834,1.099276,5.426438,6.525714,0,10,1,1,16,32,62451,62451,2034917,4069834,40,32,1.000000,54,7
COO OMP Transpose,O2,3612435.148021,3.612435,0.003612,4069834,1.126951,5.420072,6.547023,0,10,1,1,64,32,62451,62451,2034917,4069834,40,32,1.000000,54,7
COO OMP Transpose,O2,3580272.269189,3.580272,0.003580,4069834,1.137283,5.303697,6.440980,0,10,1,1,128,32,62451,62451,2034917,4069834,40,32,1.000000,54,7
