Name,-O,FLOPS,MFLOPS,GFLOPS,FOP Count,Avg Run Time (s),Format Time (s),Total Time (s),Verification,Iters,Block Row,Block Col,K-Bound,Threads,Rows,Cols,NNZ,NNZ*2,Max Cols,Avg Cols,Col Ratio,Variance,Std Deviation
BCSR OMP,O2,inf,inf,inf,32558672,0.000000,19.816282,19.816282,499607,10,4,4,8,32,62451,62451,2034917,4069834,40,32,1.000000,54,7
BCSR OMP,O2,525499569.327171,525.499569,0.525500,65117344,0.228218,19.762771,19.990989,0,10,4,4,16,32,62451,62451,2034917,4069834,40,32,1.000000,54,7
BCSR OMP,O2,1222959105.848257,1222.959106,1.222959,260469376,0.277079,19.733149,20.010228,0,10,4,4,64,32,62451,62451,2034917,4069834,40,32,1.000000,54,7
BCSR OMP,O2,3033247535.899263,3033.247536,3.033248,520938752,0.272371,19.835478,20.107849,0,10,4,4,128,32,62451,62451,2034917,4069834,40,32,1.000000,54,7
BCSR OMP,O2,inf,inf,inf,1041877504,0.000000,19.776579,19.776579,15987455,10,4,4,256,32,62451,62451,2034917,4069834,40,32,1.000000,54,7
BCSR OMP,O2,inf,inf,inf,2083755008,0.000000,19.771778,19.771778,31974911,10,4,4,512,32,62451,62451,2034917,4069834,40,32,1.000000,54,7
BCSR OMP,O2,inf,inf,inf,4183789352,0.000000,19.797579,19.797579,64199627,10,4,4,1028,32,62451,62451,2034917,4069834,40,32,1.000000,54,7
