Name,Avg Run Time (s),Format Time (s),Total Time (s),GFLOPS,Verification,Iters,Block Row,Block Col,K-Bound,Threads,FOP Count,Rows,Cols,NNZ,Max Cols,Avg Cols,Variance,Std Deviation
ell_transpose_omp_O2,80.182507,42.035802,122.218309,3.909929,0,10,1,1,16,8,312010192080,62451,62451,2034917,40,32,54,7
ell_transpose_omp_collapse_O2,77.427176,42.804546,120.231722,4.039554,0,10,1,1,16,8,312010192080,62451,62451,2034917,40,32,54,7
ell_transpose_omp_omp_O2,16.592470,42.328663,58.921133,19.313619,0,10,1,1,16,8,312010192080,62451,62451,2034917,40,32,54,7
ell_transpose_omp_O2,78.192994,41.940498,120.133492,4.007972,0,10,1,1,16,16,312010192080,62451,62451,2034917,40,32,54,7
ell_transpose_omp_collapse_O2,78.856512,43.361594,122.218106,3.973922,0,10,1,1,16,16,312010192080,62451,62451,2034917,40,32,54,7
ell_transpose_omp_omp_O2,11.912858,41.376799,53.289657,26.801591,0,10,1,1,16,16,312010192080,62451,62451,2034917,40,32,54,7
ell_transpose_omp_O2,77.795096,41.801835,119.596931,4.027049,0,10,1,1,16,32,312010192080,62451,62451,2034917,40,32,54,7
ell_transpose_omp_collapse_O2,78.761454,43.082096,121.843550,3.979314,0,10,1,1,16,32,312010192080,62451,62451,2034917,40,32,54,7
ell_transpose_omp_omp_O2,9.069003,41.544245,50.613248,34.843687,0,10,1,1,16,32,312010192080,62451,62451,2034917,40,32,54,7
