Name,-O,FLOPS,MFLOPS,GFLOPS,FOP Count,Avg Run Time (s),Format Time (s),Total Time (s),Verification,Iters,Block Row,Block Col,K-Bound,Threads,Rows,Cols,NNZ,NNZ*2,Max Cols,Avg Cols,Col Ratio,Variance,Std Deviation
CSR Serial,O2,107444888.350854,107.444888,0.107445,4069834,0.037879,41.279019,41.316898,0,10,1,1,16,-1,62451,62451,2034917,4069834,40,32,1.000000,54,7
CSR Serial,O2,68539934.942754,68.539935,0.068540,4069834,0.059420,41.079928,41.139347,0,10,1,1,64,-1,62451,62451,2034917,4069834,40,32,1.000000,54,7
CSR Serial,O2,44867680.364346,44.867680,0.044868,4069834,0.090733,41.148427,41.239160,0,10,1,1,128,-1,62451,62451,2034917,4069834,40,32,1.000000,54,7
