Name,-O,FLOPS,MFLOPS,GFLOPS,FOP Count,Avg Run Time (s),Format Time (s),Total Time (s),Verification,Iters,Block Row,Block Col,K-Bound,Threads,Rows,Cols,NNZ,NNZ*2,Max Cols,Avg Cols,Col Ratio,Variance,Std Deviation
CSR OMP Transpose,O2,195335.038111,0.195335,0.000195,4069834,20.837018,5.320935,26.157953,0,10,1,1,16,8,62451,62451,2034917,4069834,40,32,1.000000,54,7
CSR OMP Transpose,O2,195950.171972,0.195950,0.000196,4069834,20.772213,5.327484,26.099697,0,10,1,1,64,8,62451,62451,2034917,4069834,40,32,1.000000,54,7
CSR OMP Transpose,O2,189229.577911,0.189230,0.000189,4069834,21.507436,5.329928,26.837365,0,10,1,1,128,8,62451,62451,2034917,4069834,40,32,1.000000,54,7
CSR OMP Transpose,O2,196429.704867,0.196430,0.000196,4069834,20.721143,5.388415,26.109558,0,10,1,1,16,16,62451,62451,2034917,4069834,40,32,1.000000,54,7
CSR OMP Transpose,O2,187722.850678,0.187723,0.000188,4069834,21.680492,5.420410,27.100902,0,10,1,1,64,16,62451,62451,2034917,4069834,40,32,1.000000,54,7
CSR OMP Transpose,O2,195765.546339,0.195766,0.000196,4069834,20.791490,5.446600,26.238090,0,10,1,1,128,16,62451,62451,2034917,4069834,40,32,1.000000,54,7
CSR OMP Transpose,O2,196048.588622,0.196049,0.000196,4069834,20.762053,5.445863,26.207916,0,10,1,1,16,32,62451,62451,2034917,4069834,40,32,1.000000,54,7
CSR OMP Transpose,O2,196380.877533,0.196381,0.000196,4069834,20.726556,5.406621,26.133177,0,10,1,1,64,32,62451,62451,2034917,4069834,40,32,1.000000,54,7
CSR OMP Transpose,O2,188745.006736,0.188745,0.000189,4069834,21.562714,5.447901,27.010615,0,10,1,1,128,32,62451,62451,2034917,4069834,40,32,1.000000,54,7
