Name,-O,FLOPS,MFLOPS,GFLOPS,FOP Count,Avg Run Time (s),Format Time (s),Total Time (s),Verification,Iters,Block Row,Block Col,K-Bound,Threads,Rows,Cols,NNZ,NNZ*2,Max Cols,Avg Cols,Col Ratio,Variance,Std Deviation
CSR OMP,O2,1376600944.936960,1376.600945,1.376601,21793392,0.018217,17.339065,17.357282,0,10,1,1,8,32,121192,121192,1362087,2724174,24,11,2.000000,45,6
CSR OMP,O2,1812068811.615042,1812.068812,1.812069,43586784,0.025742,17.279961,17.305703,0,10,1,1,16,32,121192,121192,1362087,2724174,24,11,2.000000,45,6
CSR OMP,O2,4944963350.461416,4944.963350,4.944963,174347136,0.036715,17.277134,17.313849,0,10,1,1,64,32,121192,121192,1362087,2724174,24,11,2.000000,45,6
CSR OMP,O2,7748235719.074458,7748.235719,7.748236,348694272,0.046729,17.304409,17.351138,0,10,1,1,128,32,121192,121192,1362087,2724174,24,11,2.000000,45,6
CSR OMP,O2,12115811743.055561,12115.811743,12.115812,697388544,0.058584,17.321107,17.379691,0,10,1,1,256,32,121192,121192,1362087,2724174,24,11,2.000000,45,6
CSR OMP,O2,18143519243.706867,18143.519244,18.143519,1394777088,0.078523,17.300650,17.379173,0,10,1,1,512,32,121192,121192,1362087,2724174,24,11,2.000000,45,6
CSR OMP,O2,26527540145.421265,26527.540145,26.527540,2800450872,0.107380,17.330577,17.437957,0,10,1,1,1028,32,121192,121192,1362087,2724174,24,11,2.000000,45,6
