Name,-O,FLOPS,MFLOPS,GFLOPS,FOP Count,Avg Run Time (s),Format Time (s),Total Time (s),Verification,Iters,Block Row,Block Col,K-Bound,Threads,Rows,Cols,NNZ,NNZ*2,Max Cols,Avg Cols,Col Ratio,Variance,Std Deviation
CSR GPU,O2,124810877.453553,124.810877,0.124811,2724174,0.027301,17.435512,17.462812,0,10,1,1,16,-1,121192,121192,1362087,2724174,24,11,2.000000,45,6
CSR GPU,O2,90416020.715630,90.416021,0.090416,2724174,0.034904,17.550883,17.585787,0,10,1,1,64,-1,121192,121192,1362087,2724174,24,11,2.000000,45,6
CSR GPU,O2,70749233.831401,70.749234,0.070749,2724174,0.043646,17.440581,17.484226,0,10,1,1,128,-1,121192,121192,1362087,2724174,24,11,2.000000,45,6
