Name,-O,FLOPS,MFLOPS,GFLOPS,FOP Count,Avg Run Time (s),Format Time (s),Total Time (s),Verification,Iters,Block Row,Block Col,K-Bound,Threads,Rows,Cols,NNZ,NNZ*2,Max Cols,Avg Cols,Col Ratio,Variance,Std Deviation
CSR OMP,O2,136435948.342733,136.435948,0.136436,2724174,0.022913,82.468143,82.491056,0,10,1,1,16,8,121192,121192,1362087,2724174,24,11,2.000000,45,6
CSR OMP,O2,81606264.396081,81.606264,0.081606,2724174,0.035965,82.703732,82.739697,0,10,1,1,64,8,121192,121192,1362087,2724174,24,11,2.000000,45,6
CSR OMP,O2,56166911.976588,56.166912,0.056167,2724174,0.072515,82.071835,82.144350,0,10,1,1,128,8,121192,121192,1362087,2724174,24,11,2.000000,45,6
CSR OMP,O2,167864659.329234,167.864659,0.167865,2724174,0.036005,82.777083,82.813088,0,10,1,1,16,16,121192,121192,1362087,2724174,24,11,2.000000,45,6
CSR OMP,O2,127636434.259149,127.636434,0.127636,2724174,0.036694,81.781263,81.817957,0,10,1,1,64,16,121192,121192,1362087,2724174,24,11,2.000000,45,6
CSR OMP,O2,85371100.041727,85.371100,0.085371,2724174,0.043931,83.208828,83.252759,0,10,1,1,128,16,121192,121192,1362087,2724174,24,11,2.000000,45,6
CSR OMP,O2,228175201.565120,228.175202,0.228175,2724174,0.029077,82.615431,82.644508,0,10,1,1,16,32,121192,121192,1362087,2724174,24,11,2.000000,45,6
CSR OMP,O2,133604198.889463,133.604199,0.133604,2724174,0.046486,82.427357,82.473843,0,10,1,1,64,32,121192,121192,1362087,2724174,24,11,2.000000,45,6
CSR OMP,O2,111717596.688913,111.717597,0.111718,2724174,0.032425,82.561303,82.593728,0,10,1,1,128,32,121192,121192,1362087,2724174,24,11,2.000000,45,6
