Name,-O,FLOPS,MFLOPS,GFLOPS,FOP Count,Avg Run Time (s),Format Time (s),Total Time (s),Verification,Iters,Block Row,Block Col,K-Bound,Threads,Rows,Cols,NNZ,NNZ*2,Max Cols,Avg Cols,Col Ratio,Variance,Std Deviation
CSR Serial,O2,68192085.704462,68.192086,0.068192,2724174,0.039993,17.539514,17.579507,0,10,1,1,16,-1,121192,121192,1362087,2724174,24,11,2.000000,45,6
CSR Serial,O2,30284899.857848,30.284900,0.030285,2724174,0.089988,17.415729,17.505718,0,10,1,1,64,-1,121192,121192,1362087,2724174,24,11,2.000000,45,6
CSR Serial,O2,17389789.209640,17.389789,0.017390,2724174,0.156681,17.290744,17.447425,0,10,1,1,128,-1,121192,121192,1362087,2724174,24,11,2.000000,45,6
