Name,-O,FLOPS,MFLOPS,GFLOPS,FOP Count,Avg Run Time (s),Format Time (s),Total Time (s),Verification,Iters,Block Row,Block Col,K-Bound,Threads,Rows,Cols,NNZ,NNZ*2,Max Cols,Avg Cols,Col Ratio,Variance,Std Deviation
ELL OMP,O2,inf,inf,inf,21793392,0.000000,17.470475,17.470475,798743,10,1,1,8,32,121192,121192,1362087,2724174,24,11,2.000000,45,6
ELL OMP,O2,1601167835.997050,1601.167836,1.601168,43586784,0.028914,17.472387,17.501302,0,10,1,1,16,32,121192,121192,1362087,2724174,24,11,2.000000,45,6
ELL OMP,O2,4729254564.077296,4729.254564,4.729255,174347136,0.039005,17.597630,17.636635,0,10,1,1,64,32,121192,121192,1362087,2724174,24,11,2.000000,45,6
ELL OMP,O2,6910453829.907852,6910.453830,6.910454,348694272,0.052147,17.557704,17.609852,0,10,1,1,128,32,121192,121192,1362087,2724174,24,11,2.000000,45,6
ELL OMP,O2,inf,inf,inf,697388544,0.000000,17.596959,17.596959,25559807,10,1,1,256,32,121192,121192,1362087,2724174,24,11,2.000000,45,6
ELL OMP,O2,inf,inf,inf,1394777088,0.000000,17.380751,17.380751,51119615,10,1,1,512,32,121192,121192,1362087,2724174,24,11,2.000000,45,6
ELL OMP,O2,inf,inf,inf,2800450872,0.000000,17.416924,17.416924,102638603,10,1,1,1028,32,121192,121192,1362087,2724174,24,11,2.000000,45,6
