Name,-O,FLOPS,MFLOPS,GFLOPS,FOP Count,Avg Run Time (s),Format Time (s),Total Time (s),Verification,Iters,Block Row,Block Col,K-Bound,Threads,Rows,Cols,NNZ,NNZ*2,Max Cols,Avg Cols,Col Ratio,Variance,Std Deviation
BCSR OMP,O2,inf,inf,inf,21793392,0.000000,17.568487,17.568487,798743,10,4,4,8,32,121192,121192,1362087,2724174,24,11,2.000000,45,6
BCSR OMP,O2,226203215.570484,226.203216,0.226203,43586784,0.193289,17.724719,17.918008,1589024,10,4,4,16,32,121192,121192,1362087,2724174,24,11,2.000000,45,6
BCSR OMP,O2,788244692.923258,788.244693,0.788245,174347136,0.221692,17.805170,18.026862,6356096,10,4,4,64,32,121192,121192,1362087,2724174,24,11,2.000000,45,6
BCSR OMP,O2,1281553737.223352,1281.553737,1.281554,348694272,0.272834,17.673667,17.946501,12712192,10,4,4,128,32,121192,121192,1362087,2724174,24,11,2.000000,45,6
BCSR OMP,O2,inf,inf,inf,697388544,0.000000,17.712079,17.712079,25559807,10,4,4,256,32,121192,121192,1362087,2724174,24,11,2.000000,45,6
BCSR OMP,O2,inf,inf,inf,1394777088,0.000000,17.651409,17.651409,51119615,10,4,4,512,32,121192,121192,1362087,2724174,24,11,2.000000,45,6
BCSR OMP,O2,inf,inf,inf,2800450872,0.000000,17.560633,17.560633,102638603,10,4,4,1028,32,121192,121192,1362087,2724174,24,11,2.000000,45,6
