Name,-O,FLOPS,MFLOPS,GFLOPS,FOP Count,Avg Run Time (s),Format Time (s),Total Time (s),Verification,Iters,Block Row,Block Col,K-Bound,Threads,Rows,Cols,NNZ,NNZ*2,Max Cols,Avg Cols,Col Ratio,Variance,Std Deviation
ELL OMP,O2,1975328580.087054,1975.328580,1.975329,43586784,0.077060,83.617038,83.694098,0,10,1,1,16,8,121192,121192,1362087,2724174,24,11,2.000000,45,6
ELL OMP,O2,5328834280.735277,5328.834281,5.328834,174347136,0.081437,84.137667,84.219104,0,10,1,1,64,8,121192,121192,1362087,2724174,24,11,2.000000,45,6
ELL OMP,O2,6242312584.684093,6242.312585,6.242313,348694272,0.102987,84.245749,84.348736,0,10,1,1,128,8,121192,121192,1362087,2724174,24,11,2.000000,45,6
ELL OMP,O2,2693675317.328061,2693.675317,2.693675,43586784,0.070694,83.819709,83.890403,0,10,1,1,16,16,121192,121192,1362087,2724174,24,11,2.000000,45,6
ELL OMP,O2,6155896518.880346,6155.896519,6.155897,174347136,0.071531,84.158060,84.229591,0,10,1,1,64,16,121192,121192,1362087,2724174,24,11,2.000000,45,6
ELL OMP,O2,9116484946.514683,9116.484947,9.116485,348694272,0.080263,83.905026,83.985289,0,10,1,1,128,16,121192,121192,1362087,2724174,24,11,2.000000,45,6
ELL OMP,O2,2861148968.429157,2861.148968,2.861149,43586784,0.047335,84.130928,84.178263,0,10,1,1,16,32,121192,121192,1362087,2724174,24,11,2.000000,45,6
ELL OMP,O2,7845252643.943022,7845.252644,7.845253,174347136,0.051720,83.913751,83.965471,0,10,1,1,64,32,121192,121192,1362087,2724174,24,11,2.000000,45,6
ELL OMP,O2,11192571197.113827,11192.571197,11.192571,348694272,0.059642,84.013011,84.072653,0,10,1,1,128,32,121192,121192,1362087,2724174,24,11,2.000000,45,6
