Name,-O,FLOPS,MFLOPS,GFLOPS,FOP Count,Avg Run Time (s),Format Time (s),Total Time (s),Verification,Iters,Block Row,Block Col,K-Bound,Threads,Rows,Cols,NNZ,NNZ*2,Max Cols,Avg Cols,Col Ratio,Variance,Std Deviation
CSR Serial Transpose,O2,51208.905012,0.051209,0.000051,2724174,56.250042,81.946594,138.196636,0,10,1,1,16,-1,121192,121192,1362087,2724174,24,11,2.000000,45,6
CSR Serial Transpose,O2,48975.425976,0.048975,0.000049,2724174,56.740262,82.784426,139.524688,0,10,1,1,64,-1,121192,121192,1362087,2724174,24,11,2.000000,45,6
CSR Serial Transpose,O2,49532.063379,0.049532,0.000050,2724174,55.640386,82.981372,138.621759,0,10,1,1,128,-1,121192,121192,1362087,2724174,24,11,2.000000,45,6
