Name,-O,FLOPS,MFLOPS,GFLOPS,FOP Count,Avg Run Time (s),Format Time (s),Total Time (s),Verification,Iters,Block Row,Block Col,K-Bound,Threads,Rows,Cols,NNZ,NNZ*2,Max Cols,Avg Cols,Col Ratio,Variance,Std Deviation
CSR OMP,O2,69518952.852418,69.518953,0.069519,2724174,0.040390,17.226070,17.266460,0,10,1,1,16,8,121192,121192,1362087,2724174,24,11,2.000000,45,6
CSR OMP,O2,48227852.681839,48.227853,0.048228,2724174,0.057300,17.441916,17.499216,0,10,1,1,64,8,121192,121192,1362087,2724174,24,11,2.000000,45,6
CSR OMP,O2,32500772.514078,32.500773,0.032501,2724174,0.084267,17.365573,17.449840,0,10,1,1,128,8,121192,121192,1362087,2724174,24,11,2.000000,45,6
CSR OMP,O2,99519426.849159,99.519427,0.099519,2724174,0.028291,17.576198,17.604489,0,10,1,1,16,16,121192,121192,1362087,2724174,24,11,2.000000,45,6
CSR OMP,O2,60243082.680700,60.243083,0.060243,2724174,0.045928,17.529426,17.575354,0,10,1,1,64,16,121192,121192,1362087,2724174,24,11,2.000000,45,6
CSR OMP,O2,45470878.482590,45.470878,0.045471,2724174,0.061019,17.149775,17.210794,0,10,1,1,128,16,121192,121192,1362087,2724174,24,11,2.000000,45,6
CSR OMP,O2,113348557.049930,113.348557,0.113349,2724174,0.025222,17.463799,17.489021,0,10,1,1,16,32,121192,121192,1362087,2724174,24,11,2.000000,45,6
CSR OMP,O2,76506534.743130,76.506535,0.076507,2724174,0.036989,17.654002,17.690992,0,10,1,1,64,32,121192,121192,1362087,2724174,24,11,2.000000,45,6
CSR OMP,O2,57998164.442274,57.998164,0.057998,2724174,0.048370,17.574865,17.623235,0,10,1,1,128,32,121192,121192,1362087,2724174,24,11,2.000000,45,6
