Name,-O,FLOPS,MFLOPS,GFLOPS,FOP Count,Avg Run Time (s),Format Time (s),Total Time (s),Verification,Iters,Block Row,Block Col,K-Bound,Threads,Rows,Cols,NNZ,NNZ*2,Max Cols,Avg Cols,Col Ratio,Variance,Std Deviation
BCSR Serial,O2,101514640.782094,101.514641,0.101515,4272056,0.042110,18.208144,18.250254,1588864,10,2,2,16,-1,121192,121192,1362087,2724174,24,11,2.000000,45,6
BCSR Serial,O2,177304830.926188,177.304831,0.177305,11574624,0.065290,17.827315,17.892605,1589024,10,4,4,16,-1,121192,121192,1362087,2724174,24,11,2.000000,45,6
BCSR Serial,O2,249692678.965194,249.692679,0.249693,109372416,0.438031,18.900268,19.338299,1588624,10,16,16,16,-1,121192,121192,1362087,2724174,24,11,2.000000,45,6
BCSR Serial,O2,50269854.851325,50.269855,0.050270,4272056,0.084988,18.011995,18.096983,6355456,10,2,2,64,-1,121192,121192,1362087,2724174,24,11,2.000000,45,6
BCSR Serial,O2,76196077.602105,76.196078,0.076196,11574624,0.151923,17.948562,18.100485,6356096,10,4,4,64,-1,121192,121192,1362087,2724174,24,11,2.000000,45,6
BCSR Serial,O2,88580191.357802,88.580191,0.088580,109372416,1.234730,18.853615,20.088345,6354496,10,16,16,64,-1,121192,121192,1362087,2724174,24,11,2.000000,45,6
BCSR Serial,O2,26873041.867522,26.873042,0.026873,4272056,0.158983,17.814837,17.973820,12710912,10,2,2,128,-1,121192,121192,1362087,2724174,24,11,2.000000,45,6
BCSR Serial,O2,37683085.572273,37.683086,0.037683,11574624,0.307161,17.899712,18.206873,12712192,10,4,4,128,-1,121192,121192,1362087,2724174,24,11,2.000000,45,6
BCSR Serial,O2,48839976.720908,48.839977,0.048840,109372416,2.239405,18.862145,21.101550,12708992,10,16,16,128,-1,121192,121192,1362087,2724174,24,11,2.000000,45,6
