Name,-O,FLOPS,MFLOPS,GFLOPS,FOP Count,Avg Run Time (s),Format Time (s),Total Time (s),Verification,Iters,Block Row,Block Col,K-Bound,Threads,Rows,Cols,NNZ,NNZ*2,Max Cols,Avg Cols,Col Ratio,Variance,Std Deviation
ELL OMP,O2,69065492.545788,69.065493,0.069065,2724174,0.039888,17.891762,17.931650,0,10,1,1,16,8,121192,121192,1362087,2724174,24,11,2.000000,45,6
ELL OMP,O2,41161374.683560,41.161375,0.041161,2724174,0.066476,17.859769,17.926245,0,10,1,1,64,8,121192,121192,1362087,2724174,24,11,2.000000,45,6
ELL OMP,O2,29518755.316979,29.518755,0.029519,2724174,0.092610,17.848874,17.941484,0,10,1,1,128,8,121192,121192,1362087,2724174,24,11,2.000000,45,6
ELL OMP,O2,86964539.464475,86.964539,0.086965,2724174,0.031955,17.781470,17.813425,0,10,1,1,16,16,121192,121192,1362087,2724174,24,11,2.000000,45,6
ELL OMP,O2,59753971.316232,59.753971,0.059754,2724174,0.046461,17.780665,17.827126,0,10,1,1,64,16,121192,121192,1362087,2724174,24,11,2.000000,45,6
ELL OMP,O2,42189073.626705,42.189074,0.042189,2724174,0.065450,17.784059,17.849509,0,10,1,1,128,16,121192,121192,1362087,2724174,24,11,2.000000,45,6
ELL OMP,O2,100057907.758383,100.057908,0.100058,2724174,0.028891,17.779223,17.808114,0,10,1,1,16,32,121192,121192,1362087,2724174,24,11,2.000000,45,6
ELL OMP,O2,71834032.562031,71.834033,0.071834,2724174,0.040030,17.768280,17.808310,0,10,1,1,64,32,121192,121192,1362087,2724174,24,11,2.000000,45,6
ELL OMP,O2,50890348.493072,50.890348,0.050890,2724174,0.054320,17.859965,17.914285,0,10,1,1,128,32,121192,121192,1362087,2724174,24,11,2.000000,45,6
