Name,-O,FLOPS,MFLOPS,GFLOPS,FOP Count,Avg Run Time (s),Format Time (s),Total Time (s),Verification,Iters,Block Row,Block Col,K-Bound,Threads,Rows,Cols,NNZ,NNZ*2,Max Cols,Avg Cols,Col Ratio,Variance,Std Deviation
CSR OMP,O2,1063827258.636138,1063.827259,1.063827,21793392,0.035284,95.343876,95.379160,0,10,1,1,8,32,121192,121192,1362087,2724174,24,11,2.000000,45,6
CSR OMP,O2,2076951156.237966,2076.951156,2.076951,43586784,0.036652,95.365087,95.401739,0,10,1,1,16,32,121192,121192,1362087,2724174,24,11,2.000000,45,6
CSR OMP,O2,6555398123.434810,6555.398123,6.555398,174347136,0.044645,95.714929,95.759574,0,10,1,1,64,32,121192,121192,1362087,2724174,24,11,2.000000,45,6
CSR OMP,O2,8951933115.118023,8951.933115,8.951933,348694272,0.053152,95.341741,95.394893,0,10,1,1,128,32,121192,121192,1362087,2724174,24,11,2.000000,45,6
CSR OMP,O2,11377916739.664537,11377.916740,11.377917,697388544,0.073571,95.428238,95.501809,0,10,1,1,256,32,121192,121192,1362087,2724174,24,11,2.000000,45,6
CSR OMP,O2,15776840385.488134,15776.840385,15.776840,1394777088,0.103137,94.032272,94.135409,0,10,1,1,512,32,121192,121192,1362087,2724174,24,11,2.000000,45,6
CSR OMP,O2,19339600219.147636,19339.600219,19.339600,2800450872,0.168453,95.556143,95.724596,0,10,1,1,1028,32,121192,121192,1362087,2724174,24,11,2.000000,45,6
