Name,-O,FLOPS,MFLOPS,GFLOPS,FOP Count,Avg Run Time (s),Format Time (s),Total Time (s),Verification,Iters,Block Row,Block Col,K-Bound,Threads,Rows,Cols,NNZ,NNZ*2,Max Cols,Avg Cols,Col Ratio,Variance,Std Deviation
COO OMP Transpose,O2,5296953950.707383,5296.953951,5.296954,348694272,0.091198,94.879775,94.970973,0,10,1,1,128,8,121192,121192,1362087,2724174,24,11,2.000000,45,6
COO OMP Transpose,O2,4520220593.419859,4520.220593,4.520221,348694272,0.094917,94.840930,94.935847,0,10,1,1,128,16,121192,121192,1362087,2724174,24,11,2.000000,45,6
COO OMP Transpose,O2,3962827021.211179,3962.827021,3.962827,348694272,0.095336,93.338509,93.433845,0,10,1,1,128,32,121192,121192,1362087,2724174,24,11,2.000000,45,6
