Name,-O,FLOPS,MFLOPS,GFLOPS,FOP Count,Avg Run Time (s),Format Time (s),Total Time (s),Verification,Iters,Block Row,Block Col,K-Bound,Threads,Rows,Cols,NNZ,NNZ*2,Max Cols,Avg Cols,Col Ratio,Variance,Std Deviation
ELL OMP,O2,1195746695.321479,1195.746695,1.195747,21793392,0.020062,17.871268,17.891330,0,10,1,1,8,32,121192,121192,1362087,2724174,24,11,2.000000,45,6
ELL OMP,O2,1629597338.766020,1629.597339,1.629597,43586784,0.028539,18.003532,18.032071,0,10,1,1,16,32,121192,121192,1362087,2724174,24,11,2.000000,45,6
ELL OMP,O2,4605393815.970540,4605.393816,4.605394,174347136,0.039914,17.968458,18.008372,0,10,1,1,64,32,121192,121192,1362087,2724174,24,11,2.000000,45,6
ELL OMP,O2,7017927226.046071,7017.927226,7.017927,348694272,0.051220,17.524442,17.575662,0,10,1,1,128,32,121192,121192,1362087,2724174,24,11,2.000000,45,6
ELL OMP,O2,10638178037.857914,10638.178038,10.638178,697388544,0.067565,17.557969,17.625534,0,10,1,1,256,32,121192,121192,1362087,2724174,24,11,2.000000,45,6
ELL OMP,O2,16408399101.307592,16408.399101,16.408399,1394777088,0.086502,17.496487,17.582989,0,10,1,1,512,32,121192,121192,1362087,2724174,24,11,2.000000,45,6
ELL OMP,O2,23731050450.496239,23731.050450,23.731050,2800450872,0.119377,17.545117,17.664494,0,10,1,1,1028,32,121192,121192,1362087,2724174,24,11,2.000000,45,6
