Name,-O,FLOPS,MFLOPS,GFLOPS,FOP Count,Avg Run Time (s),Format Time (s),Total Time (s),Verification,Iters,Block Row,Block Col,K-Bound,Threads,Rows,Cols,NNZ,NNZ*2,Max Cols,Avg Cols,Col Ratio,Variance,Std Deviation
ELL THREADS,O2,245186369.341054,245.186369,0.245186,2724174,0.011162,82.413811,82.424973,0,5,1,1,16,48,121192,121192,1362087,2724174,24,11,2.000000,45,6
ELL THREADS,O2,161627508.628124,161.627509,0.161628,2724174,0.017244,82.836263,82.853507,0,5,1,1,64,48,121192,121192,1362087,2724174,24,11,2.000000,45,6
ELL THREADS,O2,99961340.519804,99.961341,0.099961,2724174,0.027375,82.930347,82.957722,0,5,1,1,128,32,121192,121192,1362087,2724174,24,11,2.000000,45,6
