Name,-O,FLOPS,MFLOPS,GFLOPS,FOP Count,Avg Run Time (s),Format Time (s),Total Time (s),Verification,Iters,Block Row,Block Col,K-Bound,Threads,Rows,Cols,NNZ,NNZ*2,Max Cols,Avg Cols,Col Ratio,Variance,Std Deviation
COO OMP Transpose,O2,3275029760.355132,3275.029760,3.275030,348694272,0.106568,17.228040,17.334608,0,10,1,1,128,8,121192,121192,1362087,2724174,24,11,2.000000,45,6
COO OMP Transpose,O2,4326242542.142668,4326.242542,4.326243,348694272,0.080659,17.303393,17.384052,0,10,1,1,128,16,121192,121192,1362087,2724174,24,11,2.000000,45,6
COO OMP Transpose,O2,5429709468.144930,5429.709468,5.429709,348694272,0.064495,17.270946,17.335441,0,10,1,1,128,32,121192,121192,1362087,2724174,24,11,2.000000,45,6
