Name,-O,FLOPS,MFLOPS,GFLOPS,FOP Count,Avg Run Time (s),Format Time (s),Total Time (s),Verification,Iters,Block Row,Block Col,K-Bound,Threads,Rows,Cols,NNZ,NNZ*2,Max Cols,Avg Cols,Col Ratio,Variance,Std Deviation
ELL OMP Transpose,O2,127583.782113,0.127584,0.000128,2724174,21.362411,18.465260,39.827671,0,10,1,1,16,8,121192,121192,1362087,2724174,24,11,2.000000,45,6
ELL OMP Transpose,O2,128128.263821,0.128128,0.000128,2724174,21.265373,18.784535,40.049908,0,10,1,1,64,8,121192,121192,1362087,2724174,24,11,2.000000,45,6
ELL OMP Transpose,O2,127805.465427,0.127805,0.000128,2724174,21.322431,17.787727,39.110158,0,10,1,1,128,8,121192,121192,1362087,2724174,24,11,2.000000,45,6
ELL OMP Transpose,O2,226172.819946,0.226173,0.000226,2724174,12.045344,18.270677,30.316021,0,10,1,1,16,16,121192,121192,1362087,2724174,24,11,2.000000,45,6
ELL OMP Transpose,O2,216876.124361,0.216876,0.000217,2724174,12.561470,18.265587,30.827057,0,10,1,1,64,16,121192,121192,1362087,2724174,24,11,2.000000,45,6
ELL OMP Transpose,O2,223401.584330,0.223402,0.000223,2724174,12.196422,18.249090,30.445513,0,10,1,1,128,16,121192,121192,1362087,2724174,24,11,2.000000,45,6
ELL OMP Transpose,O2,378834.954142,0.378835,0.000379,2724174,7.191847,18.229151,25.420998,0,10,1,1,16,32,121192,121192,1362087,2724174,24,11,2.000000,45,6
ELL OMP Transpose,O2,379378.842437,0.379379,0.000379,2724174,7.180764,18.116032,25.296796,0,10,1,1,64,32,121192,121192,1362087,2724174,24,11,2.000000,45,6
ELL OMP Transpose,O2,378170.729030,0.378171,0.000378,2724174,7.205307,18.198091,25.403398,0,10,1,1,128,32,121192,121192,1362087,2724174,24,11,2.000000,45,6
