Name,-O,FLOPS,MFLOPS,GFLOPS,FOP Count,Avg Run Time (s),Format Time (s),Total Time (s),Verification,Iters,Block Row,Block Col,K-Bound,Threads,Rows,Cols,NNZ,NNZ*2,Max Cols,Avg Cols,Col Ratio,Variance,Std Deviation
CSR OMP,O2,inf,inf,inf,21793392,0.000000,93.878608,93.878608,798743,10,1,1,8,32,121192,121192,1362087,2724174,24,11,2.000000,45,6
CSR OMP,O2,1916291220.336446,1916.291220,1.916291,43586784,0.035154,95.489805,95.524959,0,10,1,1,16,32,121192,121192,1362087,2724174,24,11,2.000000,45,6
CSR OMP,O2,6047938248.886604,6047.938249,6.047938,174347136,0.042017,95.783869,95.825886,0,10,1,1,64,32,121192,121192,1362087,2724174,24,11,2.000000,45,6
CSR OMP,O2,9587889769.980555,9587.889770,9.587890,348694272,0.053300,93.959157,94.012457,0,10,1,1,128,32,121192,121192,1362087,2724174,24,11,2.000000,45,6
CSR OMP,O2,inf,inf,inf,697388544,0.000000,95.609776,95.609776,25559807,10,1,1,256,32,121192,121192,1362087,2724174,24,11,2.000000,45,6
CSR OMP,O2,inf,inf,inf,1394777088,0.000000,94.785859,94.785859,51119615,10,1,1,512,32,121192,121192,1362087,2724174,24,11,2.000000,45,6
CSR OMP,O2,inf,inf,inf,2800450872,0.000000,94.951570,94.951570,102638603,10,1,1,1028,32,121192,121192,1362087,2724174,24,11,2.000000,45,6
