Name,-O,FLOPS,MFLOPS,GFLOPS,FOP Count,Avg Run Time (s),Format Time (s),Total Time (s),Verification,Iters,Block Row,Block Col,K-Bound,Threads,Rows,Cols,NNZ,NNZ*2,Max Cols,Avg Cols,Col Ratio,Variance,Std Deviation
ELL OMP Transpose,O2,2898941974.171494,2898.941974,2.898942,348694272,0.143429,87.632612,87.776041,0,10,1,1,128,8,121192,121192,1362087,2724174,24,11,2.000000,45,6
ELL OMP Transpose,O2,4220402408.283922,4220.402408,4.220402,348694272,0.096204,95.665189,95.761393,0,10,1,1,128,16,121192,121192,1362087,2724174,24,11,2.000000,45,6
ELL OMP Transpose,O2,4554880138.914195,4554.880139,4.554880,348694272,0.090767,96.062870,96.153637,0,10,1,1,128,32,121192,121192,1362087,2724174,24,11,2.000000,45,6
