Name,-O,FLOPS,MFLOPS,GFLOPS,FOP Count,Avg Run Time (s),Format Time (s),Total Time (s),Verification,Iters,Block Row,Block Col,K-Bound,Threads,Rows,Cols,NNZ,NNZ*2,Max Cols,Avg Cols,Col Ratio,Variance,Std Deviation
BCSR Serial,O2,361448105.893194,361.448106,0.361448,43586784,0.132769,83.753564,83.886332,1589024,10,4,4,16,-1,121192,121192,1362087,2724174,24,11,2.000000,45,6
BCSR Serial,O2,982506922.463615,982.506922,0.982507,174347136,0.193376,83.779320,83.972696,6356096,10,4,4,64,-1,121192,121192,1362087,2724174,24,11,2.000000,45,6
BCSR Serial,O2,1166358579.322226,1166.358579,1.166359,348694272,0.307595,83.583536,83.891131,12712192,10,4,4,128,-1,121192,121192,1362087,2724174,24,11,2.000000,45,6
