Name,-O,FLOPS,MFLOPS,GFLOPS,FOP Count,Avg Run Time (s),Format Time (s),Total Time (s),Verification,Iters,Block Row,Block Col,K-Bound,Threads,Rows,Cols,NNZ,NNZ*2,Max Cols,Avg Cols,Col Ratio,Variance,Std Deviation
ELL OMP Transpose,O2,2316809999.333457,2316.809999,2.316810,348694272,0.150609,16.951346,17.101955,0,10,1,1,128,8,121192,121192,1362087,2724174,24,11,2.000000,45,6
ELL OMP Transpose,O2,3154257252.247411,3154.257252,3.154257,348694272,0.110623,17.542568,17.653190,0,10,1,1,128,16,121192,121192,1362087,2724174,24,11,2.000000,45,6
ELL OMP Transpose,O2,4561771209.788784,4561.771210,4.561771,348694272,0.076585,17.530925,17.607510,0,10,1,1,128,32,121192,121192,1362087,2724174,24,11,2.000000,45,6
