Name,-O,FLOPS,MFLOPS,GFLOPS,FOP Count,Avg Run Time (s),Format Time (s),Total Time (s),Verification,Iters,Block Row,Block Col,K-Bound,Threads,Rows,Cols,NNZ,NNZ*2,Max Cols,Avg Cols,Col Ratio,Variance,Std Deviation
COO OMP,O2,229371594.585362,229.371595,0.229372,2724174,0.021775,79.159737,79.181512,0,10,1,1,16,8,121192,121192,1362087,2724174,24,11,2.000000,45,6
COO OMP,O2,136002556.287425,136.002556,0.136003,2724174,0.028733,78.671958,78.700691,0,10,1,1,64,8,121192,121192,1362087,2724174,24,11,2.000000,45,6
COO OMP,O2,70421109.691680,70.421110,0.070421,2724174,0.056855,79.064578,79.121433,0,10,1,1,128,8,121192,121192,1362087,2724174,24,11,2.000000,45,6
COO OMP,O2,177894907.393062,177.894907,0.177895,2724174,0.042418,79.353349,79.395767,0,10,1,1,16,16,121192,121192,1362087,2724174,24,11,2.000000,45,6
COO OMP,O2,125858146.775572,125.858147,0.125858,2724174,0.029799,80.318938,80.348737,0,10,1,1,64,16,121192,121192,1362087,2724174,24,11,2.000000,45,6
COO OMP,O2,83582806.891872,83.582807,0.083583,2724174,0.050059,79.702920,79.752979,0,10,1,1,128,16,121192,121192,1362087,2724174,24,11,2.000000,45,6
COO OMP,O2,197320910.795726,197.320911,0.197321,2724174,0.030454,79.654562,79.685016,0,10,1,1,16,32,121192,121192,1362087,2724174,24,11,2.000000,45,6
COO OMP,O2,79200291.197279,79.200291,0.079200,2724174,0.055279,79.297680,79.352959,0,10,1,1,64,32,121192,121192,1362087,2724174,24,11,2.000000,45,6
COO OMP,O2,85249036.141223,85.249036,0.085249,2724174,0.042326,79.044845,79.087171,0,10,1,1,128,32,121192,121192,1362087,2724174,24,11,2.000000,45,6
