Name,-O,FLOPS,MFLOPS,GFLOPS,FOP Count,Avg Run Time (s),Format Time (s),Total Time (s),Verification,Iters,Block Row,Block Col,K-Bound,Threads,Rows,Cols,NNZ,NNZ*2,Max Cols,Avg Cols,Col Ratio,Variance,Std Deviation
BCSR THREADS,O2,127187335.212265,127.187335,0.127187,2724174,0.021575,17.104931,17.126506,1588864,5,2,2,16,64,121192,121192,1362087,2724174,24,11,2.000000,45,6
BCSR THREADS,O2,74065484.346711,74.065484,0.074065,2724174,0.037106,17.165282,17.202387,1589024,5,4,4,16,48,121192,121192,1362087,2724174,24,11,2.000000,45,6
BCSR THREADS,O2,31909189.777563,31.909190,0.031909,2724174,0.085783,18.992891,19.078675,1588624,5,16,16,16,64,121192,121192,1362087,2724174,24,11,2.000000,45,6
BCSR THREADS,O2,75920560.523653,75.920561,0.075921,2724174,0.036952,17.951006,17.987958,6355456,5,2,2,64,72,121192,121192,1362087,2724174,24,11,2.000000,45,6
BCSR THREADS,O2,51642132.508608,51.642133,0.051642,2724174,0.053594,17.532647,17.586241,6356096,5,4,4,64,64,121192,121192,1362087,2724174,24,11,2.000000,45,6
BCSR THREADS,O2,18835502.702158,18.835503,0.018836,2724174,0.145069,18.543585,18.688654,6354496,5,16,16,64,72,121192,121192,1362087,2724174,24,11,2.000000,45,6
BCSR THREADS,O2,60433608.278696,60.433608,0.060434,2724174,0.045507,17.457514,17.503021,12710912,5,2,2,128,72,121192,121192,1362087,2724174,24,11,2.000000,45,6
BCSR THREADS,O2,40754084.581873,40.754085,0.040754,2724174,0.067585,17.578745,17.646330,12712192,5,4,4,128,72,121192,121192,1362087,2724174,24,11,2.000000,45,6
BCSR THREADS,O2,14304623.740516,14.304624,0.014305,2724174,0.190689,18.553295,18.743984,12708992,5,16,16,128,72,121192,121192,1362087,2724174,24,11,2.000000,45,6
