Name,-O,FLOPS,MFLOPS,GFLOPS,FOP Count,Avg Run Time (s),Format Time (s),Total Time (s),Verification,Iters,Block Row,Block Col,K-Bound,Threads,Rows,Cols,NNZ,NNZ*2,Max Cols,Avg Cols,Col Ratio,Variance,Std Deviation
COO OMP,O2,329531603.313482,329.531603,0.329532,2724174,0.020092,18.435456,18.455548,0,10,1,1,16,8,121192,121192,1362087,2724174,24,11,2.000000,45,6
COO OMP,O2,100072799.275384,100.072799,0.100073,2724174,0.034750,18.458045,18.492795,0,10,1,1,64,8,121192,121192,1362087,2724174,24,11,2.000000,45,6
COO OMP,O2,82488342.152799,82.488342,0.082488,2724174,0.041115,32.508624,32.549739,0,10,1,1,128,8,121192,121192,1362087,2724174,24,11,2.000000,45,6
COO OMP,O2,139105878.419785,139.105878,0.139106,2724174,0.025702,17.696762,17.722464,0,10,1,1,16,16,121192,121192,1362087,2724174,24,11,2.000000,45,6
COO OMP,O2,92734623.923384,92.734624,0.092735,2724174,0.034099,18.037725,18.071824,0,10,1,1,64,16,121192,121192,1362087,2724174,24,11,2.000000,45,6
COO OMP,O2,72413314.198628,72.413314,0.072413,2724174,0.041133,17.950987,17.992120,0,10,1,1,128,16,121192,121192,1362087,2724174,24,11,2.000000,45,6
COO OMP,O2,122875505.931792,122.875506,0.122876,2724174,0.032397,18.056425,18.088822,0,10,1,1,16,32,121192,121192,1362087,2724174,24,11,2.000000,45,6
COO OMP,O2,66744736.338076,66.744736,0.066745,2724174,0.048736,24.190784,24.239520,0,10,1,1,64,32,121192,121192,1362087,2724174,24,11,2.000000,45,6
COO OMP,O2,71716550.861020,71.716551,0.071717,2724174,0.039627,29.251279,29.290906,0,10,1,1,128,32,121192,121192,1362087,2724174,24,11,2.000000,45,6
