Name,-O,FLOPS,MFLOPS,GFLOPS,FOP Count,Avg Run Time (s),Format Time (s),Total Time (s),Verification,Iters,Block Row,Block Col,K-Bound,Threads,Rows,Cols,NNZ,NNZ*2,Max Cols,Avg Cols,Col Ratio,Variance,Std Deviation
COO OMP Transpose,O2,554705.905066,0.554706,0.000555,2724174,4.911177,17.781226,22.692403,0,10,1,1,16,8,121192,121192,1362087,2724174,24,11,2.000000,45,6
COO OMP Transpose,O2,548552.739219,0.548553,0.000549,2724174,4.966229,17.873856,22.840085,0,10,1,1,64,8,121192,121192,1362087,2724174,24,11,2.000000,45,6
COO OMP Transpose,O2,547350.824080,0.547351,0.000547,2724174,4.977125,17.819253,22.796379,0,10,1,1,128,8,121192,121192,1362087,2724174,24,11,2.000000,45,6
COO OMP Transpose,O2,552361.232340,0.552361,0.000552,2724174,4.931959,17.438189,22.370148,0,10,1,1,16,16,121192,121192,1362087,2724174,24,11,2.000000,45,6
COO OMP Transpose,O2,546885.445525,0.546885,0.000547,2724174,4.981435,17.938970,22.920405,0,10,1,1,64,16,121192,121192,1362087,2724174,24,11,2.000000,45,6
COO OMP Transpose,O2,547699.975765,0.547700,0.000548,2724174,4.973978,17.957883,22.931861,0,10,1,1,128,16,121192,121192,1362087,2724174,24,11,2.000000,45,6
COO OMP Transpose,O2,553444.282055,0.553444,0.000553,2724174,4.922369,17.892272,22.814641,0,10,1,1,16,32,121192,121192,1362087,2724174,24,11,2.000000,45,6
COO OMP Transpose,O2,545077.506161,0.545078,0.000545,2724174,4.997917,17.868324,22.866241,0,10,1,1,64,32,121192,121192,1362087,2724174,24,11,2.000000,45,6
COO OMP Transpose,O2,546593.989558,0.546594,0.000547,2724174,4.984028,17.928277,22.912305,0,10,1,1,128,32,121192,121192,1362087,2724174,24,11,2.000000,45,6
