Name,Avg Run Time (s),Format Time (s),Total Time (s),GFLOPS,Verification,Iters,Block Row,Block Col,K-Bound,Threads,FOP Count,Rows,Cols,NNZ,Max Cols,Avg Cols,Variance,Std Deviation
ell_omp_O2,0.057514,17.414816,17.472330,12486.994416,0,10,1,1,16,8,705000041472,121192,121192,1362087,24,11,45,6
ell_omp_collapse_O2,0.060019,17.496248,17.556267,12027.943719,0,10,1,1,16,8,705000041472,121192,121192,1362087,24,11,45,6
ell_omp_O2,0.042586,18.165880,18.208466,17038.336166,0,10,1,1,16,16,705000041472,121192,121192,1362087,24,11,45,6
ell_omp_collapse_O2,0.039044,17.452332,17.491376,18194.283993,0,10,1,1,16,16,705000041472,121192,121192,1362087,24,11,45,6
ell_omp_O2,0.031964,17.485320,17.517284,23383.212736,0,10,1,1,16,32,705000041472,121192,121192,1362087,24,11,45,6
ell_omp_collapse_O2,0.033239,17.474894,17.508133,22361.630983,0,10,1,1,16,32,705000041472,121192,121192,1362087,24,11,45,6
