Name,-O,FLOPS,MFLOPS,GFLOPS,FOP Count,Avg Run Time (s),Format Time (s),Total Time (s),Verification,Iters,Block Row,Block Col,K-Bound,Threads,Rows,Cols,NNZ,NNZ*2,Max Cols,Avg Cols,Col Ratio,Variance,Std Deviation
CSR Serial,O2,29656991.141149,29.656991,0.029657,2724174,0.094642,81.328245,81.422887,0,10,1,1,16,-1,121192,121192,1362087,2724174,24,11,2.000000,45,6
CSR Serial,O2,17556844.408873,17.556844,0.017557,2724174,0.158731,81.946353,82.105084,0,10,1,1,64,-1,121192,121192,1362087,2724174,24,11,2.000000,45,6
CSR Serial,O2,14703416.841415,14.703417,0.014703,2724174,0.193218,82.778269,82.971487,0,10,1,1,128,-1,121192,121192,1362087,2724174,24,11,2.000000,45,6
