Name,-O,FLOPS,MFLOPS,GFLOPS,FOP Count,Avg Run Time (s),Format Time (s),Total Time (s),Verification,Iters,Block Row,Block Col,K-Bound,Threads,Rows,Cols,NNZ,NNZ*2,Max Cols,Avg Cols,Col Ratio,Variance,Std Deviation
ELL OMP,O2,1588146253.108059,1588.146253,1.588146,21793392,0.034445,95.965806,96.000251,0,10,1,1,8,32,121192,121192,1362087,2724174,24,11,2.000000,45,6
ELL OMP,O2,2300724532.692459,2300.724533,2.300725,43586784,0.038704,96.422698,96.461403,0,10,1,1,16,32,121192,121192,1362087,2724174,24,11,2.000000,45,6
ELL OMP,O2,6890278022.902926,6890.278023,6.890278,174347136,0.035610,95.138778,95.174388,0,10,1,1,64,32,121192,121192,1362087,2724174,24,11,2.000000,45,6
ELL OMP,O2,8635193416.649021,8635.193417,8.635193,348694272,0.054419,96.061737,96.116156,0,10,1,1,128,32,121192,121192,1362087,2724174,24,11,2.000000,45,6
ELL OMP,O2,13009944387.932949,13009.944388,13.009944,697388544,0.062244,95.949906,96.012150,0,10,1,1,256,32,121192,121192,1362087,2724174,24,11,2.000000,45,6
ELL OMP,O2,14650682913.541752,14650.682914,14.650683,1394777088,0.110514,95.889124,95.999638,0,10,1,1,512,32,121192,121192,1362087,2724174,24,11,2.000000,45,6
ELL OMP,O2,19763997535.565197,19763.997536,19.763998,2800450872,0.154639,96.072918,96.227557,0,10,1,1,1028,32,121192,121192,1362087,2724174,24,11,2.000000,45,6
