Name,-O,FLOPS,MFLOPS,GFLOPS,FOP Count,Avg Run Time (s),Format Time (s),Total Time (s),Verification,Iters,Block Row,Block Col,K-Bound,Threads,Rows,Cols,NNZ,NNZ*2,Max Cols,Avg Cols,Col Ratio,Variance,Std Deviation
COO OMP,O2,2021396807.812049,2021.396808,2.021397,43586784,0.052348,81.903597,81.955945,0,10,1,1,16,8,121192,121192,1362087,2724174,24,11,2.000000,45,6
COO OMP,O2,8913473786.508797,8913.473787,8.913474,174347136,0.038670,81.832672,81.871342,0,10,1,1,64,8,121192,121192,1362087,2724174,24,11,2.000000,45,6
COO OMP,O2,8428526219.264277,8428.526219,8.428526,348694272,0.064268,82.104276,82.168544,0,10,1,1,128,8,121192,121192,1362087,2724174,24,11,2.000000,45,6
COO OMP,O2,2971031630.085911,2971.031630,2.971032,43586784,0.016074,80.067989,80.084063,0,10,1,1,16,16,121192,121192,1362087,2724174,24,11,2.000000,45,6
COO OMP,O2,7857991777.126251,7857.991777,7.857992,174347136,0.053507,82.132667,82.186174,0,10,1,1,64,16,121192,121192,1362087,2724174,24,11,2.000000,45,6
COO OMP,O2,12490308822.137529,12490.308822,12.490309,348694272,0.054004,81.952246,82.006250,0,10,1,1,128,16,121192,121192,1362087,2724174,24,11,2.000000,45,6
COO OMP,O2,3339181917.855036,3339.181918,3.339182,43586784,0.031475,81.972942,82.004417,0,10,1,1,16,32,121192,121192,1362087,2724174,24,11,2.000000,45,6
COO OMP,O2,9303557488.986824,9303.557489,9.303557,174347136,0.043964,82.115081,82.159045,0,10,1,1,64,32,121192,121192,1362087,2724174,24,11,2.000000,45,6
COO OMP,O2,14800782485.015285,14800.782485,14.800782,348694272,0.056193,82.098039,82.154232,0,10,1,1,128,32,121192,121192,1362087,2724174,24,11,2.000000,45,6
