Name,-O,FLOPS,MFLOPS,GFLOPS,FOP Count,Avg Run Time (s),Format Time (s),Total Time (s),Verification,Iters,Block Row,Block Col,K-Bound,Threads,Rows,Cols,NNZ,NNZ*2,Max Cols,Avg Cols,Col Ratio,Variance,Std Deviation
CSR Serial Transpose,O2,32511.584148,0.032512,0.000033,2724174,83.790899,17.818781,101.609680,0,10,1,1,16,-1,121192,121192,1362087,2724174,24,11,2.000000,45,6
CSR Serial Transpose,O2,31731.851987,0.031732,0.000032,2724174,85.849939,17.821363,103.671302,0,10,1,1,64,-1,121192,121192,1362087,2724174,24,11,2.000000,45,6
CSR Serial Transpose,O2,32466.560272,0.032467,0.000032,2724174,83.907080,17.724661,101.631741,0,10,1,1,128,-1,121192,121192,1362087,2724174,24,11,2.000000,45,6
