Name,-O,FLOPS,MFLOPS,GFLOPS,FOP Count,Avg Run Time (s),Format Time (s),Total Time (s),Verification,Iters,Block Row,Block Col,K-Bound,Threads,Rows,Cols,NNZ,NNZ*2,Max Cols,Avg Cols,Col Ratio,Variance,Std Deviation
COO THREADS,O2,261184583.919074,261.184584,0.261185,2724174,0.010763,85.137846,85.148609,0,5,1,1,16,64,121192,121192,1362087,2724174,24,11,2.000000,45,6
COO THREADS,O2,199788698.930788,199.788699,0.199789,2724174,0.013689,85.858293,85.871982,0,5,1,1,64,64,121192,121192,1362087,2724174,24,11,2.000000,45,6
COO THREADS,O2,155654141.838372,155.654142,0.155654,2724174,0.017757,85.765091,85.782848,0,5,1,1,128,64,121192,121192,1362087,2724174,24,11,2.000000,45,6
