Name,-O,FLOPS,MFLOPS,GFLOPS,FOP Count,Avg Run Time (s),Format Time (s),Total Time (s),Verification,Iters,Block Row,Block Col,K-Bound,Threads,Rows,Cols,NNZ,NNZ*2,Max Cols,Avg Cols,Col Ratio,Variance,Std Deviation
BCSR OMP Transpose,O2,2595807635.892799,2595.807636,2.595808,348694272,0.134500,17.590982,17.725482,12710912,10,2,2,128,8,121192,121192,1362087,2724174,24,11,2.000000,45,6
BCSR OMP Transpose,O2,1493937132.487508,1493.937132,1.493937,348694272,0.233572,17.455610,17.689182,12712192,10,4,4,128,8,121192,121192,1362087,2724174,24,11,2.000000,45,6
BCSR OMP Transpose,O2,248163418.575200,248.163419,0.248163,348694272,1.405249,18.464807,19.870056,12708992,10,16,16,128,8,121192,121192,1362087,2724174,24,11,2.000000,45,6
BCSR OMP Transpose,O2,3637355590.627136,3637.355591,3.637356,348694272,0.096021,16.977645,17.073666,12710912,10,2,2,128,16,121192,121192,1362087,2724174,24,11,2.000000,45,6
BCSR OMP Transpose,O2,2190158065.016602,2190.158065,2.190158,348694272,0.159423,17.395135,17.554558,12712192,10,4,4,128,16,121192,121192,1362087,2724174,24,11,2.000000,45,6
BCSR OMP Transpose,O2,433241891.012199,433.241891,0.433242,348694272,0.804891,18.485712,19.290603,12708992,10,16,16,128,16,121192,121192,1362087,2724174,24,11,2.000000,45,6
BCSR OMP Transpose,O2,4577984390.525371,4577.984391,4.577984,348694272,0.076329,16.949811,17.026140,12710912,10,2,2,128,32,121192,121192,1362087,2724174,24,11,2.000000,45,6
BCSR OMP Transpose,O2,2860831897.099508,2860.831897,2.860832,348694272,0.122001,17.620371,17.742372,12712192,10,4,4,128,32,121192,121192,1362087,2724174,24,11,2.000000,45,6
BCSR OMP Transpose,O2,801727697.045957,801.727697,0.801728,348694272,0.435095,17.864073,18.299168,12708992,10,16,16,128,32,121192,121192,1362087,2724174,24,11,2.000000,45,6
