Name,-O,FLOPS,MFLOPS,GFLOPS,FOP Count,Avg Run Time (s),Format Time (s),Total Time (s),Verification,Iters,Block Row,Block Col,K-Bound,Threads,Rows,Cols,NNZ,NNZ*2,Max Cols,Avg Cols,Col Ratio,Variance,Std Deviation
BCSR Serial,O2,1069271116.884115,1069.271117,1.069271,43586784,0.040818,17.529054,17.569872,1588864,10,2,2,16,-1,121192,121192,1362087,2724174,24,11,2.000000,45,6
BCSR Serial,O2,103343450.620212,103.343451,0.103343,43586784,0.421770,18.619177,19.040947,1588624,10,16,16,16,-1,121192,121192,1362087,2724174,24,11,2.000000,45,6
BCSR Serial,O2,1897053713.376233,1897.053713,1.897054,174347136,0.092001,17.359652,17.451653,6355456,10,2,2,64,-1,121192,121192,1362087,2724174,24,11,2.000000,45,6
BCSR Serial,O2,139614552.230267,139.614552,0.139615,174347136,1.248776,18.841534,20.090310,6354496,10,16,16,64,-1,121192,121192,1362087,2724174,24,11,2.000000,45,6
BCSR Serial,O2,2310954006.376370,2310.954006,2.310954,348694272,0.150902,17.389321,17.540223,12710912,10,2,2,128,-1,121192,121192,1362087,2724174,24,11,2.000000,45,6
BCSR Serial,O2,175431068.424892,175.431068,0.175431,348694272,1.987643,18.181462,20.169105,12708992,10,16,16,128,-1,121192,121192,1362087,2724174,24,11,2.000000,45,6
