Name,-O,FLOPS,MFLOPS,GFLOPS,FOP Count,Avg Run Time (s),Format Time (s),Total Time (s),Verification,Iters,Block Row,Block Col,K-Bound,Threads,Rows,Cols,NNZ,NNZ*2,Max Cols,Avg Cols,Col Ratio,Variance,Std Deviation
COO OMP,O2,1185035158.517522,1185.035159,1.185035,21793392,0.030166,88.941554,88.971720,0,10,1,1,8,32,121192,121192,1362087,2724174,24,11,2.000000,45,6
COO OMP,O2,2001596306.978621,2001.596307,2.001596,43586784,0.039117,88.250827,88.289944,0,10,1,1,16,32,121192,121192,1362087,2724174,24,11,2.000000,45,6
COO OMP,O2,5334267966.212543,5334.267966,5.334268,174347136,0.057967,95.614239,95.672206,0,10,1,1,64,32,121192,121192,1362087,2724174,24,11,2.000000,45,6
COO OMP,O2,10202834423.699398,10202.834424,10.202834,348694272,0.041247,95.528865,95.570112,0,10,1,1,128,32,121192,121192,1362087,2724174,24,11,2.000000,45,6
COO OMP,O2,12771234466.851543,12771.234467,12.771234,697388544,0.089760,95.171467,95.261227,0,10,1,1,256,32,121192,121192,1362087,2724174,24,11,2.000000,45,6
COO OMP,O2,17547656199.739597,17547.656200,17.547656,1394777088,0.087167,95.270851,95.358018,0,10,1,1,512,32,121192,121192,1362087,2724174,24,11,2.000000,45,6
COO OMP,O2,22055937706.792904,22055.937707,22.055938,2800450872,0.137132,95.291858,95.428990,0,10,1,1,1028,32,121192,121192,1362087,2724174,24,11,2.000000,45,6
