Name,-O,FLOPS,MFLOPS,GFLOPS,FOP Count,Avg Run Time (s),Format Time (s),Total Time (s),Verification,Iters,Block Row,Block Col,K-Bound,Threads,Rows,Cols,NNZ,NNZ*2,Max Cols,Avg Cols,Col Ratio,Variance,Std Deviation
COO THREADS,O2,253454006.435804,253.454006,0.253454,2724174,0.011368,81.989690,82.001058,0,5,1,1,16,32,121192,121192,1362087,2724174,24,11,2.000000,45,6
COO THREADS,O2,189309979.098937,189.309979,0.189310,2724174,0.014609,81.976158,81.990767,0,5,1,1,64,72,121192,121192,1362087,2724174,24,11,2.000000,45,6
COO THREADS,O2,131482319.051069,131.482319,0.131482,2724174,0.020810,82.422095,82.442905,0,5,1,1,128,48,121192,121192,1362087,2724174,24,11,2.000000,45,6
