Name,-O,FLOPS,MFLOPS,GFLOPS,FOP Count,Avg Run Time (s),Format Time (s),Total Time (s),Verification,Iters,Block Row,Block Col,K-Bound,Threads,Rows,Cols,NNZ,NNZ*2,Max Cols,Avg Cols,Col Ratio,Variance,Std Deviation
CSR OMP,O2,2159622555.652208,2159.622556,2.159623,43586784,0.081203,82.998103,83.079306,0,10,1,1,16,8,121192,121192,1362087,2724174,24,11,2.000000,45,6
CSR OMP,O2,6004423096.857847,6004.423097,6.004423,174347136,0.087072,83.669859,83.756931,0,10,1,1,64,8,121192,121192,1362087,2724174,24,11,2.000000,45,6
CSR OMP,O2,10361788162.428331,10361.788162,10.361788,348694272,0.063191,83.138079,83.201269,0,10,1,1,128,8,121192,121192,1362087,2724174,24,11,2.000000,45,6
CSR OMP,O2,2043448359.810610,2043.448360,2.043448,43586784,0.030412,83.196585,83.226997,0,10,1,1,16,16,121192,121192,1362087,2724174,24,11,2.000000,45,6
CSR OMP,O2,8152236845.265060,8152.236845,8.152237,174347136,0.057601,79.107783,79.165384,0,10,1,1,64,16,121192,121192,1362087,2724174,24,11,2.000000,45,6
CSR OMP,O2,9086370310.455250,9086.370310,9.086370,348694272,0.080882,84.003256,84.084138,0,10,1,1,128,16,121192,121192,1362087,2724174,24,11,2.000000,45,6
CSR OMP,O2,2774042142.545472,2774.042143,2.774042,43586784,0.029710,82.241834,82.271544,0,10,1,1,16,32,121192,121192,1362087,2724174,24,11,2.000000,45,6
CSR OMP,O2,7479079235.681415,7479.079236,7.479079,174347136,0.054151,84.036567,84.090717,0,10,1,1,64,32,121192,121192,1362087,2724174,24,11,2.000000,45,6
CSR OMP,O2,12898341150.728300,12898.341151,12.898341,348694272,0.057488,83.907780,83.965268,0,10,1,1,128,32,121192,121192,1362087,2724174,24,11,2.000000,45,6
