Name,-O,FLOPS,MFLOPS,GFLOPS,FOP Count,Avg Run Time (s),Format Time (s),Total Time (s),Verification,Iters,Block Row,Block Col,K-Bound,Threads,Rows,Cols,NNZ,NNZ*2,Max Cols,Avg Cols,Col Ratio,Variance,Std Deviation
CSR OMP Transpose,O2,2554784949.994112,2554.784950,2.554785,348694272,0.136613,17.452420,17.589033,0,10,1,1,128,8,121192,121192,1362087,2724174,24,11,2.000000,45,6
CSR OMP Transpose,O2,3787972206.191077,3787.972206,3.787972,348694272,0.092248,17.314955,17.407203,0,10,1,1,128,16,121192,121192,1362087,2724174,24,11,2.000000,45,6
CSR OMP Transpose,O2,5092242210.493418,5092.242210,5.092242,348694272,0.068612,17.258743,17.327355,0,10,1,1,128,32,121192,121192,1362087,2724174,24,11,2.000000,45,6
