Name,-O,FLOPS,MFLOPS,GFLOPS,FOP Count,Avg Run Time (s),Format Time (s),Total Time (s),Verification,Iters,Block Row,Block Col,K-Bound,Threads,Rows,Cols,NNZ,NNZ*2,Max Cols,Avg Cols,Col Ratio,Variance,Std Deviation
COO OMP,O2,189023425.823787,189.023426,0.189023,2724174,0.035428,81.872742,81.908170,0,10,1,1,16,8,121192,121192,1362087,2724174,24,11,2.000000,45,6
COO OMP,O2,149600166.404707,149.600166,0.149600,2724174,0.042787,82.045907,82.088694,0,10,1,1,64,8,121192,121192,1362087,2724174,24,11,2.000000,45,6
COO OMP,O2,85274815.297100,85.274815,0.085275,2724174,0.066091,82.215398,82.281489,0,10,1,1,128,8,121192,121192,1362087,2724174,24,11,2.000000,45,6
COO OMP,O2,276376733.874940,276.376734,0.276377,2724174,0.038053,81.518687,81.556740,0,10,1,1,16,16,121192,121192,1362087,2724174,24,11,2.000000,45,6
COO OMP,O2,122940520.329603,122.940520,0.122941,2724174,0.036865,82.035748,82.072613,0,10,1,1,64,16,121192,121192,1362087,2724174,24,11,2.000000,45,6
COO OMP,O2,100852672.583351,100.852673,0.100853,2724174,0.048145,82.019266,82.067411,0,10,1,1,128,16,121192,121192,1362087,2724174,24,11,2.000000,45,6
COO OMP,O2,196835969.628640,196.835970,0.196836,2724174,0.033980,81.988218,82.022198,0,10,1,1,16,32,121192,121192,1362087,2724174,24,11,2.000000,45,6
COO OMP,O2,153090111.835248,153.090112,0.153090,2724174,0.043275,81.318486,81.361761,0,10,1,1,64,32,121192,121192,1362087,2724174,24,11,2.000000,45,6
COO OMP,O2,76353946.354264,76.353946,0.076354,2724174,0.065564,82.477640,82.543204,0,10,1,1,128,32,121192,121192,1362087,2724174,24,11,2.000000,45,6
