Name,-O,FLOPS,MFLOPS,GFLOPS,FOP Count,Avg Run Time (s),Format Time (s),Total Time (s),Verification,Iters,Block Row,Block Col,K-Bound,Threads,Rows,Cols,NNZ,NNZ*2,Max Cols,Avg Cols,Col Ratio,Variance,Std Deviation
COO OMP Transpose,O2,127687.494043,0.127687,0.000128,2724174,21.337014,17.535519,38.872533,0,10,1,1,16,8,121192,121192,1362087,2724174,24,11,2.000000,45,6
COO OMP Transpose,O2,126348.582843,0.126349,0.000126,2724174,21.564986,17.540735,39.105721,0,10,1,1,64,8,121192,121192,1362087,2724174,24,11,2.000000,45,6
COO OMP Transpose,O2,126301.212588,0.126301,0.000126,2724174,21.579874,17.598765,39.178640,0,10,1,1,128,8,121192,121192,1362087,2724174,24,11,2.000000,45,6
COO OMP Transpose,O2,225255.164744,0.225255,0.000225,2724174,12.096873,17.559172,29.656045,0,10,1,1,16,16,121192,121192,1362087,2724174,24,11,2.000000,45,6
COO OMP Transpose,O2,224677.633675,0.224678,0.000225,2724174,12.125665,17.534432,29.660097,0,10,1,1,64,16,121192,121192,1362087,2724174,24,11,2.000000,45,6
COO OMP Transpose,O2,226076.735998,0.226077,0.000226,2724174,12.054179,17.561695,29.615874,0,10,1,1,128,16,121192,121192,1362087,2724174,24,11,2.000000,45,6
COO OMP Transpose,O2,370017.349148,0.370017,0.000370,2724174,7.363786,17.516153,24.879940,0,10,1,1,16,32,121192,121192,1362087,2724174,24,11,2.000000,45,6
COO OMP Transpose,O2,376767.637830,0.376768,0.000377,2724174,7.230917,17.584798,24.815715,0,10,1,1,64,32,121192,121192,1362087,2724174,24,11,2.000000,45,6
COO OMP Transpose,O2,368435.641284,0.368436,0.000368,2724174,7.395030,17.508534,24.903564,0,10,1,1,128,32,121192,121192,1362087,2724174,24,11,2.000000,45,6
