Name,-O,FLOPS,MFLOPS,GFLOPS,FOP Count,Avg Run Time (s),Format Time (s),Total Time (s),Verification,Iters,Block Row,Block Col,K-Bound,Threads,Rows,Cols,NNZ,NNZ*2,Max Cols,Avg Cols,Col Ratio,Variance,Std Deviation
ELL OMP,O2,122037557.825924,122.037558,0.122038,2724174,0.029226,82.034441,82.063667,0,10,1,1,16,8,121192,121192,1362087,2724174,24,11,2.000000,45,6
ELL OMP,O2,66570902.604692,66.570903,0.066571,2724174,0.061486,82.319088,82.380574,0,10,1,1,64,8,121192,121192,1362087,2724174,24,11,2.000000,45,6
ELL OMP,O2,58693653.241993,58.693653,0.058694,2724174,0.052525,82.423234,82.475759,0,10,1,1,128,8,121192,121192,1362087,2724174,24,11,2.000000,45,6
ELL OMP,O2,170759056.806003,170.759057,0.170759,2724174,0.027342,82.080400,82.107742,0,10,1,1,16,16,121192,121192,1362087,2724174,24,11,2.000000,45,6
ELL OMP,O2,70562748.946653,70.562749,0.070563,2724174,0.065751,82.228588,82.294339,0,10,1,1,64,16,121192,121192,1362087,2724174,24,11,2.000000,45,6
ELL OMP,O2,75112854.132897,75.112854,0.075113,2724174,0.045048,83.309548,83.354596,0,10,1,1,128,16,121192,121192,1362087,2724174,24,11,2.000000,45,6
ELL OMP,O2,215904653.670449,215.904654,0.215905,2724174,0.024987,82.642089,82.667076,0,10,1,1,16,32,121192,121192,1362087,2724174,24,11,2.000000,45,6
ELL OMP,O2,122510741.066828,122.510741,0.122511,2724174,0.044340,82.128605,82.172944,0,10,1,1,64,32,121192,121192,1362087,2724174,24,11,2.000000,45,6
ELL OMP,O2,89468639.920609,89.468640,0.089469,2724174,0.055723,82.189499,82.245222,0,10,1,1,128,32,121192,121192,1362087,2724174,24,11,2.000000,45,6
