Name,-O,FLOPS,MFLOPS,GFLOPS,FOP Count,Avg Run Time (s),Format Time (s),Total Time (s),Verification,Iters,Block Row,Block Col,K-Bound,Threads,Rows,Cols,NNZ,NNZ*2,Max Cols,Avg Cols,Col Ratio,Variance,Std Deviation
ELL Serial,O2,373808637.395374,373.808637,0.373809,43586784,0.127590,83.808610,83.936199,0,10,1,1,16,-1,121192,121192,1362087,2724174,24,11,2.000000,45,6
ELL Serial,O2,964600789.761062,964.600790,0.964601,174347136,0.191705,83.635721,83.827426,0,10,1,1,64,-1,121192,121192,1362087,2724174,24,11,2.000000,45,6
ELL Serial,O2,1365365284.396281,1365.365284,1.365365,348694272,0.270235,83.863491,84.133726,0,10,1,1,128,-1,121192,121192,1362087,2724174,24,11,2.000000,45,6
