Name,-O,FLOPS,MFLOPS,GFLOPS,FOP Count,Avg Run Time (s),Format Time (s),Total Time (s),Verification,Iters,Block Row,Block Col,K-Bound,Threads,Rows,Cols,NNZ,NNZ*2,Max Cols,Avg Cols,Col Ratio,Variance,Std Deviation
BCSR Serial,O2,852726239.441133,852.726239,0.852726,43586784,0.068108,83.883557,83.951665,1588864,10,2,2,16,-1,121192,121192,1362087,2724174,24,11,2.000000,45,6
BCSR Serial,O2,49110985.430694,49.110985,0.049111,43586784,0.893911,85.364457,86.258368,1588624,10,16,16,16,-1,121192,121192,1362087,2724174,24,11,2.000000,45,6
BCSR Serial,O2,1771322804.246106,1771.322804,1.771323,174347136,0.107824,83.353564,83.461388,6355456,10,2,2,64,-1,121192,121192,1362087,2724174,24,11,2.000000,45,6
BCSR Serial,O2,115687947.789580,115.687948,0.115688,174347136,1.523500,85.210224,86.733724,6354496,10,16,16,64,-1,121192,121192,1362087,2724174,24,11,2.000000,45,6
BCSR Serial,O2,2206971525.763867,2206.971526,2.206972,348694272,0.168406,83.957807,84.126213,12710912,10,2,2,128,-1,121192,121192,1362087,2724174,24,11,2.000000,45,6
BCSR Serial,O2,134166842.722679,134.166843,0.134167,348694272,2.615963,86.282360,88.898322,12708992,10,16,16,128,-1,121192,121192,1362087,2724174,24,11,2.000000,45,6
