Name,-O,FLOPS,MFLOPS,GFLOPS,FOP Count,Avg Run Time (s),Format Time (s),Total Time (s),Verification,Iters,Block Row,Block Col,K-Bound,Threads,Rows,Cols,NNZ,NNZ*2,Max Cols,Avg Cols,Col Ratio,Variance,Std Deviation
BCSR OMP,O2,inf,inf,inf,21793392,0.000000,96.455812,96.455812,798743,10,4,4,8,32,121192,121192,1362087,2724174,24,11,2.000000,45,6
BCSR OMP,O2,168617184.305754,168.617184,0.168617,43586784,0.337139,96.035000,96.372139,1589024,10,4,4,16,32,121192,121192,1362087,2724174,24,11,2.000000,45,6
BCSR OMP,O2,519758923.044722,519.758923,0.519759,174347136,0.409082,96.630318,97.039400,6356096,10,4,4,64,32,121192,121192,1362087,2724174,24,11,2.000000,45,6
BCSR OMP,O2,823017741.458547,823.017741,0.823018,348694272,0.503973,96.291956,96.795929,12712192,10,4,4,128,32,121192,121192,1362087,2724174,24,11,2.000000,45,6
BCSR OMP,O2,inf,inf,inf,697388544,0.000000,96.187080,96.187080,25559807,10,4,4,256,32,121192,121192,1362087,2724174,24,11,2.000000,45,6
BCSR OMP,O2,inf,inf,inf,1394777088,0.000000,96.107174,96.107174,51119615,10,4,4,512,32,121192,121192,1362087,2724174,24,11,2.000000,45,6
BCSR OMP,O2,inf,inf,inf,2800450872,0.000000,96.515921,96.515921,102638603,10,4,4,1028,32,121192,121192,1362087,2724174,24,11,2.000000,45,6
