Name,-O,FLOPS,MFLOPS,GFLOPS,FOP Count,Avg Run Time (s),Format Time (s),Total Time (s),Verification,Iters,Block Row,Block Col,K-Bound,Threads,Rows,Cols,NNZ,NNZ*2,Max Cols,Avg Cols,Col Ratio,Variance,Std Deviation
CSR OMP Transpose,O2,33960.305119,0.033960,0.000034,2724174,80.223729,17.760005,97.983734,0,10,1,1,16,8,121192,121192,1362087,2724174,24,11,2.000000,45,6
CSR OMP Transpose,O2,33975.688135,0.033976,0.000034,2724174,80.188346,17.719377,97.907723,0,10,1,1,64,8,121192,121192,1362087,2724174,24,11,2.000000,45,6
CSR OMP Transpose,O2,34061.703834,0.034062,0.000034,2724174,79.986221,17.683578,97.669799,0,10,1,1,128,8,121192,121192,1362087,2724174,24,11,2.000000,45,6
CSR OMP Transpose,O2,34018.619801,0.034019,0.000034,2724174,80.086540,17.670396,97.756936,0,10,1,1,16,16,121192,121192,1362087,2724174,24,11,2.000000,45,6
CSR OMP Transpose,O2,34025.169205,0.034025,0.000034,2724174,80.072509,17.730109,97.802618,0,10,1,1,64,16,121192,121192,1362087,2724174,24,11,2.000000,45,6
CSR OMP Transpose,O2,33966.041155,0.033966,0.000034,2724174,80.213556,17.756418,97.969974,0,10,1,1,128,16,121192,121192,1362087,2724174,24,11,2.000000,45,6
CSR OMP Transpose,O2,33041.848559,0.033042,0.000033,2724174,82.446255,17.774282,100.220537,0,10,1,1,16,32,121192,121192,1362087,2724174,24,11,2.000000,45,6
CSR OMP Transpose,O2,33977.093707,0.033977,0.000034,2724174,80.183946,17.672267,97.856212,0,10,1,1,64,32,121192,121192,1362087,2724174,24,11,2.000000,45,6
CSR OMP Transpose,O2,34069.618377,0.034070,0.000034,2724174,79.967505,17.640271,97.607775,0,10,1,1,128,32,121192,121192,1362087,2724174,24,11,2.000000,45,6
