Name,-O,FLOPS,MFLOPS,GFLOPS,FOP Count,Avg Run Time (s),Format Time (s),Total Time (s),Verification,Iters,Block Row,Block Col,K-Bound,Threads,Rows,Cols,NNZ,NNZ*2,Max Cols,Avg Cols,Col Ratio,Variance,Std Deviation
CSR GPU Transpose,O2,33741.743846,0.033742,0.000034,2724174,80.781839,17.611345,98.393184,0,10,1,1,16,-1,121192,121192,1362087,2724174,24,11,2.000000,45,6
CSR GPU Transpose,O2,33568.243414,0.033568,0.000034,2724174,81.162607,17.742901,98.905508,0,10,1,1,64,-1,121192,121192,1362087,2724174,24,11,2.000000,45,6
CSR GPU Transpose,O2,33931.915468,0.033932,0.000034,2724174,80.291023,17.688269,97.979292,0,10,1,1,128,-1,121192,121192,1362087,2724174,24,11,2.000000,45,6
