Name,-O,FLOPS,MFLOPS,GFLOPS,FOP Count,Avg Run Time (s),Format Time (s),Total Time (s),Verification,Iters,Block Row,Block Col,K-Bound,Threads,Rows,Cols,NNZ,NNZ*2,Max Cols,Avg Cols,Col Ratio,Variance,Std Deviation
CSR OMP Transpose,O2,4287985084.105833,4287.985084,4.287985,348694272,0.103814,95.184152,95.287966,0,10,1,1,128,8,121192,121192,1362087,2724174,24,11,2.000000,45,6
CSR OMP Transpose,O2,3801180699.799300,3801.180700,3.801181,348694272,0.105416,95.002208,95.107624,0,10,1,1,128,16,121192,121192,1362087,2724174,24,11,2.000000,45,6
CSR OMP Transpose,O2,3852106553.633935,3852.106554,3.852107,348694272,0.100019,82.458568,82.558587,0,10,1,1,128,32,121192,121192,1362087,2724174,24,11,2.000000,45,6
