Name,-O,FLOPS,MFLOPS,GFLOPS,FOP Count,Avg Run Time (s),Format Time (s),Total Time (s),Verification,Iters,Block Row,Block Col,K-Bound,Threads,Rows,Cols,NNZ,NNZ*2,Max Cols,Avg Cols,Col Ratio,Variance,Std Deviation
COO Serial,O2,31003541.584988,31.003542,0.031004,2724174,0.093307,78.457517,78.550824,0,10,1,1,16,-1,121192,121192,1362087,2724174,24,11,2.000000,45,6
COO Serial,O2,20711428.496456,20.711428,0.020711,2724174,0.137819,77.984843,78.122662,0,10,1,1,64,-1,121192,121192,1362087,2724174,24,11,2.000000,45,6
COO Serial,O2,15173382.956415,15.173383,0.015173,2724174,0.191683,79.353307,79.544990,0,10,1,1,128,-1,121192,121192,1362087,2724174,24,11,2.000000,45,6
