Name,-O,FLOPS,MFLOPS,GFLOPS,FOP Count,Avg Run Time (s),Format Time (s),Total Time (s),Verification,Iters,Block Row,Block Col,K-Bound,Threads,Rows,Cols,NNZ,NNZ*2,Max Cols,Avg Cols,Col Ratio,Variance,Std Deviation
COO OMP,O2,inf,inf,inf,21793392,0.000000,17.402873,17.402873,798743,10,1,1,8,32,121192,121192,1362087,2724174,24,11,2.000000,45,6
COO OMP,O2,2110536325.627447,2110.536326,2.110536,43586784,0.022411,17.676798,17.699209,0,10,1,1,16,32,121192,121192,1362087,2724174,24,11,2.000000,45,6
COO OMP,O2,6002157191.541081,6002.157192,6.002157,174347136,0.030677,17.649594,17.680270,0,10,1,1,64,32,121192,121192,1362087,2724174,24,11,2.000000,45,6
COO OMP,O2,9186342270.683233,9186.342271,9.186342,348694272,0.039448,17.688073,17.727520,0,10,1,1,128,32,121192,121192,1362087,2724174,24,11,2.000000,45,6
COO OMP,O2,inf,inf,inf,697388544,0.000000,17.674284,17.674284,25559807,10,1,1,256,32,121192,121192,1362087,2724174,24,11,2.000000,45,6
COO OMP,O2,inf,inf,inf,1394777088,0.000000,17.374644,17.374644,51119615,10,1,1,512,32,121192,121192,1362087,2724174,24,11,2.000000,45,6
COO OMP,O2,inf,inf,inf,2800450872,0.000000,17.520293,17.520293,102638603,10,1,1,1028,32,121192,121192,1362087,2724174,24,11,2.000000,45,6
