Name,-O,FLOPS,MFLOPS,GFLOPS,FOP Count,Avg Run Time (s),Format Time (s),Total Time (s),Verification,Iters,Block Row,Block Col,K-Bound,Threads,Rows,Cols,NNZ,NNZ*2,Max Cols,Avg Cols,Col Ratio,Variance,Std Deviation
ELL OMP,O2,inf,inf,inf,21793392,0.000000,87.172749,87.172749,798743,10,1,1,8,32,121192,121192,1362087,2724174,24,11,2.000000,45,6
ELL OMP,O2,2566014421.642150,2566.014422,2.566014,43586784,0.028018,94.662064,94.690082,0,10,1,1,16,32,121192,121192,1362087,2724174,24,11,2.000000,45,6
ELL OMP,O2,6643318458.998678,6643.318459,6.643318,174347136,0.039184,95.693691,95.732875,0,10,1,1,64,32,121192,121192,1362087,2724174,24,11,2.000000,45,6
ELL OMP,O2,8276897928.844516,8276.897929,8.276898,348694272,0.063802,91.108852,91.172654,0,10,1,1,128,32,121192,121192,1362087,2724174,24,11,2.000000,45,6
ELL OMP,O2,inf,inf,inf,697388544,0.000000,95.820119,95.820119,25559807,10,1,1,256,32,121192,121192,1362087,2724174,24,11,2.000000,45,6
ELL OMP,O2,inf,inf,inf,1394777088,0.000000,95.758886,95.758886,51119615,10,1,1,512,32,121192,121192,1362087,2724174,24,11,2.000000,45,6
ELL OMP,O2,inf,inf,inf,2800450872,0.000000,86.174698,86.174698,102638603,10,1,1,1028,32,121192,121192,1362087,2724174,24,11,2.000000,45,6
