Name,-O,FLOPS,MFLOPS,GFLOPS,FOP Count,Avg Run Time (s),Format Time (s),Total Time (s),Verification,Iters,Block Row,Block Col,K-Bound,Threads,Rows,Cols,NNZ,NNZ*2,Max Cols,Avg Cols,Col Ratio,Variance,Std Deviation
BCSR Serial Transpose,O2,1107710781.203981,1107.710781,1.107711,348694272,0.314790,17.933425,18.248216,12710912,10,2,2,128,-1,121192,121192,1362087,2724174,24,11,2.000000,45,6
BCSR Serial Transpose,O2,532804386.158427,532.804386,0.532804,348694272,0.654458,17.902399,18.556857,12712192,10,4,4,128,-1,121192,121192,1362087,2724174,24,11,2.000000,45,6
BCSR Serial Transpose,O2,73543429.200373,73.543429,0.073543,348694272,4.741339,18.882972,23.624311,12708992,10,16,16,128,-1,121192,121192,1362087,2724174,24,11,2.000000,45,6
