Name,-O,FLOPS,MFLOPS,GFLOPS,FOP Count,Avg Run Time (s),Format Time (s),Total Time (s),Verification,Iters,Block Row,Block Col,K-Bound,Threads,Rows,Cols,NNZ,NNZ*2,Max Cols,Avg Cols,Col Ratio,Variance,Std Deviation
CSR Serial,O2,28218310.020825,28.218310,0.028218,2724174,0.102332,83.167712,83.270044,0,10,1,1,16,-1,121192,121192,1362087,2724174,24,11,2.000000,45,6
CSR Serial,O2,14327017.596180,14.327018,0.014327,2724174,0.194110,82.729245,82.923355,0,10,1,1,64,-1,121192,121192,1362087,2724174,24,11,2.000000,45,6
CSR Serial,O2,12307027.867193,12.307028,0.012307,2724174,0.223392,82.921300,83.144692,0,10,1,1,128,-1,121192,121192,1362087,2724174,24,11,2.000000,45,6
