Name,-O,FLOPS,MFLOPS,GFLOPS,FOP Count,Avg Run Time (s),Format Time (s),Total Time (s),Verification,Iters,Block Row,Block Col,K-Bound,Threads,Rows,Cols,NNZ,NNZ*2,Max Cols,Avg Cols,Col Ratio,Variance,Std Deviation
CSR Serial,O2,34863879.128577,34.863879,0.034864,2724174,0.087818,165.204973,165.292791,0,10,1,1,16,-1,121192,121192,1362087,2724174,24,11,2.000000,45,6
CSR Serial,O2,19439084.674077,19.439085,0.019439,2724174,0.186056,157.434492,157.620548,0,10,1,1,64,-1,121192,121192,1362087,2724174,24,11,2.000000,45,6
CSR Serial,O2,12306109.639075,12.306110,0.012306,2724174,0.239724,169.729413,169.969137,0,10,1,1,128,-1,121192,121192,1362087,2724174,24,11,2.000000,45,6
