Name,-O,FLOPS,MFLOPS,GFLOPS,FOP Count,Avg Run Time (s),Format Time (s),Total Time (s),Verification,Iters,Block Row,Block Col,K-Bound,Threads,Rows,Cols,NNZ,NNZ*2,Max Cols,Avg Cols,Col Ratio,Variance,Std Deviation
BCSR Serial Transpose,O2,762478601.150350,762.478601,0.762479,348694272,0.470892,87.098624,87.569516,12710912,10,2,2,128,-1,121192,121192,1362087,2724174,24,11,2.000000,45,6
BCSR Serial Transpose,O2,329153534.523891,329.153535,0.329154,348694272,1.070956,90.841233,91.912189,12712192,10,4,4,128,-1,121192,121192,1362087,2724174,24,11,2.000000,45,6
BCSR Serial Transpose,O2,56543018.787152,56.543019,0.056543,348694272,6.176654,94.761271,100.937925,12708992,10,16,16,128,-1,121192,121192,1362087,2724174,24,11,2.000000,45,6
