Name,-O,FLOPS,MFLOPS,GFLOPS,FOP Count,Avg Run Time (s),Format Time (s),Total Time (s),Verification,Iters,Block Row,Block Col,K-Bound,Threads,Rows,Cols,NNZ,NNZ*2,Max Cols,Avg Cols,Col Ratio,Variance,Std Deviation
BCSR Serial Transpose,O2,50262.870830,0.050263,0.000050,4272056,85.027309,18.004373,103.031682,1588864,10,2,2,16,-1,121192,121192,1362087,2724174,24,11,2.000000,45,6
BCSR Serial Transpose,O2,139311.081825,0.139311,0.000139,11574624,83.085241,17.917060,101.002301,1589024,10,4,4,16,-1,121192,121192,1362087,2724174,24,11,2.000000,45,6
BCSR Serial Transpose,O2,1321877.243869,1.321877,0.001322,109372416,82.801906,19.271632,102.073538,1588624,10,16,16,16,-1,121192,121192,1362087,2724174,24,11,2.000000,45,6
BCSR Serial Transpose,O2,53493.273658,0.053493,0.000053,4272056,79.861777,18.276394,98.138171,6355456,10,2,2,64,-1,121192,121192,1362087,2724174,24,11,2.000000,45,6
BCSR Serial Transpose,O2,136024.606801,0.136025,0.000136,11574624,85.100263,18.186356,103.286619,6356096,10,4,4,64,-1,121192,121192,1362087,2724174,24,11,2.000000,45,6
BCSR Serial Transpose,O2,1247350.255605,1.247350,0.001247,109372416,87.683817,19.280185,106.964002,6354496,10,16,16,64,-1,121192,121192,1362087,2724174,24,11,2.000000,45,6
BCSR Serial Transpose,O2,48609.582281,0.048610,0.000049,4272056,87.885069,17.928370,105.813439,12710912,10,2,2,128,-1,121192,121192,1362087,2724174,24,11,2.000000,45,6
BCSR Serial Transpose,O2,135653.387250,0.135653,0.000136,11574624,85.325069,17.966794,103.291863,12712192,10,4,4,128,-1,121192,121192,1362087,2724174,24,11,2.000000,45,6
BCSR Serial Transpose,O2,1210556.038700,1.210556,0.001211,109372416,90.348914,19.154994,109.503908,12708992,10,16,16,128,-1,121192,121192,1362087,2724174,24,11,2.000000,45,6
