Name,-O,FLOPS,MFLOPS,GFLOPS,FOP Count,Avg Run Time (s),Format Time (s),Total Time (s),Verification,Iters,Block Row,Block Col,K-Bound,Threads,Rows,Cols,NNZ,NNZ*2,Max Cols,Avg Cols,Col Ratio,Variance,Std Deviation
ELL OMP,O2,119033247.132922,119.033247,0.119033,2724174,0.034852,82.413188,82.448040,0,10,1,1,16,8,121192,121192,1362087,2724174,24,11,2.000000,45,6
ELL OMP,O2,62552376.967500,62.552377,0.062552,2724174,0.062087,82.604187,82.666274,0,10,1,1,64,8,121192,121192,1362087,2724174,24,11,2.000000,45,6
ELL OMP,O2,48569187.607000,48.569188,0.048569,2724174,0.061112,82.451668,82.512780,0,10,1,1,128,8,121192,121192,1362087,2724174,24,11,2.000000,45,6
ELL OMP,O2,169751237.096522,169.751237,0.169751,2724174,0.027962,82.213711,82.241673,0,10,1,1,16,16,121192,121192,1362087,2724174,24,11,2.000000,45,6
ELL OMP,O2,112419128.787486,112.419129,0.112419,2724174,0.030984,82.757976,82.788960,0,10,1,1,64,16,121192,121192,1362087,2724174,24,11,2.000000,45,6
ELL OMP,O2,82895618.068915,82.895618,0.082896,2724174,0.040655,82.380900,82.421555,0,10,1,1,128,16,121192,121192,1362087,2724174,24,11,2.000000,45,6
ELL OMP,O2,191525628.282399,191.525628,0.191526,2724174,0.043205,82.575588,82.618793,0,10,1,1,16,32,121192,121192,1362087,2724174,24,11,2.000000,45,6
ELL OMP,O2,103397451.091217,103.397451,0.103397,2724174,0.052390,82.414369,82.466759,0,10,1,1,64,32,121192,121192,1362087,2724174,24,11,2.000000,45,6
ELL OMP,O2,98261220.793854,98.261221,0.098261,2724174,0.046124,82.431110,82.477234,0,10,1,1,128,32,121192,121192,1362087,2724174,24,11,2.000000,45,6
