Name,Avg Run Time (s),Format Time (s),Total Time (s),GFLOPS,Verification,Iters,Block Row,Block Col,K-Bound,Threads,FOP Count,Rows,Cols,NNZ,Max Cols,Avg Cols,Variance,Std Deviation
ell_omp_O3,0.053242,17.649062,17.702303,13411.433779,0,10,1,1,16,8,705000041472,121192,121192,1362087,24,11,45,6
ell_omp_collapse_O3,0.050729,17.086700,17.137429,13993.361086,0,10,1,1,16,8,705000041472,121192,121192,1362087,24,11,45,6
ell_omp_O3,0.039073,17.935147,17.974220,18367.120580,0,10,1,1,16,16,705000041472,121192,121192,1362087,24,11,45,6
ell_omp_collapse_O3,0.042305,17.995989,18.038294,17082.442693,0,10,1,1,16,16,705000041472,121192,121192,1362087,24,11,45,6
ell_omp_O3,0.029899,18.155580,18.185479,25274.124032,0,10,1,1,16,32,705000041472,121192,121192,1362087,24,11,45,6
ell_omp_collapse_O3,0.031223,18.476500,18.507723,23724.146710,0,10,1,1,16,32,705000041472,121192,121192,1362087,24,11,45,6
