Name,-O,FLOPS,MFLOPS,GFLOPS,FOP Count,Avg Run Time (s),Format Time (s),Total Time (s),Verification,Iters,Block Row,Block Col,K-Bound,Threads,Rows,Cols,NNZ,NNZ*2,Max Cols,Avg Cols,Col Ratio,Variance,Std Deviation
BCSR OMP Transpose,O2,3937028859.552473,3937.028860,3.937029,348694272,0.110352,94.686547,94.796899,12710912,10,2,2,128,8,121192,121192,1362087,2724174,24,11,2.000000,45,6
BCSR OMP Transpose,O2,1761687093.357422,1761.687093,1.761687,348694272,0.207016,96.197790,96.404806,12712192,10,4,4,128,8,121192,121192,1362087,2724174,24,11,2.000000,45,6
BCSR OMP Transpose,O2,237288741.420767,237.288741,0.237289,348694272,1.482055,98.567659,100.049714,12708992,10,16,16,128,8,121192,121192,1362087,2724174,24,11,2.000000,45,6
BCSR OMP Transpose,O2,4113487965.171163,4113.487965,4.113488,348694272,0.095573,95.877065,95.972638,12710912,10,2,2,128,16,121192,121192,1362087,2724174,24,11,2.000000,45,6
BCSR OMP Transpose,O2,3106289705.401755,3106.289705,3.106290,348694272,0.124723,96.308163,96.432886,12712192,10,4,4,128,16,121192,121192,1362087,2724174,24,11,2.000000,45,6
BCSR OMP Transpose,O2,460836947.281854,460.836947,0.460837,348694272,0.761978,98.472713,99.234691,12708992,10,16,16,128,16,121192,121192,1362087,2724174,24,11,2.000000,45,6
BCSR OMP Transpose,O2,4145791767.917227,4145.791768,4.145792,348694272,0.089883,87.763647,87.853530,12710912,10,2,2,128,32,121192,121192,1362087,2724174,24,11,2.000000,45,6
BCSR OMP Transpose,O2,2483990313.080205,2483.990313,2.483990,348694272,0.142712,95.352757,95.495469,12712192,10,4,4,128,32,121192,121192,1362087,2724174,24,11,2.000000,45,6
BCSR OMP Transpose,O2,754374416.975005,754.374417,0.754374,348694272,0.465124,98.076868,98.541992,12708992,10,16,16,128,32,121192,121192,1362087,2724174,24,11,2.000000,45,6
