Name,-O,FLOPS,MFLOPS,GFLOPS,FOP Count,Avg Run Time (s),Format Time (s),Total Time (s),Verification,Iters,Block Row,Block Col,K-Bound,Threads,Rows,Cols,NNZ,NNZ*2,Max Cols,Avg Cols,Col Ratio,Variance,Std Deviation
CSR OMP,O2,82411221.783356,82.411222,0.082411,2724174,0.063737,81.622664,81.686401,0,10,1,1,16,8,121192,121192,1362087,2724174,24,11,2.000000,45,6
CSR OMP,O2,57650120.857323,57.650121,0.057650,2724174,0.063724,83.385647,83.449371,0,10,1,1,64,8,121192,121192,1362087,2724174,24,11,2.000000,45,6
CSR OMP,O2,50875426.979839,50.875427,0.050875,2724174,0.081743,81.221397,81.303140,0,10,1,1,128,8,121192,121192,1362087,2724174,24,11,2.000000,45,6
CSR OMP,O2,94819972.658450,94.819973,0.094820,2724174,0.057717,83.117358,83.175075,0,10,1,1,16,16,121192,121192,1362087,2724174,24,11,2.000000,45,6
CSR OMP,O2,75694947.055300,75.694947,0.075695,2724174,0.065437,80.648297,80.713734,0,10,1,1,64,16,121192,121192,1362087,2724174,24,11,2.000000,45,6
CSR OMP,O2,52052411.143977,52.052411,0.052052,2724174,0.079144,80.362894,80.442038,0,10,1,1,128,16,121192,121192,1362087,2724174,24,11,2.000000,45,6
CSR OMP,O2,91719038.762861,91.719039,0.091719,2724174,0.049512,83.344148,83.393660,0,10,1,1,16,32,121192,121192,1362087,2724174,24,11,2.000000,45,6
CSR OMP,O2,97901021.666981,97.901022,0.097901,2724174,0.050057,83.178775,83.228832,0,10,1,1,64,32,121192,121192,1362087,2724174,24,11,2.000000,45,6
CSR OMP,O2,76998264.687627,76.998265,0.076998,2724174,0.053352,82.704648,82.757999,0,10,1,1,128,32,121192,121192,1362087,2724174,24,11,2.000000,45,6
