Name,Avg Run Time (s),Format Time (s),Total Time (s),GFLOPS,Verification,Iters,Block Row,Block Col,K-Bound,Threads,FOP Count,Rows,Cols,NNZ,Max Cols,Avg Cols,Variance,Std Deviation
ell_omp_O2,0.107776,166.771095,166.878871,12910.227637,0,10,1,1,16,8,705000041472,121192,121192,1362087,24,11,45,6
ell_omp_collapse_O2,0.070834,170.006095,170.076929,11440.112468,0,10,1,1,16,8,705000041472,121192,121192,1362087,24,11,45,6
ell_omp_O2,0.103360,166.737980,166.841340,20776.352494,0,10,1,1,16,16,705000041472,121192,121192,1362087,24,11,45,6
ell_omp_collapse_O2,0.052329,174.592397,174.644726,16290.089395,0,10,1,1,16,16,705000041472,121192,121192,1362087,24,11,45,6
ell_omp_O2,0.071120,171.668568,171.739687,20056.922615,0,10,1,1,16,32,705000041472,121192,121192,1362087,24,11,45,6
ell_omp_collapse_O2,0.045340,169.491433,169.536773,20283.394651,0,10,1,1,16,32,705000041472,121192,121192,1362087,24,11,45,6
