Name,-O,FLOPS,MFLOPS,GFLOPS,FOP Count,Avg Run Time (s),Format Time (s),Total Time (s),Verification,Iters,Block Row,Block Col,K-Bound,Threads,Rows,Cols,NNZ,NNZ*2,Max Cols,Avg Cols,Col Ratio,Variance,Std Deviation
CSR OMP,O2,134133885.332030,134.133885,0.134134,2724174,0.023439,82.267772,82.291211,0,10,1,1,16,8,121192,121192,1362087,2724174,24,11,2.000000,45,6
CSR OMP,O2,79970490.200789,79.970490,0.079970,2724174,0.036647,82.273221,82.309868,0,10,1,1,64,8,121192,121192,1362087,2724174,24,11,2.000000,45,6
CSR OMP,O2,58440273.175967,58.440273,0.058440,2724174,0.048708,82.390559,82.439267,0,10,1,1,128,8,121192,121192,1362087,2724174,24,11,2.000000,45,6
CSR OMP,O2,165164816.879499,165.164817,0.165165,2724174,0.043093,82.322309,82.365402,0,10,1,1,16,16,121192,121192,1362087,2724174,24,11,2.000000,45,6
CSR OMP,O2,126146939.453914,126.146939,0.126147,2724174,0.028373,82.358837,82.387210,0,10,1,1,64,16,121192,121192,1362087,2724174,24,11,2.000000,45,6
CSR OMP,O2,97270862.414370,97.270862,0.097271,2724174,0.033096,82.298036,82.331132,0,10,1,1,128,16,121192,121192,1362087,2724174,24,11,2.000000,45,6
CSR OMP,O2,161581806.662257,161.581807,0.161582,2724174,0.038906,82.274860,82.313766,0,10,1,1,16,32,121192,121192,1362087,2724174,24,11,2.000000,45,6
CSR OMP,O2,129589265.264598,129.589265,0.129589,2724174,0.043746,82.281341,82.325087,0,10,1,1,64,32,121192,121192,1362087,2724174,24,11,2.000000,45,6
CSR OMP,O2,103174689.527003,103.174690,0.103175,2724174,0.047606,82.254069,82.301674,0,10,1,1,128,32,121192,121192,1362087,2724174,24,11,2.000000,45,6
