Name,-O,FLOPS,MFLOPS,GFLOPS,FOP Count,Avg Run Time (s),Format Time (s),Total Time (s),Verification,Iters,Block Row,Block Col,K-Bound,Threads,Rows,Cols,NNZ,NNZ*2,Max Cols,Avg Cols,Col Ratio,Variance,Std Deviation
BCSR GPU,O2,92521992.255588,92.521992,0.092522,2724174,0.032692,17.659853,17.692545,1588864,10,2,2,16,-1,121192,121192,1362087,2724174,24,11,2.000000,45,6
BCSR GPU,O2,69973700.589693,69.973701,0.069974,2724174,0.042268,17.783295,17.825563,1589024,10,4,4,16,-1,121192,121192,1362087,2724174,24,11,2.000000,45,6
BCSR GPU,O2,27882244.458250,27.882244,0.027882,2724174,0.099955,18.812935,18.912890,1588624,10,16,16,16,-1,121192,121192,1362087,2724174,24,11,2.000000,45,6
BCSR GPU,O2,70255579.397419,70.255579,0.070256,2724174,0.044376,17.686037,17.730413,6355456,10,2,2,64,-1,121192,121192,1362087,2724174,24,11,2.000000,45,6
BCSR GPU,O2,49480660.536687,49.480661,0.049481,2724174,0.059000,17.820748,17.879749,6356096,10,4,4,64,-1,121192,121192,1362087,2724174,24,11,2.000000,45,6
BCSR GPU,O2,18988588.332973,18.988588,0.018989,2724174,0.146646,18.865281,19.011927,6354496,10,16,16,64,-1,121192,121192,1362087,2724174,24,11,2.000000,45,6
BCSR GPU,O2,56898455.020875,56.898455,0.056898,2724174,0.051458,17.768358,17.819816,12710912,10,2,2,128,-1,121192,121192,1362087,2724174,24,11,2.000000,45,6
BCSR GPU,O2,38061730.826293,38.061731,0.038062,2724174,0.074062,17.778500,17.852562,12712192,10,4,4,128,-1,121192,121192,1362087,2724174,24,11,2.000000,45,6
BCSR GPU,O2,14349699.727327,14.349700,0.014350,2724174,0.191610,18.858883,19.050493,12708992,10,16,16,128,-1,121192,121192,1362087,2724174,24,11,2.000000,45,6
