Name,-O,FLOPS,MFLOPS,GFLOPS,FOP Count,Avg Run Time (s),Format Time (s),Total Time (s),Verification,Iters,Block Row,Block Col,K-Bound,Threads,Rows,Cols,NNZ,NNZ*2,Max Cols,Avg Cols,Col Ratio,Variance,Std Deviation
ELL GPU,O2,271805895.622759,271.805896,0.271806,5817216,0.025992,17.734226,17.760218,0,10,1,1,16,-1,121192,121192,1362087,2724174,24,11,2.000000,45,6
ELL GPU,O2,161449231.372283,161.449231,0.161449,5817216,0.040761,18.009292,18.050053,0,10,1,1,64,-1,121192,121192,1362087,2724174,24,11,2.000000,45,6
ELL GPU,O2,122185945.857385,122.185946,0.122186,5817216,0.051353,17.910166,17.961519,0,10,1,1,128,-1,121192,121192,1362087,2724174,24,11,2.000000,45,6
