Name,-O,FLOPS,MFLOPS,GFLOPS,FOP Count,Avg Run Time (s),Format Time (s),Total Time (s),Verification,Iters,Block Row,Block Col,K-Bound,Threads,Rows,Cols,NNZ,NNZ*2,Max Cols,Avg Cols,Col Ratio,Variance,Std Deviation
BCSR OMP,O2,119879161.001092,119.879161,0.119879,21793392,0.183257,17.518165,17.701422,794512,10,4,4,8,32,121192,121192,1362087,2724174,24,11,2.000000,45,6
BCSR OMP,O2,238317067.655488,238.317068,0.238317,43586784,0.184203,17.546645,17.730848,1589024,10,4,4,16,32,121192,121192,1362087,2724174,24,11,2.000000,45,6
BCSR OMP,O2,772302486.957567,772.302487,0.772302,174347136,0.226388,17.530247,17.756635,6356096,10,4,4,64,32,121192,121192,1362087,2724174,24,11,2.000000,45,6
BCSR OMP,O2,1282479402.600257,1282.479403,1.282479,348694272,0.272224,17.520962,17.793186,12712192,10,4,4,128,32,121192,121192,1362087,2724174,24,11,2.000000,45,6
BCSR OMP,O2,1880954927.377541,1880.954927,1.880955,697388544,0.370941,17.534978,17.905919,25424384,10,4,4,256,32,121192,121192,1362087,2724174,24,11,2.000000,45,6
BCSR OMP,O2,2449490237.892207,2449.490238,2.449490,1394777088,0.569536,17.553229,18.122765,50848768,10,4,4,512,32,121192,121192,1362087,2724174,24,11,2.000000,45,6
BCSR OMP,O2,3212454545.064908,3212.454545,3.212455,2800450872,0.871777,17.758128,18.629906,102094792,10,4,4,1028,32,121192,121192,1362087,2724174,24,11,2.000000,45,6
