Name,-O,FLOPS,MFLOPS,GFLOPS,FOP Count,Avg Run Time (s),Format Time (s),Total Time (s),Verification,Iters,Block Row,Block Col,K-Bound,Threads,Rows,Cols,NNZ,NNZ*2,Max Cols,Avg Cols,Col Ratio,Variance,Std Deviation
ELL THREADS,O2,114182589.993122,114.182590,0.114183,2724174,0.023965,17.164759,17.188724,0,5,1,1,16,72,121192,121192,1362087,2724174,24,11,2.000000,45,6
ELL THREADS,O2,81366431.475410,81.366431,0.081366,2724174,0.034801,17.290242,17.325043,0,5,1,1,64,72,121192,121192,1362087,2724174,24,11,2.000000,45,6
ELL THREADS,O2,61355935.915729,61.355936,0.061356,2724174,0.045684,17.320373,17.366057,0,5,1,1,128,72,121192,121192,1362087,2724174,24,11,2.000000,45,6
