Name,-O,FLOPS,MFLOPS,GFLOPS,FOP Count,Avg Run Time (s),Format Time (s),Total Time (s),Verification,Iters,Block Row,Block Col,K-Bound,Threads,Rows,Cols,NNZ,NNZ*2,Max Cols,Avg Cols,Col Ratio,Variance,Std Deviation
COO GPU Transpose,O2,553585.263785,0.553585,0.000554,2724174,4.921039,17.288599,22.209638,0,10,1,1,16,-1,121192,121192,1362087,2724174,24,11,2.000000,45,6
COO GPU Transpose,O2,548342.502566,0.548343,0.000548,2724174,4.968709,17.355556,22.324265,0,10,1,1,64,-1,121192,121192,1362087,2724174,24,11,2.000000,45,6
COO GPU Transpose,O2,548287.434646,0.548287,0.000548,2724174,4.968626,17.408783,22.377409,0,10,1,1,128,-1,121192,121192,1362087,2724174,24,11,2.000000,45,6
