Name,-O,FLOPS,MFLOPS,GFLOPS,FOP Count,Avg Run Time (s),Format Time (s),Total Time (s),Verification,Iters,Block Row,Block Col,K-Bound,Threads,Rows,Cols,NNZ,NNZ*2,Max Cols,Avg Cols,Col Ratio,Variance,Std Deviation
COO Serial,O2,409512326.292938,409.512326,0.409512,43586784,0.117059,83.146717,83.263776,0,10,1,1,16,-1,121192,121192,1362087,2724174,24,11,2.000000,45,6
COO Serial,O2,1183474888.536107,1183.474889,1.183475,174347136,0.163128,83.245736,83.408864,0,10,1,1,64,-1,121192,121192,1362087,2724174,24,11,2.000000,45,6
COO Serial,O2,1765796534.283874,1765.796534,1.765797,348694272,0.211491,83.208654,83.420145,0,10,1,1,128,-1,121192,121192,1362087,2724174,24,11,2.000000,45,6
