Name,-O,FLOPS,MFLOPS,GFLOPS,FOP Count,Avg Run Time (s),Format Time (s),Total Time (s),Verification,Iters,Block Row,Block Col,K-Bound,Threads,Rows,Cols,NNZ,NNZ*2,Max Cols,Avg Cols,Col Ratio,Variance,Std Deviation
BCSR OMP,O2,202492901.509834,202.492902,0.202493,43586784,0.268920,83.886939,84.155859,1589024,10,4,4,16,8,121192,121192,1362087,2724174,24,11,2.000000,45,6
BCSR OMP,O2,774230987.801985,774.230988,0.774231,174347136,0.311652,71.946679,72.258332,6356096,10,4,4,64,8,121192,121192,1362087,2724174,24,11,2.000000,45,6
BCSR OMP,O2,908731399.684400,908.731400,0.908731,348694272,0.424463,83.923952,84.348415,12712192,10,4,4,128,8,121192,121192,1362087,2724174,24,11,2.000000,45,6
BCSR OMP,O2,187894664.734489,187.894665,0.187895,43586784,0.266171,83.854039,84.120210,1589024,10,4,4,16,16,121192,121192,1362087,2724174,24,11,2.000000,45,6
BCSR OMP,O2,590767597.640459,590.767598,0.590768,174347136,0.389941,83.940738,84.330679,6356096,10,4,4,64,16,121192,121192,1362087,2724174,24,11,2.000000,45,6
BCSR OMP,O2,738221492.015460,738.221492,0.738221,348694272,0.543087,84.618383,85.161470,12712192,10,4,4,128,16,121192,121192,1362087,2724174,24,11,2.000000,45,6
BCSR OMP,O2,169766905.419920,169.766905,0.169767,43586784,0.313160,84.595759,84.908919,1589024,10,4,4,16,32,121192,121192,1362087,2724174,24,11,2.000000,45,6
BCSR OMP,O2,619427948.946430,619.427949,0.619428,174347136,0.360581,84.425065,84.785646,6356096,10,4,4,64,32,121192,121192,1362087,2724174,24,11,2.000000,45,6
BCSR OMP,O2,1021398699.718146,1021.398700,1.021399,348694272,0.432543,84.391787,84.824331,12712192,10,4,4,128,32,121192,121192,1362087,2724174,24,11,2.000000,45,6
