Name,-O,FLOPS,MFLOPS,GFLOPS,FOP Count,Avg Run Time (s),Format Time (s),Total Time (s),Verification,Iters,Block Row,Block Col,K-Bound,Threads,Rows,Cols,NNZ,NNZ*2,Max Cols,Avg Cols,Col Ratio,Variance,Std Deviation
BCSR Serial,O2,28636830.507065,28.636831,0.028637,2724174,0.099322,83.298944,83.398266,1588864,10,2,2,16,-1,121192,121192,1362087,2724174,24,11,2.000000,45,6
BCSR Serial,O2,25012491.638515,25.012492,0.025012,2724174,0.116902,82.450761,82.567663,1589024,10,4,4,16,-1,121192,121192,1362087,2724174,24,11,2.000000,45,6
BCSR Serial,O2,3072513.705031,3.072514,0.003073,2724174,0.888709,84.816107,85.704816,1588624,10,16,16,16,-1,121192,121192,1362087,2724174,24,11,2.000000,45,6
BCSR Serial,O2,14181847.671084,14.181848,0.014182,2724174,0.195508,82.538597,82.734105,6355456,10,2,2,64,-1,121192,121192,1362087,2724174,24,11,2.000000,45,6
BCSR Serial,O2,8714803.666520,8.714804,0.008715,2724174,0.314051,82.428925,82.742976,6356096,10,4,4,64,-1,121192,121192,1362087,2724174,24,11,2.000000,45,6
BCSR Serial,O2,1376507.356984,1.376507,0.001377,2724174,1.985997,84.373493,86.359490,6354496,10,16,16,64,-1,121192,121192,1362087,2724174,24,11,2.000000,45,6
BCSR Serial,O2,11992999.600404,11.993000,0.011993,2724174,0.230417,82.477756,82.708173,12710912,10,2,2,128,-1,121192,121192,1362087,2724174,24,11,2.000000,45,6
BCSR Serial,O2,5180086.250747,5.180086,0.005180,2724174,0.528125,82.551359,83.079484,12712192,10,4,4,128,-1,121192,121192,1362087,2724174,24,11,2.000000,45,6
BCSR Serial,O2,854435.773834,0.854436,0.000854,2724174,3.200329,84.706717,87.907046,12708992,10,16,16,128,-1,121192,121192,1362087,2724174,24,11,2.000000,45,6
