Name,-O,FLOPS,MFLOPS,GFLOPS,FOP Count,Avg Run Time (s),Format Time (s),Total Time (s),Verification,Iters,Block Row,Block Col,K-Bound,Threads,Rows,Cols,NNZ,NNZ*2,Max Cols,Avg Cols,Col Ratio,Variance,Std Deviation
BCSR Serial Transpose,O2,49574.380621,0.049574,0.000050,2724174,56.448083,84.333885,140.781969,1588864,10,2,2,16,-1,121192,121192,1362087,2724174,24,11,2.000000,45,6
BCSR Serial Transpose,O2,50023.476644,0.050023,0.000050,2724174,55.777098,84.545811,140.322909,1589024,10,4,4,16,-1,121192,121192,1362087,2724174,24,11,2.000000,45,6
BCSR Serial Transpose,O2,50436.539132,0.050437,0.000050,2724174,55.311784,86.415454,141.727237,1588624,10,16,16,16,-1,121192,121192,1362087,2724174,24,11,2.000000,45,6
BCSR Serial Transpose,O2,50238.615676,0.050239,0.000050,2724174,56.009008,84.357674,140.366682,6355456,10,2,2,64,-1,121192,121192,1362087,2724174,24,11,2.000000,45,6
BCSR Serial Transpose,O2,50034.314175,0.050034,0.000050,2724174,55.059180,85.336328,140.395508,6356096,10,4,4,64,-1,121192,121192,1362087,2724174,24,11,2.000000,45,6
BCSR Serial Transpose,O2,49291.259709,0.049291,0.000049,2724174,56.023267,85.814271,141.837538,6354496,10,16,16,64,-1,121192,121192,1362087,2724174,24,11,2.000000,45,6
BCSR Serial Transpose,O2,49408.633541,0.049409,0.000049,2724174,56.910222,85.477430,142.387652,12710912,10,2,2,128,-1,121192,121192,1362087,2724174,24,11,2.000000,45,6
BCSR Serial Transpose,O2,49837.616165,0.049838,0.000050,2724174,55.965359,84.983496,140.948855,12712192,10,4,4,128,-1,121192,121192,1362087,2724174,24,11,2.000000,45,6
BCSR Serial Transpose,O2,42082.113830,0.042082,0.000042,2724174,68.086569,86.188942,154.275511,12708992,10,16,16,128,-1,121192,121192,1362087,2724174,24,11,2.000000,45,6
