Name,-O,FLOPS,MFLOPS,GFLOPS,FOP Count,Avg Run Time (s),Format Time (s),Total Time (s),Verification,Iters,Block Row,Block Col,K-Bound,Threads,Rows,Cols,NNZ,NNZ*2,Max Cols,Avg Cols,Col Ratio,Variance,Std Deviation
CSR OMP,O2,inf,inf,inf,21793392,0.000000,17.649938,17.649938,798743,10,1,1,8,32,121192,121192,1362087,2724174,24,11,2.000000,45,6
CSR OMP,O2,1798628682.348749,1798.628682,1.798629,43586784,0.027135,17.899361,17.926496,0,10,1,1,16,32,121192,121192,1362087,2724174,24,11,2.000000,45,6
CSR OMP,O2,4871408079.057884,4871.408079,4.871408,174347136,0.037110,17.625139,17.662249,0,10,1,1,64,32,121192,121192,1362087,2724174,24,11,2.000000,45,6
CSR OMP,O2,7780875141.503421,7780.875142,7.780875,348694272,0.046457,17.634256,17.680713,0,10,1,1,128,32,121192,121192,1362087,2724174,24,11,2.000000,45,6
CSR OMP,O2,inf,inf,inf,697388544,0.000000,17.664370,17.664370,25559807,10,1,1,256,32,121192,121192,1362087,2724174,24,11,2.000000,45,6
CSR OMP,O2,inf,inf,inf,1394777088,0.000000,17.512024,17.512024,51119615,10,1,1,512,32,121192,121192,1362087,2724174,24,11,2.000000,45,6
CSR OMP,O2,inf,inf,inf,2800450872,0.000000,17.970629,17.970629,102638603,10,1,1,1028,32,121192,121192,1362087,2724174,24,11,2.000000,45,6
