Name,-O,FLOPS,MFLOPS,GFLOPS,FOP Count,Avg Run Time (s),Format Time (s),Total Time (s),Verification,Iters,Block Row,Block Col,K-Bound,Threads,Rows,Cols,NNZ,NNZ*2,Max Cols,Avg Cols,Col Ratio,Variance,Std Deviation
COO OMP,O2,inf,inf,inf,21793392,0.000000,95.935569,95.935569,798743,10,1,1,8,32,121192,121192,1362087,2724174,24,11,2.000000,45,6
COO OMP,O2,1654976672.691248,1654.976673,1.654977,43586784,0.051078,95.894223,95.945301,0,10,1,1,16,32,121192,121192,1362087,2724174,24,11,2.000000,45,6
COO OMP,O2,7200050689.098102,7200.050689,7.200051,174347136,0.041480,97.333325,97.374805,0,10,1,1,64,32,121192,121192,1362087,2724174,24,11,2.000000,45,6
COO OMP,O2,11113583358.189280,11113.583358,11.113583,348694272,0.048034,95.296744,95.344778,0,10,1,1,128,32,121192,121192,1362087,2724174,24,11,2.000000,45,6
COO OMP,O2,inf,inf,inf,697388544,0.000000,95.324001,95.324001,25559807,10,1,1,256,32,121192,121192,1362087,2724174,24,11,2.000000,45,6
COO OMP,O2,inf,inf,inf,1394777088,0.000000,95.569685,95.569685,51119615,10,1,1,512,32,121192,121192,1362087,2724174,24,11,2.000000,45,6
COO OMP,O2,inf,inf,inf,2800450872,0.000000,95.494385,95.494385,102638603,10,1,1,1028,32,121192,121192,1362087,2724174,24,11,2.000000,45,6
