Name,-O,FLOPS,MFLOPS,GFLOPS,FOP Count,Avg Run Time (s),Format Time (s),Total Time (s),Verification,Iters,Block Row,Block Col,K-Bound,Threads,Rows,Cols,NNZ,NNZ*2,Max Cols,Avg Cols,Col Ratio,Variance,Std Deviation
COO OMP,O2,1372519857.106480,1372.519857,1.372520,43586784,0.032092,17.465888,17.497980,0,10,1,1,16,8,121192,121192,1362087,2724174,24,11,2.000000,45,6
COO OMP,O2,3646305870.728275,3646.305871,3.646306,174347136,0.048036,17.505561,17.553597,0,10,1,1,64,8,121192,121192,1362087,2724174,24,11,2.000000,45,6
COO OMP,O2,5242542998.784526,5242.542999,5.242543,348694272,0.066744,17.516935,17.583679,0,10,1,1,128,8,121192,121192,1362087,2724174,24,11,2.000000,45,6
COO OMP,O2,1721916440.553544,1721.916441,1.721916,43586784,0.026173,17.504944,17.531117,0,10,1,1,16,16,121192,121192,1362087,2724174,24,11,2.000000,45,6
COO OMP,O2,4962996058.824373,4962.996059,4.962996,174347136,0.035974,17.457963,17.493937,0,10,1,1,64,16,121192,121192,1362087,2724174,24,11,2.000000,45,6
COO OMP,O2,7184284906.468719,7184.284906,7.184285,348694272,0.049244,17.485024,17.534268,0,10,1,1,128,16,121192,121192,1362087,2724174,24,11,2.000000,45,6
COO OMP,O2,2206921987.815060,2206.921988,2.206922,43586784,0.021581,17.521538,17.543119,0,10,1,1,16,32,121192,121192,1362087,2724174,24,11,2.000000,45,6
COO OMP,O2,5730082528.572534,5730.082529,5.730083,174347136,0.032774,17.481725,17.514499,0,10,1,1,64,32,121192,121192,1362087,2724174,24,11,2.000000,45,6
COO OMP,O2,9340621637.548374,9340.621638,9.340622,348694272,0.039136,17.516463,17.555599,0,10,1,1,128,32,121192,121192,1362087,2724174,24,11,2.000000,45,6
