Name,-O,FLOPS,MFLOPS,GFLOPS,FOP Count,Avg Run Time (s),Format Time (s),Total Time (s),Verification,Iters,Block Row,Block Col,K-Bound,Threads,Rows,Cols,NNZ,NNZ*2,Max Cols,Avg Cols,Col Ratio,Variance,Std Deviation
BCSR OMP,O2,105211598.904975,105.211599,0.105212,21793392,0.265526,97.660966,97.926492,794512,10,4,4,8,32,121192,121192,1362087,2724174,24,11,2.000000,45,6
BCSR OMP,O2,147715194.456601,147.715194,0.147715,43586784,0.343909,95.804818,96.148727,1589024,10,4,4,16,32,121192,121192,1362087,2724174,24,11,2.000000,45,6
BCSR OMP,O2,498612698.020099,498.612698,0.498613,174347136,0.443283,95.918453,96.361736,6356096,10,4,4,64,32,121192,121192,1362087,2724174,24,11,2.000000,45,6
BCSR OMP,O2,682481948.815411,682.481949,0.682482,348694272,0.551922,95.773327,96.325248,12712192,10,4,4,128,32,121192,121192,1362087,2724174,24,11,2.000000,45,6
BCSR OMP,O2,1128778020.667231,1128.778021,1.128778,697388544,0.645940,95.772289,96.418229,25424384,10,4,4,256,32,121192,121192,1362087,2724174,24,11,2.000000,45,6
BCSR OMP,O2,1742224942.498326,1742.224942,1.742225,1394777088,0.906808,88.062280,88.969088,50848768,10,4,4,512,32,121192,121192,1362087,2724174,24,11,2.000000,45,6
BCSR OMP,O2,1620933944.023711,1620.933944,1.620934,2800450872,1.772788,95.969249,97.742037,102094792,10,4,4,1028,32,121192,121192,1362087,2724174,24,11,2.000000,45,6
