Name,Avg Run Time (s),Format Time (s),Total Time (s),GFLOPS,Verification,Iters,Block Row,Block Col,K-Bound,Threads,FOP Count,Rows,Cols,NNZ,Max Cols,Avg Cols,Variance,Std Deviation
coo_omp_O2,0.027593,17.566275,17.593868,1.983410,0,10,1,1,16,8,43586784,121192,121192,1362087,24,11,45,6
coo_omp_collapse_O2,0.023720,17.514281,17.538001,2.399930,0,10,1,1,16,8,43586784,121192,121192,1362087,24,11,45,6
coo_omp_O2,0.027585,17.532252,17.559837,1.826236,0,10,1,1,16,16,43586784,121192,121192,1362087,24,11,45,6
coo_omp_collapse_O2,0.028219,17.471120,17.499339,1.954050,0,10,1,1,16,16,43586784,121192,121192,1362087,24,11,45,6
coo_omp_O2,0.030804,17.530803,17.561607,1.690726,0,10,1,1,16,32,43586784,121192,121192,1362087,24,11,45,6
coo_omp_collapse_O2,0.028863,17.560716,17.589579,1.887297,0,10,1,1,16,32,43586784,121192,121192,1362087,24,11,45,6
