Name,-O,FLOPS,MFLOPS,GFLOPS,FOP Count,Avg Run Time (s),Format Time (s),Total Time (s),Verification,Iters,Block Row,Block Col,K-Bound,Threads,Rows,Cols,NNZ,NNZ*2,Max Cols,Avg Cols,Col Ratio,Variance,Std Deviation
CSR OMP,O2,inf,inf,inf,113701568,0.000000,21.993608,21.993608,510703,10,1,1,8,32,63838,63838,7106348,14212696,297,111,2.000000,2339,48
CSR OMP,O2,22710921972.695057,22710.921973,22.710922,227403136,0.011771,21.758258,21.770029,0,10,1,1,16,32,63838,63838,7106348,14212696,297,111,2.000000,2339,48
CSR OMP,O2,33421505374.113075,33421.505374,33.421505,909612544,0.027785,21.935301,21.963086,0,10,1,1,64,32,63838,63838,7106348,14212696,297,111,2.000000,2339,48
CSR OMP,O2,49272448005.711899,49272.448006,49.272448,1819225088,0.037247,21.960116,21.997363,0,10,1,1,128,32,63838,63838,7106348,14212696,297,111,2.000000,2339,48
CSR OMP,O2,inf,inf,inf,3638450176,0.000000,21.825982,21.825982,16342527,10,1,1,256,32,63838,63838,7106348,14212696,297,111,2.000000,2339,48
CSR OMP,O2,inf,inf,inf,7276900352,0.000000,21.824106,21.824106,32685055,10,1,1,512,32,63838,63838,7106348,14212696,297,111,2.000000,2339,48
CSR OMP,O2,inf,inf,inf,14610651488,0.000000,21.779855,21.779855,65625463,10,1,1,1028,32,63838,63838,7106348,14212696,297,111,2.000000,2339,48
