Name,-O,FLOPS,MFLOPS,GFLOPS,FOP Count,Avg Run Time (s),Format Time (s),Total Time (s),Verification,Iters,Block Row,Block Col,K-Bound,Threads,Rows,Cols,NNZ,NNZ*2,Max Cols,Avg Cols,Col Ratio,Variance,Std Deviation
ELL OMP Transpose,O2,2212575.452573,2.212575,0.002213,14212696,6.426695,8.065548,14.492243,0,10,1,1,16,8,63838,63838,7106348,14212696,297,111,2.000000,2339,48
ELL OMP Transpose,O2,2185396.255324,2.185396,0.002185,14212696,6.505401,8.008521,14.513922,0,10,1,1,64,8,63838,63838,7106348,14212696,297,111,2.000000,2339,48
ELL OMP Transpose,O2,2135306.359679,2.135306,0.002135,14212696,6.658215,8.040581,14.698796,0,10,1,1,128,8,63838,63838,7106348,14212696,297,111,2.000000,2339,48
ELL OMP Transpose,O2,4054743.771154,4.054744,0.004055,14212696,3.509505,8.031978,11.541483,0,10,1,1,16,16,63838,63838,7106348,14212696,297,111,2.000000,2339,48
ELL OMP Transpose,O2,4007595.196926,4.007595,0.004008,14212696,3.548231,8.098034,11.646265,0,10,1,1,64,16,63838,63838,7106348,14212696,297,111,2.000000,2339,48
ELL OMP Transpose,O2,4037949.811594,4.037950,0.004038,14212696,3.520694,8.012052,11.532746,0,10,1,1,128,16,63838,63838,7106348,14212696,297,111,2.000000,2339,48
ELL OMP Transpose,O2,7766051.914463,7.766052,0.007766,14212696,1.830353,8.011461,9.841814,0,10,1,1,16,32,63838,63838,7106348,14212696,297,111,2.000000,2339,48
ELL OMP Transpose,O2,7391062.862542,7.391063,0.007391,14212696,1.924945,8.018183,9.943128,0,10,1,1,64,32,63838,63838,7106348,14212696,297,111,2.000000,2339,48
ELL OMP Transpose,O2,7299832.910539,7.299833,0.007300,14212696,1.948407,8.019878,9.968285,0,10,1,1,128,32,63838,63838,7106348,14212696,297,111,2.000000,2339,48
