Name,-O,FLOPS,MFLOPS,GFLOPS,FOP Count,Avg Run Time (s),Format Time (s),Total Time (s),Verification,Iters,Block Row,Block Col,K-Bound,Threads,Rows,Cols,NNZ,NNZ*2,Max Cols,Avg Cols,Col Ratio,Variance,Std Deviation
ELL OMP,O2,10656450688.542393,10656.450689,10.656451,113701568,0.012985,23.270523,23.283508,0,10,1,1,8,32,63838,63838,7106348,14212696,297,111,2.000000,2339,48
ELL OMP,O2,13062850456.781660,13062.850457,13.062850,227403136,0.020314,23.241018,23.261332,0,10,1,1,16,32,63838,63838,7106348,14212696,297,111,2.000000,2339,48
ELL OMP,O2,32268105537.826454,32268.105538,32.268106,909612544,0.032260,23.290710,23.322970,0,10,1,1,64,32,63838,63838,7106348,14212696,297,111,2.000000,2339,48
ELL OMP,O2,35501328657.017220,35501.328657,35.501329,1819225088,0.053162,23.335312,23.388474,0,10,1,1,128,32,63838,63838,7106348,14212696,297,111,2.000000,2339,48
ELL OMP,O2,45103449590.330566,45103.449590,45.103450,3638450176,0.080977,23.339327,23.420304,0,10,1,1,256,32,63838,63838,7106348,14212696,297,111,2.000000,2339,48
ELL OMP,O2,61933239053.147621,61933.239053,61.933239,7276900352,0.119620,23.257599,23.377219,0,10,1,1,512,32,63838,63838,7106348,14212696,297,111,2.000000,2339,48
ELL OMP,O2,61516901513.555527,61516.901514,61.516902,14610651488,0.239617,23.278067,23.517684,0,10,1,1,1028,32,63838,63838,7106348,14212696,297,111,2.000000,2339,48
