Name,-O,FLOPS,MFLOPS,GFLOPS,FOP Count,Avg Run Time (s),Format Time (s),Total Time (s),Verification,Iters,Block Row,Block Col,K-Bound,Threads,Rows,Cols,NNZ,NNZ*2,Max Cols,Avg Cols,Col Ratio,Variance,Std Deviation
COO OMP Transpose,O2,12180655.001184,12.180655,0.012181,14212696,1.167139,7.015336,8.182475,0,10,1,1,16,8,63838,63838,7106348,14212696,297,111,2.000000,2339,48
COO OMP Transpose,O2,11609940.262409,11.609940,0.011610,14212696,1.224477,7.013315,8.237792,0,10,1,1,64,8,63838,63838,7106348,14212696,297,111,2.000000,2339,48
COO OMP Transpose,O2,11540628.954605,11.540629,0.011541,14212696,1.231953,6.910198,8.142151,0,10,1,1,128,8,63838,63838,7106348,14212696,297,111,2.000000,2339,48
COO OMP Transpose,O2,11946048.441568,11.946048,0.011946,14212696,1.190810,7.027910,8.218720,0,10,1,1,16,16,63838,63838,7106348,14212696,297,111,2.000000,2339,48
COO OMP Transpose,O2,11701284.722874,11.701285,0.011701,14212696,1.215358,7.050096,8.265454,0,10,1,1,64,16,63838,63838,7106348,14212696,297,111,2.000000,2339,48
COO OMP Transpose,O2,11546907.150613,11.546907,0.011547,14212696,1.231299,7.000000,8.231299,0,10,1,1,128,16,63838,63838,7106348,14212696,297,111,2.000000,2339,48
COO OMP Transpose,O2,12014491.533889,12.014492,0.012014,14212696,1.183157,7.029437,8.212594,0,10,1,1,16,32,63838,63838,7106348,14212696,297,111,2.000000,2339,48
COO OMP Transpose,O2,11750619.239913,11.750619,0.011751,14212696,1.209805,6.917958,8.127763,0,10,1,1,64,32,63838,63838,7106348,14212696,297,111,2.000000,2339,48
COO OMP Transpose,O2,11440353.520579,11.440354,0.011440,14212696,1.242743,6.943543,8.186286,0,10,1,1,128,32,63838,63838,7106348,14212696,297,111,2.000000,2339,48
