Name,-O,FLOPS,MFLOPS,GFLOPS,FOP Count,Avg Run Time (s),Format Time (s),Total Time (s),Verification,Iters,Block Row,Block Col,K-Bound,Threads,Rows,Cols,NNZ,NNZ*2,Max Cols,Avg Cols,Col Ratio,Variance,Std Deviation
CSR OMP Transpose,O2,11407508437.758057,11407.508438,11.407508,1819225088,0.163594,21.849143,22.012737,0,10,1,1,128,8,63838,63838,7106348,14212696,297,111,2.000000,2339,48
CSR OMP Transpose,O2,19452888154.977272,19452.888155,19.452888,1819225088,0.099537,21.629620,21.729157,0,10,1,1,128,16,63838,63838,7106348,14212696,297,111,2.000000,2339,48
CSR OMP Transpose,O2,29887173410.328053,29887.173410,29.887173,1819225088,0.067069,21.770090,21.837160,0,10,1,1,128,32,63838,63838,7106348,14212696,297,111,2.000000,2339,48
