Name,-O,FLOPS,MFLOPS,GFLOPS,FOP Count,Avg Run Time (s),Format Time (s),Total Time (s),Verification,Iters,Block Row,Block Col,K-Bound,Threads,Rows,Cols,NNZ,NNZ*2,Max Cols,Avg Cols,Col Ratio,Variance,Std Deviation
ELL OMP,O2,inf,inf,inf,113701568,0.000000,8.003910,8.003910,510703,10,1,1,8,32,63838,63838,7106348,14212696,297,111,2.000000,2339,48
ELL OMP,O2,4365381390.895869,4365.381391,4.365381,227403136,0.053393,7.941927,7.995320,0,10,1,1,16,32,63838,63838,7106348,14212696,297,111,2.000000,2339,48
ELL OMP,O2,10449759688.030973,10449.759688,10.449760,909612544,0.087898,7.917881,8.005779,0,10,1,1,64,32,63838,63838,7106348,14212696,297,111,2.000000,2339,48
ELL OMP,O2,16213693319.684473,16213.693320,16.213693,1819225088,0.112872,7.919716,8.032588,0,10,1,1,128,32,63838,63838,7106348,14212696,297,111,2.000000,2339,48
ELL OMP,O2,inf,inf,inf,3638450176,0.000000,8.144259,8.144259,16342527,10,1,1,256,32,63838,63838,7106348,14212696,297,111,2.000000,2339,48
ELL OMP,O2,inf,inf,inf,7276900352,0.000000,8.017357,8.017357,32685055,10,1,1,512,32,63838,63838,7106348,14212696,297,111,2.000000,2339,48
ELL OMP,O2,inf,inf,inf,14610651488,0.000000,7.744501,7.744501,65625463,10,1,1,1028,32,63838,63838,7106348,14212696,297,111,2.000000,2339,48
