Name,-O,FLOPS,MFLOPS,GFLOPS,FOP Count,Avg Run Time (s),Format Time (s),Total Time (s),Verification,Iters,Block Row,Block Col,K-Bound,Threads,Rows,Cols,NNZ,NNZ*2,Max Cols,Avg Cols,Col Ratio,Variance,Std Deviation
CSR OMP Transpose,O2,7958635965.468738,7958.635965,7.958636,1819225088,0.228761,6.865517,7.094278,0,10,1,1,128,8,63838,63838,7106348,14212696,297,111,2.000000,2339,48
CSR OMP Transpose,O2,11252937941.596743,11252.937942,11.252938,1819225088,0.161906,6.797148,6.959054,0,10,1,1,128,16,63838,63838,7106348,14212696,297,111,2.000000,2339,48
CSR OMP Transpose,O2,14670776261.068848,14670.776261,14.670776,1819225088,0.124108,6.837385,6.961493,0,10,1,1,128,32,63838,63838,7106348,14212696,297,111,2.000000,2339,48
