Name,-O,FLOPS,MFLOPS,GFLOPS,FOP Count,Avg Run Time (s),Format Time (s),Total Time (s),Verification,Iters,Block Row,Block Col,K-Bound,Threads,Rows,Cols,NNZ,NNZ*2,Max Cols,Avg Cols,Col Ratio,Variance,Std Deviation
BCSR OMP,O2,inf,inf,inf,113701568,0.000000,7.522122,7.522122,510703,10,4,4,8,32,63838,63838,7106348,14212696,297,111,2.000000,2339,48
BCSR OMP,O2,1311582836.965951,1311.582837,1.311583,227403136,0.173685,7.425624,7.599309,32,10,4,4,16,32,63838,63838,7106348,14212696,297,111,2.000000,2339,48
BCSR OMP,O2,3821800209.610658,3821.800210,3.821800,909612544,0.239339,7.490283,7.729622,128,10,4,4,64,32,63838,63838,7106348,14212696,297,111,2.000000,2339,48
BCSR OMP,O2,5968926268.661799,5968.926269,5.968926,1819225088,0.305151,7.517952,7.823103,256,10,4,4,128,32,63838,63838,7106348,14212696,297,111,2.000000,2339,48
BCSR OMP,O2,inf,inf,inf,3638450176,0.000000,7.524874,7.524874,16342527,10,4,4,256,32,63838,63838,7106348,14212696,297,111,2.000000,2339,48
BCSR OMP,O2,inf,inf,inf,7276900352,0.000000,7.452574,7.452574,32685055,10,4,4,512,32,63838,63838,7106348,14212696,297,111,2.000000,2339,48
BCSR OMP,O2,inf,inf,inf,14610651488,0.000000,7.378195,7.378195,65625463,10,4,4,1028,32,63838,63838,7106348,14212696,297,111,2.000000,2339,48
