Name,-O,FLOPS,MFLOPS,GFLOPS,FOP Count,Avg Run Time (s),Format Time (s),Total Time (s),Verification,Iters,Block Row,Block Col,K-Bound,Threads,Rows,Cols,NNZ,NNZ*2,Max Cols,Avg Cols,Col Ratio,Variance,Std Deviation
ELL OMP Transpose,O2,6450704340.491129,6450.704340,6.450704,1819225088,0.300979,23.254852,23.555831,0,10,1,1,128,8,63838,63838,7106348,14212696,297,111,2.000000,2339,48
ELL OMP Transpose,O2,12984100983.348511,12984.100983,12.984101,1819225088,0.147790,23.239844,23.387634,0,10,1,1,128,16,63838,63838,7106348,14212696,297,111,2.000000,2339,48
ELL OMP Transpose,O2,16072012303.090250,16072.012303,16.072012,1819225088,0.126453,23.520849,23.647302,0,10,1,1,128,32,63838,63838,7106348,14212696,297,111,2.000000,2339,48
