Name,-O,FLOPS,MFLOPS,GFLOPS,FOP Count,Avg Run Time (s),Format Time (s),Total Time (s),Verification,Iters,Block Row,Block Col,K-Bound,Threads,Rows,Cols,NNZ,NNZ*2,Max Cols,Avg Cols,Col Ratio,Variance,Std Deviation
ELL OMP Transpose,O2,5748146895.953978,5748.146896,5.748147,1819225088,0.316623,7.665939,7.982562,0,10,1,1,128,8,63838,63838,7106348,14212696,297,111,2.000000,2339,48
ELL OMP Transpose,O2,7756080308.600360,7756.080309,7.756080,1819225088,0.234671,7.924824,8.159495,0,10,1,1,128,16,63838,63838,7106348,14212696,297,111,2.000000,2339,48
ELL OMP Transpose,O2,10462753718.122078,10462.753718,10.462754,1819225088,0.174011,7.667068,7.841079,0,10,1,1,128,32,63838,63838,7106348,14212696,297,111,2.000000,2339,48
