Name,-O,FLOPS,MFLOPS,GFLOPS,FOP Count,Avg Run Time (s),Format Time (s),Total Time (s),Verification,Iters,Block Row,Block Col,K-Bound,Threads,Rows,Cols,NNZ,NNZ*2,Max Cols,Avg Cols,Col Ratio,Variance,Std Deviation
ELL Serial,O2,112003916.300452,112.003916,0.112004,14212696,0.126902,22.523973,22.650875,0,10,1,1,16,-1,63838,63838,7106348,14212696,297,111,2.000000,2339,48
ELL Serial,O2,45215095.717085,45.215096,0.045215,14212696,0.314339,22.494948,22.809287,0,10,1,1,64,-1,63838,63838,7106348,14212696,297,111,2.000000,2339,48
ELL Serial,O2,25776134.553681,25.776135,0.025776,14212696,0.551391,22.416404,22.967795,0,10,1,1,128,-1,63838,63838,7106348,14212696,297,111,2.000000,2339,48
