Name,-O,FLOPS,MFLOPS,GFLOPS,FOP Count,Avg Run Time (s),Format Time (s),Total Time (s),Verification,Iters,Block Row,Block Col,K-Bound,Threads,Rows,Cols,NNZ,NNZ*2,Max Cols,Avg Cols,Col Ratio,Variance,Std Deviation
BCSR OMP,O2,711899493.412692,711.899493,0.711899,113701568,0.204489,22.859192,23.063681,16,10,4,4,8,32,63838,63838,7106348,14212696,297,111,2.000000,2339,48
BCSR OMP,O2,1795148210.850155,1795.148211,1.795148,227403136,0.165336,22.740708,22.906044,32,10,4,4,16,32,63838,63838,7106348,14212696,297,111,2.000000,2339,48
BCSR OMP,O2,5784265991.987585,5784.265992,5.784266,909612544,0.192635,22.900801,23.093436,128,10,4,4,64,32,63838,63838,7106348,14212696,297,111,2.000000,2339,48
BCSR OMP,O2,7304605600.573474,7304.605601,7.304606,1819225088,0.270148,22.729258,22.999406,256,10,4,4,128,32,63838,63838,7106348,14212696,297,111,2.000000,2339,48
BCSR OMP,O2,9107439073.302509,9107.439073,9.107439,3638450176,0.412825,22.770263,23.183088,512,10,4,4,256,32,63838,63838,7106348,14212696,297,111,2.000000,2339,48
BCSR OMP,O2,11554226969.102367,11554.226969,11.554227,7276900352,0.661854,22.704010,23.365864,1024,10,4,4,512,32,63838,63838,7106348,14212696,297,111,2.000000,2339,48
BCSR OMP,O2,12752009464.751720,12752.009465,12.752009,14610651488,1.169751,22.805559,23.975310,2056,10,4,4,1028,32,63838,63838,7106348,14212696,297,111,2.000000,2339,48
