Name,-O,FLOPS,MFLOPS,GFLOPS,FOP Count,Avg Run Time (s),Format Time (s),Total Time (s),Verification,Iters,Block Row,Block Col,K-Bound,Threads,Rows,Cols,NNZ,NNZ*2,Max Cols,Avg Cols,Col Ratio,Variance,Std Deviation
CSR OMP,O2,222492339.372922,222.492339,0.222492,14212696,0.064284,6.905766,6.970050,0,10,1,1,16,8,63838,63838,7106348,14212696,297,111,2.000000,2339,48
CSR OMP,O2,127676362.853789,127.676363,0.127676,14212696,0.111865,6.970181,7.082046,0,10,1,1,64,8,63838,63838,7106348,14212696,297,111,2.000000,2339,48
CSR OMP,O2,83270391.019530,83.270391,0.083270,14212696,0.170736,6.843951,7.014687,0,10,1,1,128,8,63838,63838,7106348,14212696,297,111,2.000000,2339,48
CSR OMP,O2,297294314.847089,297.294315,0.297294,14212696,0.048032,6.972845,7.020877,0,10,1,1,16,16,63838,63838,7106348,14212696,297,111,2.000000,2339,48
CSR OMP,O2,167033402.982553,167.033403,0.167033,14212696,0.085679,6.975275,7.060954,0,10,1,1,64,16,63838,63838,7106348,14212696,297,111,2.000000,2339,48
CSR OMP,O2,120977897.380128,120.977897,0.120978,14212696,0.117902,6.890810,7.008712,0,10,1,1,128,16,63838,63838,7106348,14212696,297,111,2.000000,2339,48
CSR OMP,O2,380260188.248020,380.260188,0.380260,14212696,0.038968,7.003367,7.042335,0,10,1,1,16,32,63838,63838,7106348,14212696,297,111,2.000000,2339,48
CSR OMP,O2,231245848.651569,231.245849,0.231246,14212696,0.062184,6.972649,7.034833,0,10,1,1,64,32,63838,63838,7106348,14212696,297,111,2.000000,2339,48
CSR OMP,O2,165128711.044441,165.128711,0.165129,14212696,0.087517,6.980854,7.068371,0,10,1,1,128,32,63838,63838,7106348,14212696,297,111,2.000000,2339,48
