Name,-O,FLOPS,MFLOPS,GFLOPS,FOP Count,Avg Run Time (s),Format Time (s),Total Time (s),Verification,Iters,Block Row,Block Col,K-Bound,Threads,Rows,Cols,NNZ,NNZ*2,Max Cols,Avg Cols,Col Ratio,Variance,Std Deviation
COO OMP Transpose,O2,8656464956.298243,8656.464956,8.656465,1819225088,0.210236,6.859364,7.069600,0,10,1,1,128,8,63838,63838,7106348,14212696,297,111,2.000000,2339,48
COO OMP Transpose,O2,11919254034.301628,11919.254034,11.919254,1819225088,0.152659,6.640313,6.792971,0,10,1,1,128,16,63838,63838,7106348,14212696,297,111,2.000000,2339,48
COO OMP Transpose,O2,15615122271.212088,15615.122271,15.615122,1819225088,0.116729,6.849870,6.966600,0,10,1,1,128,32,63838,63838,7106348,14212696,297,111,2.000000,2339,48
