Name,-O,FLOPS,MFLOPS,GFLOPS,FOP Count,Avg Run Time (s),Format Time (s),Total Time (s),Verification,Iters,Block Row,Block Col,K-Bound,Threads,Rows,Cols,NNZ,NNZ*2,Max Cols,Avg Cols,Col Ratio,Variance,Std Deviation
COO OMP,O2,7940488964.373850,7940.488964,7.940489,227403136,0.036043,21.534154,21.570197,0,10,1,1,16,8,63838,63838,7106348,14212696,297,111,2.000000,2339,48
COO OMP,O2,20142820240.976089,20142.820241,20.142820,909612544,0.047518,21.564944,21.612462,0,10,1,1,64,8,63838,63838,7106348,14212696,297,111,2.000000,2339,48
COO OMP,O2,25789319858.501858,25789.319859,25.789320,1819225088,0.096062,21.557348,21.653410,0,10,1,1,128,8,63838,63838,7106348,14212696,297,111,2.000000,2339,48
COO OMP,O2,11676536944.064367,11676.536944,11.676537,227403136,0.020763,21.519810,21.540573,0,10,1,1,16,16,63838,63838,7106348,14212696,297,111,2.000000,2339,48
COO OMP,O2,27499972136.234779,27499.972136,27.499972,909612544,0.036001,21.606129,21.642130,0,10,1,1,64,16,63838,63838,7106348,14212696,297,111,2.000000,2339,48
COO OMP,O2,34336459051.144604,34336.459051,34.336459,1819225088,0.059003,21.577010,21.636013,0,10,1,1,128,16,63838,63838,7106348,14212696,297,111,2.000000,2339,48
COO OMP,O2,14397919369.056183,14397.919369,14.397919,227403136,0.025942,21.626714,21.652656,0,10,1,1,16,32,63838,63838,7106348,14212696,297,111,2.000000,2339,48
COO OMP,O2,30408094315.302254,30408.094315,30.408094,909612544,0.041827,21.612559,21.654386,0,10,1,1,64,32,63838,63838,7106348,14212696,297,111,2.000000,2339,48
COO OMP,O2,44960486062.600067,44960.486063,44.960486,1819225088,0.054276,21.569321,21.623597,0,10,1,1,128,32,63838,63838,7106348,14212696,297,111,2.000000,2339,48
