Name,-O,FLOPS,MFLOPS,GFLOPS,FOP Count,Avg Run Time (s),Format Time (s),Total Time (s),Verification,Iters,Block Row,Block Col,K-Bound,Threads,Rows,Cols,NNZ,NNZ*2,Max Cols,Avg Cols,Col Ratio,Variance,Std Deviation
COO OMP,O2,inf,inf,inf,113701568,0.000000,6.866316,6.866316,510703,10,1,1,8,32,63838,63838,7106348,14212696,297,111,2.000000,2339,48
COO OMP,O2,5643120974.062700,5643.120974,5.643121,227403136,0.042097,6.791083,6.833180,0,10,1,1,16,32,63838,63838,7106348,14212696,297,111,2.000000,2339,48
COO OMP,O2,15862020300.486217,15862.020300,15.862020,909612544,0.058419,6.809030,6.867449,0,10,1,1,64,32,63838,63838,7106348,14212696,297,111,2.000000,2339,48
COO OMP,O2,25387444165.653419,25387.444166,25.387444,1819225088,0.072573,6.809642,6.882215,0,10,1,1,128,32,63838,63838,7106348,14212696,297,111,2.000000,2339,48
COO OMP,O2,inf,inf,inf,3638450176,0.000000,6.781648,6.781648,16342527,10,1,1,256,32,63838,63838,7106348,14212696,297,111,2.000000,2339,48
COO OMP,O2,inf,inf,inf,7276900352,0.000000,6.809814,6.809814,32685055,10,1,1,512,32,63838,63838,7106348,14212696,297,111,2.000000,2339,48
COO OMP,O2,inf,inf,inf,14610651488,0.000000,6.770353,6.770353,65625463,10,1,1,1028,32,63838,63838,7106348,14212696,297,111,2.000000,2339,48
