Name,-O,FLOPS,MFLOPS,GFLOPS,FOP Count,Avg Run Time (s),Format Time (s),Total Time (s),Verification,Iters,Block Row,Block Col,K-Bound,Threads,Rows,Cols,NNZ,NNZ*2,Max Cols,Avg Cols,Col Ratio,Variance,Std Deviation
COO OMP Transpose,O2,15652966350.819378,15652.966351,15.652966,1819225088,0.123638,21.782403,21.906041,0,10,1,1,128,8,63838,63838,7106348,14212696,297,111,2.000000,2339,48
COO OMP Transpose,O2,21153712270.153492,21153.712270,21.153712,1819225088,0.093965,21.844919,21.938884,0,10,1,1,128,16,63838,63838,7106348,14212696,297,111,2.000000,2339,48
COO OMP Transpose,O2,31895765396.046776,31895.765396,31.895765,1819225088,0.062785,21.956987,22.019772,0,10,1,1,128,32,63838,63838,7106348,14212696,297,111,2.000000,2339,48
