Name,-O,FLOPS,MFLOPS,GFLOPS,FOP Count,Avg Run Time (s),Format Time (s),Total Time (s),Verification,Iters,Block Row,Block Col,K-Bound,Threads,Rows,Cols,NNZ,NNZ*2,Max Cols,Avg Cols,Col Ratio,Variance,Std Deviation
ELL Serial,O2,108480005.132941,108.480005,0.108480,14212696,0.131028,7.932296,8.063324,0,10,1,1,16,-1,63838,63838,7106348,14212696,297,111,2.000000,2339,48
ELL Serial,O2,36475221.017255,36.475221,0.036475,14212696,0.389666,7.985802,8.375468,0,10,1,1,64,-1,63838,63838,7106348,14212696,297,111,2.000000,2339,48
ELL Serial,O2,18468785.944251,18.468786,0.018469,14212696,0.769574,7.969358,8.738932,0,10,1,1,128,-1,63838,63838,7106348,14212696,297,111,2.000000,2339,48
