Name,-O,FLOPS,MFLOPS,GFLOPS,FOP Count,Avg Run Time (s),Format Time (s),Total Time (s),Verification,Iters,Block Row,Block Col,K-Bound,Threads,Rows,Cols,NNZ,NNZ*2,Max Cols,Avg Cols,Col Ratio,Variance,Std Deviation
COO OMP,O2,978690396.382433,978.690396,0.978690,14212696,0.015843,21.672611,21.688454,0,10,1,1,16,8,63838,63838,7106348,14212696,297,111,2.000000,2339,48
COO OMP,O2,375300632.837844,375.300633,0.375301,14212696,0.046984,21.736521,21.783505,0,10,1,1,64,8,63838,63838,7106348,14212696,297,111,2.000000,2339,48
COO OMP,O2,275237350.990106,275.237351,0.275237,14212696,0.058075,21.769587,21.827662,0,10,1,1,128,8,63838,63838,7106348,14212696,297,111,2.000000,2339,48
COO OMP,O2,899870009.307074,899.870009,0.899870,14212696,0.019747,21.753532,21.773278,0,10,1,1,16,16,63838,63838,7106348,14212696,297,111,2.000000,2339,48
COO OMP,O2,429320897.457059,429.320897,0.429321,14212696,0.033755,21.722793,21.756548,0,10,1,1,64,16,63838,63838,7106348,14212696,297,111,2.000000,2339,48
COO OMP,O2,233007203.995871,233.007204,0.233007,14212696,0.061983,21.714400,21.776383,0,10,1,1,128,16,63838,63838,7106348,14212696,297,111,2.000000,2339,48
COO OMP,O2,940702940.627262,940.702941,0.940703,14212696,0.031076,21.743050,21.774126,0,10,1,1,16,32,63838,63838,7106348,14212696,297,111,2.000000,2339,48
COO OMP,O2,386619044.211547,386.619044,0.386619,14212696,0.039603,21.782238,21.821841,0,10,1,1,64,32,63838,63838,7106348,14212696,297,111,2.000000,2339,48
COO OMP,O2,237734718.496419,237.734718,0.237735,14212696,0.064916,21.734364,21.799280,0,10,1,1,128,32,63838,63838,7106348,14212696,297,111,2.000000,2339,48
