Name,-O,FLOPS,MFLOPS,GFLOPS,FOP Count,Avg Run Time (s),Format Time (s),Total Time (s),Verification,Iters,Block Row,Block Col,K-Bound,Threads,Rows,Cols,NNZ,NNZ*2,Max Cols,Avg Cols,Col Ratio,Variance,Std Deviation
CSR OMP,O2,558510465.577154,558.510466,0.558510,14212696,0.036527,21.365805,21.402332,0,10,1,1,16,8,63838,63838,7106348,14212696,297,111,2.000000,2339,48
CSR OMP,O2,283432441.558491,283.432442,0.283432,14212696,0.067594,21.313508,21.381102,0,10,1,1,64,8,63838,63838,7106348,14212696,297,111,2.000000,2339,48
CSR OMP,O2,209196982.696267,209.196983,0.209197,14212696,0.083952,21.302717,21.386669,0,10,1,1,128,8,63838,63838,7106348,14212696,297,111,2.000000,2339,48
CSR OMP,O2,591379412.791342,591.379413,0.591379,14212696,0.042591,21.352587,21.395178,0,10,1,1,16,16,63838,63838,7106348,14212696,297,111,2.000000,2339,48
CSR OMP,O2,347521117.914613,347.521118,0.347521,14212696,0.052027,21.245952,21.297979,0,10,1,1,64,16,63838,63838,7106348,14212696,297,111,2.000000,2339,48
CSR OMP,O2,281225751.169844,281.225751,0.281226,14212696,0.061841,21.310067,21.371908,0,10,1,1,128,16,63838,63838,7106348,14212696,297,111,2.000000,2339,48
CSR OMP,O2,1035865684.406429,1035.865684,1.035866,14212696,0.028992,21.301835,21.330827,0,10,1,1,16,32,63838,63838,7106348,14212696,297,111,2.000000,2339,48
CSR OMP,O2,438268086.748820,438.268087,0.438268,14212696,0.043815,21.321075,21.364890,0,10,1,1,64,32,63838,63838,7106348,14212696,297,111,2.000000,2339,48
CSR OMP,O2,340454281.906781,340.454282,0.340454,14212696,0.053072,21.295859,21.348931,0,10,1,1,128,32,63838,63838,7106348,14212696,297,111,2.000000,2339,48
