Name,-O,FLOPS,MFLOPS,GFLOPS,FOP Count,Avg Run Time (s),Format Time (s),Total Time (s),Verification,Iters,Block Row,Block Col,K-Bound,Threads,Rows,Cols,NNZ,NNZ*2,Max Cols,Avg Cols,Col Ratio,Variance,Std Deviation
COO OMP,O2,inf,inf,inf,113701568,0.000000,21.878057,21.878057,510703,10,1,1,8,32,63838,63838,7106348,14212696,297,111,2.000000,2339,48
COO OMP,O2,22574381937.199188,22574.381937,22.574382,227403136,0.011626,22.325882,22.337508,0,10,1,1,16,32,63838,63838,7106348,14212696,297,111,2.000000,2339,48
COO OMP,O2,46659188978.641541,46659.188979,46.659189,909612544,0.021348,21.872536,21.893884,0,10,1,1,64,32,63838,63838,7106348,14212696,297,111,2.000000,2339,48
COO OMP,O2,50311739839.319168,50311.739839,50.311740,1819225088,0.037493,22.039000,22.076493,0,10,1,1,128,32,63838,63838,7106348,14212696,297,111,2.000000,2339,48
COO OMP,O2,inf,inf,inf,3638450176,0.000000,21.909527,21.909527,16342527,10,1,1,256,32,63838,63838,7106348,14212696,297,111,2.000000,2339,48
COO OMP,O2,inf,inf,inf,7276900352,0.000000,21.916943,21.916943,32685055,10,1,1,512,32,63838,63838,7106348,14212696,297,111,2.000000,2339,48
COO OMP,O2,inf,inf,inf,14610651488,0.000000,21.902918,21.902918,65625463,10,1,1,1028,32,63838,63838,7106348,14212696,297,111,2.000000,2339,48
