Name,-O,FLOPS,MFLOPS,GFLOPS,FOP Count,Avg Run Time (s),Format Time (s),Total Time (s),Verification,Iters,Block Row,Block Col,K-Bound,Threads,Rows,Cols,NNZ,NNZ*2,Max Cols,Avg Cols,Col Ratio,Variance,Std Deviation
BCSR OMP,O2,2603226467.281158,2603.226467,2.603226,227403136,0.110153,22.665529,22.775682,32,10,4,4,16,8,63838,63838,7106348,14212696,297,111,2.000000,2339,48
BCSR OMP,O2,5850163541.497934,5850.163541,5.850164,909612544,0.189793,22.632908,22.822701,128,10,4,4,64,8,63838,63838,7106348,14212696,297,111,2.000000,2339,48
BCSR OMP,O2,6552657561.008678,6552.657561,6.552658,1819225088,0.415845,22.620168,23.036013,256,10,4,4,128,8,63838,63838,7106348,14212696,297,111,2.000000,2339,48
BCSR OMP,O2,2174849937.098783,2174.849937,2.174850,227403136,0.154831,22.964893,23.119724,32,10,4,4,16,16,63838,63838,7106348,14212696,297,111,2.000000,2339,48
BCSR OMP,O2,5610530719.754683,5610.530720,5.610531,909612544,0.229221,22.653416,22.882637,128,10,4,4,64,16,63838,63838,7106348,14212696,297,111,2.000000,2339,48
BCSR OMP,O2,7824041768.515471,7824.041769,7.824042,1819225088,0.238952,22.498169,22.737121,256,10,4,4,128,16,63838,63838,7106348,14212696,297,111,2.000000,2339,48
BCSR OMP,O2,1382053820.118862,1382.053820,1.382054,227403136,0.286048,22.625188,22.911236,32,10,4,4,16,32,63838,63838,7106348,14212696,297,111,2.000000,2339,48
BCSR OMP,O2,3784594465.727479,3784.594466,3.784594,909612544,0.403531,22.572265,22.975796,128,10,4,4,64,32,63838,63838,7106348,14212696,297,111,2.000000,2339,48
BCSR OMP,O2,4965095297.052475,4965.095297,4.965095,1819225088,0.435489,22.639746,23.075235,256,10,4,4,128,32,63838,63838,7106348,14212696,297,111,2.000000,2339,48
