Name,-O,FLOPS,MFLOPS,GFLOPS,FOP Count,Avg Run Time (s),Format Time (s),Total Time (s),Verification,Iters,Block Row,Block Col,K-Bound,Threads,Rows,Cols,NNZ,NNZ*2,Max Cols,Avg Cols,Col Ratio,Variance,Std Deviation
BCSR Serial,O2,179412301.232512,179.412301,0.179412,14212696,0.079221,7.644606,7.723827,32,10,2,2,16,-1,63838,63838,7106348,14212696,297,111,2.000000,2339,48
BCSR Serial,O2,127621677.160285,127.621677,0.127622,14212696,0.111368,7.659257,7.770625,32,10,4,4,16,-1,63838,63838,7106348,14212696,297,111,2.000000,2339,48
BCSR Serial,O2,51217079.008473,51.217079,0.051217,14212696,0.277501,8.131753,8.409254,32,10,16,16,16,-1,63838,63838,7106348,14212696,297,111,2.000000,2339,48
BCSR Serial,O2,73545940.931272,73.545941,0.073546,14212696,0.193256,7.563504,7.756760,128,10,2,2,64,-1,63838,63838,7106348,14212696,297,111,2.000000,2339,48
BCSR Serial,O2,49322303.614907,49.322304,0.049322,14212696,0.288165,7.740891,8.029056,128,10,4,4,64,-1,63838,63838,7106348,14212696,297,111,2.000000,2339,48
BCSR Serial,O2,18312654.027484,18.312654,0.018313,14212696,0.776114,8.170156,8.946270,128,10,16,16,64,-1,63838,63838,7106348,14212696,297,111,2.000000,2339,48
BCSR Serial,O2,39333424.708442,39.333425,0.039333,14212696,0.361353,7.606296,7.967649,256,10,2,2,128,-1,63838,63838,7106348,14212696,297,111,2.000000,2339,48
BCSR Serial,O2,26356206.110293,26.356206,0.026356,14212696,0.539256,7.691653,8.230909,256,10,4,4,128,-1,63838,63838,7106348,14212696,297,111,2.000000,2339,48
BCSR Serial,O2,9959521.376773,9.959521,0.009960,14212696,1.427047,8.142444,9.569491,256,10,16,16,128,-1,63838,63838,7106348,14212696,297,111,2.000000,2339,48
