Name,-O,FLOPS,MFLOPS,GFLOPS,FOP Count,Avg Run Time (s),Format Time (s),Total Time (s),Verification,Iters,Block Row,Block Col,K-Bound,Threads,Rows,Cols,NNZ,NNZ*2,Max Cols,Avg Cols,Col Ratio,Variance,Std Deviation
COO OMP,O2,491348870.804776,491.348871,0.491349,14212696,0.037156,21.331631,21.368787,0,10,1,1,16,8,63838,63838,7106348,14212696,297,111,2.000000,2339,48
COO OMP,O2,390210718.955599,390.210719,0.390211,14212696,0.046638,21.310316,21.356954,0,10,1,1,64,8,63838,63838,7106348,14212696,297,111,2.000000,2339,48
COO OMP,O2,370590630.366456,370.590630,0.370591,14212696,0.051660,21.393138,21.444799,0,10,1,1,128,8,63838,63838,7106348,14212696,297,111,2.000000,2339,48
COO OMP,O2,807484468.434348,807.484468,0.807484,14212696,0.042468,21.343471,21.385939,0,10,1,1,16,16,63838,63838,7106348,14212696,297,111,2.000000,2339,48
COO OMP,O2,441099060.199005,441.099060,0.441099,14212696,0.036769,21.367646,21.404415,0,10,1,1,64,16,63838,63838,7106348,14212696,297,111,2.000000,2339,48
COO OMP,O2,296755437.582453,296.755438,0.296755,14212696,0.054740,21.392554,21.447294,0,10,1,1,128,16,63838,63838,7106348,14212696,297,111,2.000000,2339,48
COO OMP,O2,710905810.666260,710.905811,0.710906,14212696,0.034512,21.416174,21.450686,0,10,1,1,16,32,63838,63838,7106348,14212696,297,111,2.000000,2339,48
COO OMP,O2,397723573.069309,397.723573,0.397724,14212696,0.041727,21.342493,21.384220,0,10,1,1,64,32,63838,63838,7106348,14212696,297,111,2.000000,2339,48
COO OMP,O2,235198046.948375,235.198047,0.235198,14212696,0.063339,21.586946,21.650286,0,10,1,1,128,32,63838,63838,7106348,14212696,297,111,2.000000,2339,48
