Name,-O,FLOPS,MFLOPS,GFLOPS,FOP Count,Avg Run Time (s),Format Time (s),Total Time (s),Verification,Iters,Block Row,Block Col,K-Bound,Threads,Rows,Cols,NNZ,NNZ*2,Max Cols,Avg Cols,Col Ratio,Variance,Std Deviation
BCSR Serial Transpose,O2,1962028579.302328,1962.028579,1.962029,1819225088,0.929571,22.542754,23.472326,256,10,2,2,128,-1,63838,63838,7106348,14212696,297,111,2.000000,2339,48
BCSR Serial Transpose,O2,1356832804.617852,1356.832805,1.356833,1819225088,1.346558,22.367894,23.714452,256,10,4,4,128,-1,63838,63838,7106348,14212696,297,111,2.000000,2339,48
BCSR Serial Transpose,O2,516376741.044351,516.376741,0.516377,1819225088,3.523930,23.413354,26.937284,256,10,16,16,128,-1,63838,63838,7106348,14212696,297,111,2.000000,2339,48
