Name,-O,FLOPS,MFLOPS,GFLOPS,FOP Count,Avg Run Time (s),Format Time (s),Total Time (s),Verification,Iters,Block Row,Block Col,K-Bound,Threads,Rows,Cols,NNZ,NNZ*2,Max Cols,Avg Cols,Col Ratio,Variance,Std Deviation
ELL OMP,O2,322838691.162535,322.838691,0.322839,14212696,0.044453,22.488126,22.532579,0,10,1,1,16,8,63838,63838,7106348,14212696,297,111,2.000000,2339,48
ELL OMP,O2,200158268.148857,200.158268,0.200158,14212696,0.071860,22.432016,22.503876,0,10,1,1,64,8,63838,63838,7106348,14212696,297,111,2.000000,2339,48
ELL OMP,O2,150022850.947108,150.022851,0.150023,14212696,0.096903,22.491364,22.588267,0,10,1,1,128,8,63838,63838,7106348,14212696,297,111,2.000000,2339,48
ELL OMP,O2,818252898.674634,818.252899,0.818253,14212696,0.018782,22.532006,22.550788,0,10,1,1,16,16,63838,63838,7106348,14212696,297,111,2.000000,2339,48
ELL OMP,O2,374238118.286782,374.238118,0.374238,14212696,0.039106,22.505682,22.544788,0,10,1,1,64,16,63838,63838,7106348,14212696,297,111,2.000000,2339,48
ELL OMP,O2,200969750.914995,200.969751,0.200970,14212696,0.071573,22.417536,22.489109,0,10,1,1,128,16,63838,63838,7106348,14212696,297,111,2.000000,2339,48
ELL OMP,O2,953401481.163008,953.401481,0.953401,14212696,0.017635,22.473835,22.491470,0,10,1,1,16,32,63838,63838,7106348,14212696,297,111,2.000000,2339,48
ELL OMP,O2,352570916.035474,352.570916,0.352571,14212696,0.041444,22.409406,22.450850,0,10,1,1,64,32,63838,63838,7106348,14212696,297,111,2.000000,2339,48
ELL OMP,O2,201090264.990959,201.090265,0.201090,14212696,0.073617,22.484018,22.557635,0,10,1,1,128,32,63838,63838,7106348,14212696,297,111,2.000000,2339,48
