Name,-O,FLOPS,MFLOPS,GFLOPS,FOP Count,Avg Run Time (s),Format Time (s),Total Time (s),Verification,Iters,Block Row,Block Col,K-Bound,Threads,Rows,Cols,NNZ,NNZ*2,Max Cols,Avg Cols,Col Ratio,Variance,Std Deviation
CSR THREADS,O2,415336001.027653,415.336001,0.415336,14212696,0.034284,6.948398,6.982682,0,5,1,1,16,64,63838,63838,7106348,14212696,297,111,2.000000,2339,48
CSR THREADS,O2,244654778.121280,244.654778,0.244655,14212696,0.058252,6.906971,6.965223,0,5,1,1,64,64,63838,63838,7106348,14212696,297,111,2.000000,2339,48
CSR THREADS,O2,215139432.083632,215.139432,0.215139,14212696,0.066551,6.898145,6.964696,0,5,1,1,128,72,63838,63838,7106348,14212696,297,111,2.000000,2339,48
