Name,-O,FLOPS,MFLOPS,GFLOPS,FOP Count,Avg Run Time (s),Format Time (s),Total Time (s),Verification,Iters,Block Row,Block Col,K-Bound,Threads,Rows,Cols,NNZ,NNZ*2,Max Cols,Avg Cols,Col Ratio,Variance,Std Deviation
ELL GPU,O2,289345660.208747,289.345660,0.289346,14212696,0.052332,8.021067,8.073399,0,10,1,1,16,-1,63838,63838,7106348,14212696,297,111,2.000000,2339,48
ELL GPU,O2,190379497.485943,190.379497,0.190379,14212696,0.077285,7.969431,8.046716,0,10,1,1,64,-1,63838,63838,7106348,14212696,297,111,2.000000,2339,48
ELL GPU,O2,156741063.666423,156.741064,0.156741,14212696,0.094048,7.964125,8.058173,0,10,1,1,128,-1,63838,63838,7106348,14212696,297,111,2.000000,2339,48
