Name,-O,FLOPS,MFLOPS,GFLOPS,FOP Count,Avg Run Time (s),Format Time (s),Total Time (s),Verification,Iters,Block Row,Block Col,K-Bound,Threads,Rows,Cols,NNZ,NNZ*2,Max Cols,Avg Cols,Col Ratio,Variance,Std Deviation
COO OMP,O2,1209931990.722130,1209.931991,1.209932,14212696,0.018872,21.132262,21.151134,0,10,1,1,16,8,63838,63838,7106348,14212696,297,111,2.000000,2339,48
COO OMP,O2,523135375.618528,523.135376,0.523135,14212696,0.029987,21.076441,21.106428,0,10,1,1,64,8,63838,63838,7106348,14212696,297,111,2.000000,2339,48
COO OMP,O2,250472497.784697,250.472498,0.250472,14212696,0.056961,21.088771,21.145733,0,10,1,1,128,8,63838,63838,7106348,14212696,297,111,2.000000,2339,48
COO OMP,O2,1103842779.223365,1103.842779,1.103843,14212696,0.018138,21.060058,21.078196,0,10,1,1,16,16,63838,63838,7106348,14212696,297,111,2.000000,2339,48
COO OMP,O2,513637656.915744,513.637657,0.513638,14212696,0.028896,21.060745,21.089641,0,10,1,1,64,16,63838,63838,7106348,14212696,297,111,2.000000,2339,48
COO OMP,O2,250668748.877005,250.668749,0.250669,14212696,0.056927,21.160923,21.217850,0,10,1,1,128,16,63838,63838,7106348,14212696,297,111,2.000000,2339,48
COO OMP,O2,1674833091.546299,1674.833092,1.674833,14212696,0.019115,21.079640,21.098756,0,10,1,1,16,32,63838,63838,7106348,14212696,297,111,2.000000,2339,48
COO OMP,O2,433895757.970802,433.895758,0.433896,14212696,0.033573,21.044567,21.078140,0,10,1,1,64,32,63838,63838,7106348,14212696,297,111,2.000000,2339,48
COO OMP,O2,259211112.273076,259.211112,0.259211,14212696,0.056850,21.043061,21.099911,0,10,1,1,128,32,63838,63838,7106348,14212696,297,111,2.000000,2339,48
