Name,-O,FLOPS,MFLOPS,GFLOPS,FOP Count,Avg Run Time (s),Format Time (s),Total Time (s),Verification,Iters,Block Row,Block Col,K-Bound,Threads,Rows,Cols,NNZ,NNZ*2,Max Cols,Avg Cols,Col Ratio,Variance,Std Deviation
CSR OMP,O2,inf,inf,inf,113701568,0.000000,7.175569,7.175569,510703,10,1,1,8,32,63838,63838,7106348,14212696,297,111,2.000000,2339,48
CSR OMP,O2,5681316113.884170,5681.316114,5.681316,227403136,0.041348,6.956198,6.997546,0,10,1,1,16,32,63838,63838,7106348,14212696,297,111,2.000000,2339,48
CSR OMP,O2,15053232610.549938,15053.232611,15.053233,909612544,0.061103,7.200702,7.261806,0,10,1,1,64,32,63838,63838,7106348,14212696,297,111,2.000000,2339,48
CSR OMP,O2,21966516103.673485,21966.516104,21.966516,1819225088,0.083897,6.933559,7.017456,0,10,1,1,128,32,63838,63838,7106348,14212696,297,111,2.000000,2339,48
CSR OMP,O2,inf,inf,inf,3638450176,0.000000,6.940113,6.940113,16342527,10,1,1,256,32,63838,63838,7106348,14212696,297,111,2.000000,2339,48
CSR OMP,O2,inf,inf,inf,7276900352,0.000000,6.806052,6.806052,32685055,10,1,1,512,32,63838,63838,7106348,14212696,297,111,2.000000,2339,48
CSR OMP,O2,inf,inf,inf,14610651488,0.000000,6.920420,6.920420,65625463,10,1,1,1028,32,63838,63838,7106348,14212696,297,111,2.000000,2339,48
