Name,-O,FLOPS,MFLOPS,GFLOPS,FOP Count,Avg Run Time (s),Format Time (s),Total Time (s),Verification,Iters,Block Row,Block Col,K-Bound,Threads,Rows,Cols,NNZ,NNZ*2,Max Cols,Avg Cols,Col Ratio,Variance,Std Deviation
ELL OMP,O2,2644965113.708675,2644.965114,2.644965,113701568,0.045053,7.863573,7.908626,0,10,1,1,8,32,63838,63838,7106348,14212696,297,111,2.000000,2339,48
ELL OMP,O2,4243058591.319006,4243.058591,4.243059,227403136,0.055402,7.841715,7.897117,0,10,1,1,16,32,63838,63838,7106348,14212696,297,111,2.000000,2339,48
ELL OMP,O2,10819071840.387281,10819.071840,10.819072,909612544,0.085068,7.844910,7.929978,0,10,1,1,64,32,63838,63838,7106348,14212696,297,111,2.000000,2339,48
ELL OMP,O2,15998874496.434092,15998.874496,15.998874,1819225088,0.114330,7.845384,7.959714,0,10,1,1,128,32,63838,63838,7106348,14212696,297,111,2.000000,2339,48
ELL OMP,O2,22880694156.816162,22880.694157,22.880694,3638450176,0.159809,7.874555,8.034365,0,10,1,1,256,32,63838,63838,7106348,14212696,297,111,2.000000,2339,48
ELL OMP,O2,31251595958.826393,31251.595959,31.251596,7276900352,0.233203,7.832343,8.065546,0,10,1,1,512,32,63838,63838,7106348,14212696,297,111,2.000000,2339,48
ELL OMP,O2,33880570930.618935,33880.570931,33.880571,14610651488,0.433621,7.837204,8.270825,0,10,1,1,1028,32,63838,63838,7106348,14212696,297,111,2.000000,2339,48
