Name,-O,FLOPS,MFLOPS,GFLOPS,FOP Count,Avg Run Time (s),Format Time (s),Total Time (s),Verification,Iters,Block Row,Block Col,K-Bound,Threads,Rows,Cols,NNZ,NNZ*2,Max Cols,Avg Cols,Col Ratio,Variance,Std Deviation
COO OMP,O2,3965316050.353194,3965.316050,3.965316,113701568,0.030280,6.917269,6.947549,0,10,1,1,8,32,63838,63838,7106348,14212696,297,111,2.000000,2339,48
COO OMP,O2,5726615862.193233,5726.615862,5.726616,227403136,0.040737,6.846419,6.887156,0,10,1,1,16,32,63838,63838,7106348,14212696,297,111,2.000000,2339,48
COO OMP,O2,15599073109.357944,15599.073109,15.599073,909612544,0.059315,6.854284,6.913599,0,10,1,1,64,32,63838,63838,7106348,14212696,297,111,2.000000,2339,48
COO OMP,O2,23858866308.135487,23858.866308,23.858866,1819225088,0.077383,6.852150,6.929533,0,10,1,1,128,32,63838,63838,7106348,14212696,297,111,2.000000,2339,48
COO OMP,O2,37328110352.656685,37328.110353,37.328110,3638450176,0.098237,6.841283,6.939520,0,10,1,1,256,32,63838,63838,7106348,14212696,297,111,2.000000,2339,48
COO OMP,O2,55444518190.010757,55444.518190,55.444518,7276900352,0.132255,6.838850,6.971105,0,10,1,1,512,32,63838,63838,7106348,14212696,297,111,2.000000,2339,48
COO OMP,O2,77933313484.875275,77933.313485,77.933313,14610651488,0.187914,6.919603,7.107517,0,10,1,1,1028,32,63838,63838,7106348,14212696,297,111,2.000000,2339,48
