Name,-O,FLOPS,MFLOPS,GFLOPS,FOP Count,Avg Run Time (s),Format Time (s),Total Time (s),Verification,Iters,Block Row,Block Col,K-Bound,Threads,Rows,Cols,NNZ,NNZ*2,Max Cols,Avg Cols,Col Ratio,Variance,Std Deviation
BCSR Serial,O2,175654099.049953,175.654099,0.175654,14212696,0.080916,21.718559,21.799475,32,10,2,2,16,-1,63838,63838,7106348,14212696,297,111,2.000000,2339,48
BCSR Serial,O2,139414439.658920,139.414440,0.139414,14212696,0.101946,21.948270,22.050216,32,10,4,4,16,-1,63838,63838,7106348,14212696,297,111,2.000000,2339,48
BCSR Serial,O2,46909425.192046,46.909425,0.046909,14212696,0.302982,22.538044,22.841026,32,10,16,16,16,-1,63838,63838,7106348,14212696,297,111,2.000000,2339,48
BCSR Serial,O2,77023510.503248,77.023511,0.077024,14212696,0.184524,21.780111,21.964635,128,10,2,2,64,-1,63838,63838,7106348,14212696,297,111,2.000000,2339,48
BCSR Serial,O2,55617589.689047,55.617590,0.055618,14212696,0.255544,21.832487,22.088032,128,10,4,4,64,-1,63838,63838,7106348,14212696,297,111,2.000000,2339,48
BCSR Serial,O2,17529647.851435,17.529648,0.017530,14212696,0.810781,22.553858,23.364639,128,10,16,16,64,-1,63838,63838,7106348,14212696,297,111,2.000000,2339,48
BCSR Serial,O2,48519759.324018,48.519759,0.048520,14212696,0.292926,21.723310,22.016236,256,10,2,2,128,-1,63838,63838,7106348,14212696,297,111,2.000000,2339,48
BCSR Serial,O2,32899759.709558,32.899760,0.032900,14212696,0.432000,21.883185,22.315186,256,10,4,4,128,-1,63838,63838,7106348,14212696,297,111,2.000000,2339,48
BCSR Serial,O2,10936315.381334,10.936315,0.010936,14212696,1.299588,22.533974,23.833562,256,10,16,16,128,-1,63838,63838,7106348,14212696,297,111,2.000000,2339,48
