Name,-O,FLOPS,MFLOPS,GFLOPS,FOP Count,Avg Run Time (s),Format Time (s),Total Time (s),Verification,Iters,Block Row,Block Col,K-Bound,Threads,Rows,Cols,NNZ,NNZ*2,Max Cols,Avg Cols,Col Ratio,Variance,Std Deviation
ELL THREADS,O2,1187474457.198540,1187.474457,1.187474,14212696,0.012152,22.952358,22.964510,0,5,1,1,16,72,63838,63838,7106348,14212696,297,111,2.000000,2339,48
ELL THREADS,O2,516823032.833414,516.823033,0.516823,14212696,0.029064,23.170736,23.199800,0,5,1,1,64,72,63838,63838,7106348,14212696,297,111,2.000000,2339,48
ELL THREADS,O2,390196840.776506,390.196841,0.390197,14212696,0.037980,23.019654,23.057634,0,5,1,1,128,64,63838,63838,7106348,14212696,297,111,2.000000,2339,48
