Name,-O,FLOPS,MFLOPS,GFLOPS,FOP Count,Avg Run Time (s),Format Time (s),Total Time (s),Verification,Iters,Block Row,Block Col,K-Bound,Threads,Rows,Cols,NNZ,NNZ*2,Max Cols,Avg Cols,Col Ratio,Variance,Std Deviation
COO OMP,O2,534267028.673898,534.267029,0.534267,14212696,0.048585,7.235192,7.283777,0,10,1,1,16,8,63838,63838,7106348,14212696,297,111,2.000000,2339,48
COO OMP,O2,259194848.683529,259.194849,0.259195,14212696,0.058775,7.133528,7.192303,0,10,1,1,64,8,63838,63838,7106348,14212696,297,111,2.000000,2339,48
COO OMP,O2,216093918.207251,216.093918,0.216094,14212696,0.068014,7.053107,7.121122,0,10,1,1,128,8,63838,63838,7106348,14212696,297,111,2.000000,2339,48
COO OMP,O2,388537230.786625,388.537231,0.388537,14212696,0.040444,6.907614,6.948058,0,10,1,1,16,16,63838,63838,7106348,14212696,297,111,2.000000,2339,48
COO OMP,O2,261369919.038494,261.369919,0.261370,14212696,0.058884,6.927453,6.986337,0,10,1,1,64,16,63838,63838,7106348,14212696,297,111,2.000000,2339,48
COO OMP,O2,210616111.706061,210.616112,0.210616,14212696,0.070107,6.974673,7.044780,0,10,1,1,128,16,63838,63838,7106348,14212696,297,111,2.000000,2339,48
COO OMP,O2,428409311.912769,428.409312,0.428409,14212696,0.037235,6.971008,7.008243,0,10,1,1,16,32,63838,63838,7106348,14212696,297,111,2.000000,2339,48
COO OMP,O2,256836000.645796,256.836001,0.256836,14212696,0.058797,7.083979,7.142776,0,10,1,1,64,32,63838,63838,7106348,14212696,297,111,2.000000,2339,48
COO OMP,O2,200930110.685483,200.930111,0.200930,14212696,0.074223,7.023457,7.097680,0,10,1,1,128,32,63838,63838,7106348,14212696,297,111,2.000000,2339,48
