Name,-O,FLOPS,MFLOPS,GFLOPS,FOP Count,Avg Run Time (s),Format Time (s),Total Time (s),Verification,Iters,Block Row,Block Col,K-Bound,Threads,Rows,Cols,NNZ,NNZ*2,Max Cols,Avg Cols,Col Ratio,Variance,Std Deviation
CSR OMP,O2,13890331289.072865,13890.331289,13.890331,113701568,0.009246,21.846529,21.855775,0,10,1,1,8,32,63838,63838,7106348,14212696,297,111,2.000000,2339,48
CSR OMP,O2,25418173653.274986,25418.173653,25.418174,227403136,0.010673,21.915268,21.925941,0,10,1,1,16,32,63838,63838,7106348,14212696,297,111,2.000000,2339,48
CSR OMP,O2,39290825030.448997,39290.825030,39.290825,909612544,0.023477,21.918033,21.941510,0,10,1,1,64,32,63838,63838,7106348,14212696,297,111,2.000000,2339,48
CSR OMP,O2,51832182958.667145,51832.182959,51.832183,1819225088,0.036173,22.121618,22.157791,0,10,1,1,128,32,63838,63838,7106348,14212696,297,111,2.000000,2339,48
CSR OMP,O2,60600453960.596130,60600.453961,60.600454,3638450176,0.060212,21.848776,21.908988,0,10,1,1,256,32,63838,63838,7106348,14212696,297,111,2.000000,2339,48
CSR OMP,O2,70449561476.831085,70449.561477,70.449561,7276900352,0.103396,21.837737,21.941133,0,10,1,1,512,32,63838,63838,7106348,14212696,297,111,2.000000,2339,48
CSR OMP,O2,67059292787.678871,67059.292788,67.059293,14610651488,0.219576,21.848662,22.068238,0,10,1,1,1028,32,63838,63838,7106348,14212696,297,111,2.000000,2339,48
