Name,-O,FLOPS,MFLOPS,GFLOPS,FOP Count,Avg Run Time (s),Format Time (s),Total Time (s),Verification,Iters,Block Row,Block Col,K-Bound,Threads,Rows,Cols,NNZ,NNZ*2,Max Cols,Avg Cols,Col Ratio,Variance,Std Deviation
CSR Serial Transpose,O2,632247.062736,0.632247,0.000632,14212696,22.479682,7.037449,29.517131,0,10,1,1,16,-1,63838,63838,7106348,14212696,297,111,2.000000,2339,48
CSR Serial Transpose,O2,626850.560642,0.626851,0.000627,14212696,22.673186,7.116262,29.789448,0,10,1,1,64,-1,63838,63838,7106348,14212696,297,111,2.000000,2339,48
CSR Serial Transpose,O2,607982.910869,0.607983,0.000608,14212696,23.376805,6.845928,30.222733,0,10,1,1,128,-1,63838,63838,7106348,14212696,297,111,2.000000,2339,48
