Name,-O,FLOPS,MFLOPS,GFLOPS,FOP Count,Avg Run Time (s),Format Time (s),Total Time (s),Verification,Iters,Block Row,Block Col,K-Bound,Threads,Rows,Cols,NNZ,NNZ*2,Max Cols,Avg Cols,Col Ratio,Variance,Std Deviation
ELL OMP,O2,4065017331.031638,4065.017331,4.065017,227403136,0.088829,23.070341,23.159169,0,10,1,1,16,8,63838,63838,7106348,14212696,297,111,2.000000,2339,48
ELL OMP,O2,11943068974.129154,11943.068974,11.943069,909612544,0.085619,23.253190,23.338809,0,10,1,1,64,8,63838,63838,7106348,14212696,297,111,2.000000,2339,48
ELL OMP,O2,15439607958.205582,15439.607958,15.439608,1819225088,0.126757,23.142519,23.269276,0,10,1,1,128,8,63838,63838,7106348,14212696,297,111,2.000000,2339,48
ELL OMP,O2,7316988049.245026,7316.988049,7.316988,227403136,0.032806,23.223156,23.255963,0,10,1,1,16,16,63838,63838,7106348,14212696,297,111,2.000000,2339,48
ELL OMP,O2,17833037541.685188,17833.037542,17.833038,909612544,0.056578,23.133822,23.190400,0,10,1,1,64,16,63838,63838,7106348,14212696,297,111,2.000000,2339,48
ELL OMP,O2,24554883602.214417,24554.883602,24.554884,1819225088,0.076958,23.168030,23.244988,0,10,1,1,128,16,63838,63838,7106348,14212696,297,111,2.000000,2339,48
ELL OMP,O2,8713511004.450588,8713.511004,8.713511,227403136,0.030331,23.161359,23.191690,0,10,1,1,16,32,63838,63838,7106348,14212696,297,111,2.000000,2339,48
ELL OMP,O2,22621254200.202583,22621.254200,22.621254,909612544,0.040712,23.223840,23.264552,0,10,1,1,64,32,63838,63838,7106348,14212696,297,111,2.000000,2339,48
ELL OMP,O2,28551638034.731468,28551.638035,28.551638,1819225088,0.065217,23.105554,23.170771,0,10,1,1,128,32,63838,63838,7106348,14212696,297,111,2.000000,2339,48
