Name,-O,FLOPS,MFLOPS,GFLOPS,FOP Count,Avg Run Time (s),Format Time (s),Total Time (s),Verification,Iters,Block Row,Block Col,K-Bound,Threads,Rows,Cols,NNZ,NNZ*2,Max Cols,Avg Cols,Col Ratio,Variance,Std Deviation
CSR OMP,O2,7701291225.067392,7701.291225,7.701291,227403136,0.040385,21.820958,21.861343,0,10,1,1,16,8,63838,63838,7106348,14212696,297,111,2.000000,2339,48
CSR OMP,O2,20006952332.291443,20006.952332,20.006952,909612544,0.047748,21.813438,21.861185,0,10,1,1,64,8,63838,63838,7106348,14212696,297,111,2.000000,2339,48
CSR OMP,O2,25871505914.294548,25871.505914,25.871506,1819225088,0.073527,21.770023,21.843550,0,10,1,1,128,8,63838,63838,7106348,14212696,297,111,2.000000,2339,48
CSR OMP,O2,11379207059.707241,11379.207060,11.379207,227403136,0.025551,21.805839,21.831390,0,10,1,1,16,16,63838,63838,7106348,14212696,297,111,2.000000,2339,48
CSR OMP,O2,24809058060.896168,24809.058061,24.809058,909612544,0.040099,21.840522,21.880621,0,10,1,1,64,16,63838,63838,7106348,14212696,297,111,2.000000,2339,48
CSR OMP,O2,36456492574.246689,36456.492574,36.456493,1819225088,0.056117,21.897404,21.953521,0,10,1,1,128,16,63838,63838,7106348,14212696,297,111,2.000000,2339,48
CSR OMP,O2,14043300374.444439,14043.300374,14.043300,227403136,0.022512,21.924638,21.947150,0,10,1,1,16,32,63838,63838,7106348,14212696,297,111,2.000000,2339,48
CSR OMP,O2,31191264801.155144,31191.264801,31.191265,909612544,0.031166,21.762348,21.793514,0,10,1,1,64,32,63838,63838,7106348,14212696,297,111,2.000000,2339,48
CSR OMP,O2,43511743052.323570,43511.743052,43.511743,1819225088,0.042982,21.780433,21.823415,0,10,1,1,128,32,63838,63838,7106348,14212696,297,111,2.000000,2339,48
