Name,-O,FLOPS,MFLOPS,GFLOPS,FOP Count,Avg Run Time (s),Format Time (s),Total Time (s),Verification,Iters,Block Row,Block Col,K-Bound,Threads,Rows,Cols,NNZ,NNZ*2,Max Cols,Avg Cols,Col Ratio,Variance,Std Deviation
BCSR Serial Transpose,O2,2530742910.621348,2530.742911,2.530743,1819225088,0.718850,7.585512,8.304362,256,10,2,2,128,-1,63838,63838,7106348,14212696,297,111,2.000000,2339,48
BCSR Serial Transpose,O2,1746323689.728859,1746.323690,1.746324,1819225088,1.041775,7.563726,8.605501,256,10,4,4,128,-1,63838,63838,7106348,14212696,297,111,2.000000,2339,48
BCSR Serial Transpose,O2,529689808.297748,529.689808,0.529690,1819225088,3.434512,8.066856,11.501369,256,10,16,16,128,-1,63838,63838,7106348,14212696,297,111,2.000000,2339,48
