Name,-O,FLOPS,MFLOPS,GFLOPS,FOP Count,Avg Run Time (s),Format Time (s),Total Time (s),Verification,Iters,Block Row,Block Col,K-Bound,Threads,Rows,Cols,NNZ,NNZ*2,Max Cols,Avg Cols,Col Ratio,Variance,Std Deviation
COO Serial,O2,225556021.191762,225.556021,0.225556,14212696,0.063790,21.364597,21.428388,0,10,1,1,16,-1,63838,63838,7106348,14212696,297,111,2.000000,2339,48
COO Serial,O2,93965274.875933,93.965275,0.093965,14212696,0.151932,21.311137,21.463069,0,10,1,1,64,-1,63838,63838,7106348,14212696,297,111,2.000000,2339,48
COO Serial,O2,56632570.134114,56.632570,0.056633,14212696,0.262068,21.263751,21.525819,0,10,1,1,128,-1,63838,63838,7106348,14212696,297,111,2.000000,2339,48
