Name,-O,FLOPS,MFLOPS,GFLOPS,FOP Count,Avg Run Time (s),Format Time (s),Total Time (s),Verification,Iters,Block Row,Block Col,K-Bound,Threads,Rows,Cols,NNZ,NNZ*2,Max Cols,Avg Cols,Col Ratio,Variance,Std Deviation
ELL OMP,O2,180291022.166631,180.291022,0.180291,14212696,0.081439,7.970574,8.052013,0,10,1,1,16,8,63838,63838,7106348,14212696,297,111,2.000000,2339,48
ELL OMP,O2,91670403.776443,91.670404,0.091670,14212696,0.155372,8.000061,8.155433,0,10,1,1,64,8,63838,63838,7106348,14212696,297,111,2.000000,2339,48
ELL OMP,O2,65227598.515776,65.227599,0.065228,14212696,0.218743,7.996061,8.214804,0,10,1,1,128,8,63838,63838,7106348,14212696,297,111,2.000000,2339,48
ELL OMP,O2,218874430.296406,218.874430,0.218874,14212696,0.065364,8.009308,8.074672,0,10,1,1,16,16,63838,63838,7106348,14212696,297,111,2.000000,2339,48
ELL OMP,O2,127109789.005184,127.109789,0.127110,14212696,0.112189,7.945820,8.058009,0,10,1,1,64,16,63838,63838,7106348,14212696,297,111,2.000000,2339,48
ELL OMP,O2,91024544.375043,91.024544,0.091025,14212696,0.156450,7.958134,8.114584,0,10,1,1,128,16,63838,63838,7106348,14212696,297,111,2.000000,2339,48
ELL OMP,O2,278162927.179822,278.162927,0.278163,14212696,0.052183,7.968171,8.020353,0,10,1,1,16,32,63838,63838,7106348,14212696,297,111,2.000000,2339,48
ELL OMP,O2,166098644.875312,166.098645,0.166099,14212696,0.086407,7.978284,8.064691,0,10,1,1,64,32,63838,63838,7106348,14212696,297,111,2.000000,2339,48
ELL OMP,O2,122977388.347517,122.977388,0.122977,14212696,0.116475,7.989291,8.105766,0,10,1,1,128,32,63838,63838,7106348,14212696,297,111,2.000000,2339,48
