Name,-O,FLOPS,MFLOPS,GFLOPS,FOP Count,Avg Run Time (s),Format Time (s),Total Time (s),Verification,Iters,Block Row,Block Col,K-Bound,Threads,Rows,Cols,NNZ,NNZ*2,Max Cols,Avg Cols,Col Ratio,Variance,Std Deviation
CSR OMP Transpose,O2,659099.840914,0.659100,0.000659,14212696,21.566109,6.957184,28.523293,0,10,1,1,16,8,63838,63838,7106348,14212696,297,111,2.000000,2339,48
CSR OMP Transpose,O2,655247.431857,0.655247,0.000655,14212696,21.693205,6.989429,28.682634,0,10,1,1,64,8,63838,63838,7106348,14212696,297,111,2.000000,2339,48
CSR OMP Transpose,O2,634273.012825,0.634273,0.000634,14212696,22.407874,6.991260,29.399134,0,10,1,1,128,8,63838,63838,7106348,14212696,297,111,2.000000,2339,48
CSR OMP Transpose,O2,658204.471601,0.658204,0.000658,14212696,21.595750,6.992352,28.588102,0,10,1,1,16,16,63838,63838,7106348,14212696,297,111,2.000000,2339,48
CSR OMP Transpose,O2,658818.604550,0.658819,0.000659,14212696,21.575242,6.995980,28.571222,0,10,1,1,64,16,63838,63838,7106348,14212696,297,111,2.000000,2339,48
CSR OMP Transpose,O2,636180.237548,0.636180,0.000636,14212696,22.340699,6.983383,29.324082,0,10,1,1,128,16,63838,63838,7106348,14212696,297,111,2.000000,2339,48
CSR OMP Transpose,O2,660359.961196,0.660360,0.000660,14212696,21.525630,7.011449,28.537079,0,10,1,1,16,32,63838,63838,7106348,14212696,297,111,2.000000,2339,48
CSR OMP Transpose,O2,661067.070233,0.661067,0.000661,14212696,21.502681,6.996343,28.499024,0,10,1,1,64,32,63838,63838,7106348,14212696,297,111,2.000000,2339,48
CSR OMP Transpose,O2,657701.534682,0.657702,0.000658,14212696,21.612164,6.971381,28.583545,0,10,1,1,128,32,63838,63838,7106348,14212696,297,111,2.000000,2339,48
