Name,-O,FLOPS,MFLOPS,GFLOPS,FOP Count,Avg Run Time (s),Format Time (s),Total Time (s),Verification,Iters,Block Row,Block Col,K-Bound,Threads,Rows,Cols,NNZ,NNZ*2,Max Cols,Avg Cols,Col Ratio,Variance,Std Deviation
COO Serial,O2,263107353.530146,263.107354,0.263107,14212696,0.054022,7.018461,7.072483,0,10,1,1,16,-1,63838,63838,7106348,14212696,297,111,2.000000,2339,48
COO Serial,O2,78126031.614901,78.126032,0.078126,14212696,0.181928,6.902459,7.084387,0,10,1,1,64,-1,63838,63838,7106348,14212696,297,111,2.000000,2339,48
COO Serial,O2,36476954.069583,36.476954,0.036477,14212696,0.389644,7.086520,7.476164,0,10,1,1,128,-1,63838,63838,7106348,14212696,297,111,2.000000,2339,48
