Name,-O,FLOPS,MFLOPS,GFLOPS,FOP Count,Avg Run Time (s),Format Time (s),Total Time (s),Verification,Iters,Block Row,Block Col,K-Bound,Threads,Rows,Cols,NNZ,NNZ*2,Max Cols,Avg Cols,Col Ratio,Variance,Std Deviation
CSR OMP Transpose,O2,2136854.203502,2.136854,0.002137,14212696,6.654520,7.005717,13.660237,0,10,1,1,16,8,63838,63838,7106348,14212696,297,111,2.000000,2339,48
CSR OMP Transpose,O2,2186360.951408,2.186361,0.002186,14212696,6.502387,7.026149,13.528536,0,10,1,1,64,8,63838,63838,7106348,14212696,297,111,2.000000,2339,48
CSR OMP Transpose,O2,2201409.891201,2.201410,0.002201,14212696,6.459193,6.922310,13.381503,0,10,1,1,128,8,63838,63838,7106348,14212696,297,111,2.000000,2339,48
CSR OMP Transpose,O2,4275389.349358,4.275389,0.004275,14212696,3.325029,7.008085,10.333114,0,10,1,1,16,16,63838,63838,7106348,14212696,297,111,2.000000,2339,48
CSR OMP Transpose,O2,4078967.259996,4.078967,0.004079,14212696,3.485109,7.018075,10.503184,0,10,1,1,64,16,63838,63838,7106348,14212696,297,111,2.000000,2339,48
CSR OMP Transpose,O2,4119880.604470,4.119881,0.004120,14212696,3.449866,7.037405,10.487271,0,10,1,1,128,16,63838,63838,7106348,14212696,297,111,2.000000,2339,48
CSR OMP Transpose,O2,7936563.577217,7.936564,0.007937,14212696,1.791020,7.017531,8.808551,0,10,1,1,16,32,63838,63838,7106348,14212696,297,111,2.000000,2339,48
CSR OMP Transpose,O2,7708037.123042,7.708037,0.007708,14212696,1.844232,7.017178,8.861410,0,10,1,1,64,32,63838,63838,7106348,14212696,297,111,2.000000,2339,48
CSR OMP Transpose,O2,7567839.356200,7.567839,0.007568,14212696,1.878067,7.053099,8.931166,0,10,1,1,128,32,63838,63838,7106348,14212696,297,111,2.000000,2339,48
