Name,-O,FLOPS,MFLOPS,GFLOPS,FOP Count,Avg Run Time (s),Format Time (s),Total Time (s),Verification,Iters,Block Row,Block Col,K-Bound,Threads,Rows,Cols,NNZ,NNZ*2,Max Cols,Avg Cols,Col Ratio,Variance,Std Deviation
COO Serial,O2,2613370982.176807,2613.370982,2.613371,227403136,0.087033,21.818400,21.905433,0,10,1,1,16,-1,63838,63838,7106348,14212696,297,111,2.000000,2339,48
COO Serial,O2,7332527118.155083,7332.527118,7.332527,909612544,0.124054,21.885498,22.009552,0,10,1,1,64,-1,63838,63838,7106348,14212696,297,111,2.000000,2339,48
COO Serial,O2,9321795155.916645,9321.795156,9.321795,1819225088,0.195158,21.833636,22.028794,0,10,1,1,128,-1,63838,63838,7106348,14212696,297,111,2.000000,2339,48
