Name,-O,FLOPS,MFLOPS,GFLOPS,FOP Count,Avg Run Time (s),Format Time (s),Total Time (s),Verification,Iters,Block Row,Block Col,K-Bound,Threads,Rows,Cols,NNZ,NNZ*2,Max Cols,Avg Cols,Col Ratio,Variance,Std Deviation
COO OMP,O2,18294417320.022949,18294.417320,18.294417,113701568,0.008308,21.903159,21.911467,0,10,1,1,8,32,63838,63838,7106348,14212696,297,111,2.000000,2339,48
COO OMP,O2,19336440913.863159,19336.440914,19.336441,227403136,0.013338,21.992345,22.005683,0,10,1,1,16,32,63838,63838,7106348,14212696,297,111,2.000000,2339,48
COO OMP,O2,38154567891.926971,38154.567892,38.154568,909612544,0.024598,21.913101,21.937700,0,10,1,1,64,32,63838,63838,7106348,14212696,297,111,2.000000,2339,48
COO OMP,O2,46174133989.700974,46174.133990,46.174134,1819225088,0.039708,21.927410,21.967119,0,10,1,1,128,32,63838,63838,7106348,14212696,297,111,2.000000,2339,48
COO OMP,O2,51605029806.014565,51605.029806,51.605030,3638450176,0.073809,21.982998,22.056806,0,10,1,1,256,32,63838,63838,7106348,14212696,297,111,2.000000,2339,48
COO OMP,O2,70054184154.889603,70054.184155,70.054184,7276900352,0.104610,21.926761,22.031371,0,10,1,1,512,32,63838,63838,7106348,14212696,297,111,2.000000,2339,48
COO OMP,O2,72786017031.657669,72786.017032,72.786017,14610651488,0.203382,21.911779,22.115160,0,10,1,1,1028,32,63838,63838,7106348,14212696,297,111,2.000000,2339,48
