Name,-O,FLOPS,MFLOPS,GFLOPS,FOP Count,Avg Run Time (s),Format Time (s),Total Time (s),Verification,Iters,Block Row,Block Col,K-Bound,Threads,Rows,Cols,NNZ,NNZ*2,Max Cols,Avg Cols,Col Ratio,Variance,Std Deviation
BCSR GPU,O2,303715671.098926,303.715671,0.303716,14212696,0.051828,7.557325,7.609153,32,10,2,2,16,-1,63838,63838,7106348,14212696,297,111,2.000000,2339,48
BCSR GPU,O2,280347926.190796,280.347926,0.280348,14212696,0.053912,7.580725,7.634637,32,10,4,4,16,-1,63838,63838,7106348,14212696,297,111,2.000000,2339,48
BCSR GPU,O2,180912723.515195,180.912724,0.180913,14212696,0.081645,8.112702,8.194347,32,10,16,16,16,-1,63838,63838,7106348,14212696,297,111,2.000000,2339,48
BCSR GPU,O2,226609413.362545,226.609413,0.226609,14212696,0.065512,7.523296,7.588808,128,10,2,2,64,-1,63838,63838,7106348,14212696,297,111,2.000000,2339,48
BCSR GPU,O2,180454761.753355,180.454762,0.180455,14212696,0.082540,7.585731,7.668271,128,10,4,4,64,-1,63838,63838,7106348,14212696,297,111,2.000000,2339,48
BCSR GPU,O2,123593305.939010,123.593306,0.123593,14212696,0.117264,8.031293,8.148557,128,10,16,16,64,-1,63838,63838,7106348,14212696,297,111,2.000000,2339,48
BCSR GPU,O2,186840077.103077,186.840077,0.186840,14212696,0.078868,7.531436,7.610304,256,10,2,2,128,-1,63838,63838,7106348,14212696,297,111,2.000000,2339,48
BCSR GPU,O2,146874393.751349,146.874394,0.146874,14212696,0.100353,7.609338,7.709691,256,10,4,4,128,-1,63838,63838,7106348,14212696,297,111,2.000000,2339,48
BCSR GPU,O2,94592750.635152,94.592751,0.094593,14212696,0.151382,8.085863,8.237245,256,10,16,16,128,-1,63838,63838,7106348,14212696,297,111,2.000000,2339,48
