Name,-O,FLOPS,MFLOPS,GFLOPS,FOP Count,Avg Run Time (s),Format Time (s),Total Time (s),Verification,Iters,Block Row,Block Col,K-Bound,Threads,Rows,Cols,NNZ,NNZ*2,Max Cols,Avg Cols,Col Ratio,Variance,Std Deviation
CSR OMP,O2,3665639938.250835,3665.639938,3.665640,113701568,0.033845,6.915508,6.949353,0,10,1,1,8,32,63838,63838,7106348,14212696,297,111,2.000000,2339,48
CSR OMP,O2,5884930821.309462,5884.930821,5.884931,227403136,0.040294,6.844024,6.884318,0,10,1,1,16,32,63838,63838,7106348,14212696,297,111,2.000000,2339,48
CSR OMP,O2,14594041752.047470,14594.041752,14.594042,909612544,0.063495,6.823736,6.887231,0,10,1,1,64,32,63838,63838,7106348,14212696,297,111,2.000000,2339,48
CSR OMP,O2,20857810102.656837,20857.810103,20.857810,1819225088,0.087783,6.876219,6.964002,0,10,1,1,128,32,63838,63838,7106348,14212696,297,111,2.000000,2339,48
CSR OMP,O2,32686544659.870392,32686.544660,32.686545,3638450176,0.112245,6.816900,6.929145,0,10,1,1,256,32,63838,63838,7106348,14212696,297,111,2.000000,2339,48
CSR OMP,O2,47196680091.363861,47196.680091,47.196680,7276900352,0.155009,6.795192,6.950201,0,10,1,1,512,32,63838,63838,7106348,14212696,297,111,2.000000,2339,48
CSR OMP,O2,68145144945.663284,68145.144946,68.145145,14610651488,0.214695,6.904871,7.119566,0,10,1,1,1028,32,63838,63838,7106348,14212696,297,111,2.000000,2339,48
