Name,-O,FLOPS,MFLOPS,GFLOPS,FOP Count,Avg Run Time (s),Format Time (s),Total Time (s),Verification,Iters,Block Row,Block Col,K-Bound,Threads,Rows,Cols,NNZ,NNZ*2,Max Cols,Avg Cols,Col Ratio,Variance,Std Deviation
CSR THREADS,O2,1143952769.861173,1143.952770,1.143953,14212696,0.013561,21.769296,21.782857,0,5,1,1,16,72,63838,63838,7106348,14212696,297,111,2.000000,2339,48
CSR THREADS,O2,706293116.518027,706.293117,0.706293,14212696,0.020611,21.691208,21.711819,0,5,1,1,64,32,63838,63838,7106348,14212696,297,111,2.000000,2339,48
CSR THREADS,O2,665858283.552969,665.858284,0.665858,14212696,0.022031,21.721199,21.743230,0,5,1,1,128,64,63838,63838,7106348,14212696,297,111,2.000000,2339,48
