Name,-O,FLOPS,MFLOPS,GFLOPS,FOP Count,Avg Run Time (s),Format Time (s),Total Time (s),Verification,Iters,Block Row,Block Col,K-Bound,Threads,Rows,Cols,NNZ,NNZ*2,Max Cols,Avg Cols,Col Ratio,Variance,Std Deviation
BCSR Serial Transpose,O2,844203.935607,0.844204,0.000844,18156152,21.506857,7.807751,29.314608,32,10,2,2,16,-1,63838,63838,7106348,14212696,297,111,2.000000,2339,48
BCSR Serial Transpose,O2,1264009.028840,1.264009,0.001264,27377088,21.661572,7.828778,29.490349,32,10,4,4,16,-1,63838,63838,7106348,14212696,297,111,2.000000,2339,48
BCSR Serial Transpose,O2,3535017.624178,3.535018,0.003535,77609472,21.955327,8.329843,30.285170,32,10,16,16,16,-1,63838,63838,7106348,14212696,297,111,2.000000,2339,48
BCSR Serial Transpose,O2,809604.058726,0.809604,0.000810,18156152,22.425971,7.634081,30.060051,128,10,2,2,64,-1,63838,63838,7106348,14212696,297,111,2.000000,2339,48
BCSR Serial Transpose,O2,1181052.189525,1.181052,0.001181,27377088,23.180253,7.711097,30.891350,128,10,4,4,64,-1,63838,63838,7106348,14212696,297,111,2.000000,2339,48
BCSR Serial Transpose,O2,3276024.829655,3.276025,0.003276,77609472,23.690136,8.222458,31.912594,128,10,16,16,64,-1,63838,63838,7106348,14212696,297,111,2.000000,2339,48
BCSR Serial Transpose,O2,789485.949571,0.789486,0.000789,18156152,22.997490,7.611457,30.608947,256,10,2,2,128,-1,63838,63838,7106348,14212696,297,111,2.000000,2339,48
BCSR Serial Transpose,O2,1185653.602417,1.185654,0.001186,27377088,23.090296,7.655983,30.746279,256,10,4,4,128,-1,63838,63838,7106348,14212696,297,111,2.000000,2339,48
BCSR Serial Transpose,O2,3039730.056381,3.039730,0.003040,77609472,25.531706,8.196350,33.728056,256,10,16,16,128,-1,63838,63838,7106348,14212696,297,111,2.000000,2339,48
