,Name,-O,FLOPS,MFLOPS,GFLOPS,FOP Count,Avg Run Time (s),Format Time (s),Total Time (s),Verification,Iters,Block Row,Block Col,K-Bound,Threads,Rows,Cols,NNZ,NNZ*2,Max Cols,Avg Cols,Col Ratio,Variance,Std Deviation
0,BCSR Serial,O2,2024621671.247688,2024.621671,2.024622,227403136,0.112327,22.538537,22.650864,32,10,4,4,16,-1,63838,63838,7106348,14212696,297,111,2.0,2339,48
1,BCSR Serial,O2,5125231912.441824,5125.231912,5.125232,909612544,0.177483,22.486038,22.663521,128,10,4,4,64,-1,63838,63838,7106348,14212696,297,111,2.0,2339,48
2,BCSR Serial,O2,5410776178.843237,5410.776179,5.410776,1819225088,0.336238,22.549365,22.885603,256,10,4,4,128,-1,63838,63838,7106348,14212696,297,111,2.0,2339,48
3,BCSR Serial,O2,2604908446.219668,2604.908446,2.604908,227403136,0.087312,22.372963,22.460275,32,10,2,2,16,-1,63838,63838,7106348,14212696,297,111,2.0,2339,48
4,BCSR Serial,O2,656046653.271121,656.046653,0.656047,227403136,0.34663,23.103055,23.449685,32,10,16,16,16,-1,63838,63838,7106348,14212696,297,111,2.0,2339,48
5,BCSR Serial,O2,6974854616.57755,6974.854617,6.974855,909612544,0.130413,22.398506,22.528919,128,10,2,2,64,-1,63838,63838,7106348,14212696,297,111,2.0,2339,48
6,BCSR Serial,O2,1582814741.011157,1582.814741,1.582815,909612544,0.574685,23.093726,23.668411,128,10,16,16,64,-1,63838,63838,7106348,14212696,297,111,2.0,2339,48
7,BCSR Serial,O2,8037299990.294357,8037.29999,8.0373,1819225088,0.226352,22.299686,22.526038,256,10,2,2,128,-1,63838,63838,7106348,14212696,297,111,2.0,2339,48
8,BCSR Serial,O2,1773439901.09246,1773.439901,1.77344,1819225088,1.025821,23.123114,24.148935,256,10,16,16,128,-1,63838,63838,7106348,14212696,297,111,2.0,2339,48
