Name,-O,FLOPS,MFLOPS,GFLOPS,FOP Count,Avg Run Time (s),Format Time (s),Total Time (s),Verification,Iters,Block Row,Block Col,K-Bound,Threads,Rows,Cols,NNZ,NNZ*2,Max Cols,Avg Cols,Col Ratio,Variance,Std Deviation
COO GPU,O2,407687638.999463,407.687639,0.407688,14212696,0.038183,7.029210,7.067393,0,10,1,1,16,-1,63838,63838,7106348,14212696,297,111,2.000000,2339,48
COO GPU,O2,277763691.061981,277.763691,0.277764,14212696,0.054656,6.999103,7.053760,0,10,1,1,64,-1,63838,63838,7106348,14212696,297,111,2.000000,2339,48
COO GPU,O2,215363922.814408,215.363923,0.215364,14212696,0.069266,6.946898,7.016164,0,10,1,1,128,-1,63838,63838,7106348,14212696,297,111,2.000000,2339,48
