Name,-O,FLOPS,MFLOPS,GFLOPS,FOP Count,Avg Run Time (s),Format Time (s),Total Time (s),Verification,Iters,Block Row,Block Col,K-Bound,Threads,Rows,Cols,NNZ,NNZ*2,Max Cols,Avg Cols,Col Ratio,Variance,Std Deviation
BCSR Serial,O2,2847060158.831334,2847.060159,2.847060,227403136,0.079874,7.570250,7.650124,32,10,2,2,16,-1,63838,63838,7106348,14212696,297,111,2.000000,2339,48
BCSR Serial,O2,929633920.626464,929.633921,0.929634,227403136,0.244620,8.134574,8.379194,32,10,16,16,16,-1,63838,63838,7106348,14212696,297,111,2.000000,2339,48
BCSR Serial,O2,4822456476.955313,4822.456477,4.822456,909612544,0.188628,7.450132,7.638760,128,10,2,2,64,-1,63838,63838,7106348,14212696,297,111,2.000000,2339,48
BCSR Serial,O2,1143630320.218221,1143.630320,1.143630,909612544,0.795374,7.981018,8.776392,128,10,16,16,64,-1,63838,63838,7106348,14212696,297,111,2.000000,2339,48
BCSR Serial,O2,5587710369.625539,5587.710370,5.587710,1819225088,0.325594,7.486251,7.811845,256,10,2,2,128,-1,63838,63838,7106348,14212696,297,111,2.000000,2339,48
BCSR Serial,O2,1393766503.972548,1393.766504,1.393767,1819225088,1.305262,7.960973,9.266235,256,10,16,16,128,-1,63838,63838,7106348,14212696,297,111,2.000000,2339,48
