Name,-O,FLOPS,MFLOPS,GFLOPS,FOP Count,Avg Run Time (s),Format Time (s),Total Time (s),Verification,Iters,Block Row,Block Col,K-Bound,Threads,Rows,Cols,NNZ,NNZ*2,Max Cols,Avg Cols,Col Ratio,Variance,Std Deviation
CSR Serial,O2,246182903.836380,246.182904,0.246183,14212696,0.057737,6.957731,7.015468,0,10,1,1,16,-1,63838,63838,7106348,14212696,297,111,2.000000,2339,48
CSR Serial,O2,79263219.146006,79.263219,0.079263,14212696,0.179325,6.897351,7.076676,0,10,1,1,64,-1,63838,63838,7106348,14212696,297,111,2.000000,2339,48
CSR Serial,O2,38696359.729573,38.696360,0.038696,14212696,0.367297,6.859520,7.226817,0,10,1,1,128,-1,63838,63838,7106348,14212696,297,111,2.000000,2339,48
