Name,-O,FLOPS,MFLOPS,GFLOPS,FOP Count,Avg Run Time (s),Format Time (s),Total Time (s),Verification,Iters,Block Row,Block Col,K-Bound,Threads,Rows,Cols,NNZ,NNZ*2,Max Cols,Avg Cols,Col Ratio,Variance,Std Deviation
BCSR Serial,O2,2024621671.247688,2024.621671,2.024622,227403136,0.112327,22.538537,22.650864,32,10,4,4,16,-1,63838,63838,7106348,14212696,297,111,2.000000,2339,48
BCSR Serial,O2,5125231912.441824,5125.231912,5.125232,909612544,0.177483,22.486038,22.663521,128,10,4,4,64,-1,63838,63838,7106348,14212696,297,111,2.000000,2339,48
BCSR Serial,O2,5410776178.843237,5410.776179,5.410776,1819225088,0.336238,22.549365,22.885603,256,10,4,4,128,-1,63838,63838,7106348,14212696,297,111,2.000000,2339,48
