Name,-O,FLOPS,MFLOPS,GFLOPS,FOP Count,Avg Run Time (s),Format Time (s),Total Time (s),Verification,Iters,Block Row,Block Col,K-Bound,Threads,Rows,Cols,NNZ,NNZ*2,Max Cols,Avg Cols,Col Ratio,Variance,Std Deviation
ELL THREADS,O2,876519208.734878,876.519209,0.876519,14212696,0.017371,22.745851,22.763222,0,5,1,1,16,48,63838,63838,7106348,14212696,297,111,2.000000,2339,48
ELL THREADS,O2,456731532.116346,456.731532,0.456732,14212696,0.039617,22.521405,22.561022,0,5,1,1,64,64,63838,63838,7106348,14212696,297,111,2.000000,2339,48
ELL THREADS,O2,303640015.019427,303.640015,0.303640,14212696,0.046836,22.696753,22.743589,0,5,1,1,128,48,63838,63838,7106348,14212696,297,111,2.000000,2339,48
