Name,-O,FLOPS,MFLOPS,GFLOPS,FOP Count,Avg Run Time (s),Format Time (s),Total Time (s),Verification,Iters,Block Row,Block Col,K-Bound,Threads,Rows,Cols,NNZ,NNZ*2,Max Cols,Avg Cols,Col Ratio,Variance,Std Deviation
BCSR Serial,O2,2604908446.219668,2604.908446,2.604908,227403136,0.087312,22.372963,22.460275,32,10,2,2,16,-1,63838,63838,7106348,14212696,297,111,2.000000,2339,48
BCSR Serial,O2,656046653.271121,656.046653,0.656047,227403136,0.346630,23.103055,23.449685,32,10,16,16,16,-1,63838,63838,7106348,14212696,297,111,2.000000,2339,48
BCSR Serial,O2,6974854616.577550,6974.854617,6.974855,909612544,0.130413,22.398506,22.528919,128,10,2,2,64,-1,63838,63838,7106348,14212696,297,111,2.000000,2339,48
BCSR Serial,O2,1582814741.011157,1582.814741,1.582815,909612544,0.574685,23.093726,23.668411,128,10,16,16,64,-1,63838,63838,7106348,14212696,297,111,2.000000,2339,48
BCSR Serial,O2,8037299990.294357,8037.299990,8.037300,1819225088,0.226352,22.299686,22.526038,256,10,2,2,128,-1,63838,63838,7106348,14212696,297,111,2.000000,2339,48
BCSR Serial,O2,1773439901.092460,1773.439901,1.773440,1819225088,1.025821,23.123114,24.148935,256,10,16,16,128,-1,63838,63838,7106348,14212696,297,111,2.000000,2339,48
