Name,-O,FLOPS,MFLOPS,GFLOPS,FOP Count,Avg Run Time (s),Format Time (s),Total Time (s),Verification,Iters,Block Row,Block Col,K-Bound,Threads,Rows,Cols,NNZ,NNZ*2,Max Cols,Avg Cols,Col Ratio,Variance,Std Deviation
CSR THREADS,O2,1482673661.896153,1482.673662,1.482674,14212696,0.009964,21.499704,21.509667,0,5,1,1,16,72,63838,63838,7106348,14212696,297,111,2.000000,2339,48
CSR THREADS,O2,656556764.780184,656.556765,0.656557,14212696,0.022026,21.500482,21.522508,0,5,1,1,64,48,63838,63838,7106348,14212696,297,111,2.000000,2339,48
CSR THREADS,O2,441690655.669966,441.690656,0.441691,14212696,0.032377,21.462500,21.494877,0,5,1,1,128,72,63838,63838,7106348,14212696,297,111,2.000000,2339,48
