Name,-O,FLOPS,MFLOPS,GFLOPS,FOP Count,Avg Run Time (s),Format Time (s),Total Time (s),Verification,Iters,Block Row,Block Col,K-Bound,Threads,Rows,Cols,NNZ,NNZ*2,Max Cols,Avg Cols,Col Ratio,Variance,Std Deviation
COO Serial Transpose,O2,644027.454092,0.644027,0.000644,14212696,22.090768,6.946939,29.037706,0,10,1,1,16,-1,63838,63838,7106348,14212696,297,111,2.000000,2339,48
COO Serial Transpose,O2,633260.559056,0.633261,0.000633,14212696,22.443695,7.014183,29.457878,0,10,1,1,64,-1,63838,63838,7106348,14212696,297,111,2.000000,2339,48
COO Serial Transpose,O2,625564.422432,0.625564,0.000626,14212696,22.719811,6.985862,29.705673,0,10,1,1,128,-1,63838,63838,7106348,14212696,297,111,2.000000,2339,48
