Name,-O,FLOPS,MFLOPS,GFLOPS,FOP Count,Avg Run Time (s),Format Time (s),Total Time (s),Verification,Iters,Block Row,Block Col,K-Bound,Threads,Rows,Cols,NNZ,NNZ*2,Max Cols,Avg Cols,Col Ratio,Variance,Std Deviation
COO THREADS,O2,1156224395.937936,1156.224396,1.156224,14212696,0.012475,21.682257,21.694732,0,5,1,1,16,48,63838,63838,7106348,14212696,297,111,2.000000,2339,48
COO THREADS,O2,611936537.364151,611.936537,0.611937,14212696,0.023567,21.665153,21.688720,0,5,1,1,64,48,63838,63838,7106348,14212696,297,111,2.000000,2339,48
COO THREADS,O2,533555606.663840,533.555607,0.533556,14212696,0.027043,21.693673,21.720716,0,5,1,1,128,72,63838,63838,7106348,14212696,297,111,2.000000,2339,48
