Name,-O,FLOPS,MFLOPS,GFLOPS,FOP Count,Avg Run Time (s),Format Time (s),Total Time (s),Verification,Iters,Block Row,Block Col,K-Bound,Threads,Rows,Cols,NNZ,NNZ*2,Max Cols,Avg Cols,Col Ratio,Variance,Std Deviation
ELL OMP,O2,inf,inf,inf,113701568,0.000000,23.508217,23.508217,510703,10,1,1,8,32,63838,63838,7106348,14212696,297,111,2.000000,2339,48
ELL OMP,O2,7799857033.194295,7799.857033,7.799857,227403136,0.046649,23.621573,23.668222,0,10,1,1,16,32,63838,63838,7106348,14212696,297,111,2.000000,2339,48
ELL OMP,O2,33036711978.350849,33036.711978,33.036712,909612544,0.028931,23.388539,23.417470,0,10,1,1,64,32,63838,63838,7106348,14212696,297,111,2.000000,2339,48
ELL OMP,O2,40756914609.894165,40756.914610,40.756915,1819225088,0.045966,23.366155,23.412121,0,10,1,1,128,32,63838,63838,7106348,14212696,297,111,2.000000,2339,48
ELL OMP,O2,inf,inf,inf,3638450176,0.000000,23.349738,23.349738,16342527,10,1,1,256,32,63838,63838,7106348,14212696,297,111,2.000000,2339,48
ELL OMP,O2,inf,inf,inf,7276900352,0.000000,23.395571,23.395571,32685055,10,1,1,512,32,63838,63838,7106348,14212696,297,111,2.000000,2339,48
ELL OMP,O2,inf,inf,inf,14610651488,0.000000,23.387113,23.387113,65625463,10,1,1,1028,32,63838,63838,7106348,14212696,297,111,2.000000,2339,48
