Name,-O,FLOPS,MFLOPS,GFLOPS,FOP Count,Avg Run Time (s),Format Time (s),Total Time (s),Verification,Iters,Block Row,Block Col,K-Bound,Threads,Rows,Cols,NNZ,NNZ*2,Max Cols,Avg Cols,Col Ratio,Variance,Std Deviation
CSR OMP,O2,747198849.304118,747.198849,0.747199,14212696,0.019880,21.194436,21.214316,0,10,1,1,16,8,63838,63838,7106348,14212696,297,111,2.000000,2339,48
CSR OMP,O2,380042799.786169,380.042800,0.380043,14212696,0.038027,21.144408,21.182435,0,10,1,1,64,8,63838,63838,7106348,14212696,297,111,2.000000,2339,48
CSR OMP,O2,267215993.858122,267.215994,0.267216,14212696,0.054478,21.136931,21.191409,0,10,1,1,128,8,63838,63838,7106348,14212696,297,111,2.000000,2339,48
CSR OMP,O2,993760413.982699,993.760414,0.993760,14212696,0.015272,21.200101,21.215373,0,10,1,1,16,16,63838,63838,7106348,14212696,297,111,2.000000,2339,48
CSR OMP,O2,549234340.318377,549.234340,0.549234,14212696,0.026855,21.147482,21.174337,0,10,1,1,64,16,63838,63838,7106348,14212696,297,111,2.000000,2339,48
CSR OMP,O2,362555035.139878,362.555035,0.362555,14212696,0.039948,21.127191,21.167139,0,10,1,1,128,16,63838,63838,7106348,14212696,297,111,2.000000,2339,48
CSR OMP,O2,1274381569.288551,1274.381569,1.274382,14212696,0.012118,21.153473,21.165591,0,10,1,1,16,32,63838,63838,7106348,14212696,297,111,2.000000,2339,48
CSR OMP,O2,413728323.714490,413.728324,0.413728,14212696,0.036942,21.214011,21.250953,0,10,1,1,64,32,63838,63838,7106348,14212696,297,111,2.000000,2339,48
CSR OMP,O2,356710267.577502,356.710268,0.356710,14212696,0.040667,21.251414,21.292081,0,10,1,1,128,32,63838,63838,7106348,14212696,297,111,2.000000,2339,48
