Name,-O,FLOPS,MFLOPS,GFLOPS,FOP Count,Avg Run Time (s),Format Time (s),Total Time (s),Verification,Iters,Block Row,Block Col,K-Bound,Threads,Rows,Cols,NNZ,NNZ*2,Max Cols,Avg Cols,Col Ratio,Variance,Std Deviation
CSR GPU Transpose,O2,654833.497813,0.654833,0.000655,14212696,21.706164,6.975694,28.681858,0,10,1,1,16,-1,63838,63838,7106348,14212696,297,111,2.000000,2339,48
CSR GPU Transpose,O2,656481.370636,0.656481,0.000656,14212696,21.652402,6.986861,28.639263,0,10,1,1,64,-1,63838,63838,7106348,14212696,297,111,2.000000,2339,48
CSR GPU Transpose,O2,658582.496617,0.658582,0.000659,14212696,21.583204,6.986243,28.569447,0,10,1,1,128,-1,63838,63838,7106348,14212696,297,111,2.000000,2339,48
