Name,-O,FLOPS,MFLOPS,GFLOPS,FOP Count,Avg Run Time (s),Format Time (s),Total Time (s),Verification,Iters,Block Row,Block Col,K-Bound,Threads,Rows,Cols,NNZ,NNZ*2,Max Cols,Avg Cols,Col Ratio,Variance,Std Deviation
BCSR OMP Transpose,O2,6431151268.091473,6431.151268,6.431151,1819225088,0.282999,7.452399,7.735398,256,10,2,2,128,8,63838,63838,7106348,14212696,297,111,2.000000,2339,48
BCSR OMP Transpose,O2,5407464755.119649,5407.464755,5.407465,1819225088,0.336499,7.509334,7.845833,256,10,4,4,128,8,63838,63838,7106348,14212696,297,111,2.000000,2339,48
BCSR OMP Transpose,O2,1945429523.923551,1945.429524,1.945430,1819225088,0.935174,7.982524,8.917698,256,10,16,16,128,8,63838,63838,7106348,14212696,297,111,2.000000,2339,48
BCSR OMP Transpose,O2,10135785417.443230,10135.785417,10.135785,1819225088,0.179612,7.444820,7.624432,256,10,2,2,128,16,63838,63838,7106348,14212696,297,111,2.000000,2339,48
BCSR OMP Transpose,O2,8111641187.309749,8111.641187,8.111641,1819225088,0.224325,7.514317,7.738642,256,10,4,4,128,16,63838,63838,7106348,14212696,297,111,2.000000,2339,48
BCSR OMP Transpose,O2,3962331932.555772,3962.331933,3.962332,1819225088,0.459295,7.984852,8.444146,256,10,16,16,128,16,63838,63838,7106348,14212696,297,111,2.000000,2339,48
BCSR OMP Transpose,O2,12276535404.217031,12276.535404,12.276535,1819225088,0.148419,7.436985,7.585404,256,10,2,2,128,32,63838,63838,7106348,14212696,297,111,2.000000,2339,48
BCSR OMP Transpose,O2,9838910633.207363,9838.910633,9.838911,1819225088,0.185035,7.349590,7.534625,256,10,4,4,128,32,63838,63838,7106348,14212696,297,111,2.000000,2339,48
BCSR OMP Transpose,O2,6263836957.202965,6263.836957,6.263837,1819225088,0.290653,8.092836,8.383489,256,10,16,16,128,32,63838,63838,7106348,14212696,297,111,2.000000,2339,48
