Name,-O,FLOPS,MFLOPS,GFLOPS,FOP Count,Avg Run Time (s),Format Time (s),Total Time (s),Verification,Iters,Block Row,Block Col,K-Bound,Threads,Rows,Cols,NNZ,NNZ*2,Max Cols,Avg Cols,Col Ratio,Variance,Std Deviation
CSR Serial,O2,2740741038.775046,2740.741039,2.740741,227403136,0.083050,21.748932,21.831982,0,10,1,1,16,-1,63838,63838,7106348,14212696,297,111,2.000000,2339,48
CSR Serial,O2,7635448737.329516,7635.448737,7.635449,909612544,0.119132,21.827252,21.946384,0,10,1,1,64,-1,63838,63838,7106348,14212696,297,111,2.000000,2339,48
CSR Serial,O2,9380308473.062836,9380.308473,9.380308,1819225088,0.193946,21.837000,22.030946,0,10,1,1,128,-1,63838,63838,7106348,14212696,297,111,2.000000,2339,48
