Name,-O,FLOPS,MFLOPS,GFLOPS,FOP Count,Avg Run Time (s),Format Time (s),Total Time (s),Verification,Iters,Block Row,Block Col,K-Bound,Threads,Rows,Cols,NNZ,NNZ*2,Max Cols,Avg Cols,Col Ratio,Variance,Std Deviation
BCSR OMP,O2,701483342.458903,701.483342,0.701483,113701568,0.162967,7.504595,7.667562,16,10,4,4,8,32,63838,63838,7106348,14212696,297,111,2.000000,2339,48
BCSR OMP,O2,1329564107.444134,1329.564107,1.329564,227403136,0.171802,7.498014,7.669816,32,10,4,4,16,32,63838,63838,7106348,14212696,297,111,2.000000,2339,48
BCSR OMP,O2,3754277465.456855,3754.277465,3.754277,909612544,0.242732,7.480822,7.723554,128,10,4,4,64,32,63838,63838,7106348,14212696,297,111,2.000000,2339,48
BCSR OMP,O2,5952458578.231761,5952.458578,5.952459,1819225088,0.305831,7.481900,7.787731,256,10,4,4,128,32,63838,63838,7106348,14212696,297,111,2.000000,2339,48
BCSR OMP,O2,7487099880.707079,7487.099881,7.487100,3638450176,0.486072,7.551544,8.037615,512,10,4,4,256,32,63838,63838,7106348,14212696,297,111,2.000000,2339,48
BCSR OMP,O2,8391728541.082974,8391.728541,8.391729,7276900352,0.867297,7.479295,8.346592,1024,10,4,4,512,32,63838,63838,7106348,14212696,297,111,2.000000,2339,48
BCSR OMP,O2,11185701104.831011,11185.701105,11.185701,14610651488,1.306228,7.552211,8.858439,2056,10,4,4,1028,32,63838,63838,7106348,14212696,297,111,2.000000,2339,48
