Name,-O,FLOPS,MFLOPS,GFLOPS,FOP Count,Avg Run Time (s),Format Time (s),Total Time (s),Verification,Iters,Block Row,Block Col,K-Bound,Threads,Rows,Cols,NNZ,NNZ*2,Max Cols,Avg Cols,Col Ratio,Variance,Std Deviation
BCSR THREADS,O2,1514866762.476362,1514.866762,1.514867,14212696,0.011524,22.282960,22.294483,32,5,2,2,16,48,63838,63838,7106348,14212696,297,111,2.000000,2339,48
BCSR THREADS,O2,1043115309.194667,1043.115309,1.043115,14212696,0.015011,22.360865,22.375876,32,5,4,4,16,32,63838,63838,7106348,14212696,297,111,2.000000,2339,48
BCSR THREADS,O2,412326127.290119,412.326127,0.412326,14212696,0.034911,23.004995,23.039906,32,5,16,16,16,64,63838,63838,7106348,14212696,297,111,2.000000,2339,48
BCSR THREADS,O2,664909623.324504,664.909623,0.664910,14212696,0.021824,22.336145,22.357969,128,5,2,2,64,48,63838,63838,7106348,14212696,297,111,2.000000,2339,48
BCSR THREADS,O2,605069720.955824,605.069721,0.605070,14212696,0.023906,22.449765,22.473671,128,5,4,4,64,64,63838,63838,7106348,14212696,297,111,2.000000,2339,48
BCSR THREADS,O2,201052490.227259,201.052490,0.201052,14212696,0.074538,22.995979,23.070517,128,5,16,16,64,72,63838,63838,7106348,14212696,297,111,2.000000,2339,48
BCSR THREADS,O2,382441157.666487,382.441158,0.382441,14212696,0.047685,22.265033,22.312718,256,5,2,2,128,48,63838,63838,7106348,14212696,297,111,2.000000,2339,48
BCSR THREADS,O2,342921974.460945,342.921974,0.342922,14212696,0.041762,22.432614,22.474376,256,5,4,4,128,72,63838,63838,7106348,14212696,297,111,2.000000,2339,48
BCSR THREADS,O2,107459784.434504,107.459784,0.107460,14212696,0.138566,23.081770,23.220336,256,5,16,16,128,32,63838,63838,7106348,14212696,297,111,2.000000,2339,48
