Name,-O,FLOPS,MFLOPS,GFLOPS,FOP Count,Avg Run Time (s),Format Time (s),Total Time (s),Verification,Iters,Block Row,Block Col,K-Bound,Threads,Rows,Cols,NNZ,NNZ*2,Max Cols,Avg Cols,Col Ratio,Variance,Std Deviation
BCSR OMP,O2,inf,inf,inf,113701568,0.000000,22.704419,22.704419,510703,10,4,4,8,32,63838,63838,7106348,14212696,297,111,2.000000,2339,48
BCSR OMP,O2,1675240727.651858,1675.240728,1.675241,227403136,0.178124,22.698216,22.876340,32,10,4,4,16,32,63838,63838,7106348,14212696,297,111,2.000000,2339,48
BCSR OMP,O2,4703673148.709341,4703.673149,4.703673,909612544,0.233075,22.735991,22.969066,128,10,4,4,64,32,63838,63838,7106348,14212696,297,111,2.000000,2339,48
BCSR OMP,O2,7133814537.086924,7133.814537,7.133815,1819225088,0.305185,22.741883,23.047068,256,10,4,4,128,32,63838,63838,7106348,14212696,297,111,2.000000,2339,48
BCSR OMP,O2,inf,inf,inf,3638450176,0.000000,22.740220,22.740220,16342527,10,4,4,256,32,63838,63838,7106348,14212696,297,111,2.000000,2339,48
BCSR OMP,O2,inf,inf,inf,7276900352,0.000000,22.750951,22.750951,32685055,10,4,4,512,32,63838,63838,7106348,14212696,297,111,2.000000,2339,48
BCSR OMP,O2,inf,inf,inf,14610651488,0.000000,22.861125,22.861125,65625463,10,4,4,1028,32,63838,63838,7106348,14212696,297,111,2.000000,2339,48
