Name,-O,FLOPS,MFLOPS,GFLOPS,FOP Count,Avg Run Time (s),Format Time (s),Total Time (s),Verification,Iters,Block Row,Block Col,K-Bound,Threads,Rows,Cols,NNZ,NNZ*2,Max Cols,Avg Cols,Col Ratio,Variance,Std Deviation
BCSR OMP,O2,90724923.386965,90.724923,0.090725,667936,0.012739,0.189420,0.202159,0,10,4,4,8,32,8192,8192,41746,83492,8,5,1.000000,0,0
BCSR OMP,O2,193529718.237142,193.529718,0.193530,1335872,0.009553,0.181873,0.191426,0,10,4,4,16,32,8192,8192,41746,83492,8,5,1.000000,0,0
BCSR OMP,O2,700860485.265427,700.860485,0.700860,5343488,0.011066,0.185415,0.196481,0,10,4,4,64,32,8192,8192,41746,83492,8,5,1.000000,0,0
BCSR OMP,O2,1474973750.047832,1474.973750,1.474974,10686976,0.010278,0.098600,0.108878,0,10,4,4,128,32,8192,8192,41746,83492,8,5,1.000000,0,0
BCSR OMP,O2,2518447223.067367,2518.447223,2.518447,21373952,0.009385,0.111561,0.120946,0,10,4,4,256,32,8192,8192,41746,83492,8,5,1.000000,0,0
BCSR OMP,O2,3145098225.387687,3145.098225,3.145098,42747904,0.014227,0.102178,0.116405,0,10,4,4,512,32,8192,8192,41746,83492,8,5,1.000000,0,0
BCSR OMP,O2,4089922675.051789,4089.922675,4.089923,85829776,0.022062,0.105693,0.127755,0,10,4,4,1028,32,8192,8192,41746,83492,8,5,1.000000,0,0
