Name,-O,FLOPS,MFLOPS,GFLOPS,FOP Count,Avg Run Time (s),Format Time (s),Total Time (s),Verification,Iters,Block Row,Block Col,K-Bound,Threads,Rows,Cols,NNZ,NNZ*2,Max Cols,Avg Cols,Col Ratio,Variance,Std Deviation
CSR OMP,O2,24964273304.760727,24964.273305,24.964273,667936,0.002853,0.197048,0.199901,0,10,1,1,8,32,8192,8192,41746,83492,8,5,1.000000,0,0
CSR OMP,O2,25416606314.946831,25416.606315,25.416606,1335872,0.001346,0.111252,0.112598,0,10,1,1,16,32,8192,8192,41746,83492,8,5,1.000000,0,0
CSR OMP,O2,37073757115.464256,37073.757115,37.073757,5343488,0.000896,0.168669,0.169565,0,10,1,1,64,32,8192,8192,41746,83492,8,5,1.000000,0,0
CSR OMP,O2,49601762727.305008,49601.762727,49.601763,10686976,0.001185,0.103449,0.104634,0,10,1,1,128,32,8192,8192,41746,83492,8,5,1.000000,0,0
CSR OMP,O2,43123177675.724319,43123.177676,43.123178,21373952,0.001668,0.167605,0.169273,0,10,1,1,256,32,8192,8192,41746,83492,8,5,1.000000,0,0
CSR OMP,O2,75470792656.763763,75470.792657,75.470793,42747904,0.004163,0.132901,0.137064,0,10,1,1,512,32,8192,8192,41746,83492,8,5,1.000000,0,0
CSR OMP,O2,53566356325.700859,53566.356326,53.566356,85829776,0.003094,0.166121,0.169215,0,10,1,1,1028,32,8192,8192,41746,83492,8,5,1.000000,0,0
