Name,-O,FLOPS,MFLOPS,GFLOPS,FOP Count,Avg Run Time (s),Format Time (s),Total Time (s),Verification,Iters,Block Row,Block Col,K-Bound,Threads,Rows,Cols,NNZ,NNZ*2,Max Cols,Avg Cols,Col Ratio,Variance,Std Deviation
ELL Serial,O2,878741762.686180,878.741763,0.878742,1335872,0.001523,0.358240,0.359763,0,10,1,1,16,-1,8192,8192,41746,83492,8,5,1.000000,0,0
ELL Serial,O2,2297791779.930558,2297.791780,2.297792,5343488,0.002342,0.359610,0.361952,0,10,1,1,64,-1,8192,8192,41746,83492,8,5,1.000000,0,0
ELL Serial,O2,2935595782.688239,2935.595783,2.935596,10686976,0.003648,0.364301,0.367949,0,10,1,1,128,-1,8192,8192,41746,83492,8,5,1.000000,0,0
