Name,-O,FLOPS,MFLOPS,GFLOPS,FOP Count,Avg Run Time (s),Format Time (s),Total Time (s),Verification,Iters,Block Row,Block Col,K-Bound,Threads,Rows,Cols,NNZ,NNZ*2,Max Cols,Avg Cols,Col Ratio,Variance,Std Deviation
COO GPU,O2,345478.118225,0.345478,0.000345,83492,0.254481,0.331963,0.586443,131024,10,1,1,16,-1,8192,8192,41746,83492,8,5,1.000000,0,0
COO GPU,O2,221417.083273,0.221417,0.000221,83492,0.465036,0.376136,0.841172,524096,10,1,1,64,-1,8192,8192,41746,83492,8,5,1.000000,0,0
COO GPU,O2,331280.219126,0.331280,0.000331,83492,0.256865,0.332801,0.589666,1048192,10,1,1,128,-1,8192,8192,41746,83492,8,5,1.000000,0,0
