Name,-O,FLOPS,MFLOPS,GFLOPS,FOP Count,Avg Run Time (s),Format Time (s),Total Time (s),Verification,Iters,Block Row,Block Col,K-Bound,Threads,Rows,Cols,NNZ,NNZ*2,Max Cols,Avg Cols,Col Ratio,Variance,Std Deviation
ELL OMP,O2,inf,inf,inf,667936,0.000000,0.190409,0.190409,65536,10,1,1,8,32,8192,8192,41746,83492,8,5,1.000000,0,0
ELL OMP,O2,31426155496.072437,31426.155496,31.426155,1335872,0.003647,0.110901,0.114548,0,10,1,1,16,32,8192,8192,41746,83492,8,5,1.000000,0,0
ELL OMP,O2,33529386684.415718,33529.386684,33.529387,5343488,0.001155,0.103229,0.104384,0,10,1,1,64,32,8192,8192,41746,83492,8,5,1.000000,0,0
ELL OMP,O2,54875215929.356079,54875.215929,54.875216,10686976,0.002185,0.116691,0.118877,0,10,1,1,128,32,8192,8192,41746,83492,8,5,1.000000,0,0
ELL OMP,O2,inf,inf,inf,21373952,0.000000,0.099774,0.099774,2097152,10,1,1,256,32,8192,8192,41746,83492,8,5,1.000000,0,0
ELL OMP,O2,inf,inf,inf,42747904,0.000000,0.109620,0.109620,4194304,10,1,1,512,32,8192,8192,41746,83492,8,5,1.000000,0,0
ELL OMP,O2,inf,inf,inf,85829776,0.000000,0.112926,0.112926,8421376,10,1,1,1028,32,8192,8192,41746,83492,8,5,1.000000,0,0
