Name,-O,FLOPS,MFLOPS,GFLOPS,FOP Count,Avg Run Time (s),Format Time (s),Total Time (s),Verification,Iters,Block Row,Block Col,K-Bound,Threads,Rows,Cols,NNZ,NNZ*2,Max Cols,Avg Cols,Col Ratio,Variance,Std Deviation
CSR OMP Transpose,O2,7878582196.808721,7878.582197,7.878582,10686976,0.001386,0.189210,0.190596,0,10,1,1,128,8,8192,8192,41746,83492,8,5,1.000000,0,0
CSR OMP Transpose,O2,13979457694.257050,13979.457694,13.979458,10686976,0.000847,0.114855,0.115702,0,10,1,1,128,16,8192,8192,41746,83492,8,5,1.000000,0,0
CSR OMP Transpose,O2,23649465958.702431,23649.465959,23.649466,10686976,0.000570,0.112240,0.112810,0,10,1,1,128,32,8192,8192,41746,83492,8,5,1.000000,0,0
