Name,-O,FLOPS,MFLOPS,GFLOPS,FOP Count,Avg Run Time (s),Format Time (s),Total Time (s),Verification,Iters,Block Row,Block Col,K-Bound,Threads,Rows,Cols,NNZ,NNZ*2,Max Cols,Avg Cols,Col Ratio,Variance,Std Deviation
CSR GPU,O2,234012.301270,0.234012,0.000234,83492,0.362880,0.375131,0.738010,0,10,1,1,16,-1,8192,8192,41746,83492,8,5,1.000000,0,0
CSR GPU,O2,530283.950701,0.530284,0.000530,83492,0.166569,0.385508,0.552077,0,10,1,1,64,-1,8192,8192,41746,83492,8,5,1.000000,0,0
CSR GPU,O2,319231.154723,0.319231,0.000319,83492,0.268309,0.386793,0.655102,0,10,1,1,128,-1,8192,8192,41746,83492,8,5,1.000000,0,0
