Name,-O,FLOPS,MFLOPS,GFLOPS,FOP Count,Avg Run Time (s),Format Time (s),Total Time (s),Verification,Iters,Block Row,Block Col,K-Bound,Threads,Rows,Cols,NNZ,NNZ*2,Max Cols,Avg Cols,Col Ratio,Variance,Std Deviation
ELL THREADS,O2,364894067.984921,364.894068,0.364894,83492,0.000287,0.355914,0.356201,0,5,1,1,16,8,8192,8192,41746,83492,8,5,1.000000,0,0
ELL THREADS,O2,125835797.367270,125.835797,0.125836,83492,0.000709,0.363834,0.364543,0,5,1,1,64,8,8192,8192,41746,83492,8,5,1.000000,0,0
ELL THREADS,O2,65199871.191982,65.199871,0.065200,83492,0.001912,0.389603,0.391515,0,5,1,1,128,16,8192,8192,41746,83492,8,5,1.000000,0,0
