Name,-O,FLOPS,MFLOPS,GFLOPS,FOP Count,Avg Run Time (s),Format Time (s),Total Time (s),Verification,Iters,Block Row,Block Col,K-Bound,Threads,Rows,Cols,NNZ,NNZ*2,Max Cols,Avg Cols,Col Ratio,Variance,Std Deviation
CSR THREADS,O2,365275389.434777,365.275389,0.365275,83492,0.002637,0.345966,0.348602,0,5,1,1,16,48,8192,8192,41746,83492,8,5,1.000000,0,0
CSR THREADS,O2,115867587.920142,115.867588,0.115868,83492,0.001284,0.387867,0.389151,0,5,1,1,64,72,8192,8192,41746,83492,8,5,1.000000,0,0
CSR THREADS,O2,86122536.884330,86.122537,0.086123,83492,0.001040,0.404491,0.405531,0,5,1,1,128,8,8192,8192,41746,83492,8,5,1.000000,0,0
