Name,-O,FLOPS,MFLOPS,GFLOPS,FOP Count,Avg Run Time (s),Format Time (s),Total Time (s),Verification,Iters,Block Row,Block Col,K-Bound,Threads,Rows,Cols,NNZ,NNZ*2,Max Cols,Avg Cols,Col Ratio,Variance,Std Deviation
CSR OMP Transpose,O2,2084364894.639966,2084.364895,2.084365,10686976,0.005448,0.348943,0.354391,0,10,1,1,128,8,8192,8192,41746,83492,8,5,1.000000,0,0
CSR OMP Transpose,O2,3420101997.211700,3420.101997,3.420102,10686976,0.003175,0.390557,0.393732,0,10,1,1,128,16,8192,8192,41746,83492,8,5,1.000000,0,0
CSR OMP Transpose,O2,3503093133.410001,3503.093133,3.503093,10686976,0.003166,0.451709,0.454875,0,10,1,1,128,32,8192,8192,41746,83492,8,5,1.000000,0,0
