Name,-O,FLOPS,MFLOPS,GFLOPS,FOP Count,Avg Run Time (s),Format Time (s),Total Time (s),Verification,Iters,Block Row,Block Col,K-Bound,Threads,Rows,Cols,NNZ,NNZ*2,Max Cols,Avg Cols,Col Ratio,Variance,Std Deviation
CSR OMP,O2,3584196185.416023,3584.196185,3.584196,1335872,0.001263,0.356980,0.358243,0,10,1,1,16,8,8192,8192,41746,83492,8,5,1.000000,0,0
CSR OMP,O2,4366079857.550255,4366.079858,4.366080,5343488,0.002322,0.393031,0.395353,0,10,1,1,64,8,8192,8192,41746,83492,8,5,1.000000,0,0
CSR OMP,O2,5123273171.557401,5123.273172,5.123273,10686976,0.003327,0.392947,0.396274,0,10,1,1,128,8,8192,8192,41746,83492,8,5,1.000000,0,0
CSR OMP,O2,3861427308.533607,3861.427309,3.861427,1335872,0.001757,0.402137,0.403894,0,10,1,1,16,16,8192,8192,41746,83492,8,5,1.000000,0,0
CSR OMP,O2,4572260479.808237,4572.260480,4.572260,5343488,0.002321,0.391732,0.394053,0,10,1,1,64,16,8192,8192,41746,83492,8,5,1.000000,0,0
CSR OMP,O2,6687275837.866250,6687.275838,6.687276,10686976,0.003029,0.384770,0.387799,0,10,1,1,128,16,8192,8192,41746,83492,8,5,1.000000,0,0
CSR OMP,O2,3401162301.747363,3401.162302,3.401162,1335872,0.001448,0.407944,0.409392,0,10,1,1,16,32,8192,8192,41746,83492,8,5,1.000000,0,0
CSR OMP,O2,5675467211.544350,5675.467212,5.675467,5343488,0.002743,0.390293,0.393036,0,10,1,1,64,32,8192,8192,41746,83492,8,5,1.000000,0,0
CSR OMP,O2,4835239698.421976,4835.239698,4.835240,10686976,0.003364,0.405375,0.408739,0,10,1,1,128,32,8192,8192,41746,83492,8,5,1.000000,0,0
