Name,-O,FLOPS,MFLOPS,GFLOPS,FOP Count,Avg Run Time (s),Format Time (s),Total Time (s),Verification,Iters,Block Row,Block Col,K-Bound,Threads,Rows,Cols,NNZ,NNZ*2,Max Cols,Avg Cols,Col Ratio,Variance,Std Deviation
BCSR OMP Transpose,O2,4653077897.870416,4653.077898,4.653078,10686976,0.002368,0.185277,0.187645,0,10,2,2,128,8,8192,8192,41746,83492,8,5,1.000000,0,0
BCSR OMP Transpose,O2,2560026356.355300,2560.026356,2.560026,10686976,0.004504,0.110151,0.114655,0,10,4,4,128,8,8192,8192,41746,83492,8,5,1.000000,0,0
BCSR OMP Transpose,O2,654480103.084525,654.480103,0.654480,10686976,0.017686,0.113735,0.131421,0,10,16,16,128,8,8192,8192,41746,83492,8,5,1.000000,0,0
BCSR OMP Transpose,O2,8401834912.341095,8401.834912,8.401835,10686976,0.001507,0.111708,0.113215,0,10,2,2,128,16,8192,8192,41746,83492,8,5,1.000000,0,0
BCSR OMP Transpose,O2,4863625576.091904,4863.625576,4.863626,10686976,0.002358,0.139625,0.141983,0,10,4,4,128,16,8192,8192,41746,83492,8,5,1.000000,0,0
BCSR OMP Transpose,O2,1241390667.451172,1241.390667,1.241391,10686976,0.009386,0.114409,0.123795,0,10,16,16,128,16,8192,8192,41746,83492,8,5,1.000000,0,0
BCSR OMP Transpose,O2,14052237880.752209,14052.237881,14.052238,10686976,0.001319,0.102119,0.103438,0,10,2,2,128,32,8192,8192,41746,83492,8,5,1.000000,0,0
BCSR OMP Transpose,O2,8984284596.633265,8984.284597,8.984285,10686976,0.001449,0.116114,0.117563,0,10,4,4,128,32,8192,8192,41746,83492,8,5,1.000000,0,0
BCSR OMP Transpose,O2,2309070289.894717,2309.070290,2.309070,10686976,0.005414,0.118546,0.123960,0,10,16,16,128,32,8192,8192,41746,83492,8,5,1.000000,0,0
