Name,-O,FLOPS,MFLOPS,GFLOPS,FOP Count,Avg Run Time (s),Format Time (s),Total Time (s),Verification,Iters,Block Row,Block Col,K-Bound,Threads,Rows,Cols,NNZ,NNZ*2,Max Cols,Avg Cols,Col Ratio,Variance,Std Deviation
COO OMP,O2,4912550242.899625,4912.550243,4.912550,1335872,0.001034,0.182295,0.183329,0,10,1,1,16,8,8192,8192,41746,83492,8,5,1.000000,0,0
COO OMP,O2,15342576990.227758,15342.576990,15.342577,5343488,0.001219,0.106548,0.107767,0,10,1,1,64,8,8192,8192,41746,83492,8,5,1.000000,0,0
COO OMP,O2,21087531748.383408,21087.531748,21.087532,10686976,0.001531,0.152000,0.153531,0,10,1,1,128,8,8192,8192,41746,83492,8,5,1.000000,0,0
COO OMP,O2,11962893447.906809,11962.893448,11.962893,1335872,0.001032,0.096403,0.097435,0,10,1,1,16,16,8192,8192,41746,83492,8,5,1.000000,0,0
COO OMP,O2,16629445414.284260,16629.445414,16.629445,5343488,0.001681,0.177315,0.178996,0,10,1,1,64,16,8192,8192,41746,83492,8,5,1.000000,0,0
COO OMP,O2,23631761232.736290,23631.761233,23.631761,10686976,0.001437,0.179610,0.181047,0,10,1,1,128,16,8192,8192,41746,83492,8,5,1.000000,0,0
COO OMP,O2,29118177057.715534,29118.177058,29.118177,1335872,0.001421,0.096000,0.097421,0,10,1,1,16,32,8192,8192,41746,83492,8,5,1.000000,0,0
COO OMP,O2,31982160619.295856,31982.160619,31.982161,5343488,0.000955,0.094423,0.095378,0,10,1,1,64,32,8192,8192,41746,83492,8,5,1.000000,0,0
COO OMP,O2,48178757129.511772,48178.757130,48.178757,10686976,0.001218,0.095586,0.096804,0,10,1,1,128,32,8192,8192,41746,83492,8,5,1.000000,0,0
