Name,-O,FLOPS,MFLOPS,GFLOPS,FOP Count,Avg Run Time (s),Format Time (s),Total Time (s),Verification,Iters,Block Row,Block Col,K-Bound,Threads,Rows,Cols,NNZ,NNZ*2,Max Cols,Avg Cols,Col Ratio,Variance,Std Deviation
COO OMP,O2,1339195045.180611,1339.195045,1.339195,667936,0.004473,0.356191,0.360664,0,10,1,1,8,32,8192,8192,41746,83492,8,5,1.000000,0,0
COO OMP,O2,4459933455.922963,4459.933456,4.459933,1335872,0.001845,0.401357,0.403202,0,10,1,1,16,32,8192,8192,41746,83492,8,5,1.000000,0,0
COO OMP,O2,2946179853.560551,2946.179854,2.946180,5343488,0.003622,0.398349,0.401971,0,10,1,1,64,32,8192,8192,41746,83492,8,5,1.000000,0,0
COO OMP,O2,6522184759.929762,6522.184760,6.522185,10686976,0.002817,0.392868,0.395685,0,10,1,1,128,32,8192,8192,41746,83492,8,5,1.000000,0,0
COO OMP,O2,9276027632.484207,9276.027632,9.276028,21373952,0.003538,0.408669,0.412207,0,10,1,1,256,32,8192,8192,41746,83492,8,5,1.000000,0,0
COO OMP,O2,9479248992.672379,9479.248993,9.479249,42747904,0.006235,0.417088,0.423323,0,10,1,1,512,32,8192,8192,41746,83492,8,5,1.000000,0,0
COO OMP,O2,9879356341.252621,9879.356341,9.879356,85829776,0.009836,0.409744,0.419580,0,10,1,1,1028,32,8192,8192,41746,83492,8,5,1.000000,0,0
