Name,-O,FLOPS,MFLOPS,GFLOPS,FOP Count,Avg Run Time (s),Format Time (s),Total Time (s),Verification,Iters,Block Row,Block Col,K-Bound,Threads,Rows,Cols,NNZ,NNZ*2,Max Cols,Avg Cols,Col Ratio,Variance,Std Deviation
ELL GPU,O2,1466699707.467515,1466.699707,1.466700,1335872,0.013606,0.397426,0.411032,0,10,1,1,16,-1,8192,8192,41746,83492,8,5,1.000000,0,0
ELL GPU,O2,3255665536.841167,3255.665537,3.255666,5343488,0.006485,0.400792,0.407277,0,10,1,1,64,-1,8192,8192,41746,83492,8,5,1.000000,0,0
ELL GPU,O2,4139558970.363086,4139.558970,4.139559,10686976,0.010078,0.436817,0.446895,0,10,1,1,128,-1,8192,8192,41746,83492,8,5,1.000000,0,0
