Name,-O,FLOPS,MFLOPS,GFLOPS,FOP Count,Avg Run Time (s),Format Time (s),Total Time (s),Verification,Iters,Block Row,Block Col,K-Bound,Threads,Rows,Cols,NNZ,NNZ*2,Max Cols,Avg Cols,Col Ratio,Variance,Std Deviation
ELL OMP,O2,3047229226.373780,3047.229226,3.047229,1335872,0.001296,0.365801,0.367097,0,10,1,1,16,8,8192,8192,41746,83492,8,5,1.000000,0,0
ELL OMP,O2,4310656546.021444,4310.656546,4.310657,5343488,0.002364,0.404528,0.406891,0,10,1,1,64,8,8192,8192,41746,83492,8,5,1.000000,0,0
ELL OMP,O2,4654349655.328543,4654.349655,4.654350,10686976,0.003604,0.416583,0.420186,0,10,1,1,128,8,8192,8192,41746,83492,8,5,1.000000,0,0
ELL OMP,O2,3472039393.916543,3472.039394,3.472039,1335872,0.001355,0.411383,0.412738,0,10,1,1,16,16,8192,8192,41746,83492,8,5,1.000000,0,0
ELL OMP,O2,6103901155.739264,6103.901156,6.103901,5343488,0.002000,0.405136,0.407136,0,10,1,1,64,16,8192,8192,41746,83492,8,5,1.000000,0,0
ELL OMP,O2,8409109598.114447,8409.109598,8.409110,10686976,0.002543,0.403993,0.406536,0,10,1,1,128,16,8192,8192,41746,83492,8,5,1.000000,0,0
ELL OMP,O2,3343746718.115548,3343.746718,3.343747,1335872,0.001990,0.407399,0.409389,0,10,1,1,16,32,8192,8192,41746,83492,8,5,1.000000,0,0
ELL OMP,O2,5426861031.605796,5426.861032,5.426861,5343488,0.002084,0.400851,0.402935,0,10,1,1,64,32,8192,8192,41746,83492,8,5,1.000000,0,0
ELL OMP,O2,4278069602.121829,4278.069602,4.278070,10686976,0.004658,0.415969,0.420627,0,10,1,1,128,32,8192,8192,41746,83492,8,5,1.000000,0,0
