Name,-O,FLOPS,MFLOPS,GFLOPS,FOP Count,Avg Run Time (s),Format Time (s),Total Time (s),Verification,Iters,Block Row,Block Col,K-Bound,Threads,Rows,Cols,NNZ,NNZ*2,Max Cols,Avg Cols,Col Ratio,Variance,Std Deviation
CSR OMP,O2,338173836.247748,338.173836,0.338174,83492,0.001220,0.177897,0.179117,0,10,1,1,16,8,8192,8192,41746,83492,8,5,1.000000,0,0
CSR OMP,O2,152644322.626308,152.644323,0.152644,83492,0.001337,0.187573,0.188910,0,10,1,1,64,8,8192,8192,41746,83492,8,5,1.000000,0,0
CSR OMP,O2,136817843.636046,136.817844,0.136818,83492,0.002068,0.103942,0.106010,0,10,1,1,128,8,8192,8192,41746,83492,8,5,1.000000,0,0
CSR OMP,O2,563038285.838738,563.038286,0.563038,83492,0.001083,0.184061,0.185144,0,10,1,1,16,16,8192,8192,41746,83492,8,5,1.000000,0,0
CSR OMP,O2,435954769.748071,435.954770,0.435955,83492,0.001834,0.098454,0.100288,0,10,1,1,64,16,8192,8192,41746,83492,8,5,1.000000,0,0
CSR OMP,O2,308314744.656800,308.314745,0.308315,83492,0.001610,0.099555,0.101165,0,10,1,1,128,16,8192,8192,41746,83492,8,5,1.000000,0,0
CSR OMP,O2,1164997194.774510,1164.997195,1.164997,83492,0.000714,0.098172,0.098886,0,10,1,1,16,32,8192,8192,41746,83492,8,5,1.000000,0,0
CSR OMP,O2,400027403.831241,400.027404,0.400027,83492,0.001833,0.189537,0.191370,0,10,1,1,64,32,8192,8192,41746,83492,8,5,1.000000,0,0
CSR OMP,O2,553889987.851679,553.889988,0.553890,83492,0.001439,0.098140,0.099579,0,10,1,1,128,32,8192,8192,41746,83492,8,5,1.000000,0,0
