Name,-O,FLOPS,MFLOPS,GFLOPS,FOP Count,Avg Run Time (s),Format Time (s),Total Time (s),Verification,Iters,Block Row,Block Col,K-Bound,Threads,Rows,Cols,NNZ,NNZ*2,Max Cols,Avg Cols,Col Ratio,Variance,Std Deviation
BCSR Serial,O2,971718991.876100,971.718992,0.971719,1335872,0.001635,0.227600,0.229235,0,10,2,2,16,-1,8192,8192,41746,83492,8,5,1.000000,0,0
BCSR Serial,O2,316477708.733259,316.477709,0.316478,1335872,0.004299,0.180049,0.184348,0,10,16,16,16,-1,8192,8192,41746,83492,8,5,1.000000,0,0
BCSR Serial,O2,2565766405.503519,2565.766406,2.565766,5343488,0.002106,0.105104,0.107210,0,10,2,2,64,-1,8192,8192,41746,83492,8,5,1.000000,0,0
BCSR Serial,O2,479604590.483343,479.604590,0.479605,5343488,0.011152,0.198161,0.209313,0,10,16,16,64,-1,8192,8192,41746,83492,8,5,1.000000,0,0
BCSR Serial,O2,2978322885.160276,2978.322885,2.978323,10686976,0.003625,0.190462,0.194087,0,10,2,2,128,-1,8192,8192,41746,83492,8,5,1.000000,0,0
BCSR Serial,O2,580355347.147974,580.355347,0.580355,10686976,0.018430,0.195022,0.213452,0,10,16,16,128,-1,8192,8192,41746,83492,8,5,1.000000,0,0
