Name,-O,FLOPS,MFLOPS,GFLOPS,FOP Count,Avg Run Time (s),Format Time (s),Total Time (s),Verification,Iters,Block Row,Block Col,K-Bound,Threads,Rows,Cols,NNZ,NNZ*2,Max Cols,Avg Cols,Col Ratio,Variance,Std Deviation
COO Serial,O2,92231067.041444,92.231067,0.092231,83492,0.000928,0.336827,0.337755,0,10,1,1,16,-1,8192,8192,41746,83492,8,5,1.000000,0,0
COO Serial,O2,33725511.110298,33.725511,0.033726,83492,0.002489,0.332846,0.335335,0,10,1,1,64,-1,8192,8192,41746,83492,8,5,1.000000,0,0
COO Serial,O2,20816744.820704,20.816745,0.020817,83492,0.004021,0.335180,0.339201,0,10,1,1,128,-1,8192,8192,41746,83492,8,5,1.000000,0,0
