Name,-O,FLOPS,MFLOPS,GFLOPS,FOP Count,Avg Run Time (s),Format Time (s),Total Time (s),Verification,Iters,Block Row,Block Col,K-Bound,Threads,Rows,Cols,NNZ,NNZ*2,Max Cols,Avg Cols,Col Ratio,Variance,Std Deviation
COO THREADS,O2,412646267.266395,412.646267,0.412646,83492,0.000316,0.351570,0.351886,0,5,1,1,16,16,8192,8192,41746,83492,8,5,1.000000,0,0
COO THREADS,O2,97739639.170773,97.739639,0.097740,83492,0.000962,0.361780,0.362742,0,5,1,1,64,8,8192,8192,41746,83492,8,5,1.000000,0,0
COO THREADS,O2,93926515.620744,93.926516,0.093927,83492,0.000962,0.376937,0.377899,0,5,1,1,128,16,8192,8192,41746,83492,8,5,1.000000,0,0
