Name,-O,FLOPS,MFLOPS,GFLOPS,FOP Count,Avg Run Time (s),Format Time (s),Total Time (s),Verification,Iters,Block Row,Block Col,K-Bound,Threads,Rows,Cols,NNZ,NNZ*2,Max Cols,Avg Cols,Col Ratio,Variance,Std Deviation
COO OMP,O2,3237062260.263694,3237.062260,3.237062,1335872,0.001239,0.381707,0.382946,0,10,1,1,16,8,8192,8192,41746,83492,8,5,1.000000,0,0
COO OMP,O2,4220240201.578454,4220.240202,4.220240,5343488,0.002327,0.432183,0.434510,0,10,1,1,64,8,8192,8192,41746,83492,8,5,1.000000,0,0
COO OMP,O2,5250922734.025123,5250.922734,5.250923,10686976,0.003393,0.427081,0.430474,0,10,1,1,128,8,8192,8192,41746,83492,8,5,1.000000,0,0
COO OMP,O2,4327178090.135168,4327.178090,4.327178,1335872,0.001328,0.449426,0.450754,0,10,1,1,16,16,8192,8192,41746,83492,8,5,1.000000,0,0
COO OMP,O2,5016692496.858474,5016.692497,5.016692,5343488,0.002184,0.429595,0.431779,0,10,1,1,64,16,8192,8192,41746,83492,8,5,1.000000,0,0
COO OMP,O2,6956798597.966840,6956.798598,6.956799,10686976,0.002921,0.439200,0.442121,0,10,1,1,128,16,8192,8192,41746,83492,8,5,1.000000,0,0
COO OMP,O2,2703235059.758627,2703.235060,2.703235,1335872,0.001497,0.543484,0.544981,0,10,1,1,16,32,8192,8192,41746,83492,8,5,1.000000,0,0
COO OMP,O2,4422211241.861068,4422.211242,4.422211,5343488,0.002718,0.432337,0.435055,0,10,1,1,64,32,8192,8192,41746,83492,8,5,1.000000,0,0
COO OMP,O2,5662238833.266937,5662.238833,5.662239,10686976,0.005312,0.435941,0.441252,0,10,1,1,128,32,8192,8192,41746,83492,8,5,1.000000,0,0
