Name,-O,FLOPS,MFLOPS,GFLOPS,FOP Count,Avg Run Time (s),Format Time (s),Total Time (s),Verification,Iters,Block Row,Block Col,K-Bound,Threads,Rows,Cols,NNZ,NNZ*2,Max Cols,Avg Cols,Col Ratio,Variance,Std Deviation
CSR Serial,O2,1053952520.594903,1053.952521,1.053953,1335872,0.001277,0.350932,0.352208,0,10,1,1,16,-1,8192,8192,41746,83492,8,5,1.000000,0,0
CSR Serial,O2,2680290287.157753,2680.290287,2.680290,5343488,0.002009,0.349882,0.351891,0,10,1,1,64,-1,8192,8192,41746,83492,8,5,1.000000,0,0
CSR Serial,O2,3344521433.479995,3344.521433,3.344521,10686976,0.003202,0.351954,0.355156,0,10,1,1,128,-1,8192,8192,41746,83492,8,5,1.000000,0,0
