Name,-O,FLOPS,MFLOPS,GFLOPS,FOP Count,Avg Run Time (s),Format Time (s),Total Time (s),Verification,Iters,Block Row,Block Col,K-Bound,Threads,Rows,Cols,NNZ,NNZ*2,Max Cols,Avg Cols,Col Ratio,Variance,Std Deviation
ELL OMP,O2,524043442.857742,524.043443,0.524043,83492,0.001280,0.194302,0.195582,0,10,1,1,16,8,8192,8192,41746,83492,8,5,1.000000,0,0
ELL OMP,O2,113856803.938238,113.856804,0.113857,83492,0.002109,0.187748,0.189857,0,10,1,1,64,8,8192,8192,41746,83492,8,5,1.000000,0,0
ELL OMP,O2,89345789.198283,89.345789,0.089346,83492,0.002228,0.113195,0.115423,0,10,1,1,128,8,8192,8192,41746,83492,8,5,1.000000,0,0
ELL OMP,O2,506745166.067999,506.745166,0.506745,83492,0.000881,0.105007,0.105888,0,10,1,1,16,16,8192,8192,41746,83492,8,5,1.000000,0,0
ELL OMP,O2,290684629.607687,290.684630,0.290685,83492,0.001531,0.117952,0.119483,0,10,1,1,64,16,8192,8192,41746,83492,8,5,1.000000,0,0
ELL OMP,O2,112467670.391548,112.467670,0.112468,83492,0.001991,0.122388,0.124379,0,10,1,1,128,16,8192,8192,41746,83492,8,5,1.000000,0,0
ELL OMP,O2,861817435.700907,861.817436,0.861817,83492,0.001849,0.104717,0.106566,0,10,1,1,16,32,8192,8192,41746,83492,8,5,1.000000,0,0
ELL OMP,O2,596548042.615293,596.548043,0.596548,83492,0.002120,0.111719,0.113839,0,10,1,1,64,32,8192,8192,41746,83492,8,5,1.000000,0,0
ELL OMP,O2,257356201.806888,257.356202,0.257356,83492,0.001740,0.114790,0.116530,0,10,1,1,128,32,8192,8192,41746,83492,8,5,1.000000,0,0
