Name,-O,FLOPS,MFLOPS,GFLOPS,FOP Count,Avg Run Time (s),Format Time (s),Total Time (s),Verification,Iters,Block Row,Block Col,K-Bound,Threads,Rows,Cols,NNZ,NNZ*2,Max Cols,Avg Cols,Col Ratio,Variance,Std Deviation
COO OMP,O2,492825108.387924,492.825108,0.492825,83492,0.014471,0.172488,0.186959,0,10,1,1,16,8,8192,8192,41746,83492,8,5,1.000000,0,0
COO OMP,O2,591052743.918460,591.052744,0.591053,83492,0.002380,0.097023,0.099403,0,10,1,1,64,8,8192,8192,41746,83492,8,5,1.000000,0,0
COO OMP,O2,652575933.056520,652.575933,0.652576,83492,0.000916,0.096988,0.097904,0,10,1,1,128,8,8192,8192,41746,83492,8,5,1.000000,0,0
COO OMP,O2,1498261709.580021,1498.261710,1.498262,83492,0.000772,0.096579,0.097351,0,10,1,1,16,16,8192,8192,41746,83492,8,5,1.000000,0,0
COO OMP,O2,803326895.692580,803.326896,0.803327,83492,0.001082,0.095515,0.096596,0,10,1,1,64,16,8192,8192,41746,83492,8,5,1.000000,0,0
COO OMP,O2,496953947.151954,496.953947,0.496954,83492,0.000933,0.095743,0.096676,0,10,1,1,128,16,8192,8192,41746,83492,8,5,1.000000,0,0
COO OMP,O2,1899339089.403228,1899.339089,1.899339,83492,0.000737,0.098992,0.099729,0,10,1,1,16,32,8192,8192,41746,83492,8,5,1.000000,0,0
COO OMP,O2,870051366.971091,870.051367,0.870051,83492,0.000819,0.098711,0.099530,0,10,1,1,64,32,8192,8192,41746,83492,8,5,1.000000,0,0
COO OMP,O2,662123468.786703,662.123469,0.662123,83492,0.001868,0.097173,0.099041,0,10,1,1,128,32,8192,8192,41746,83492,8,5,1.000000,0,0
