Name,-O,FLOPS,MFLOPS,GFLOPS,FOP Count,Avg Run Time (s),Format Time (s),Total Time (s),Verification,Iters,Block Row,Block Col,K-Bound,Threads,Rows,Cols,NNZ,NNZ*2,Max Cols,Avg Cols,Col Ratio,Variance,Std Deviation
ELL OMP,O2,12274750664.753519,12274.750665,12.274751,667936,0.002328,0.194191,0.196519,0,10,1,1,8,32,8192,8192,41746,83492,8,5,1.000000,0,0
ELL OMP,O2,33699756007.042225,33699.756007,33.699756,1335872,0.002479,0.184464,0.186943,0,10,1,1,16,32,8192,8192,41746,83492,8,5,1.000000,0,0
ELL OMP,O2,42197057652.190781,42197.057652,42.197058,5343488,0.002122,0.101214,0.103336,0,10,1,1,64,32,8192,8192,41746,83492,8,5,1.000000,0,0
ELL OMP,O2,34918958024.844620,34918.958025,34.918958,10686976,0.001149,0.104110,0.105259,0,10,1,1,128,32,8192,8192,41746,83492,8,5,1.000000,0,0
ELL OMP,O2,32048301076.687603,32048.301077,32.048301,21373952,0.002158,0.176836,0.178994,0,10,1,1,256,32,8192,8192,41746,83492,8,5,1.000000,0,0
ELL OMP,O2,57585072167.236023,57585.072167,57.585072,42747904,0.002628,0.101378,0.104006,0,10,1,1,512,32,8192,8192,41746,83492,8,5,1.000000,0,0
ELL OMP,O2,45293628599.497612,45293.628599,45.293629,85829776,0.004103,0.188001,0.192105,0,10,1,1,1028,32,8192,8192,41746,83492,8,5,1.000000,0,0
