Name,-O,FLOPS,MFLOPS,GFLOPS,FOP Count,Avg Run Time (s),Format Time (s),Total Time (s),Verification,Iters,Block Row,Block Col,K-Bound,Threads,Rows,Cols,NNZ,NNZ*2,Max Cols,Avg Cols,Col Ratio,Variance,Std Deviation
BCSR THREADS,O2,476884879.011193,476.884879,0.476885,83492,0.001217,0.190547,0.191764,0,5,2,2,16,72,8192,8192,41746,83492,8,5,1.000000,0,0
BCSR THREADS,O2,837336337.929330,837.336338,0.837336,83492,0.000278,0.102530,0.102808,0,5,4,4,16,32,8192,8192,41746,83492,8,5,1.000000,0,0
BCSR THREADS,O2,168861134.237162,168.861134,0.168861,83492,0.000684,0.112779,0.113463,0,5,16,16,16,48,8192,8192,41746,83492,8,5,1.000000,0,0
BCSR THREADS,O2,245890847.956624,245.890848,0.245891,83492,0.001005,0.100892,0.101897,0,5,2,2,64,64,8192,8192,41746,83492,8,5,1.000000,0,0
BCSR THREADS,O2,147425928.494450,147.425928,0.147426,83492,0.001682,0.101887,0.103569,0,5,4,4,64,64,8192,8192,41746,83492,8,5,1.000000,0,0
BCSR THREADS,O2,59918334.701950,59.918335,0.059918,83492,0.001849,0.110900,0.112749,0,5,16,16,64,64,8192,8192,41746,83492,8,5,1.000000,0,0
BCSR THREADS,O2,411517726.769910,411.517727,0.411518,83492,0.000342,0.099895,0.100237,0,5,2,2,128,32,8192,8192,41746,83492,8,5,1.000000,0,0
BCSR THREADS,O2,196035719.925984,196.035720,0.196036,83492,0.000588,0.101714,0.102302,0,5,4,4,128,48,8192,8192,41746,83492,8,5,1.000000,0,0
BCSR THREADS,O2,46490651.023249,46.490651,0.046491,83492,0.001972,0.111463,0.113435,0,5,16,16,128,32,8192,8192,41746,83492,8,5,1.000000,0,0
