Name,-O,FLOPS,MFLOPS,GFLOPS,FOP Count,Avg Run Time (s),Format Time (s),Total Time (s),Verification,Iters,Block Row,Block Col,K-Bound,Threads,Rows,Cols,NNZ,NNZ*2,Max Cols,Avg Cols,Col Ratio,Variance,Std Deviation
COO OMP,O2,24913848467.144798,24913.848467,24.913848,667936,0.002700,0.181134,0.183834,0,10,1,1,8,32,8192,8192,41746,83492,8,5,1.000000,0,0
COO OMP,O2,18563780315.958496,18563.780316,18.563780,1335872,0.001406,0.121460,0.122866,0,10,1,1,16,32,8192,8192,41746,83492,8,5,1.000000,0,0
COO OMP,O2,34605251587.741852,34605.251588,34.605252,5343488,0.001061,0.093579,0.094640,0,10,1,1,64,32,8192,8192,41746,83492,8,5,1.000000,0,0
COO OMP,O2,43053378482.780296,43053.378483,43.053378,10686976,0.001103,0.184209,0.185312,0,10,1,1,128,32,8192,8192,41746,83492,8,5,1.000000,0,0
COO OMP,O2,38189222431.382156,38189.222431,38.189222,21373952,0.003425,0.129580,0.133005,0,10,1,1,256,32,8192,8192,41746,83492,8,5,1.000000,0,0
COO OMP,O2,52518359712.909752,52518.359713,52.518360,42747904,0.002418,0.099205,0.101623,0,10,1,1,512,32,8192,8192,41746,83492,8,5,1.000000,0,0
COO OMP,O2,63357555595.160439,63357.555595,63.357556,85829776,0.002697,0.103036,0.105733,0,10,1,1,1028,32,8192,8192,41746,83492,8,5,1.000000,0,0
