Name,-O,FLOPS,MFLOPS,GFLOPS,FOP Count,Avg Run Time (s),Format Time (s),Total Time (s),Verification,Iters,Block Row,Block Col,K-Bound,Threads,Rows,Cols,NNZ,NNZ*2,Max Cols,Avg Cols,Col Ratio,Variance,Std Deviation
CSR OMP Transpose,O2,448444.461478,0.448444,0.000448,83492,0.186238,0.185668,0.371906,0,10,1,1,16,8,8192,8192,41746,83492,8,5,1.000000,0,0
CSR OMP Transpose,O2,420869.426039,0.420869,0.000421,83492,0.198495,0.185836,0.384331,0,10,1,1,64,8,8192,8192,41746,83492,8,5,1.000000,0,0
CSR OMP Transpose,O2,404208.984579,0.404209,0.000404,83492,0.206630,0.146870,0.353500,0,10,1,1,128,8,8192,8192,41746,83492,8,5,1.000000,0,0
CSR OMP Transpose,O2,445381.792633,0.445382,0.000445,83492,0.187545,0.160316,0.347861,0,10,1,1,16,16,8192,8192,41746,83492,8,5,1.000000,0,0
CSR OMP Transpose,O2,428774.509661,0.428775,0.000429,83492,0.194809,0.182505,0.377314,0,10,1,1,64,16,8192,8192,41746,83492,8,5,1.000000,0,0
CSR OMP Transpose,O2,401232.291886,0.401232,0.000401,83492,0.208225,0.193636,0.401860,0,10,1,1,128,16,8192,8192,41746,83492,8,5,1.000000,0,0
CSR OMP Transpose,O2,439806.796784,0.439807,0.000440,83492,0.190077,0.124038,0.314115,0,10,1,1,16,32,8192,8192,41746,83492,8,5,1.000000,0,0
CSR OMP Transpose,O2,428101.194991,0.428101,0.000428,83492,0.195186,0.178104,0.373290,0,10,1,1,64,32,8192,8192,41746,83492,8,5,1.000000,0,0
CSR OMP Transpose,O2,418552.270031,0.418552,0.000419,83492,0.199687,0.178640,0.378327,0,10,1,1,128,32,8192,8192,41746,83492,8,5,1.000000,0,0
