Name,-O,FLOPS,MFLOPS,GFLOPS,FOP Count,Avg Run Time (s),Format Time (s),Total Time (s),Verification,Iters,Block Row,Block Col,K-Bound,Threads,Rows,Cols,NNZ,NNZ*2,Max Cols,Avg Cols,Col Ratio,Variance,Std Deviation
BCSR Serial Transpose,O2,652613642.469469,652.613642,0.652614,10686976,0.017283,0.241477,0.258760,0,10,2,2,128,-1,8192,8192,41746,83492,8,5,1.000000,0,0
BCSR Serial Transpose,O2,373123662.118389,373.123662,0.373124,10686976,0.029098,0.111198,0.140296,0,10,4,4,128,-1,8192,8192,41746,83492,8,5,1.000000,0,0
BCSR Serial Transpose,O2,102480565.504921,102.480566,0.102481,10686976,0.104310,0.126265,0.230575,0,10,16,16,128,-1,8192,8192,41746,83492,8,5,1.000000,0,0
