Name,-O,FLOPS,MFLOPS,GFLOPS,FOP Count,Avg Run Time (s),Format Time (s),Total Time (s),Verification,Iters,Block Row,Block Col,K-Bound,Threads,Rows,Cols,NNZ,NNZ*2,Max Cols,Avg Cols,Col Ratio,Variance,Std Deviation
BCSR OMP,O2,inf,inf,inf,667936,0.000000,0.350742,0.350742,65536,10,4,4,8,32,8192,8192,41746,83492,8,5,1.000000,0,0
BCSR OMP,O2,128844870.665292,128.844871,0.128845,1335872,0.050420,0.353352,0.403772,0,10,4,4,16,32,8192,8192,41746,83492,8,5,1.000000,0,0
BCSR OMP,O2,236922737.856097,236.922738,0.236923,5343488,0.056117,0.393226,0.449343,0,10,4,4,64,32,8192,8192,41746,83492,8,5,1.000000,0,0
BCSR OMP,O2,939437935.936919,939.437936,0.939438,10686976,0.047946,0.380405,0.428351,0,10,4,4,128,32,8192,8192,41746,83492,8,5,1.000000,0,0
BCSR OMP,O2,inf,inf,inf,21373952,0.000000,0.406481,0.406481,2097152,10,4,4,256,32,8192,8192,41746,83492,8,5,1.000000,0,0
BCSR OMP,O2,inf,inf,inf,42747904,0.000000,0.377495,0.377495,4194304,10,4,4,512,32,8192,8192,41746,83492,8,5,1.000000,0,0
BCSR OMP,O2,inf,inf,inf,85829776,0.000000,0.376496,0.376496,8421376,10,4,4,1028,32,8192,8192,41746,83492,8,5,1.000000,0,0
