Name,-O,FLOPS,MFLOPS,GFLOPS,FOP Count,Avg Run Time (s),Format Time (s),Total Time (s),Verification,Iters,Block Row,Block Col,K-Bound,Threads,Rows,Cols,NNZ,NNZ*2,Max Cols,Avg Cols,Col Ratio,Variance,Std Deviation
BCSR Serial Transpose,O2,891783.804405,0.891784,0.000892,167744,0.188100,0.180009,0.368109,0,10,2,2,16,-1,8192,8192,41746,83492,8,5,1.000000,0,0
BCSR Serial Transpose,O2,1774464.886436,1.774465,0.001774,335232,0.188922,0.190872,0.379794,0,10,4,4,16,-1,8192,8192,41746,83492,8,5,1.000000,0,0
BCSR Serial Transpose,O2,6534100.782809,6.534101,0.006534,1316864,0.201540,0.202960,0.404500,0,10,16,16,16,-1,8192,8192,41746,83492,8,5,1.000000,0,0
BCSR Serial Transpose,O2,837095.041405,0.837095,0.000837,167744,0.200391,0.198634,0.399026,0,10,2,2,64,-1,8192,8192,41746,83492,8,5,1.000000,0,0
BCSR Serial Transpose,O2,1643822.166201,1.643822,0.001644,335232,0.203940,0.188746,0.392686,0,10,4,4,64,-1,8192,8192,41746,83492,8,5,1.000000,0,0
BCSR Serial Transpose,O2,5349787.287489,5.349787,0.005350,1316864,0.246157,0.177798,0.423955,0,10,16,16,64,-1,8192,8192,41746,83492,8,5,1.000000,0,0
BCSR Serial Transpose,O2,815679.933196,0.815680,0.000816,167744,0.205655,0.190195,0.395850,0,10,2,2,128,-1,8192,8192,41746,83492,8,5,1.000000,0,0
BCSR Serial Transpose,O2,1534117.767756,1.534118,0.001534,335232,0.218523,0.187287,0.405810,0,10,4,4,128,-1,8192,8192,41746,83492,8,5,1.000000,0,0
BCSR Serial Transpose,O2,4435267.921129,4.435268,0.004435,1316864,0.296911,0.208252,0.505163,0,10,16,16,128,-1,8192,8192,41746,83492,8,5,1.000000,0,0
