Name,-O,FLOPS,MFLOPS,GFLOPS,FOP Count,Avg Run Time (s),Format Time (s),Total Time (s),Verification,Iters,Block Row,Block Col,K-Bound,Threads,Rows,Cols,NNZ,NNZ*2,Max Cols,Avg Cols,Col Ratio,Variance,Std Deviation
CSR GPU,O2,1066619678.537758,1066.619679,1.066620,83492,0.006985,0.180499,0.187484,0,10,1,1,16,-1,8192,8192,41746,83492,8,5,1.000000,0,0
CSR GPU,O2,864075875.678395,864.075876,0.864076,83492,0.010186,0.096193,0.106379,0,10,1,1,64,-1,8192,8192,41746,83492,8,5,1.000000,0,0
CSR GPU,O2,350263460.993584,350.263461,0.350263,83492,0.003919,0.095285,0.099204,0,10,1,1,128,-1,8192,8192,41746,83492,8,5,1.000000,0,0
