Name,-O,FLOPS,MFLOPS,GFLOPS,FOP Count,Avg Run Time (s),Format Time (s),Total Time (s),Verification,Iters,Block Row,Block Col,K-Bound,Threads,Rows,Cols,NNZ,NNZ*2,Max Cols,Avg Cols,Col Ratio,Variance,Std Deviation
COO OMP,O2,inf,inf,inf,667936,0.000000,0.339330,0.339330,65536,10,1,1,8,32,8192,8192,41746,83492,8,5,1.000000,0,0
COO OMP,O2,4237482881.923769,4237.482882,4.237483,1335872,0.001614,0.339010,0.340624,0,10,1,1,16,32,8192,8192,41746,83492,8,5,1.000000,0,0
COO OMP,O2,5116389949.803324,5116.389950,5.116390,5343488,0.002321,0.370349,0.372670,0,10,1,1,64,32,8192,8192,41746,83492,8,5,1.000000,0,0
COO OMP,O2,7394153076.326197,7394.153076,7.394153,10686976,0.002764,0.384340,0.387104,0,10,1,1,128,32,8192,8192,41746,83492,8,5,1.000000,0,0
COO OMP,O2,inf,inf,inf,21373952,0.000000,0.391645,0.391645,2097152,10,1,1,256,32,8192,8192,41746,83492,8,5,1.000000,0,0
COO OMP,O2,inf,inf,inf,42747904,0.000000,0.370178,0.370178,4194304,10,1,1,512,32,8192,8192,41746,83492,8,5,1.000000,0,0
COO OMP,O2,inf,inf,inf,85829776,0.000000,0.359143,0.359143,8421376,10,1,1,1028,32,8192,8192,41746,83492,8,5,1.000000,0,0
