Name,-O,FLOPS,MFLOPS,GFLOPS,FOP Count,Avg Run Time (s),Format Time (s),Total Time (s),Verification,Iters,Block Row,Block Col,K-Bound,Threads,Rows,Cols,NNZ,NNZ*2,Max Cols,Avg Cols,Col Ratio,Variance,Std Deviation
COO THREADS,O2,968691263.889593,968.691264,0.968691,83492,0.002309,0.136830,0.139139,0,5,1,1,16,64,8192,8192,41746,83492,8,5,1.000000,0,0
COO THREADS,O2,418961970.586548,418.961971,0.418962,83492,0.001388,0.094945,0.096332,0,5,1,1,64,64,8192,8192,41746,83492,8,5,1.000000,0,0
COO THREADS,O2,388234467.391899,388.234467,0.388234,83492,0.000463,0.094033,0.094496,0,5,1,1,128,48,8192,8192,41746,83492,8,5,1.000000,0,0
