Name,-O,FLOPS,MFLOPS,GFLOPS,FOP Count,Avg Run Time (s),Format Time (s),Total Time (s),Verification,Iters,Block Row,Block Col,K-Bound,Threads,Rows,Cols,NNZ,NNZ*2,Max Cols,Avg Cols,Col Ratio,Variance,Std Deviation
ELL Serial Transpose,O2,104034.138107,0.104034,0.000104,83492,0.802583,0.346133,1.148715,0,10,1,1,16,-1,8192,8192,41746,83492,8,5,1.000000,0,0
ELL Serial Transpose,O2,91857.747666,0.091858,0.000092,83492,0.908975,0.350755,1.259730,0,10,1,1,64,-1,8192,8192,41746,83492,8,5,1.000000,0,0
ELL Serial Transpose,O2,77755.862035,0.077756,0.000078,83492,1.073819,0.344664,1.418483,0,10,1,1,128,-1,8192,8192,41746,83492,8,5,1.000000,0,0
