Name,-O,FLOPS,MFLOPS,GFLOPS,FOP Count,Avg Run Time (s),Format Time (s),Total Time (s),Verification,Iters,Block Row,Block Col,K-Bound,Threads,Rows,Cols,NNZ,NNZ*2,Max Cols,Avg Cols,Col Ratio,Variance,Std Deviation
CSR Serial Transpose,O2,433958.919988,0.433959,0.000434,83492,0.192396,0.176037,0.368433,0,10,1,1,16,-1,8192,8192,41746,83492,8,5,1.000000,0,0
CSR Serial Transpose,O2,434612.341397,0.434612,0.000435,83492,0.192108,0.191949,0.384057,0,10,1,1,64,-1,8192,8192,41746,83492,8,5,1.000000,0,0
CSR Serial Transpose,O2,427400.400237,0.427400,0.000427,83492,0.195349,0.180322,0.375671,0,10,1,1,128,-1,8192,8192,41746,83492,8,5,1.000000,0,0
