Name,-O,FLOPS,MFLOPS,GFLOPS,FOP Count,Avg Run Time (s),Format Time (s),Total Time (s),Verification,Iters,Block Row,Block Col,K-Bound,Threads,Rows,Cols,NNZ,NNZ*2,Max Cols,Avg Cols,Col Ratio,Variance,Std Deviation
ELL Serial Transpose,O2,456670.576548,0.456671,0.000457,83492,0.182828,0.190398,0.373226,0,10,1,1,16,-1,8192,8192,41746,83492,8,5,1.000000,0,0
ELL Serial Transpose,O2,437710.765318,0.437711,0.000438,83492,0.190748,0.188574,0.379322,0,10,1,1,64,-1,8192,8192,41746,83492,8,5,1.000000,0,0
ELL Serial Transpose,O2,419808.631009,0.419809,0.000420,83492,0.198883,0.191245,0.390128,0,10,1,1,128,-1,8192,8192,41746,83492,8,5,1.000000,0,0
