Name,-O,FLOPS,MFLOPS,GFLOPS,FOP Count,Avg Run Time (s),Format Time (s),Total Time (s),Verification,Iters,Block Row,Block Col,K-Bound,Threads,Rows,Cols,NNZ,NNZ*2,Max Cols,Avg Cols,Col Ratio,Variance,Std Deviation
BCSR Serial Transpose,O2,435782.922720,0.435783,0.000436,83492,0.191591,0.189482,0.381073,0,10,2,2,16,-1,8192,8192,41746,83492,8,5,1.000000,0,0
BCSR Serial Transpose,O2,437963.617103,0.437964,0.000438,83492,0.190638,0.191215,0.381853,0,10,4,4,16,-1,8192,8192,41746,83492,8,5,1.000000,0,0
BCSR Serial Transpose,O2,423465.774925,0.423466,0.000423,83492,0.197164,0.202478,0.399642,0,10,16,16,16,-1,8192,8192,41746,83492,8,5,1.000000,0,0
BCSR Serial Transpose,O2,426123.035143,0.426123,0.000426,83492,0.195935,0.182722,0.378657,0,10,2,2,64,-1,8192,8192,41746,83492,8,5,1.000000,0,0
BCSR Serial Transpose,O2,410862.831492,0.410863,0.000411,83492,0.203212,0.192855,0.396068,0,10,4,4,64,-1,8192,8192,41746,83492,8,5,1.000000,0,0
BCSR Serial Transpose,O2,343565.964428,0.343566,0.000344,83492,0.243017,0.209436,0.452453,0,10,16,16,64,-1,8192,8192,41746,83492,8,5,1.000000,0,0
BCSR Serial Transpose,O2,404757.944795,0.404758,0.000405,83492,0.206280,0.191644,0.397924,0,10,2,2,128,-1,8192,8192,41746,83492,8,5,1.000000,0,0
BCSR Serial Transpose,O2,378830.724644,0.378831,0.000379,83492,0.220396,0.195877,0.416273,0,10,4,4,128,-1,8192,8192,41746,83492,8,5,1.000000,0,0
BCSR Serial Transpose,O2,278698.071361,0.278698,0.000279,83492,0.299580,0.202583,0.502163,0,10,16,16,128,-1,8192,8192,41746,83492,8,5,1.000000,0,0
