Name,-O,FLOPS,MFLOPS,GFLOPS,FOP Count,Avg Run Time (s),Format Time (s),Total Time (s),Verification,Iters,Block Row,Block Col,K-Bound,Threads,Rows,Cols,NNZ,NNZ*2,Max Cols,Avg Cols,Col Ratio,Variance,Std Deviation
BCSR OMP,O2,inf,inf,inf,667936,0.000000,0.189769,0.189769,65536,10,4,4,8,32,8192,8192,41746,83492,8,5,1.000000,0,0
BCSR OMP,O2,175362188.520246,175.362189,0.175362,1335872,0.011927,0.185608,0.197535,0,10,4,4,16,32,8192,8192,41746,83492,8,5,1.000000,0,0
BCSR OMP,O2,767035750.775442,767.035751,0.767036,5343488,0.011813,0.100010,0.111823,0,10,4,4,64,32,8192,8192,41746,83492,8,5,1.000000,0,0
BCSR OMP,O2,1586431877.710805,1586.431878,1.586432,10686976,0.008120,0.182524,0.190644,0,10,4,4,128,32,8192,8192,41746,83492,8,5,1.000000,0,0
BCSR OMP,O2,inf,inf,inf,21373952,0.000000,0.102102,0.102102,2097152,10,4,4,256,32,8192,8192,41746,83492,8,5,1.000000,0,0
BCSR OMP,O2,inf,inf,inf,42747904,0.000000,0.118919,0.118919,4194304,10,4,4,512,32,8192,8192,41746,83492,8,5,1.000000,0,0
BCSR OMP,O2,inf,inf,inf,85829776,0.000000,0.110230,0.110230,8421376,10,4,4,1028,32,8192,8192,41746,83492,8,5,1.000000,0,0
