Name,-O,FLOPS,MFLOPS,GFLOPS,FOP Count,Avg Run Time (s),Format Time (s),Total Time (s),Verification,Iters,Block Row,Block Col,K-Bound,Threads,Rows,Cols,NNZ,NNZ*2,Max Cols,Avg Cols,Col Ratio,Variance,Std Deviation
BCSR OMP,O2,70210769.751041,70.210770,0.070211,667936,0.029703,0.362388,0.392091,0,10,4,4,8,32,8192,8192,41746,83492,8,5,1.000000,0,0
BCSR OMP,O2,118720904.097424,118.720904,0.118721,1335872,0.046107,0.403343,0.449450,0,10,4,4,16,32,8192,8192,41746,83492,8,5,1.000000,0,0
BCSR OMP,O2,180722004.187094,180.722004,0.180722,5343488,0.061781,0.454621,0.516402,0,10,4,4,64,32,8192,8192,41746,83492,8,5,1.000000,0,0
BCSR OMP,O2,753378108.245905,753.378108,0.753378,10686976,0.048380,0.421648,0.470028,0,10,4,4,128,32,8192,8192,41746,83492,8,5,1.000000,0,0
BCSR OMP,O2,1037431028.127744,1037.431028,1.037431,21373952,0.060551,0.420110,0.480661,0,10,4,4,256,32,8192,8192,41746,83492,8,5,1.000000,0,0
BCSR OMP,O2,1543299220.442510,1543.299220,1.543299,42747904,0.066527,0.428151,0.494678,0,10,4,4,512,32,8192,8192,41746,83492,8,5,1.000000,0,0
BCSR OMP,O2,1989379838.567854,1989.379839,1.989380,85829776,0.067138,0.437213,0.504351,0,10,4,4,1028,32,8192,8192,41746,83492,8,5,1.000000,0,0
