Name,-O,FLOPS,MFLOPS,GFLOPS,FOP Count,Avg Run Time (s),Format Time (s),Total Time (s),Verification,Iters,Block Row,Block Col,K-Bound,Threads,Rows,Cols,NNZ,NNZ*2,Max Cols,Avg Cols,Col Ratio,Variance,Std Deviation
COO OMP,O2,168336648.034506,168.336648,0.168337,83492,0.013217,0.368150,0.381367,0,10,1,1,16,8,8192,8192,41746,83492,8,5,1.000000,0,0
COO OMP,O2,39956942.082572,39.956942,0.039957,83492,0.011447,0.371843,0.383290,0,10,1,1,64,8,8192,8192,41746,83492,8,5,1.000000,0,0
COO OMP,O2,24478549.443693,24.478549,0.024479,83492,0.011392,0.379730,0.391123,0,10,1,1,128,8,8192,8192,41746,83492,8,5,1.000000,0,0
COO OMP,O2,29946366.626279,29.946367,0.029946,83492,0.016161,0.387625,0.403786,0,10,1,1,16,16,8192,8192,41746,83492,8,5,1.000000,0,0
COO OMP,O2,46209725.943809,46.209726,0.046210,83492,0.014901,0.379905,0.394806,0,10,1,1,64,16,8192,8192,41746,83492,8,5,1.000000,0,0
COO OMP,O2,56740730.449201,56.740730,0.056741,83492,0.008523,0.375652,0.384175,0,10,1,1,128,16,8192,8192,41746,83492,8,5,1.000000,0,0
COO OMP,O2,52817196.121804,52.817196,0.052817,83492,0.010280,0.419356,0.429636,0,10,1,1,16,32,8192,8192,41746,83492,8,5,1.000000,0,0
COO OMP,O2,69286941.790056,69.286942,0.069287,83492,0.012927,0.409724,0.422651,0,10,1,1,64,32,8192,8192,41746,83492,8,5,1.000000,0,0
COO OMP,O2,43912566.775614,43.912567,0.043913,83492,0.011921,0.393880,0.405801,0,10,1,1,128,32,8192,8192,41746,83492,8,5,1.000000,0,0
