Name,-O,FLOPS,MFLOPS,GFLOPS,FOP Count,Avg Run Time (s),Format Time (s),Total Time (s),Verification,Iters,Block Row,Block Col,K-Bound,Threads,Rows,Cols,NNZ,NNZ*2,Max Cols,Avg Cols,Col Ratio,Variance,Std Deviation
BCSR THREADS,O2,278086422.192411,278.086422,0.278086,83492,0.001533,0.367240,0.368773,0,5,2,2,16,16,8192,8192,41746,83492,8,5,1.000000,0,0
BCSR THREADS,O2,220273083.760101,220.273084,0.220273,83492,0.001092,0.385498,0.386590,0,5,4,4,16,16,8192,8192,41746,83492,8,5,1.000000,0,0
BCSR THREADS,O2,103946331.997408,103.946332,0.103946,83492,0.002565,0.392854,0.395419,0,5,16,16,16,48,8192,8192,41746,83492,8,5,1.000000,0,0
BCSR THREADS,O2,88395328.196797,88.395328,0.088395,83492,0.001034,0.384869,0.385903,0,5,2,2,64,8,8192,8192,41746,83492,8,5,1.000000,0,0
BCSR THREADS,O2,85846119.674324,85.846120,0.085846,83492,0.001285,0.441430,0.442715,0,5,4,4,64,16,8192,8192,41746,83492,8,5,1.000000,0,0
BCSR THREADS,O2,46627738.231599,46.627738,0.046628,83492,0.002489,0.437690,0.440179,0,5,16,16,64,64,8192,8192,41746,83492,8,5,1.000000,0,0
BCSR THREADS,O2,41015405.691226,41.015406,0.041015,83492,0.003781,0.408320,0.412101,0,5,2,2,128,32,8192,8192,41746,83492,8,5,1.000000,0,0
BCSR THREADS,O2,63658229.135171,63.658229,0.063658,83492,0.001441,0.408827,0.410268,0,5,4,4,128,16,8192,8192,41746,83492,8,5,1.000000,0,0
BCSR THREADS,O2,37448266.333344,37.448266,0.037448,83492,0.004169,0.414352,0.418521,0,5,16,16,128,48,8192,8192,41746,83492,8,5,1.000000,0,0
