Name,-O,FLOPS,MFLOPS,GFLOPS,FOP Count,Avg Run Time (s),Format Time (s),Total Time (s),Verification,Iters,Block Row,Block Col,K-Bound,Threads,Rows,Cols,NNZ,NNZ*2,Max Cols,Avg Cols,Col Ratio,Variance,Std Deviation
CSR OMP,O2,359120769.969680,359.120770,0.359121,83492,0.000921,0.341783,0.342704,0,10,1,1,16,8,8192,8192,41746,83492,8,5,1.000000,0,0
CSR OMP,O2,100464305.830546,100.464306,0.100464,83492,0.001572,0.342214,0.343786,0,10,1,1,64,8,8192,8192,41746,83492,8,5,1.000000,0,0
CSR OMP,O2,65771597.020206,65.771597,0.065772,83492,0.001952,0.347599,0.349551,0,10,1,1,128,8,8192,8192,41746,83492,8,5,1.000000,0,0
CSR OMP,O2,366717189.933077,366.717190,0.366717,83492,0.001697,0.343231,0.344928,0,10,1,1,16,16,8192,8192,41746,83492,8,5,1.000000,0,0
CSR OMP,O2,69738293.429304,69.738293,0.069738,83492,0.002308,0.342827,0.345135,0,10,1,1,64,16,8192,8192,41746,83492,8,5,1.000000,0,0
CSR OMP,O2,37711112.455634,37.711112,0.037711,83492,0.003342,0.348122,0.351463,0,10,1,1,128,16,8192,8192,41746,83492,8,5,1.000000,0,0
CSR OMP,O2,210475019.975609,210.475020,0.210475,83492,0.005075,0.349079,0.354154,0,10,1,1,16,32,8192,8192,41746,83492,8,5,1.000000,0,0
CSR OMP,O2,34211467.822560,34.211468,0.034211,83492,0.008337,0.343536,0.351872,0,10,1,1,64,32,8192,8192,41746,83492,8,5,1.000000,0,0
CSR OMP,O2,45960072.029684,45.960072,0.045960,83492,0.004616,0.378290,0.382906,0,10,1,1,128,32,8192,8192,41746,83492,8,5,1.000000,0,0
