Name,-O,FLOPS,MFLOPS,GFLOPS,FOP Count,Avg Run Time (s),Format Time (s),Total Time (s),Verification,Iters,Block Row,Block Col,K-Bound,Threads,Rows,Cols,NNZ,NNZ*2,Max Cols,Avg Cols,Col Ratio,Variance,Std Deviation
COO OMP,O2,8816070.022665,8.816070,0.008816,83492,0.016336,0.335102,0.351438,0,10,1,1,16,8,8192,8192,41746,83492,8,5,1.000000,0,0
COO OMP,O2,35019083.762536,35.019084,0.035019,83492,0.011223,0.358392,0.369615,0,10,1,1,64,8,8192,8192,41746,83492,8,5,1.000000,0,0
COO OMP,O2,36620580.334026,36.620580,0.036621,83492,0.007617,0.355135,0.362752,0,10,1,1,128,8,8192,8192,41746,83492,8,5,1.000000,0,0
COO OMP,O2,243459968.668553,243.459969,0.243460,83492,0.016549,0.382465,0.399014,0,10,1,1,16,16,8192,8192,41746,83492,8,5,1.000000,0,0
COO OMP,O2,36414053.230469,36.414053,0.036414,83492,0.010576,0.372771,0.383347,0,10,1,1,64,16,8192,8192,41746,83492,8,5,1.000000,0,0
COO OMP,O2,19208418.359234,19.208418,0.019208,83492,0.016125,0.350138,0.366263,0,10,1,1,128,16,8192,8192,41746,83492,8,5,1.000000,0,0
COO OMP,O2,73337359.838882,73.337360,0.073337,83492,0.008394,0.360098,0.368492,0,10,1,1,16,32,8192,8192,41746,83492,8,5,1.000000,0,0
COO OMP,O2,19514620.281564,19.514620,0.019515,83492,0.011395,0.349796,0.361191,0,10,1,1,64,32,8192,8192,41746,83492,8,5,1.000000,0,0
COO OMP,O2,22972891.907001,22.972892,0.022973,83492,0.007273,0.350561,0.357834,0,10,1,1,128,32,8192,8192,41746,83492,8,5,1.000000,0,0
