Name,-O,FLOPS,MFLOPS,GFLOPS,FOP Count,Avg Run Time (s),Format Time (s),Total Time (s),Verification,Iters,Block Row,Block Col,K-Bound,Threads,Rows,Cols,NNZ,NNZ*2,Max Cols,Avg Cols,Col Ratio,Variance,Std Deviation
CSR Serial,O2,55333086.904463,55.333087,0.055333,83492,0.001510,0.334706,0.336216,0,10,1,1,16,-1,8192,8192,41746,83492,8,5,1.000000,0,0
CSR Serial,O2,30733539.005193,30.733539,0.030734,83492,0.002728,0.332844,0.335572,0,10,1,1,64,-1,8192,8192,41746,83492,8,5,1.000000,0,0
CSR Serial,O2,21174436.989298,21.174437,0.021174,83492,0.003944,0.332458,0.336402,0,10,1,1,128,-1,8192,8192,41746,83492,8,5,1.000000,0,0
