Name,-O,FLOPS,MFLOPS,GFLOPS,FOP Count,Avg Run Time (s),Format Time (s),Total Time (s),Verification,Iters,Block Row,Block Col,K-Bound,Threads,Rows,Cols,NNZ,NNZ*2,Max Cols,Avg Cols,Col Ratio,Variance,Std Deviation
CSR OMP,O2,278054542.020816,278.054542,0.278055,83492,0.000975,0.343291,0.344266,0,10,1,1,16,8,8192,8192,41746,83492,8,5,1.000000,0,0
CSR OMP,O2,91323691.196154,91.323691,0.091324,83492,0.001553,0.350547,0.352100,0,10,1,1,64,8,8192,8192,41746,83492,8,5,1.000000,0,0
CSR OMP,O2,82727374.879576,82.727375,0.082727,83492,0.001790,0.350916,0.352706,0,10,1,1,128,8,8192,8192,41746,83492,8,5,1.000000,0,0
CSR OMP,O2,294841016.851458,294.841017,0.294841,83492,0.001330,0.353322,0.354652,0,10,1,1,16,16,8192,8192,41746,83492,8,5,1.000000,0,0
CSR OMP,O2,62101358.481652,62.101358,0.062101,83492,0.002353,0.354351,0.356704,0,10,1,1,64,16,8192,8192,41746,83492,8,5,1.000000,0,0
CSR OMP,O2,65965286.137920,65.965286,0.065965,83492,0.002172,0.357478,0.359650,0,10,1,1,128,16,8192,8192,41746,83492,8,5,1.000000,0,0
CSR OMP,O2,264339173.969402,264.339174,0.264339,83492,0.001812,0.357338,0.359150,0,10,1,1,16,32,8192,8192,41746,83492,8,5,1.000000,0,0
CSR OMP,O2,40139252.852979,40.139253,0.040139,83492,0.004180,0.355838,0.360018,0,10,1,1,64,32,8192,8192,41746,83492,8,5,1.000000,0,0
CSR OMP,O2,41783650.759740,41.783651,0.041784,83492,0.005420,0.362934,0.368355,0,10,1,1,128,32,8192,8192,41746,83492,8,5,1.000000,0,0
