Name,-O,FLOPS,MFLOPS,GFLOPS,FOP Count,Avg Run Time (s),Format Time (s),Total Time (s),Verification,Iters,Block Row,Block Col,K-Bound,Threads,Rows,Cols,NNZ,NNZ*2,Max Cols,Avg Cols,Col Ratio,Variance,Std Deviation
ELL Serial,O2,269944044.223797,269.944044,0.269944,131072,0.000498,0.203894,0.204392,0,10,1,1,16,-1,8192,8192,41746,83492,8,5,1.000000,0,0
ELL Serial,O2,75999650.586534,75.999651,0.076000,131072,0.001802,0.178144,0.179947,0,10,1,1,64,-1,8192,8192,41746,83492,8,5,1.000000,0,0
ELL Serial,O2,36095323.595101,36.095324,0.036095,131072,0.003699,0.193074,0.196773,0,10,1,1,128,-1,8192,8192,41746,83492,8,5,1.000000,0,0
