Name,-O,FLOPS,MFLOPS,GFLOPS,FOP Count,Avg Run Time (s),Format Time (s),Total Time (s),Verification,Iters,Block Row,Block Col,K-Bound,Threads,Rows,Cols,NNZ,NNZ*2,Max Cols,Avg Cols,Col Ratio,Variance,Std Deviation
CSR OMP,O2,131425133.868217,131.425134,0.131425,83492,0.001027,0.840376,0.841403,0,10,1,1,16,8,8192,8192,41746,83492,8,5,1.000000,0,0
CSR OMP,O2,64536884.919595,64.536885,0.064537,83492,0.001636,0.774037,0.775673,0,10,1,1,64,8,8192,8192,41746,83492,8,5,1.000000,0,0
CSR OMP,O2,28899473.898382,28.899474,0.028899,83492,0.003134,0.756536,0.759670,0,10,1,1,128,8,8192,8192,41746,83492,8,5,1.000000,0,0
CSR OMP,O2,161896180.626040,161.896181,0.161896,83492,0.000982,0.817711,0.818693,0,10,1,1,16,16,8192,8192,41746,83492,8,5,1.000000,0,0
CSR OMP,O2,70050420.228660,70.050420,0.070050,83492,0.001614,0.750742,0.752356,0,10,1,1,64,16,8192,8192,41746,83492,8,5,1.000000,0,0
CSR OMP,O2,54726103.583742,54.726104,0.054726,83492,0.001882,0.754841,0.756723,0,10,1,1,128,16,8192,8192,41746,83492,8,5,1.000000,0,0
CSR OMP,O2,134216486.987556,134.216487,0.134216,83492,0.001936,0.754186,0.756122,0,10,1,1,16,32,8192,8192,41746,83492,8,5,1.000000,0,0
CSR OMP,O2,58652501.315279,58.652501,0.058653,83492,0.002626,0.755180,0.757806,0,10,1,1,64,32,8192,8192,41746,83492,8,5,1.000000,0,0
CSR OMP,O2,25261539.985193,25.261540,0.025262,83492,0.004464,0.754561,0.759025,0,10,1,1,128,32,8192,8192,41746,83492,8,5,1.000000,0,0
