Name,-O,FLOPS,MFLOPS,GFLOPS,FOP Count,Avg Run Time (s),Format Time (s),Total Time (s),Verification,Iters,Block Row,Block Col,K-Bound,Threads,Rows,Cols,NNZ,NNZ*2,Max Cols,Avg Cols,Col Ratio,Variance,Std Deviation
ELL GPU,O2,1614547210.681263,1614.547211,1.614547,83492,0.004269,0.203224,0.207493,0,10,1,1,16,-1,8192,8192,41746,83492,8,5,1.000000,0,0
ELL GPU,O2,775856268.047776,775.856268,0.775856,83492,0.002426,0.104839,0.107265,0,10,1,1,64,-1,8192,8192,41746,83492,8,5,1.000000,0,0
ELL GPU,O2,498218639.925087,498.218640,0.498219,83492,0.001939,0.103518,0.105457,0,10,1,1,128,-1,8192,8192,41746,83492,8,5,1.000000,0,0
