Name,-O,FLOPS,MFLOPS,GFLOPS,FOP Count,Avg Run Time (s),Format Time (s),Total Time (s),Verification,Iters,Block Row,Block Col,K-Bound,Threads,Rows,Cols,NNZ,NNZ*2,Max Cols,Avg Cols,Col Ratio,Variance,Std Deviation
ELL OMP,O2,251549348.260757,251.549348,0.251549,83492,0.001017,0.341239,0.342256,0,10,1,1,16,8,8192,8192,41746,83492,8,5,1.000000,0,0
ELL OMP,O2,105453678.929483,105.453679,0.105454,83492,0.001435,0.351593,0.353028,0,10,1,1,64,8,8192,8192,41746,83492,8,5,1.000000,0,0
ELL OMP,O2,70810026.428262,70.810026,0.070810,83492,0.001820,0.347176,0.348996,0,10,1,1,128,8,8192,8192,41746,83492,8,5,1.000000,0,0
ELL OMP,O2,306138245.359131,306.138245,0.306138,83492,0.001712,0.350695,0.352407,0,10,1,1,16,16,8192,8192,41746,83492,8,5,1.000000,0,0
ELL OMP,O2,118584969.927634,118.584970,0.118585,83492,0.002186,0.344825,0.347011,0,10,1,1,64,16,8192,8192,41746,83492,8,5,1.000000,0,0
ELL OMP,O2,65521926.501243,65.521927,0.065522,83492,0.002814,0.344127,0.346941,0,10,1,1,128,16,8192,8192,41746,83492,8,5,1.000000,0,0
ELL OMP,O2,207084568.894073,207.084569,0.207085,83492,0.004856,0.350357,0.355213,0,10,1,1,16,32,8192,8192,41746,83492,8,5,1.000000,0,0
ELL OMP,O2,58279291.733225,58.279292,0.058279,83492,0.005796,0.395072,0.400868,0,10,1,1,64,32,8192,8192,41746,83492,8,5,1.000000,0,0
ELL OMP,O2,30437656.021581,30.437656,0.030438,83492,0.006113,0.364041,0.370154,0,10,1,1,128,32,8192,8192,41746,83492,8,5,1.000000,0,0
