Name,-O,FLOPS,MFLOPS,GFLOPS,FOP Count,Avg Run Time (s),Format Time (s),Total Time (s),Verification,Iters,Block Row,Block Col,K-Bound,Threads,Rows,Cols,NNZ,NNZ*2,Max Cols,Avg Cols,Col Ratio,Variance,Std Deviation
BCSR Serial,O2,1096794255.171137,1096.794255,1.096794,1335872,0.001219,0.356343,0.357563,0,10,2,2,16,-1,8192,8192,41746,83492,8,5,1.000000,0,0
BCSR Serial,O2,173671335.177907,173.671335,0.173671,1335872,0.007692,0.372466,0.380158,0,10,16,16,16,-1,8192,8192,41746,83492,8,5,1.000000,0,0
BCSR Serial,O2,2276859211.535085,2276.859212,2.276859,5343488,0.002354,0.359147,0.361502,0,10,2,2,64,-1,8192,8192,41746,83492,8,5,1.000000,0,0
BCSR Serial,O2,577910627.260528,577.910627,0.577911,5343488,0.009249,0.374165,0.383414,0,10,16,16,64,-1,8192,8192,41746,83492,8,5,1.000000,0,0
BCSR Serial,O2,2749477745.130705,2749.477745,2.749478,10686976,0.003891,0.362011,0.365902,0,10,2,2,128,-1,8192,8192,41746,83492,8,5,1.000000,0,0
BCSR Serial,O2,686445017.163388,686.445017,0.686445,10686976,0.015569,0.374862,0.390431,0,10,16,16,128,-1,8192,8192,41746,83492,8,5,1.000000,0,0
