Name,-O,FLOPS,MFLOPS,GFLOPS,FOP Count,Avg Run Time (s),Format Time (s),Total Time (s),Verification,Iters,Block Row,Block Col,K-Bound,Threads,Rows,Cols,NNZ,NNZ*2,Max Cols,Avg Cols,Col Ratio,Variance,Std Deviation
COO OMP,O2,inf,inf,inf,667936,0.000000,0.173998,0.173998,65536,10,1,1,8,32,8192,8192,41746,83492,8,5,1.000000,0,0
COO OMP,O2,29929191852.913506,29929.191853,29.929192,1335872,0.003013,0.172214,0.175227,0,10,1,1,16,32,8192,8192,41746,83492,8,5,1.000000,0,0
COO OMP,O2,28868696249.267342,28868.696249,28.868696,5343488,0.001884,0.183698,0.185582,0,10,1,1,64,32,8192,8192,41746,83492,8,5,1.000000,0,0
COO OMP,O2,77164000618.157059,77164.000618,77.164001,10686976,0.001905,0.090692,0.092597,0,10,1,1,128,32,8192,8192,41746,83492,8,5,1.000000,0,0
COO OMP,O2,inf,inf,inf,21373952,0.000000,0.092639,0.092639,2097152,10,1,1,256,32,8192,8192,41746,83492,8,5,1.000000,0,0
COO OMP,O2,inf,inf,inf,42747904,0.000000,0.168794,0.168794,4194304,10,1,1,512,32,8192,8192,41746,83492,8,5,1.000000,0,0
COO OMP,O2,inf,inf,inf,85829776,0.000000,0.091433,0.091433,8421376,10,1,1,1028,32,8192,8192,41746,83492,8,5,1.000000,0,0
