Name,-O,FLOPS,MFLOPS,GFLOPS,FOP Count,Avg Run Time (s),Format Time (s),Total Time (s),Verification,Iters,Block Row,Block Col,K-Bound,Threads,Rows,Cols,NNZ,NNZ*2,Max Cols,Avg Cols,Col Ratio,Variance,Std Deviation
ELL THREADS,O2,729226321.990524,729.226322,0.729226,83492,0.002405,0.197486,0.199891,0,5,1,1,16,64,8192,8192,41746,83492,8,5,1.000000,0,0
ELL THREADS,O2,318411502.950895,318.411503,0.318412,83492,0.000816,0.105270,0.106085,0,5,1,1,64,72,8192,8192,41746,83492,8,5,1.000000,0,0
ELL THREADS,O2,499463109.503619,499.463110,0.499463,83492,0.000368,0.104188,0.104556,0,5,1,1,128,64,8192,8192,41746,83492,8,5,1.000000,0,0
