Name,-O,FLOPS,MFLOPS,GFLOPS,FOP Count,Avg Run Time (s),Format Time (s),Total Time (s),Verification,Iters,Block Row,Block Col,K-Bound,Threads,Rows,Cols,NNZ,NNZ*2,Max Cols,Avg Cols,Col Ratio,Variance,Std Deviation
COO Serial Transpose,O2,104572.034469,0.104572,0.000105,83492,0.798468,0.336845,1.135313,0,10,1,1,16,-1,8192,8192,41746,83492,8,5,1.000000,0,0
COO Serial Transpose,O2,93650.341165,0.093650,0.000094,83492,0.891575,0.336793,1.228368,0,10,1,1,64,-1,8192,8192,41746,83492,8,5,1.000000,0,0
COO Serial Transpose,O2,81037.259384,0.081037,0.000081,83492,1.030341,0.337058,1.367399,0,10,1,1,128,-1,8192,8192,41746,83492,8,5,1.000000,0,0
