Name,-O,FLOPS,MFLOPS,GFLOPS,FOP Count,Avg Run Time (s),Format Time (s),Total Time (s),Verification,Iters,Block Row,Block Col,K-Bound,Threads,Rows,Cols,NNZ,NNZ*2,Max Cols,Avg Cols,Col Ratio,Variance,Std Deviation
COO OMP Transpose,O2,2301542912.005450,2301.542912,2.301543,10686976,0.005493,0.345551,0.351044,0,10,1,1,128,8,8192,8192,41746,83492,8,5,1.000000,0,0
COO OMP Transpose,O2,3315374603.202451,3315.374603,3.315375,10686976,0.003426,0.362947,0.366373,0,10,1,1,128,16,8192,8192,41746,83492,8,5,1.000000,0,0
COO OMP Transpose,O2,3290088228.519872,3290.088229,3.290088,10686976,0.003412,0.449517,0.452929,0,10,1,1,128,32,8192,8192,41746,83492,8,5,1.000000,0,0
