Name,-O,FLOPS,MFLOPS,GFLOPS,FOP Count,Avg Run Time (s),Format Time (s),Total Time (s),Verification,Iters,Block Row,Block Col,K-Bound,Threads,Rows,Cols,NNZ,NNZ*2,Max Cols,Avg Cols,Col Ratio,Variance,Std Deviation
CSR GPU,O2,1550062725.138712,1550.062725,1.550063,1335872,0.017110,0.409439,0.426549,0,10,1,1,16,-1,8192,8192,41746,83492,8,5,1.000000,0,0
CSR GPU,O2,1789133233.725080,1789.133234,1.789133,5343488,0.008840,0.411741,0.420581,0,10,1,1,64,-1,8192,8192,41746,83492,8,5,1.000000,0,0
CSR GPU,O2,6255900248.451304,6255.900248,6.255900,10686976,0.006593,0.408708,0.415301,0,10,1,1,128,-1,8192,8192,41746,83492,8,5,1.000000,0,0
