Name,-O,FLOPS,MFLOPS,GFLOPS,FOP Count,Avg Run Time (s),Format Time (s),Total Time (s),Verification,Iters,Block Row,Block Col,K-Bound,Threads,Rows,Cols,NNZ,NNZ*2,Max Cols,Avg Cols,Col Ratio,Variance,Std Deviation
CSR OMP,O2,1920761769.058665,1920.761769,1.920762,667936,0.003131,0.350436,0.353567,0,10,1,1,8,32,8192,8192,41746,83492,8,5,1.000000,0,0
CSR OMP,O2,5052789365.629827,5052.789366,5.052789,1335872,0.001894,0.389465,0.391359,0,10,1,1,16,32,8192,8192,41746,83492,8,5,1.000000,0,0
CSR OMP,O2,5337258893.745985,5337.258894,5.337259,5343488,0.002171,0.393830,0.396001,0,10,1,1,64,32,8192,8192,41746,83492,8,5,1.000000,0,0
CSR OMP,O2,5699892688.354914,5699.892688,5.699893,10686976,0.003513,0.412090,0.415603,0,10,1,1,128,32,8192,8192,41746,83492,8,5,1.000000,0,0
CSR OMP,O2,7948870362.597494,7948.870363,7.948870,21373952,0.004354,0.411178,0.415532,0,10,1,1,256,32,8192,8192,41746,83492,8,5,1.000000,0,0
CSR OMP,O2,10058547427.965778,10058.547428,10.058547,42747904,0.005334,0.413282,0.418615,0,10,1,1,512,32,8192,8192,41746,83492,8,5,1.000000,0,0
CSR OMP,O2,9532397471.615444,9532.397472,9.532397,85829776,0.009706,0.423745,0.433451,0,10,1,1,1028,32,8192,8192,41746,83492,8,5,1.000000,0,0
