Name,-O,FLOPS,MFLOPS,GFLOPS,FOP Count,Avg Run Time (s),Format Time (s),Total Time (s),Verification,Iters,Block Row,Block Col,K-Bound,Threads,Rows,Cols,NNZ,NNZ*2,Max Cols,Avg Cols,Col Ratio,Variance,Std Deviation
BCSR OMP,O2,350111719.498055,350.111719,0.350112,1335872,0.005047,0.361000,0.366047,0,10,4,4,16,8,8192,8192,41746,83492,8,5,1.000000,0,0
BCSR OMP,O2,1328768724.570678,1328.768725,1.328769,5343488,0.004879,0.404381,0.409260,0,10,4,4,64,8,8192,8192,41746,83492,8,5,1.000000,0,0
BCSR OMP,O2,1727763207.739647,1727.763208,1.727763,10686976,0.006974,0.409065,0.416038,0,10,4,4,128,8,8192,8192,41746,83492,8,5,1.000000,0,0
BCSR OMP,O2,216196423.899162,216.196424,0.216196,1335872,0.012596,0.413777,0.426373,0,10,4,4,16,16,8192,8192,41746,83492,8,5,1.000000,0,0
BCSR OMP,O2,814671489.720343,814.671490,0.814671,5343488,0.013033,0.409350,0.422383,0,10,4,4,64,16,8192,8192,41746,83492,8,5,1.000000,0,0
BCSR OMP,O2,1279808064.587033,1279.808065,1.279808,10686976,0.015735,0.417490,0.433225,0,10,4,4,128,16,8192,8192,41746,83492,8,5,1.000000,0,0
BCSR OMP,O2,107671161.106857,107.671161,0.107671,1335872,0.050102,0.413725,0.463827,0,10,4,4,16,32,8192,8192,41746,83492,8,5,1.000000,0,0
BCSR OMP,O2,507946190.269375,507.946190,0.507946,5343488,0.044023,0.414455,0.458478,0,10,4,4,64,32,8192,8192,41746,83492,8,5,1.000000,0,0
BCSR OMP,O2,860894790.128458,860.894790,0.860895,10686976,0.032411,0.414701,0.447112,0,10,4,4,128,32,8192,8192,41746,83492,8,5,1.000000,0,0
