Name,-O,FLOPS,MFLOPS,GFLOPS,FOP Count,Avg Run Time (s),Format Time (s),Total Time (s),Verification,Iters,Block Row,Block Col,K-Bound,Threads,Rows,Cols,NNZ,NNZ*2,Max Cols,Avg Cols,Col Ratio,Variance,Std Deviation
COO Serial,O2,1040647454.750505,1040.647455,1.040647,1335872,0.001286,0.353743,0.355029,0,10,1,1,16,-1,8192,8192,41746,83492,8,5,1.000000,0,0
COO Serial,O2,2481144580.432653,2481.144580,2.481145,5343488,0.002155,0.349582,0.351737,0,10,1,1,64,-1,8192,8192,41746,83492,8,5,1.000000,0,0
COO Serial,O2,3305760206.909653,3305.760207,3.305760,10686976,0.003245,0.352735,0.355980,0,10,1,1,128,-1,8192,8192,41746,83492,8,5,1.000000,0,0
