Name,-O,FLOPS,MFLOPS,GFLOPS,FOP Count,Avg Run Time (s),Format Time (s),Total Time (s),Verification,Iters,Block Row,Block Col,K-Bound,Threads,Rows,Cols,NNZ,NNZ*2,Max Cols,Avg Cols,Col Ratio,Variance,Std Deviation
ELL Serial,O2,61283237.728240,61.283238,0.061283,83492,0.001386,0.341316,0.342702,0,10,1,1,16,-1,8192,8192,41746,83492,8,5,1.000000,0,0
ELL Serial,O2,25605350.035689,25.605350,0.025605,83492,0.003278,0.341636,0.344914,0,10,1,1,64,-1,8192,8192,41746,83492,8,5,1.000000,0,0
ELL Serial,O2,17110432.424455,17.110432,0.017110,83492,0.004930,0.343041,0.347970,0,10,1,1,128,-1,8192,8192,41746,83492,8,5,1.000000,0,0
