Name,-O,FLOPS,MFLOPS,GFLOPS,FOP Count,Avg Run Time (s),Format Time (s),Total Time (s),Verification,Iters,Block Row,Block Col,K-Bound,Threads,Rows,Cols,NNZ,NNZ*2,Max Cols,Avg Cols,Col Ratio,Variance,Std Deviation
ELL GPU,O2,525789.734957,0.525790,0.000526,83492,0.167537,0.394347,0.561884,0,10,1,1,16,-1,8192,8192,41746,83492,8,5,1.000000,0,0
ELL GPU,O2,225409.372072,0.225409,0.000225,83492,0.375878,0.385304,0.761182,0,10,1,1,64,-1,8192,8192,41746,83492,8,5,1.000000,0,0
ELL GPU,O2,609530.790194,0.609531,0.000610,83492,0.146003,0.360991,0.506994,0,10,1,1,128,-1,8192,8192,41746,83492,8,5,1.000000,0,0
