Name,-O,FLOPS,MFLOPS,GFLOPS,FOP Count,Avg Run Time (s),Format Time (s),Total Time (s),Verification,Iters,Block Row,Block Col,K-Bound,Threads,Rows,Cols,NNZ,NNZ*2,Max Cols,Avg Cols,Col Ratio,Variance,Std Deviation
COO OMP Transpose,O2,7499934.381347,7.499934,0.007500,83492,0.021992,0.202156,0.224148,0,10,1,1,16,8,8192,8192,41746,83492,8,5,1.000000,0,0
COO OMP Transpose,O2,7274713.903185,7.274714,0.007275,83492,0.019969,0.097818,0.117787,0,10,1,1,64,8,8192,8192,41746,83492,8,5,1.000000,0,0
COO OMP Transpose,O2,7073077.609654,7.073078,0.007073,83492,0.022670,0.098853,0.121523,0,10,1,1,128,8,8192,8192,41746,83492,8,5,1.000000,0,0
COO OMP Transpose,O2,6461064.623355,6.461065,0.006461,83492,0.027345,0.099250,0.126596,0,10,1,1,16,16,8192,8192,41746,83492,8,5,1.000000,0,0
COO OMP Transpose,O2,8140793.238895,8.140793,0.008141,83492,0.017168,0.100026,0.117194,0,10,1,1,64,16,8192,8192,41746,83492,8,5,1.000000,0,0
COO OMP Transpose,O2,7105153.733771,7.105154,0.007105,83492,0.020200,0.098798,0.118998,0,10,1,1,128,16,8192,8192,41746,83492,8,5,1.000000,0,0
COO OMP Transpose,O2,7781269.750968,7.781270,0.007781,83492,0.016736,0.106413,0.123149,0,10,1,1,16,32,8192,8192,41746,83492,8,5,1.000000,0,0
COO OMP Transpose,O2,8638850.635323,8.638851,0.008639,83492,0.014914,0.098277,0.113191,0,10,1,1,64,32,8192,8192,41746,83492,8,5,1.000000,0,0
COO OMP Transpose,O2,6254023.173695,6.254023,0.006254,83492,0.026673,0.099595,0.126267,0,10,1,1,128,32,8192,8192,41746,83492,8,5,1.000000,0,0
