Name,-O,FLOPS,MFLOPS,GFLOPS,FOP Count,Avg Run Time (s),Format Time (s),Total Time (s),Verification,Iters,Block Row,Block Col,K-Bound,Threads,Rows,Cols,NNZ,NNZ*2,Max Cols,Avg Cols,Col Ratio,Variance,Std Deviation
CSR Serial,O2,64916255.639506,64.916256,0.064916,83492,0.001300,0.352915,0.354215,0,10,1,1,16,-1,8192,8192,41746,83492,8,5,1.000000,0,0
CSR Serial,O2,33886983.197820,33.886983,0.033887,83492,0.002483,0.352173,0.354656,0,10,1,1,64,-1,8192,8192,41746,83492,8,5,1.000000,0,0
CSR Serial,O2,21312942.316024,21.312942,0.021313,83492,0.003918,0.354541,0.358459,0,10,1,1,128,-1,8192,8192,41746,83492,8,5,1.000000,0,0
