Name,-O,FLOPS,MFLOPS,GFLOPS,FOP Count,Avg Run Time (s),Format Time (s),Total Time (s),Verification,Iters,Block Row,Block Col,K-Bound,Threads,Rows,Cols,NNZ,NNZ*2,Max Cols,Avg Cols,Col Ratio,Variance,Std Deviation
BCSR Serial,O2,50868542.826148,50.868543,0.050869,83492,0.001659,0.343014,0.344673,0,10,2,2,16,-1,8192,8192,41746,83492,8,5,1.000000,0,0
BCSR Serial,O2,23142253.089174,23.142253,0.023142,83492,0.003616,0.340685,0.344301,0,10,4,4,16,-1,8192,8192,41746,83492,8,5,1.000000,0,0
BCSR Serial,O2,5092810.588758,5.092811,0.005093,83492,0.016394,0.355863,0.372257,0,10,16,16,16,-1,8192,8192,41746,83492,8,5,1.000000,0,0
BCSR Serial,O2,20986119.821033,20.986120,0.020986,83492,0.003983,0.340688,0.344671,0,10,2,2,64,-1,8192,8192,41746,83492,8,5,1.000000,0,0
BCSR Serial,O2,15748680.905032,15.748681,0.015749,83492,0.005307,0.342518,0.347825,0,10,4,4,64,-1,8192,8192,41746,83492,8,5,1.000000,0,0
BCSR Serial,O2,4819364.260310,4.819364,0.004819,83492,0.017325,0.355473,0.372798,0,10,16,16,64,-1,8192,8192,41746,83492,8,5,1.000000,0,0
BCSR Serial,O2,15676485.151954,15.676485,0.015676,83492,0.005328,0.338970,0.344298,0,10,2,2,128,-1,8192,8192,41746,83492,8,5,1.000000,0,0
BCSR Serial,O2,10387026.622894,10.387027,0.010387,83492,0.008038,0.340804,0.348842,0,10,4,4,128,-1,8192,8192,41746,83492,8,5,1.000000,0,0
BCSR Serial,O2,3135238.242277,3.135238,0.003135,83492,0.026630,0.356366,0.382996,0,10,16,16,128,-1,8192,8192,41746,83492,8,5,1.000000,0,0
