Name,-O,FLOPS,MFLOPS,GFLOPS,FOP Count,Avg Run Time (s),Format Time (s),Total Time (s),Verification,Iters,Block Row,Block Col,K-Bound,Threads,Rows,Cols,NNZ,NNZ*2,Max Cols,Avg Cols,Col Ratio,Variance,Std Deviation
BCSR GPU,O2,522034.577657,0.522035,0.000522,83492,0.169784,0.394759,0.564543,0,10,2,2,16,-1,8192,8192,41746,83492,8,5,1.000000,0,0
BCSR GPU,O2,330978.084749,0.330978,0.000331,83492,0.261883,0.382851,0.644734,0,10,4,4,16,-1,8192,8192,41746,83492,8,5,1.000000,0,0
BCSR GPU,O2,391617.476367,0.391617,0.000392,83492,0.226163,0.410698,0.636861,0,10,16,16,16,-1,8192,8192,41746,83492,8,5,1.000000,0,0
BCSR GPU,O2,224309.883725,0.224310,0.000224,83492,0.377446,0.380090,0.757536,0,10,2,2,64,-1,8192,8192,41746,83492,8,5,1.000000,0,0
BCSR GPU,O2,517672.071343,0.517672,0.000518,83492,0.170039,0.392816,0.562855,0,10,4,4,64,-1,8192,8192,41746,83492,8,5,1.000000,0,0
BCSR GPU,O2,213355.992867,0.213356,0.000213,83492,0.396479,0.396734,0.793213,0,10,16,16,64,-1,8192,8192,41746,83492,8,5,1.000000,0,0
BCSR GPU,O2,520730.855812,0.520731,0.000521,83492,0.169913,0.392059,0.561972,0,10,2,2,128,-1,8192,8192,41746,83492,8,5,1.000000,0,0
BCSR GPU,O2,221980.269413,0.221980,0.000222,83492,0.381597,0.383397,0.764995,0,10,4,4,128,-1,8192,8192,41746,83492,8,5,1.000000,0,0
BCSR GPU,O2,423695.247821,0.423695,0.000424,83492,0.207715,0.386551,0.594266,0,10,16,16,128,-1,8192,8192,41746,83492,8,5,1.000000,0,0
