Name,-O,FLOPS,MFLOPS,GFLOPS,FOP Count,Avg Run Time (s),Format Time (s),Total Time (s),Verification,Iters,Block Row,Block Col,K-Bound,Threads,Rows,Cols,NNZ,NNZ*2,Max Cols,Avg Cols,Col Ratio,Variance,Std Deviation
ELL OMP,O2,inf,inf,inf,667936,0.000000,0.357100,0.357100,65536,10,1,1,8,32,8192,8192,41746,83492,8,5,1.000000,0,0
ELL OMP,O2,4050423995.874825,4050.423996,4.050424,1335872,0.002269,0.351679,0.353948,0,10,1,1,16,32,8192,8192,41746,83492,8,5,1.000000,0,0
ELL OMP,O2,4210857097.492258,4210.857097,4.210857,5343488,0.003192,0.386202,0.389394,0,10,1,1,64,32,8192,8192,41746,83492,8,5,1.000000,0,0
ELL OMP,O2,6478705856.515638,6478.705857,6.478706,10686976,0.003216,0.407987,0.411203,0,10,1,1,128,32,8192,8192,41746,83492,8,5,1.000000,0,0
ELL OMP,O2,inf,inf,inf,21373952,0.000000,0.407170,0.407170,2097152,10,1,1,256,32,8192,8192,41746,83492,8,5,1.000000,0,0
ELL OMP,O2,inf,inf,inf,42747904,0.000000,0.378724,0.378724,4194304,10,1,1,512,32,8192,8192,41746,83492,8,5,1.000000,0,0
ELL OMP,O2,inf,inf,inf,85829776,0.000000,0.368276,0.368276,8421376,10,1,1,1028,32,8192,8192,41746,83492,8,5,1.000000,0,0
