Name,-O,FLOPS,MFLOPS,GFLOPS,FOP Count,Avg Run Time (s),Format Time (s),Total Time (s),Verification,Iters,Block Row,Block Col,K-Bound,Threads,Rows,Cols,NNZ,NNZ*2,Max Cols,Avg Cols,Col Ratio,Variance,Std Deviation
ELL OMP,O2,2063447166.063376,2063.447166,2.063447,667936,0.001673,0.368118,0.369791,0,10,1,1,8,32,8192,8192,41746,83492,8,5,1.000000,0,0
ELL OMP,O2,2337534651.496322,2337.534651,2.337535,1335872,0.002277,0.406325,0.408602,0,10,1,1,16,32,8192,8192,41746,83492,8,5,1.000000,0,0
ELL OMP,O2,2855887426.956260,2855.887427,2.855887,5343488,0.003617,0.383700,0.387317,0,10,1,1,64,32,8192,8192,41746,83492,8,5,1.000000,0,0
ELL OMP,O2,6605888231.736507,6605.888232,6.605888,10686976,0.004410,0.396928,0.401338,0,10,1,1,128,32,8192,8192,41746,83492,8,5,1.000000,0,0
ELL OMP,O2,9784590239.028543,9784.590239,9.784590,21373952,0.003334,0.422436,0.425770,0,10,1,1,256,32,8192,8192,41746,83492,8,5,1.000000,0,0
ELL OMP,O2,12406663493.743191,12406.663494,12.406663,42747904,0.004596,0.426157,0.430753,0,10,1,1,512,32,8192,8192,41746,83492,8,5,1.000000,0,0
ELL OMP,O2,10457327428.428137,10457.327428,10.457327,85829776,0.009251,0.437651,0.446902,0,10,1,1,1028,32,8192,8192,41746,83492,8,5,1.000000,0,0
