Name,-O,FLOPS,MFLOPS,GFLOPS,FOP Count,Avg Run Time (s),Format Time (s),Total Time (s),Verification,Iters,Block Row,Block Col,K-Bound,Threads,Rows,Cols,NNZ,NNZ*2,Max Cols,Avg Cols,Col Ratio,Variance,Std Deviation
BCSR GPU,O2,939431462.608843,939.431463,0.939431,1335872,0.012382,0.413605,0.425987,0,10,4,4,16,-1,8192,8192,41746,83492,8,5,1.000000,0,0
BCSR GPU,O2,4589947818.736975,4589.947819,4.589948,5343488,0.009708,0.398327,0.408034,0,10,4,4,64,-1,8192,8192,41746,83492,8,5,1.000000,0,0
BCSR GPU,O2,3872945762.188717,3872.945762,3.872946,10686976,0.013606,0.419695,0.433301,0,10,4,4,128,-1,8192,8192,41746,83492,8,5,1.000000,0,0
