Name,-O,FLOPS,MFLOPS,GFLOPS,FOP Count,Avg Run Time (s),Format Time (s),Total Time (s),Verification,Iters,Block Row,Block Col,K-Bound,Threads,Rows,Cols,NNZ,NNZ*2,Max Cols,Avg Cols,Col Ratio,Variance,Std Deviation
COO GPU,O2,1782475915.378441,1782.475915,1.782476,1335872,0.010733,0.426938,0.437671,0,10,1,1,16,-1,8192,8192,41746,83492,8,5,1.000000,0,0
COO GPU,O2,2277900055.270785,2277.900055,2.277900,5343488,0.010157,0.362722,0.372879,0,10,1,1,64,-1,8192,8192,41746,83492,8,5,1.000000,0,0
COO GPU,O2,9049706813.957918,9049.706814,9.049707,10686976,0.006512,0.404224,0.410736,0,10,1,1,128,-1,8192,8192,41746,83492,8,5,1.000000,0,0
