Name,-O,FLOPS,MFLOPS,GFLOPS,FOP Count,Avg Run Time (s),Format Time (s),Total Time (s),Verification,Iters,Block Row,Block Col,K-Bound,Threads,Rows,Cols,NNZ,NNZ*2,Max Cols,Avg Cols,Col Ratio,Variance,Std Deviation
ELL OMP Transpose,O2,1948389291.923537,1948.389292,1.948389,10686976,0.006286,0.359307,0.365593,0,10,1,1,128,8,8192,8192,41746,83492,8,5,1.000000,0,0
ELL OMP Transpose,O2,2670321658.860533,2670.321659,2.670322,10686976,0.004302,0.427013,0.431315,0,10,1,1,128,16,8192,8192,41746,83492,8,5,1.000000,0,0
ELL OMP Transpose,O2,3007311465.882596,3007.311466,3.007311,10686976,0.003807,0.419418,0.423225,0,10,1,1,128,32,8192,8192,41746,83492,8,5,1.000000,0,0
