Name,-O,FLOPS,MFLOPS,GFLOPS,FOP Count,Avg Run Time (s),Format Time (s),Total Time (s),Verification,Iters,Block Row,Block Col,K-Bound,Threads,Rows,Cols,NNZ,NNZ*2,Max Cols,Avg Cols,Col Ratio,Variance,Std Deviation
CSR OMP,O2,inf,inf,inf,667936,0.000000,0.340728,0.340728,65536,10,1,1,8,32,8192,8192,41746,83492,8,5,1.000000,0,0
CSR OMP,O2,4208829191.478444,4208.829191,4.208829,1335872,0.002420,0.337776,0.340196,0,10,1,1,16,32,8192,8192,41746,83492,8,5,1.000000,0,0
CSR OMP,O2,5280170190.962189,5280.170191,5.280170,5343488,0.002712,0.374089,0.376801,0,10,1,1,64,32,8192,8192,41746,83492,8,5,1.000000,0,0
CSR OMP,O2,4831092460.105384,4831.092460,4.831092,10686976,0.003865,0.378941,0.382806,0,10,1,1,128,32,8192,8192,41746,83492,8,5,1.000000,0,0
CSR OMP,O2,inf,inf,inf,21373952,0.000000,0.379474,0.379474,2097152,10,1,1,256,32,8192,8192,41746,83492,8,5,1.000000,0,0
CSR OMP,O2,inf,inf,inf,42747904,0.000000,0.365838,0.365838,4194304,10,1,1,512,32,8192,8192,41746,83492,8,5,1.000000,0,0
CSR OMP,O2,inf,inf,inf,85829776,0.000000,0.355396,0.355396,8421376,10,1,1,1028,32,8192,8192,41746,83492,8,5,1.000000,0,0
