Name,-O,FLOPS,MFLOPS,GFLOPS,FOP Count,Avg Run Time (s),Format Time (s),Total Time (s),Verification,Iters,Block Row,Block Col,K-Bound,Threads,Rows,Cols,NNZ,NNZ*2,Max Cols,Avg Cols,Col Ratio,Variance,Std Deviation
CSR Serial Transpose,O2,446460.593709,0.446461,0.000446,83492,0.187009,0.194439,0.381448,0,10,1,1,16,-1,8192,8192,41746,83492,8,5,1.000000,0,0
CSR Serial Transpose,O2,433202.380381,0.433202,0.000433,83492,0.192733,0.103007,0.295740,0,10,1,1,64,-1,8192,8192,41746,83492,8,5,1.000000,0,0
CSR Serial Transpose,O2,419856.947630,0.419857,0.000420,83492,0.198862,0.184439,0.383301,0,10,1,1,128,-1,8192,8192,41746,83492,8,5,1.000000,0,0
