Name,-O,FLOPS,MFLOPS,GFLOPS,FOP Count,Avg Run Time (s),Format Time (s),Total Time (s),Verification,Iters,Block Row,Block Col,K-Bound,Threads,Rows,Cols,NNZ,NNZ*2,Max Cols,Avg Cols,Col Ratio,Variance,Std Deviation
BCSR Serial,O2,632212328.521507,632.212329,0.632212,1335872,0.002115,0.360395,0.362510,0,10,4,4,16,-1,8192,8192,41746,83492,8,5,1.000000,0,0
BCSR Serial,O2,1586624775.762777,1586.624776,1.586625,5343488,0.003368,0.358427,0.361795,0,10,4,4,64,-1,8192,8192,41746,83492,8,5,1.000000,0,0
BCSR Serial,O2,1953075947.856311,1953.075948,1.953076,10686976,0.005474,0.359041,0.364515,0,10,4,4,128,-1,8192,8192,41746,83492,8,5,1.000000,0,0
