Name,-O,FLOPS,MFLOPS,GFLOPS,FOP Count,Avg Run Time (s),Format Time (s),Total Time (s),Verification,Iters,Block Row,Block Col,K-Bound,Threads,Rows,Cols,NNZ,NNZ*2,Max Cols,Avg Cols,Col Ratio,Variance,Std Deviation
COO Serial,O2,65287779.727945,65.287780,0.065288,83492,0.001279,0.339140,0.340419,0,10,1,1,16,-1,8192,8192,41746,83492,8,5,1.000000,0,0
COO Serial,O2,35036530.183488,35.036530,0.035037,83492,0.002407,0.338440,0.340847,0,10,1,1,64,-1,8192,8192,41746,83492,8,5,1.000000,0,0
COO Serial,O2,21087469.948807,21.087470,0.021087,83492,0.003961,0.339553,0.343514,0,10,1,1,128,-1,8192,8192,41746,83492,8,5,1.000000,0,0
