Name,-O,FLOPS,MFLOPS,GFLOPS,FOP Count,Avg Run Time (s),Format Time (s),Total Time (s),Verification,Iters,Block Row,Block Col,K-Bound,Threads,Rows,Cols,NNZ,NNZ*2,Max Cols,Avg Cols,Col Ratio,Variance,Std Deviation
BCSR Serial Transpose,O2,1205135.315969,1.205135,0.001205,34127432,28.318395,12.356129,40.674524,256,10,2,2,16,-1,72000,72000,14393817,28787634,481,199,2.000000,6652,81
BCSR Serial Transpose,O2,1337451.913253,1.337452,0.001337,39361088,29.429910,12.295417,41.725327,256,10,4,4,16,-1,72000,72000,14393817,28787634,481,199,2.000000,6652,81
BCSR Serial Transpose,O2,2424218.639275,2.424219,0.002424,71676416,29.566814,12.491468,42.058282,256,10,16,16,16,-1,72000,72000,14393817,28787634,481,199,2.000000,6652,81
BCSR Serial Transpose,O2,1131000.170997,1.131000,0.001131,34127432,30.174563,12.199663,42.374226,1024,10,2,2,64,-1,72000,72000,14393817,28787634,481,199,2.000000,6652,81
BCSR Serial Transpose,O2,1295254.938391,1.295255,0.001295,39361088,30.388680,12.179822,42.568502,1024,10,4,4,64,-1,72000,72000,14393817,28787634,481,199,2.000000,6652,81
BCSR Serial Transpose,O2,2292971.324129,2.292971,0.002293,71676416,31.259189,12.500050,43.759239,1024,10,16,16,64,-1,72000,72000,14393817,28787634,481,199,2.000000,6652,81
BCSR Serial Transpose,O2,1101924.177552,1.101924,0.001102,34127432,30.970783,12.158647,43.129430,2048,10,2,2,128,-1,72000,72000,14393817,28787634,481,199,2.000000,6652,81
BCSR Serial Transpose,O2,1225006.057440,1.225006,0.001225,39361088,32.131343,12.249850,44.381193,2048,10,4,4,128,-1,72000,72000,14393817,28787634,481,199,2.000000,6652,81
BCSR Serial Transpose,O2,2176080.654181,2.176081,0.002176,71676416,32.938321,12.508242,45.446563,2048,10,16,16,128,-1,72000,72000,14393817,28787634,481,199,2.000000,6652,81
