Name,-O,FLOPS,MFLOPS,GFLOPS,FOP Count,Avg Run Time (s),Format Time (s),Total Time (s),Verification,Iters,Block Row,Block Col,K-Bound,Threads,Rows,Cols,NNZ,NNZ*2,Max Cols,Avg Cols,Col Ratio,Variance,Std Deviation
CSR Serial Transpose,O2,1408779.971277,1.408780,0.001409,28787634,20.895805,29.116430,50.012235,0,10,1,1,16,-1,72000,72000,14393817,28787634,481,199,2.000000,6652,81
CSR Serial Transpose,O2,1419565.419429,1.419565,0.001420,28787634,20.959448,29.249520,50.208968,0,10,1,1,64,-1,72000,72000,14393817,28787634,481,199,2.000000,6652,81
CSR Serial Transpose,O2,1302072.861976,1.302073,0.001302,28787634,22.493729,29.004353,51.498082,0,10,1,1,128,-1,72000,72000,14393817,28787634,481,199,2.000000,6652,81
