Name,-O,FLOPS,MFLOPS,GFLOPS,FOP Count,Avg Run Time (s),Format Time (s),Total Time (s),Verification,Iters,Block Row,Block Col,K-Bound,Threads,Rows,Cols,NNZ,NNZ*2,Max Cols,Avg Cols,Col Ratio,Variance,Std Deviation
ELL Serial,O2,113011308.463777,113.011308,0.113011,28787634,0.254733,32.297333,32.552066,0,10,1,1,16,-1,72000,72000,14393817,28787634,481,199,2.000000,6652,81
ELL Serial,O2,37675893.109752,37.675893,0.037676,28787634,0.764088,31.716600,32.480688,0,10,1,1,64,-1,72000,72000,14393817,28787634,481,199,2.000000,6652,81
ELL Serial,O2,23055613.919747,23.055614,0.023056,28787634,1.248619,32.028659,33.277277,0,10,1,1,128,-1,72000,72000,14393817,28787634,481,199,2.000000,6652,81
