Name,-O,FLOPS,MFLOPS,GFLOPS,FOP Count,Avg Run Time (s),Format Time (s),Total Time (s),Verification,Iters,Block Row,Block Col,K-Bound,Threads,Rows,Cols,NNZ,NNZ*2,Max Cols,Avg Cols,Col Ratio,Variance,Std Deviation
CSR OMP,O2,315896294.053762,315.896294,0.315896,28787634,0.091414,10.629869,10.721283,0,10,1,1,16,8,72000,72000,14393817,28787634,481,199,2.000000,6652,81
CSR OMP,O2,186896657.172522,186.896657,0.186897,28787634,0.154177,10.621075,10.775252,0,10,1,1,64,8,72000,72000,14393817,28787634,481,199,2.000000,6652,81
CSR OMP,O2,129616589.019999,129.616589,0.129617,28787634,0.222422,10.622541,10.844964,0,10,1,1,128,8,72000,72000,14393817,28787634,481,199,2.000000,6652,81
CSR OMP,O2,410893283.701150,410.893284,0.410893,28787634,0.070924,10.735903,10.806827,0,10,1,1,16,16,72000,72000,14393817,28787634,481,199,2.000000,6652,81
CSR OMP,O2,273584650.920352,273.584651,0.273585,28787634,0.105969,10.629635,10.735604,0,10,1,1,64,16,72000,72000,14393817,28787634,481,199,2.000000,6652,81
CSR OMP,O2,189081410.896613,189.081411,0.189081,28787634,0.152507,10.673665,10.826172,0,10,1,1,128,16,72000,72000,14393817,28787634,481,199,2.000000,6652,81
CSR OMP,O2,547986353.066206,547.986353,0.547986,28787634,0.053360,10.640434,10.693794,0,10,1,1,16,32,72000,72000,14393817,28787634,481,199,2.000000,6652,81
CSR OMP,O2,357202936.007791,357.202936,0.357203,28787634,0.081901,10.723245,10.805146,0,10,1,1,64,32,72000,72000,14393817,28787634,481,199,2.000000,6652,81
CSR OMP,O2,248883539.508873,248.883540,0.248884,28787634,0.116467,10.636979,10.753446,0,10,1,1,128,32,72000,72000,14393817,28787634,481,199,2.000000,6652,81
