Name,-O,FLOPS,MFLOPS,GFLOPS,FOP Count,Avg Run Time (s),Format Time (s),Total Time (s),Verification,Iters,Block Row,Block Col,K-Bound,Threads,Rows,Cols,NNZ,NNZ*2,Max Cols,Avg Cols,Col Ratio,Variance,Std Deviation
CSR THREADS,O2,1940038863.074286,1940.038863,1.940039,28787634,0.018944,29.701719,29.720663,0,5,1,1,16,48,72000,72000,14393817,28787634,481,199,2.000000,6652,81
CSR THREADS,O2,1353922497.568069,1353.922498,1.353922,28787634,0.021417,29.583319,29.604736,0,5,1,1,64,72,72000,72000,14393817,28787634,481,199,2.000000,6652,81
CSR THREADS,O2,752243105.484551,752.243105,0.752243,28787634,0.039672,29.683809,29.723481,0,5,1,1,128,72,72000,72000,14393817,28787634,481,199,2.000000,6652,81
