Name,-O,FLOPS,MFLOPS,GFLOPS,FOP Count,Avg Run Time (s),Format Time (s),Total Time (s),Verification,Iters,Block Row,Block Col,K-Bound,Threads,Rows,Cols,NNZ,NNZ*2,Max Cols,Avg Cols,Col Ratio,Variance,Std Deviation
ELL OMP,O2,inf,inf,inf,230301072,0.000000,12.692705,12.692705,575999,10,1,1,8,32,72000,72000,14393817,28787634,481,199,2.000000,6652,81
ELL OMP,O2,6610270983.036891,6610.270983,6.610271,460602144,0.070793,12.934061,13.004854,0,10,1,1,16,32,72000,72000,14393817,28787634,481,199,2.000000,6652,81
ELL OMP,O2,16143933369.622828,16143.933370,16.143933,1842408576,0.114831,12.963757,13.078588,0,10,1,1,64,32,72000,72000,14393817,28787634,481,199,2.000000,6652,81
ELL OMP,O2,23437452873.557755,23437.452874,23.437453,3684817152,0.157887,12.955148,13.113035,0,10,1,1,128,32,72000,72000,14393817,28787634,481,199,2.000000,6652,81
ELL OMP,O2,inf,inf,inf,7369634304,0.000000,12.597923,12.597923,18431999,10,1,1,256,32,72000,72000,14393817,28787634,481,199,2.000000,6652,81
ELL OMP,O2,inf,inf,inf,14739268608,0.000000,12.797204,12.797204,36863999,10,1,1,512,32,72000,72000,14393817,28787634,481,199,2.000000,6652,81
ELL OMP,O2,inf,inf,inf,29593687752,0.000000,12.777952,12.777952,74015999,10,1,1,1028,32,72000,72000,14393817,28787634,481,199,2.000000,6652,81
