Name,-O,FLOPS,MFLOPS,GFLOPS,FOP Count,Avg Run Time (s),Format Time (s),Total Time (s),Verification,Iters,Block Row,Block Col,K-Bound,Threads,Rows,Cols,NNZ,NNZ*2,Max Cols,Avg Cols,Col Ratio,Variance,Std Deviation
ELL Serial,O2,105212972.752066,105.212973,0.105213,28787634,0.273614,13.008093,13.281707,0,10,1,1,16,-1,72000,72000,14393817,28787634,481,199,2.000000,6652,81
ELL Serial,O2,37600296.756546,37.600297,0.037600,28787634,0.765629,13.019740,13.785369,0,10,1,1,64,-1,72000,72000,14393817,28787634,481,199,2.000000,6652,81
ELL Serial,O2,17272093.044472,17.272093,0.017272,28787634,1.666714,12.921097,14.587811,0,10,1,1,128,-1,72000,72000,14393817,28787634,481,199,2.000000,6652,81
