Name,-O,FLOPS,MFLOPS,GFLOPS,FOP Count,Avg Run Time (s),Format Time (s),Total Time (s),Verification,Iters,Block Row,Block Col,K-Bound,Threads,Rows,Cols,NNZ,NNZ*2,Max Cols,Avg Cols,Col Ratio,Variance,Std Deviation
ELL THREADS,O2,1083328533.707167,1083.328534,1.083329,28787634,0.028817,32.376352,32.405169,0,5,1,1,16,48,72000,72000,14393817,28787634,481,199,2.000000,6652,81
ELL THREADS,O2,601079077.592706,601.079078,0.601079,28787634,0.050914,32.479402,32.530316,0,5,1,1,64,64,72000,72000,14393817,28787634,481,199,2.000000,6652,81
ELL THREADS,O2,395955505.299661,395.955505,0.395956,28787634,0.072762,32.288166,32.360928,0,5,1,1,128,64,72000,72000,14393817,28787634,481,199,2.000000,6652,81
