Name,-O,FLOPS,MFLOPS,GFLOPS,FOP Count,Avg Run Time (s),Format Time (s),Total Time (s),Verification,Iters,Block Row,Block Col,K-Bound,Threads,Rows,Cols,NNZ,NNZ*2,Max Cols,Avg Cols,Col Ratio,Variance,Std Deviation
BCSR OMP,O2,inf,inf,inf,230301072,0.000000,11.833496,11.833496,575999,10,4,4,8,32,72000,72000,14393817,28787634,481,199,2.000000,6652,81
BCSR OMP,O2,2508056789.958801,2508.056790,2.508057,460602144,0.184307,11.840074,12.024381,256,10,4,4,16,32,72000,72000,14393817,28787634,481,199,2.000000,6652,81
BCSR OMP,O2,6855832007.691589,6855.832008,6.855832,1842408576,0.269468,11.893458,12.162926,1024,10,4,4,64,32,72000,72000,14393817,28787634,481,199,2.000000,6652,81
BCSR OMP,O2,9742282699.479109,9742.282699,9.742283,3684817152,0.378509,11.877374,12.255883,2048,10,4,4,128,32,72000,72000,14393817,28787634,481,199,2.000000,6652,81
BCSR OMP,O2,inf,inf,inf,7369634304,0.000000,11.826468,11.826468,18431999,10,4,4,256,32,72000,72000,14393817,28787634,481,199,2.000000,6652,81
BCSR OMP,O2,inf,inf,inf,14739268608,0.000000,11.832092,11.832092,36863999,10,4,4,512,32,72000,72000,14393817,28787634,481,199,2.000000,6652,81
BCSR OMP,O2,inf,inf,inf,29593687752,0.000000,11.713839,11.713839,74015999,10,4,4,1028,32,72000,72000,14393817,28787634,481,199,2.000000,6652,81
