Name,-O,FLOPS,MFLOPS,GFLOPS,FOP Count,Avg Run Time (s),Format Time (s),Total Time (s),Verification,Iters,Block Row,Block Col,K-Bound,Threads,Rows,Cols,NNZ,NNZ*2,Max Cols,Avg Cols,Col Ratio,Variance,Std Deviation
BCSR OMP,O2,2119408501.848946,2119.408502,2.119409,230301072,0.148285,32.051004,32.199289,128,10,4,4,8,32,72000,72000,14393817,28787634,481,199,2.000000,6652,81
BCSR OMP,O2,2650591229.919290,2650.591230,2.650591,460602144,0.213789,32.213813,32.427602,256,10,4,4,16,32,72000,72000,14393817,28787634,481,199,2.000000,6652,81
BCSR OMP,O2,9074510247.325239,9074.510247,9.074510,1842408576,0.232806,32.084261,32.317067,1024,10,4,4,64,32,72000,72000,14393817,28787634,481,199,2.000000,6652,81
BCSR OMP,O2,7149933836.400824,7149.933836,7.149934,3684817152,0.549902,31.947297,32.497199,2048,10,4,4,128,32,72000,72000,14393817,28787634,481,199,2.000000,6652,81
BCSR OMP,O2,12751894764.677174,12751.894765,12.751895,7369634304,0.603691,32.039783,32.643474,4096,10,4,4,256,32,72000,72000,14393817,28787634,481,199,2.000000,6652,81
BCSR OMP,O2,14365849051.928104,14365.849052,14.365849,14739268608,1.086413,31.663179,32.749592,8192,10,4,4,512,32,72000,72000,14393817,28787634,481,199,2.000000,6652,81
BCSR OMP,O2,15924764154.760260,15924.764155,15.924764,29593687752,1.911075,32.002267,33.913342,16448,10,4,4,1028,32,72000,72000,14393817,28787634,481,199,2.000000,6652,81
