Name,-O,FLOPS,MFLOPS,GFLOPS,FOP Count,Avg Run Time (s),Format Time (s),Total Time (s),Verification,Iters,Block Row,Block Col,K-Bound,Threads,Rows,Cols,NNZ,NNZ*2,Max Cols,Avg Cols,Col Ratio,Variance,Std Deviation
BCSR OMP,O2,inf,inf,inf,230301072,0.000000,31.933016,31.933016,575999,10,4,4,8,32,72000,72000,14393817,28787634,481,199,2.000000,6652,81
BCSR OMP,O2,2433941888.486766,2433.941888,2.433942,460602144,0.228026,31.805040,32.033066,256,10,4,4,16,32,72000,72000,14393817,28787634,481,199,2.000000,6652,81
BCSR OMP,O2,6850595605.651265,6850.595606,6.850596,1842408576,0.344277,32.021194,32.365471,1024,10,4,4,64,32,72000,72000,14393817,28787634,481,199,2.000000,6652,81
BCSR OMP,O2,8853988311.924093,8853.988312,8.853988,3684817152,0.465757,32.214608,32.680365,2048,10,4,4,128,32,72000,72000,14393817,28787634,481,199,2.000000,6652,81
BCSR OMP,O2,inf,inf,inf,7369634304,0.000000,31.957649,31.957649,18431999,10,4,4,256,32,72000,72000,14393817,28787634,481,199,2.000000,6652,81
BCSR OMP,O2,inf,inf,inf,14739268608,0.000000,31.910012,31.910012,36863999,10,4,4,512,32,72000,72000,14393817,28787634,481,199,2.000000,6652,81
BCSR OMP,O2,inf,inf,inf,29593687752,0.000000,31.847336,31.847336,74015999,10,4,4,1028,32,72000,72000,14393817,28787634,481,199,2.000000,6652,81
