Name,-O,FLOPS,MFLOPS,GFLOPS,FOP Count,Avg Run Time (s),Format Time (s),Total Time (s),Verification,Iters,Block Row,Block Col,K-Bound,Threads,Rows,Cols,NNZ,NNZ*2,Max Cols,Avg Cols,Col Ratio,Variance,Std Deviation
CSR Serial,O2,215776565.609860,215.776566,0.215777,28787634,0.133718,29.628095,29.761814,0,10,1,1,16,-1,72000,72000,14393817,28787634,481,199,2.000000,6652,81
CSR Serial,O2,96064446.046444,96.064446,0.096064,28787634,0.299672,29.568884,29.868556,0,10,1,1,64,-1,72000,72000,14393817,28787634,481,199,2.000000,6652,81
CSR Serial,O2,59827229.472308,59.827229,0.059827,28787634,0.481183,29.397458,29.878642,0,10,1,1,128,-1,72000,72000,14393817,28787634,481,199,2.000000,6652,81
