Name,-O,FLOPS,MFLOPS,GFLOPS,FOP Count,Avg Run Time (s),Format Time (s),Total Time (s),Verification,Iters,Block Row,Block Col,K-Bound,Threads,Rows,Cols,NNZ,NNZ*2,Max Cols,Avg Cols,Col Ratio,Variance,Std Deviation
COO OMP Transpose,O2,10752893188.063831,10752.893188,10.752893,3684817152,0.363403,30.221698,30.585101,0,10,1,1,128,8,72000,72000,14393817,28787634,481,199,2.000000,6652,81
COO OMP Transpose,O2,18620612900.159054,18620.612900,18.620613,3684817152,0.219035,30.196537,30.415572,0,10,1,1,128,16,72000,72000,14393817,28787634,481,199,2.000000,6652,81
COO OMP Transpose,O2,32666544216.983391,32666.544217,32.666544,3684817152,0.124041,30.112472,30.236513,0,10,1,1,128,32,72000,72000,14393817,28787634,481,199,2.000000,6652,81
