Name,-O,FLOPS,MFLOPS,GFLOPS,FOP Count,Avg Run Time (s),Format Time (s),Total Time (s),Verification,Iters,Block Row,Block Col,K-Bound,Threads,Rows,Cols,NNZ,NNZ*2,Max Cols,Avg Cols,Col Ratio,Variance,Std Deviation
COO Serial,O2,2498274867.864594,2498.274868,2.498275,460602144,0.184372,29.912308,30.096680,0,10,1,1,16,-1,72000,72000,14393817,28787634,481,199,2.000000,6652,81
COO Serial,O2,6959919396.993144,6959.919397,6.959919,1842408576,0.264717,30.045385,30.310102,0,10,1,1,64,-1,72000,72000,14393817,28787634,481,199,2.000000,6652,81
COO Serial,O2,7984972535.758772,7984.972536,7.984973,3684817152,0.461470,30.021979,30.483449,0,10,1,1,128,-1,72000,72000,14393817,28787634,481,199,2.000000,6652,81
