Name,-O,FLOPS,MFLOPS,GFLOPS,FOP Count,Avg Run Time (s),Format Time (s),Total Time (s),Verification,Iters,Block Row,Block Col,K-Bound,Threads,Rows,Cols,NNZ,NNZ*2,Max Cols,Avg Cols,Col Ratio,Variance,Std Deviation
CSR Serial,O2,224385954.210905,224.385954,0.224386,28787634,0.128299,10.600203,10.728502,0,10,1,1,16,-1,72000,72000,14393817,28787634,481,199,2.000000,6652,81
CSR Serial,O2,78736523.737520,78.736524,0.078737,28787634,0.365630,10.436298,10.801928,0,10,1,1,64,-1,72000,72000,14393817,28787634,481,199,2.000000,6652,81
CSR Serial,O2,34708770.477718,34.708770,0.034709,28787634,0.829412,10.672917,11.502329,0,10,1,1,128,-1,72000,72000,14393817,28787634,481,199,2.000000,6652,81
