Name,-O,FLOPS,MFLOPS,GFLOPS,FOP Count,Avg Run Time (s),Format Time (s),Total Time (s),Verification,Iters,Block Row,Block Col,K-Bound,Threads,Rows,Cols,NNZ,NNZ*2,Max Cols,Avg Cols,Col Ratio,Variance,Std Deviation
COO THREADS,O2,1695332706.906590,1695.332707,1.695333,28787634,0.043949,30.019054,30.063002,0,5,1,1,16,32,72000,72000,14393817,28787634,481,199,2.000000,6652,81
COO THREADS,O2,947062006.906446,947.062007,0.947062,28787634,0.030513,29.387509,29.418022,0,5,1,1,64,64,72000,72000,14393817,28787634,481,199,2.000000,6652,81
COO THREADS,O2,509961527.778514,509.961528,0.509962,28787634,0.059611,29.547784,29.607395,0,5,1,1,128,48,72000,72000,14393817,28787634,481,199,2.000000,6652,81
