Name,-O,FLOPS,MFLOPS,GFLOPS,FOP Count,Avg Run Time (s),Format Time (s),Total Time (s),Verification,Iters,Block Row,Block Col,K-Bound,Threads,Rows,Cols,NNZ,NNZ*2,Max Cols,Avg Cols,Col Ratio,Variance,Std Deviation
ELL OMP,O2,237070132.453725,237.070132,0.237070,28787634,0.121660,12.667204,12.788864,0,10,1,1,16,8,72000,72000,14393817,28787634,481,199,2.000000,6652,81
ELL OMP,O2,138688735.165060,138.688735,0.138689,28787634,0.207759,12.986737,13.194496,0,10,1,1,64,8,72000,72000,14393817,28787634,481,199,2.000000,6652,81
ELL OMP,O2,86198943.740682,86.198944,0.086199,28787634,0.334829,12.862384,13.197213,0,10,1,1,128,8,72000,72000,14393817,28787634,481,199,2.000000,6652,81
ELL OMP,O2,326029397.632371,326.029398,0.326029,28787634,0.089165,12.837520,12.926685,0,10,1,1,16,16,72000,72000,14393817,28787634,481,199,2.000000,6652,81
ELL OMP,O2,193746230.812157,193.746231,0.193746,28787634,0.148886,12.903624,13.052510,0,10,1,1,64,16,72000,72000,14393817,28787634,481,199,2.000000,6652,81
ELL OMP,O2,133843147.242450,133.843147,0.133843,28787634,0.215248,12.832456,13.047703,0,10,1,1,128,16,72000,72000,14393817,28787634,481,199,2.000000,6652,81
ELL OMP,O2,397696213.753030,397.696214,0.397696,28787634,0.073205,12.796871,12.870076,0,10,1,1,16,32,72000,72000,14393817,28787634,481,199,2.000000,6652,81
ELL OMP,O2,256217564.282870,256.217564,0.256218,28787634,0.113297,12.798203,12.911500,0,10,1,1,64,32,72000,72000,14393817,28787634,481,199,2.000000,6652,81
ELL OMP,O2,182349636.844461,182.349637,0.182350,28787634,0.158716,12.796009,12.954725,0,10,1,1,128,32,72000,72000,14393817,28787634,481,199,2.000000,6652,81
