Name,-O,FLOPS,MFLOPS,GFLOPS,FOP Count,Avg Run Time (s),Format Time (s),Total Time (s),Verification,Iters,Block Row,Block Col,K-Bound,Threads,Rows,Cols,NNZ,NNZ*2,Max Cols,Avg Cols,Col Ratio,Variance,Std Deviation
ELL Serial Transpose,O2,1272825.937363,1.272826,0.001273,28787634,23.629914,32.197026,55.826940,0,10,1,1,16,-1,72000,72000,14393817,28787634,481,199,2.000000,6652,81
ELL Serial Transpose,O2,1479530.899164,1.479531,0.001480,28787634,19.745640,31.863605,51.609245,0,10,1,1,64,-1,72000,72000,14393817,28787634,481,199,2.000000,6652,81
ELL Serial Transpose,O2,1258262.324925,1.258262,0.001258,28787634,23.086257,32.148073,55.234329,0,10,1,1,128,-1,72000,72000,14393817,28787634,481,199,2.000000,6652,81
