Name,-O,FLOPS,MFLOPS,GFLOPS,FOP Count,Avg Run Time (s),Format Time (s),Total Time (s),Verification,Iters,Block Row,Block Col,K-Bound,Threads,Rows,Cols,NNZ,NNZ*2,Max Cols,Avg Cols,Col Ratio,Variance,Std Deviation
COO Serial Transpose,O2,988416.036773,0.988416,0.000988,28787634,29.125069,10.630059,39.755128,0,10,1,1,16,-1,72000,72000,14393817,28787634,481,199,2.000000,6652,81
COO Serial Transpose,O2,964420.166749,0.964420,0.000964,28787634,29.849695,10.726324,40.576018,0,10,1,1,64,-1,72000,72000,14393817,28787634,481,199,2.000000,6652,81
COO Serial Transpose,O2,942205.720998,0.942206,0.000942,28787634,30.553455,10.819342,41.372797,0,10,1,1,128,-1,72000,72000,14393817,28787634,481,199,2.000000,6652,81
