Name,-O,FLOPS,MFLOPS,GFLOPS,FOP Count,Avg Run Time (s),Format Time (s),Total Time (s),Verification,Iters,Block Row,Block Col,K-Bound,Threads,Rows,Cols,NNZ,NNZ*2,Max Cols,Avg Cols,Col Ratio,Variance,Std Deviation
COO OMP Transpose,O2,11973109915.305227,11973.109915,11.973110,3684817152,0.307833,10.091318,10.399151,0,10,1,1,128,8,72000,72000,14393817,28787634,481,199,2.000000,6652,81
COO OMP Transpose,O2,18473563710.408623,18473.563710,18.473564,3684817152,0.199567,10.498048,10.697615,0,10,1,1,128,16,72000,72000,14393817,28787634,481,199,2.000000,6652,81
COO OMP Transpose,O2,23134012610.902107,23134.012611,23.134013,3684817152,0.159420,10.516965,10.676385,0,10,1,1,128,32,72000,72000,14393817,28787634,481,199,2.000000,6652,81
