Name,-O,FLOPS,MFLOPS,GFLOPS,FOP Count,Avg Run Time (s),Format Time (s),Total Time (s),Verification,Iters,Block Row,Block Col,K-Bound,Threads,Rows,Cols,NNZ,NNZ*2,Max Cols,Avg Cols,Col Ratio,Variance,Std Deviation
CSR Serial Transpose,O2,981530.303989,0.981530,0.000982,28787634,29.329360,10.864899,40.194259,0,10,1,1,16,-1,72000,72000,14393817,28787634,481,199,2.000000,6652,81
CSR Serial Transpose,O2,955497.729390,0.955498,0.000955,28787634,30.129240,10.662845,40.792085,0,10,1,1,64,-1,72000,72000,14393817,28787634,481,199,2.000000,6652,81
CSR Serial Transpose,O2,930278.072838,0.930278,0.000930,28787634,30.945281,10.620789,41.566070,0,10,1,1,128,-1,72000,72000,14393817,28787634,481,199,2.000000,6652,81
