Name,-O,FLOPS,MFLOPS,GFLOPS,FOP Count,Avg Run Time (s),Format Time (s),Total Time (s),Verification,Iters,Block Row,Block Col,K-Bound,Threads,Rows,Cols,NNZ,NNZ*2,Max Cols,Avg Cols,Col Ratio,Variance,Std Deviation
ELL OMP,O2,inf,inf,inf,230301072,0.000000,33.122695,33.122695,575999,10,1,1,8,32,72000,72000,14393817,28787634,481,199,2.000000,6652,81
ELL OMP,O2,13575064769.293438,13575.064769,13.575065,460602144,0.038526,32.940988,32.979514,0,10,1,1,16,32,72000,72000,14393817,28787634,481,199,2.000000,6652,81
ELL OMP,O2,27645958150.922810,27645.958151,27.645958,1842408576,0.080272,32.608009,32.688281,0,10,1,1,64,32,72000,72000,14393817,28787634,481,199,2.000000,6652,81
ELL OMP,O2,38944440850.688309,38944.440851,38.944441,3684817152,0.104988,32.456944,32.561932,0,10,1,1,128,32,72000,72000,14393817,28787634,481,199,2.000000,6652,81
ELL OMP,O2,inf,inf,inf,7369634304,0.000000,32.855495,32.855495,18431999,10,1,1,256,32,72000,72000,14393817,28787634,481,199,2.000000,6652,81
ELL OMP,O2,inf,inf,inf,14739268608,0.000000,33.081031,33.081031,36863999,10,1,1,512,32,72000,72000,14393817,28787634,481,199,2.000000,6652,81
ELL OMP,O2,inf,inf,inf,29593687752,0.000000,32.952413,32.952413,74015999,10,1,1,1028,32,72000,72000,14393817,28787634,481,199,2.000000,6652,81
