Name,-O,FLOPS,MFLOPS,GFLOPS,FOP Count,Avg Run Time (s),Format Time (s),Total Time (s),Verification,Iters,Block Row,Block Col,K-Bound,Threads,Rows,Cols,NNZ,NNZ*2,Max Cols,Avg Cols,Col Ratio,Variance,Std Deviation
BCSR Serial,O2,191270270.104338,191.270270,0.191270,28787634,0.150515,31.249748,31.400263,256,10,2,2,16,-1,72000,72000,14393817,28787634,481,199,2.000000,6652,81
BCSR Serial,O2,189098319.703417,189.098320,0.189098,28787634,0.152237,30.699129,30.851366,256,10,4,4,16,-1,72000,72000,14393817,28787634,481,199,2.000000,6652,81
BCSR Serial,O2,103865273.175176,103.865273,0.103865,28787634,0.277165,31.098955,31.376120,256,10,16,16,16,-1,72000,72000,14393817,28787634,481,199,2.000000,6652,81
BCSR Serial,O2,73736338.832232,73.736339,0.073736,28787634,0.390417,30.956232,31.346649,1024,10,2,2,64,-1,72000,72000,14393817,28787634,481,199,2.000000,6652,81
BCSR Serial,O2,66423326.774349,66.423327,0.066423,28787634,0.433398,31.135943,31.569341,1024,10,4,4,64,-1,72000,72000,14393817,28787634,481,199,2.000000,6652,81
BCSR Serial,O2,34713457.828558,34.713458,0.034713,28787634,0.829294,31.178987,32.008281,1024,10,16,16,64,-1,72000,72000,14393817,28787634,481,199,2.000000,6652,81
BCSR Serial,O2,43306692.480041,43.306692,0.043307,28787634,0.664741,31.023329,31.688069,2048,10,2,2,128,-1,72000,72000,14393817,28787634,481,199,2.000000,6652,81
BCSR Serial,O2,31570226.854853,31.570227,0.031570,28787634,0.936443,30.519643,31.456086,2048,10,4,4,128,-1,72000,72000,14393817,28787634,481,199,2.000000,6652,81
BCSR Serial,O2,20953104.037122,20.953104,0.020953,28787634,1.373913,31.337825,32.711738,2048,10,16,16,128,-1,72000,72000,14393817,28787634,481,199,2.000000,6652,81
