Name,-O,FLOPS,MFLOPS,GFLOPS,FOP Count,Avg Run Time (s),Format Time (s),Total Time (s),Verification,Iters,Block Row,Block Col,K-Bound,Threads,Rows,Cols,NNZ,NNZ*2,Max Cols,Avg Cols,Col Ratio,Variance,Std Deviation
ELL OMP Transpose,O2,3730381.287690,3.730381,0.003730,28787634,7.717857,12.931377,20.649234,0,10,1,1,16,8,72000,72000,14393817,28787634,481,199,2.000000,6652,81
ELL OMP Transpose,O2,3626281.668916,3.626282,0.003626,28787634,7.941417,12.853751,20.795168,0,10,1,1,64,8,72000,72000,14393817,28787634,481,199,2.000000,6652,81
ELL OMP Transpose,O2,3534522.200566,3.534522,0.003535,28787634,8.152633,12.773569,20.926202,0,10,1,1,128,8,72000,72000,14393817,28787634,481,199,2.000000,6652,81
ELL OMP Transpose,O2,6957121.653282,6.957122,0.006957,28787634,4.139518,12.784184,16.923702,0,10,1,1,16,16,72000,72000,14393817,28787634,481,199,2.000000,6652,81
ELL OMP Transpose,O2,6721351.233168,6.721351,0.006721,28787634,4.284261,12.806350,17.090611,0,10,1,1,64,16,72000,72000,14393817,28787634,481,199,2.000000,6652,81
ELL OMP Transpose,O2,6631790.381266,6.631790,0.006632,28787634,4.341586,12.755549,17.097134,0,10,1,1,128,16,72000,72000,14393817,28787634,481,199,2.000000,6652,81
ELL OMP Transpose,O2,12415967.935840,12.415968,0.012416,28787634,2.318909,12.740914,15.059822,0,10,1,1,16,32,72000,72000,14393817,28787634,481,199,2.000000,6652,81
ELL OMP Transpose,O2,12538382.714417,12.538383,0.012538,28787634,2.296214,12.744500,15.040713,0,10,1,1,64,32,72000,72000,14393817,28787634,481,199,2.000000,6652,81
ELL OMP Transpose,O2,11939938.692096,11.939939,0.011940,28787634,2.411113,12.852729,15.263842,0,10,1,1,128,32,72000,72000,14393817,28787634,481,199,2.000000,6652,81
