Name,-O,FLOPS,MFLOPS,GFLOPS,FOP Count,Avg Run Time (s),Format Time (s),Total Time (s),Verification,Iters,Block Row,Block Col,K-Bound,Threads,Rows,Cols,NNZ,NNZ*2,Max Cols,Avg Cols,Col Ratio,Variance,Std Deviation
BCSR GPU,O2,542102498.053722,542.102498,0.542102,28787634,0.055005,11.878053,11.933058,256,10,2,2,16,-1,72000,72000,14393817,28787634,481,199,2.000000,6652,81
BCSR GPU,O2,532510175.898144,532.510176,0.532510,28787634,0.057513,12.025390,12.082903,256,10,4,4,16,-1,72000,72000,14393817,28787634,481,199,2.000000,6652,81
BCSR GPU,O2,380812585.404667,380.812585,0.380813,28787634,0.077559,12.308679,12.386238,256,10,16,16,16,-1,72000,72000,14393817,28787634,481,199,2.000000,6652,81
BCSR GPU,O2,355102830.640118,355.102831,0.355103,28787634,0.083171,12.042411,12.125582,1024,10,2,2,64,-1,72000,72000,14393817,28787634,481,199,2.000000,6652,81
BCSR GPU,O2,342722009.507231,342.722010,0.342722,28787634,0.086501,12.018559,12.105060,1024,10,4,4,64,-1,72000,72000,14393817,28787634,481,199,2.000000,6652,81
BCSR GPU,O2,289996438.530153,289.996439,0.289996,28787634,0.101214,12.302514,12.403728,1024,10,16,16,64,-1,72000,72000,14393817,28787634,481,199,2.000000,6652,81
BCSR GPU,O2,284930932.177015,284.930932,0.284931,28787634,0.103659,12.004186,12.107845,2048,10,2,2,128,-1,72000,72000,14393817,28787634,481,199,2.000000,6652,81
BCSR GPU,O2,262675958.725825,262.675959,0.262676,28787634,0.113300,11.974031,12.087331,2048,10,4,4,128,-1,72000,72000,14393817,28787634,481,199,2.000000,6652,81
BCSR GPU,O2,228303309.841357,228.303310,0.228303,28787634,0.129618,12.330721,12.460339,2048,10,16,16,128,-1,72000,72000,14393817,28787634,481,199,2.000000,6652,81
