Name,-O,FLOPS,MFLOPS,GFLOPS,FOP Count,Avg Run Time (s),Format Time (s),Total Time (s),Verification,Iters,Block Row,Block Col,K-Bound,Threads,Rows,Cols,NNZ,NNZ*2,Max Cols,Avg Cols,Col Ratio,Variance,Std Deviation
COO OMP,O2,1193432486.029441,1193.432486,1.193432,28787634,0.034059,29.893685,29.927744,0,10,1,1,16,8,72000,72000,14393817,28787634,481,199,2.000000,6652,81
COO OMP,O2,720917181.730022,720.917182,0.720917,28787634,0.055893,29.228459,29.284352,0,10,1,1,64,8,72000,72000,14393817,28787634,481,199,2.000000,6652,81
COO OMP,O2,326809746.849178,326.809747,0.326810,28787634,0.088408,29.311688,29.400096,0,10,1,1,128,8,72000,72000,14393817,28787634,481,199,2.000000,6652,81
COO OMP,O2,1220870282.954180,1220.870283,1.220870,28787634,0.039452,29.246790,29.286242,0,10,1,1,16,16,72000,72000,14393817,28787634,481,199,2.000000,6652,81
COO OMP,O2,869745978.803039,869.745979,0.869746,28787634,0.051787,28.997971,29.049758,0,10,1,1,64,16,72000,72000,14393817,28787634,481,199,2.000000,6652,81
COO OMP,O2,314130443.832957,314.130444,0.314130,28787634,0.091780,29.326430,29.418210,0,10,1,1,128,16,72000,72000,14393817,28787634,481,199,2.000000,6652,81
COO OMP,O2,1360649600.526685,1360.649601,1.360650,28787634,0.022512,29.356409,29.378922,0,10,1,1,16,32,72000,72000,14393817,28787634,481,199,2.000000,6652,81
COO OMP,O2,831560321.607680,831.560322,0.831560,28787634,0.053475,29.026288,29.079763,0,10,1,1,64,32,72000,72000,14393817,28787634,481,199,2.000000,6652,81
COO OMP,O2,337495293.288034,337.495293,0.337495,28787634,0.085630,29.265179,29.350809,0,10,1,1,128,32,72000,72000,14393817,28787634,481,199,2.000000,6652,81
