Name,-O,FLOPS,MFLOPS,GFLOPS,FOP Count,Avg Run Time (s),Format Time (s),Total Time (s),Verification,Iters,Block Row,Block Col,K-Bound,Threads,Rows,Cols,NNZ,NNZ*2,Max Cols,Avg Cols,Col Ratio,Variance,Std Deviation
BCSR Serial Transpose,O2,1365067.184396,1.365067,0.001365,28787634,21.599271,30.891035,52.490306,256,10,2,2,16,-1,72000,72000,14393817,28787634,481,199,2.000000,6652,81
BCSR Serial Transpose,O2,1675103.124653,1.675103,0.001675,28787634,17.339591,30.823913,48.163505,256,10,4,4,16,-1,72000,72000,14393817,28787634,481,199,2.000000,6652,81
BCSR Serial Transpose,O2,1286023.659579,1.286024,0.001286,28787634,23.424674,31.212089,54.636763,256,10,16,16,16,-1,72000,72000,14393817,28787634,481,199,2.000000,6652,81
BCSR Serial Transpose,O2,1300492.803670,1.300493,0.001300,28787634,23.058593,31.086028,54.144621,1024,10,2,2,64,-1,72000,72000,14393817,28787634,481,199,2.000000,6652,81
BCSR Serial Transpose,O2,1549702.985275,1.549703,0.001550,28787634,18.861700,30.788187,49.649887,1024,10,4,4,64,-1,72000,72000,14393817,28787634,481,199,2.000000,6652,81
BCSR Serial Transpose,O2,1341223.698956,1.341224,0.001341,28787634,22.023763,31.182355,53.206118,1024,10,16,16,64,-1,72000,72000,14393817,28787634,481,199,2.000000,6652,81
BCSR Serial Transpose,O2,1432134.599534,1.432135,0.001432,28787634,20.256038,30.848266,51.104304,2048,10,2,2,128,-1,72000,72000,14393817,28787634,481,199,2.000000,6652,81
BCSR Serial Transpose,O2,1232333.428319,1.232333,0.001232,28787634,24.153124,30.776116,54.929240,2048,10,4,4,128,-1,72000,72000,14393817,28787634,481,199,2.000000,6652,81
BCSR Serial Transpose,O2,1206522.473661,1.206522,0.001207,28787634,24.161297,31.213341,55.374638,2048,10,16,16,128,-1,72000,72000,14393817,28787634,481,199,2.000000,6652,81
