Name,-O,FLOPS,MFLOPS,GFLOPS,FOP Count,Avg Run Time (s),Format Time (s),Total Time (s),Verification,Iters,Block Row,Block Col,K-Bound,Threads,Rows,Cols,NNZ,NNZ*2,Max Cols,Avg Cols,Col Ratio,Variance,Std Deviation
CSR OMP,O2,5789033552.698689,5789.033553,5.789034,230301072,0.040490,10.531535,10.572025,0,10,1,1,8,32,72000,72000,14393817,28787634,481,199,2.000000,6652,81
CSR OMP,O2,8989479112.148676,8989.479112,8.989479,460602144,0.052740,10.632768,10.685508,0,10,1,1,16,32,72000,72000,14393817,28787634,481,199,2.000000,6652,81
CSR OMP,O2,22822183351.848351,22822.183352,22.822183,1842408576,0.081630,10.644955,10.726586,0,10,1,1,64,32,72000,72000,14393817,28787634,481,199,2.000000,6652,81
CSR OMP,O2,32607617801.108906,32607.617801,32.607618,3684817152,0.113821,10.644862,10.758683,0,10,1,1,128,32,72000,72000,14393817,28787634,481,199,2.000000,6652,81
CSR OMP,O2,47443974637.129410,47443.974637,47.443975,7369634304,0.155777,10.673912,10.829689,0,10,1,1,256,32,72000,72000,14393817,28787634,481,199,2.000000,6652,81
CSR OMP,O2,73531604238.949554,73531.604239,73.531604,14739268608,0.201526,10.612891,10.814417,0,10,1,1,512,32,72000,72000,14393817,28787634,481,199,2.000000,6652,81
CSR OMP,O2,101126240288.343018,101126.240288,101.126240,29593687752,0.293074,10.608493,10.901567,0,10,1,1,1028,32,72000,72000,14393817,28787634,481,199,2.000000,6652,81
