Name,-O,FLOPS,MFLOPS,GFLOPS,FOP Count,Avg Run Time (s),Format Time (s),Total Time (s),Verification,Iters,Block Row,Block Col,K-Bound,Threads,Rows,Cols,NNZ,NNZ*2,Max Cols,Avg Cols,Col Ratio,Variance,Std Deviation
BCSR Serial,O2,201787839.431678,201.787839,0.201788,28787634,0.142663,12.169326,12.311989,256,10,2,2,16,-1,72000,72000,14393817,28787634,481,199,2.000000,6652,81
BCSR Serial,O2,185631923.463004,185.631923,0.185632,28787634,0.155081,12.256524,12.411605,256,10,4,4,16,-1,72000,72000,14393817,28787634,481,199,2.000000,6652,81
BCSR Serial,O2,109973752.633754,109.973753,0.109974,28787634,0.261770,12.575816,12.837586,256,10,16,16,16,-1,72000,72000,14393817,28787634,481,199,2.000000,6652,81
BCSR Serial,O2,80087722.484098,80.087722,0.080088,28787634,0.359455,12.260142,12.619596,1024,10,2,2,64,-1,72000,72000,14393817,28787634,481,199,2.000000,6652,81
BCSR Serial,O2,69870547.580100,69.870548,0.069871,28787634,0.412015,12.280284,12.692299,1024,10,4,4,64,-1,72000,72000,14393817,28787634,481,199,2.000000,6652,81
BCSR Serial,O2,40028998.066312,40.028998,0.040029,28787634,0.719170,12.436074,13.155244,1024,10,16,16,64,-1,72000,72000,14393817,28787634,481,199,2.000000,6652,81
BCSR Serial,O2,44729096.257125,44.729096,0.044729,28787634,0.643650,12.031946,12.675596,2048,10,2,2,128,-1,72000,72000,14393817,28787634,481,199,2.000000,6652,81
BCSR Serial,O2,37730360.740110,37.730361,0.037730,28787634,0.762985,12.270253,13.033238,2048,10,4,4,128,-1,72000,72000,14393817,28787634,481,199,2.000000,6652,81
BCSR Serial,O2,21940895.392246,21.940895,0.021941,28787634,1.312054,12.417262,13.729316,2048,10,16,16,128,-1,72000,72000,14393817,28787634,481,199,2.000000,6652,81
