Name,-O,FLOPS,MFLOPS,GFLOPS,FOP Count,Avg Run Time (s),Format Time (s),Total Time (s),Verification,Iters,Block Row,Block Col,K-Bound,Threads,Rows,Cols,NNZ,NNZ*2,Max Cols,Avg Cols,Col Ratio,Variance,Std Deviation
ELL OMP Transpose,O2,4403767370.167247,4403.767370,4.403767,3684817152,0.852487,33.113005,33.965492,0,10,1,1,128,8,72000,72000,14393817,28787634,481,199,2.000000,6652,81
ELL OMP Transpose,O2,8275459143.068359,8275.459143,8.275459,3684817152,0.463616,32.951063,33.414678,0,10,1,1,128,16,72000,72000,14393817,28787634,481,199,2.000000,6652,81
ELL OMP Transpose,O2,14902727325.237484,14902.727325,14.902727,3684817152,0.260723,33.110485,33.371209,0,10,1,1,128,32,72000,72000,14393817,28787634,481,199,2.000000,6652,81
