Name,-O,FLOPS,MFLOPS,GFLOPS,FOP Count,Avg Run Time (s),Format Time (s),Total Time (s),Verification,Iters,Block Row,Block Col,K-Bound,Threads,Rows,Cols,NNZ,NNZ*2,Max Cols,Avg Cols,Col Ratio,Variance,Std Deviation
BCSR Serial Transpose,O2,1260271640.778379,1260.271641,1.260272,3684817152,2.924954,31.836788,34.761742,2048,10,2,2,128,-1,72000,72000,14393817,28787634,481,199,2.000000,6652,81
BCSR Serial Transpose,O2,1065401786.456905,1065.401786,1.065402,3684817152,3.460282,31.950345,35.410627,2048,10,4,4,128,-1,72000,72000,14393817,28787634,481,199,2.000000,6652,81
BCSR Serial Transpose,O2,626682634.959767,626.682635,0.626683,3684817152,5.880786,32.094510,37.975297,2048,10,16,16,128,-1,72000,72000,14393817,28787634,481,199,2.000000,6652,81
