Name,-O,FLOPS,MFLOPS,GFLOPS,FOP Count,Avg Run Time (s),Format Time (s),Total Time (s),Verification,Iters,Block Row,Block Col,K-Bound,Threads,Rows,Cols,NNZ,NNZ*2,Max Cols,Avg Cols,Col Ratio,Variance,Std Deviation
BCSR Serial,O2,2768941144.337946,2768.941144,2.768941,460602144,0.166366,31.327381,31.493747,256,10,4,4,16,-1,72000,72000,14393817,28787634,481,199,2.000000,6652,81
BCSR Serial,O2,6592393447.341166,6592.393447,6.592393,1842408576,0.279479,31.284436,31.563915,1024,10,4,4,64,-1,72000,72000,14393817,28787634,481,199,2.000000,6652,81
BCSR Serial,O2,6431951036.983595,6431.951037,6.431951,3684817152,0.572895,31.398131,31.971026,2048,10,4,4,128,-1,72000,72000,14393817,28787634,481,199,2.000000,6652,81
