Name,-O,FLOPS,MFLOPS,GFLOPS,FOP Count,Avg Run Time (s),Format Time (s),Total Time (s),Verification,Iters,Block Row,Block Col,K-Bound,Threads,Rows,Cols,NNZ,NNZ*2,Max Cols,Avg Cols,Col Ratio,Variance,Std Deviation
ELL OMP,O2,4368514940.039385,4368.514940,4.368515,230301072,0.053591,12.614999,12.668590,0,10,1,1,8,32,72000,72000,14393817,28787634,481,199,2.000000,6652,81
ELL OMP,O2,6654776496.345510,6654.776496,6.654776,460602144,0.070576,12.722034,12.792610,0,10,1,1,16,32,72000,72000,14393817,28787634,481,199,2.000000,6652,81
ELL OMP,O2,16262046742.374516,16262.046742,16.262047,1842408576,0.114415,12.901453,13.015868,0,10,1,1,64,32,72000,72000,14393817,28787634,481,199,2.000000,6652,81
ELL OMP,O2,23672652280.509956,23672.652281,23.672652,3684817152,0.156635,12.713224,12.869859,0,10,1,1,128,32,72000,72000,14393817,28787634,481,199,2.000000,6652,81
ELL OMP,O2,33143927751.584709,33143.927752,33.143928,7369634304,0.222533,12.698662,12.921195,0,10,1,1,256,32,72000,72000,14393817,28787634,481,199,2.000000,6652,81
ELL OMP,O2,36727017126.665916,36727.017127,36.727017,14739268608,0.403354,12.789734,13.193088,0,10,1,1,512,32,72000,72000,14393817,28787634,481,199,2.000000,6652,81
ELL OMP,O2,37695673926.497437,37695.673926,37.695674,29593687752,0.804222,12.819222,13.623444,0,10,1,1,1028,32,72000,72000,14393817,28787634,481,199,2.000000,6652,81
