Name,-O,FLOPS,MFLOPS,GFLOPS,FOP Count,Avg Run Time (s),Format Time (s),Total Time (s),Verification,Iters,Block Row,Block Col,K-Bound,Threads,Rows,Cols,NNZ,NNZ*2,Max Cols,Avg Cols,Col Ratio,Variance,Std Deviation
CSR Serial Transpose,O2,970703.674251,0.970704,0.000971,28787634,29.656467,10.682167,40.338634,0,10,1,1,16,-1,72000,72000,14393817,28787634,481,199,2.000000,6652,81
CSR Serial Transpose,O2,925207.718061,0.925208,0.000925,28787634,31.114780,10.666915,41.781695,0,10,1,1,64,-1,72000,72000,14393817,28787634,481,199,2.000000,6652,81
CSR Serial Transpose,O2,929533.451501,0.929533,0.000930,28787634,30.969984,10.716175,41.686159,0,10,1,1,128,-1,72000,72000,14393817,28787634,481,199,2.000000,6652,81
