Name,-O,FLOPS,MFLOPS,GFLOPS,FOP Count,Avg Run Time (s),Format Time (s),Total Time (s),Verification,Iters,Block Row,Block Col,K-Bound,Threads,Rows,Cols,NNZ,NNZ*2,Max Cols,Avg Cols,Col Ratio,Variance,Std Deviation
COO OMP,O2,1717408656.996830,1717.408657,1.717409,28787634,0.025489,29.000802,29.026291,0,10,1,1,16,8,72000,72000,14393817,28787634,481,199,2.000000,6652,81
COO OMP,O2,585164101.777973,585.164102,0.585164,28787634,0.051077,29.073371,29.124448,0,10,1,1,64,8,72000,72000,14393817,28787634,481,199,2.000000,6652,81
COO OMP,O2,348870974.843253,348.870975,0.348871,28787634,0.084256,29.004866,29.089122,0,10,1,1,128,8,72000,72000,14393817,28787634,481,199,2.000000,6652,81
COO OMP,O2,1380266887.784895,1380.266888,1.380267,28787634,0.025155,29.046328,29.071483,0,10,1,1,16,16,72000,72000,14393817,28787634,481,199,2.000000,6652,81
COO OMP,O2,594715019.142285,594.715019,0.594715,28787634,0.049765,28.816868,28.866633,0,10,1,1,64,16,72000,72000,14393817,28787634,481,199,2.000000,6652,81
COO OMP,O2,347740663.475270,347.740663,0.347741,28787634,0.083454,28.781030,28.864485,0,10,1,1,128,16,72000,72000,14393817,28787634,481,199,2.000000,6652,81
COO OMP,O2,1693897873.001717,1693.897873,1.693898,28787634,0.020186,29.189782,29.209968,0,10,1,1,16,32,72000,72000,14393817,28787634,481,199,2.000000,6652,81
COO OMP,O2,562343105.415688,562.343105,0.562343,28787634,0.053887,28.723316,28.777203,0,10,1,1,64,32,72000,72000,14393817,28787634,481,199,2.000000,6652,81
COO OMP,O2,360560987.508527,360.560988,0.360561,28787634,0.079958,29.038520,29.118478,0,10,1,1,128,32,72000,72000,14393817,28787634,481,199,2.000000,6652,81
