Name,-O,FLOPS,MFLOPS,GFLOPS,FOP Count,Avg Run Time (s),Format Time (s),Total Time (s),Verification,Iters,Block Row,Block Col,K-Bound,Threads,Rows,Cols,NNZ,NNZ*2,Max Cols,Avg Cols,Col Ratio,Variance,Std Deviation
COO Serial,O2,232603266.108365,232.603266,0.232603,28787634,0.123766,10.600463,10.724229,0,10,1,1,16,-1,72000,72000,14393817,28787634,481,199,2.000000,6652,81
COO Serial,O2,76238847.096738,76.238847,0.076239,28787634,0.377608,10.535603,10.913211,0,10,1,1,64,-1,72000,72000,14393817,28787634,481,199,2.000000,6652,81
COO Serial,O2,35451073.845115,35.451074,0.035451,28787634,0.812039,10.455070,11.267109,0,10,1,1,128,-1,72000,72000,14393817,28787634,481,199,2.000000,6652,81
