Name,-O,FLOPS,MFLOPS,GFLOPS,FOP Count,Avg Run Time (s),Format Time (s),Total Time (s),Verification,Iters,Block Row,Block Col,K-Bound,Threads,Rows,Cols,NNZ,NNZ*2,Max Cols,Avg Cols,Col Ratio,Variance,Std Deviation
BCSR GPU Transpose,O2,907369.671136,0.907370,0.000907,28787634,31.785862,12.000558,43.786420,256,10,2,2,16,-1,72000,72000,14393817,28787634,481,199,2.000000,6652,81
BCSR GPU Transpose,O2,878892.403877,0.878892,0.000879,28787634,32.809869,12.039339,44.849208,256,10,4,4,16,-1,72000,72000,14393817,28787634,481,199,2.000000,6652,81
BCSR GPU Transpose,O2,871114.932661,0.871115,0.000871,28787634,33.098100,12.331590,45.429690,256,10,16,16,16,-1,72000,72000,14393817,28787634,481,199,2.000000,6652,81
BCSR GPU Transpose,O2,901066.846502,0.901067,0.000901,28787634,31.979775,12.098120,44.077895,1024,10,2,2,64,-1,72000,72000,14393817,28787634,481,199,2.000000,6652,81
BCSR GPU Transpose,O2,890561.523582,0.890562,0.000891,28787634,32.540668,12.107964,44.648632,1024,10,4,4,64,-1,72000,72000,14393817,28787634,481,199,2.000000,6652,81
BCSR GPU Transpose,O2,855671.304576,0.855671,0.000856,28787634,33.697133,12.299326,45.996459,1024,10,16,16,64,-1,72000,72000,14393817,28787634,481,199,2.000000,6652,81
BCSR GPU Transpose,O2,878919.824692,0.878920,0.000879,28787634,32.792797,12.020651,44.813448,2048,10,2,2,128,-1,72000,72000,14393817,28787634,481,199,2.000000,6652,81
BCSR GPU Transpose,O2,880797.137670,0.880797,0.000881,28787634,32.766043,12.024471,44.790514,2048,10,4,4,128,-1,72000,72000,14393817,28787634,481,199,2.000000,6652,81
BCSR GPU Transpose,O2,833262.845478,0.833263,0.000833,28787634,34.594571,12.315463,46.910034,2048,10,16,16,128,-1,72000,72000,14393817,28787634,481,199,2.000000,6652,81
