Name,-O,FLOPS,MFLOPS,GFLOPS,FOP Count,Avg Run Time (s),Format Time (s),Total Time (s),Verification,Iters,Block Row,Block Col,K-Bound,Threads,Rows,Cols,NNZ,NNZ*2,Max Cols,Avg Cols,Col Ratio,Variance,Std Deviation
BCSR THREADS,O2,1767231837.286604,1767.231837,1.767232,28787634,0.018195,31.410498,31.428692,256,5,2,2,16,32,72000,72000,14393817,28787634,481,199,2.000000,6652,81
BCSR THREADS,O2,1572801642.815272,1572.801643,1.572802,28787634,0.018779,30.957479,30.976258,256,5,4,4,16,48,72000,72000,14393817,28787634,481,199,2.000000,6652,81
BCSR THREADS,O2,1335332075.178904,1335.332075,1.335332,28787634,0.022247,31.513138,31.535385,256,5,16,16,16,64,72000,72000,14393817,28787634,481,199,2.000000,6652,81
BCSR THREADS,O2,822179668.928067,822.179669,0.822180,28787634,0.037705,31.103113,31.140818,1024,5,2,2,64,48,72000,72000,14393817,28787634,481,199,2.000000,6652,81
BCSR THREADS,O2,861367326.826342,861.367327,0.861367,28787634,0.033741,31.028674,31.062415,1024,5,4,4,64,64,72000,72000,14393817,28787634,481,199,2.000000,6652,81
BCSR THREADS,O2,423015391.140204,423.015391,0.423015,28787634,0.068086,32.081516,32.149602,1024,5,16,16,64,48,72000,72000,14393817,28787634,481,199,2.000000,6652,81
BCSR THREADS,O2,508693500.884520,508.693501,0.508694,28787634,0.056714,30.760999,30.817713,2048,5,2,2,128,64,72000,72000,14393817,28787634,481,199,2.000000,6652,81
BCSR THREADS,O2,427758706.065188,427.758706,0.427759,28787634,0.068515,31.085107,31.153622,2048,5,4,4,128,48,72000,72000,14393817,28787634,481,199,2.000000,6652,81
BCSR THREADS,O2,332384820.594260,332.384821,0.332385,28787634,0.087214,31.514225,31.601439,2048,5,16,16,128,72,72000,72000,14393817,28787634,481,199,2.000000,6652,81
