Name,-O,FLOPS,MFLOPS,GFLOPS,FOP Count,Avg Run Time (s),Format Time (s),Total Time (s),Verification,Iters,Block Row,Block Col,K-Bound,Threads,Rows,Cols,NNZ,NNZ*2,Max Cols,Avg Cols,Col Ratio,Variance,Std Deviation
BCSR OMP Transpose,O2,7374335343.846016,7374.335344,7.374335,3684817152,0.507021,31.828647,32.335668,2048,10,2,2,128,8,72000,72000,14393817,28787634,481,199,2.000000,6652,81
BCSR OMP Transpose,O2,6713966685.382793,6713.966685,6.713967,3684817152,0.555953,31.828062,32.384015,2048,10,4,4,128,8,72000,72000,14393817,28787634,481,199,2.000000,6652,81
BCSR OMP Transpose,O2,3931247156.497009,3931.247156,3.931247,3684817152,0.938731,32.283656,33.222387,2048,10,16,16,128,8,72000,72000,14393817,28787634,481,199,2.000000,6652,81
BCSR OMP Transpose,O2,16107005009.499546,16107.005009,16.107005,3684817152,0.230924,32.033250,32.264175,2048,10,2,2,128,16,72000,72000,14393817,28787634,481,199,2.000000,6652,81
BCSR OMP Transpose,O2,13577709898.014318,13577.709898,13.577710,3684817152,0.274380,31.854885,32.129265,2048,10,4,4,128,16,72000,72000,14393817,28787634,481,199,2.000000,6652,81
BCSR OMP Transpose,O2,7498771078.591002,7498.771079,7.498771,3684817152,0.494048,32.477628,32.971676,2048,10,16,16,128,16,72000,72000,14393817,28787634,481,199,2.000000,6652,81
BCSR OMP Transpose,O2,21680971703.227936,21680.971703,21.680972,3684817152,0.175022,31.972093,32.147115,2048,10,2,2,128,32,72000,72000,14393817,28787634,481,199,2.000000,6652,81
BCSR OMP Transpose,O2,23472178534.985031,23472.178535,23.472179,3684817152,0.159688,31.764186,31.923874,2048,10,4,4,128,32,72000,72000,14393817,28787634,481,199,2.000000,6652,81
BCSR OMP Transpose,O2,13240626924.747950,13240.626925,13.240627,3684817152,0.280568,32.352413,32.632981,2048,10,16,16,128,32,72000,72000,14393817,28787634,481,199,2.000000,6652,81
