Name,-O,FLOPS,MFLOPS,GFLOPS,FOP Count,Avg Run Time (s),Format Time (s),Total Time (s),Verification,Iters,Block Row,Block Col,K-Bound,Threads,Rows,Cols,NNZ,NNZ*2,Max Cols,Avg Cols,Col Ratio,Variance,Std Deviation
COO OMP,O2,5039238082.303463,5039.238082,5.039238,460602144,0.091582,10.649660,10.741242,0,10,1,1,16,8,72000,72000,14393817,28787634,481,199,2.000000,6652,81
COO OMP,O2,13310288035.655579,13310.288036,13.310288,1842408576,0.138646,10.672231,10.810877,0,10,1,1,64,8,72000,72000,14393817,28787634,481,199,2.000000,6652,81
COO OMP,O2,18171222745.027023,18171.222745,18.171223,3684817152,0.202959,10.668856,10.871815,0,10,1,1,128,8,72000,72000,14393817,28787634,481,199,2.000000,6652,81
COO OMP,O2,6694779494.750114,6694.779495,6.694779,460602144,0.069326,10.642387,10.711713,0,10,1,1,16,16,72000,72000,14393817,28787634,481,199,2.000000,6652,81
COO OMP,O2,17839085616.761864,17839.085617,17.839086,1842408576,0.103611,10.678883,10.782494,0,10,1,1,64,16,72000,72000,14393817,28787634,481,199,2.000000,6652,81
COO OMP,O2,26651658301.402401,26651.658301,26.651658,3684817152,0.138452,10.806914,10.945366,0,10,1,1,128,16,72000,72000,14393817,28787634,481,199,2.000000,6652,81
COO OMP,O2,8179447380.280375,8179.447380,8.179447,460602144,0.057690,10.647051,10.704741,0,10,1,1,16,32,72000,72000,14393817,28787634,481,199,2.000000,6652,81
COO OMP,O2,23037959857.321007,23037.959857,23.037960,1842408576,0.081148,10.558878,10.640026,0,10,1,1,64,32,72000,72000,14393817,28787634,481,199,2.000000,6652,81
COO OMP,O2,34488896024.910782,34488.896025,34.488896,3684817152,0.107455,10.679976,10.787431,0,10,1,1,128,32,72000,72000,14393817,28787634,481,199,2.000000,6652,81
