Name,-O,FLOPS,MFLOPS,GFLOPS,FOP Count,Avg Run Time (s),Format Time (s),Total Time (s),Verification,Iters,Block Row,Block Col,K-Bound,Threads,Rows,Cols,NNZ,NNZ*2,Max Cols,Avg Cols,Col Ratio,Variance,Std Deviation
COO OMP Transpose,O2,18385695.006690,18.385695,0.018386,28787634,1.565989,10.453591,12.019579,0,10,1,1,16,8,72000,72000,14393817,28787634,481,199,2.000000,6652,81
COO OMP Transpose,O2,17612140.880862,17.612141,0.017612,28787634,1.635137,10.542507,12.177644,0,10,1,1,64,8,72000,72000,14393817,28787634,481,199,2.000000,6652,81
COO OMP Transpose,O2,17341645.387108,17.341645,0.017342,28787634,1.661396,10.586904,12.248300,0,10,1,1,128,8,72000,72000,14393817,28787634,481,199,2.000000,6652,81
COO OMP Transpose,O2,18621947.057859,18.621947,0.018622,28787634,1.546164,10.649952,12.196116,0,10,1,1,16,16,72000,72000,14393817,28787634,481,199,2.000000,6652,81
COO OMP Transpose,O2,17973589.035699,17.973589,0.017974,28787634,1.601955,10.507208,12.109163,0,10,1,1,64,16,72000,72000,14393817,28787634,481,199,2.000000,6652,81
COO OMP Transpose,O2,17599235.890873,17.599236,0.017599,28787634,1.636411,10.651383,12.287794,0,10,1,1,128,16,72000,72000,14393817,28787634,481,199,2.000000,6652,81
COO OMP Transpose,O2,18597889.207734,18.597889,0.018598,28787634,1.548345,10.616507,12.164852,0,10,1,1,16,32,72000,72000,14393817,28787634,481,199,2.000000,6652,81
COO OMP Transpose,O2,17947738.141528,17.947738,0.017948,28787634,1.604340,10.604585,12.208925,0,10,1,1,64,32,72000,72000,14393817,28787634,481,199,2.000000,6652,81
COO OMP Transpose,O2,17134879.695887,17.134880,0.017135,28787634,1.681278,10.568741,12.250019,0,10,1,1,128,32,72000,72000,14393817,28787634,481,199,2.000000,6652,81
