Name,-O,FLOPS,MFLOPS,GFLOPS,FOP Count,Avg Run Time (s),Format Time (s),Total Time (s),Verification,Iters,Block Row,Block Col,K-Bound,Threads,Rows,Cols,NNZ,NNZ*2,Max Cols,Avg Cols,Col Ratio,Variance,Std Deviation
CSR OMP,O2,18171458616.410339,18171.458616,18.171459,230301072,0.019782,30.423881,30.443663,0,10,1,1,8,32,72000,72000,14393817,28787634,481,199,2.000000,6652,81
CSR OMP,O2,23821438975.456226,23821.438975,23.821439,460602144,0.022227,30.097174,30.119401,0,10,1,1,16,32,72000,72000,14393817,28787634,481,199,2.000000,6652,81
CSR OMP,O2,55152841773.312828,55152.841773,55.152842,1842408576,0.035238,30.225499,30.260736,0,10,1,1,64,32,72000,72000,14393817,28787634,481,199,2.000000,6652,81
CSR OMP,O2,61408399980.516113,61408.399981,61.408400,3684817152,0.061121,30.076071,30.137192,0,10,1,1,128,32,72000,72000,14393817,28787634,481,199,2.000000,6652,81
CSR OMP,O2,97034230349.880371,97034.230350,97.034230,7369634304,0.080074,30.153572,30.233646,0,10,1,1,256,32,72000,72000,14393817,28787634,481,199,2.000000,6652,81
CSR OMP,O2,95928485133.411224,95928.485133,95.928485,14739268608,0.156392,30.193693,30.350085,0,10,1,1,512,32,72000,72000,14393817,28787634,481,199,2.000000,6652,81
CSR OMP,O2,128742265730.633209,128742.265731,128.742266,29593687752,0.241408,29.869017,30.110425,0,10,1,1,1028,32,72000,72000,14393817,28787634,481,199,2.000000,6652,81
