Name,-O,FLOPS,MFLOPS,GFLOPS,FOP Count,Avg Run Time (s),Format Time (s),Total Time (s),Verification,Iters,Block Row,Block Col,K-Bound,Threads,Rows,Cols,NNZ,NNZ*2,Max Cols,Avg Cols,Col Ratio,Variance,Std Deviation
ELL OMP Transpose,O2,6672541499.571185,6672.541500,6.672541,3684817152,0.552256,12.592109,13.144365,0,10,1,1,128,8,72000,72000,14393817,28787634,481,199,2.000000,6652,81
ELL OMP Transpose,O2,11854310358.405561,11854.310358,11.854310,3684817152,0.310869,12.818077,13.128946,0,10,1,1,128,16,72000,72000,14393817,28787634,481,199,2.000000,6652,81
ELL OMP Transpose,O2,16692758723.452103,16692.758723,16.692759,3684817152,0.220900,12.831360,13.052260,0,10,1,1,128,32,72000,72000,14393817,28787634,481,199,2.000000,6652,81
