Name,-O,FLOPS,MFLOPS,GFLOPS,FOP Count,Avg Run Time (s),Format Time (s),Total Time (s),Verification,Iters,Block Row,Block Col,K-Bound,Threads,Rows,Cols,NNZ,NNZ*2,Max Cols,Avg Cols,Col Ratio,Variance,Std Deviation
BCSR Serial Transpose,O2,2253403455.150031,2253.403455,2.253403,3684817152,1.635224,11.863663,13.498888,2048,10,2,2,128,-1,72000,72000,14393817,28787634,481,199,2.000000,6652,81
BCSR Serial Transpose,O2,2274246013.306126,2274.246013,2.274246,3684817152,1.620238,12.081438,13.701676,2048,10,4,4,128,-1,72000,72000,14393817,28787634,481,199,2.000000,6652,81
BCSR Serial Transpose,O2,1078054216.776567,1078.054217,1.078054,3684817152,3.418033,12.455812,15.873845,2048,10,16,16,128,-1,72000,72000,14393817,28787634,481,199,2.000000,6652,81
