Name,-O,FLOPS,MFLOPS,GFLOPS,FOP Count,Avg Run Time (s),Format Time (s),Total Time (s),Verification,Iters,Block Row,Block Col,K-Bound,Threads,Rows,Cols,NNZ,NNZ*2,Max Cols,Avg Cols,Col Ratio,Variance,Std Deviation
COO OMP,O2,inf,inf,inf,230301072,0.000000,30.122343,30.122343,575999,10,1,1,8,32,72000,72000,14393817,28787634,481,199,2.000000,6652,81
COO OMP,O2,23738131144.365791,23738.131144,23.738131,460602144,0.023529,30.273494,30.297023,0,10,1,1,16,32,72000,72000,14393817,28787634,481,199,2.000000,6652,81
COO OMP,O2,40366513895.353561,40366.513895,40.366514,1842408576,0.051252,30.179689,30.230941,0,10,1,1,64,32,72000,72000,14393817,28787634,481,199,2.000000,6652,81
COO OMP,O2,72790871070.731308,72790.871071,72.790871,3684817152,0.051339,30.204412,30.255751,0,10,1,1,128,32,72000,72000,14393817,28787634,481,199,2.000000,6652,81
COO OMP,O2,inf,inf,inf,7369634304,0.000000,30.179875,30.179875,18431999,10,1,1,256,32,72000,72000,14393817,28787634,481,199,2.000000,6652,81
COO OMP,O2,inf,inf,inf,14739268608,0.000000,30.169662,30.169662,36863999,10,1,1,512,32,72000,72000,14393817,28787634,481,199,2.000000,6652,81
COO OMP,O2,inf,inf,inf,29593687752,0.000000,30.152179,30.152179,74015999,10,1,1,1028,32,72000,72000,14393817,28787634,481,199,2.000000,6652,81
