Name,-O,FLOPS,MFLOPS,GFLOPS,FOP Count,Avg Run Time (s),Format Time (s),Total Time (s),Verification,Iters,Block Row,Block Col,K-Bound,Threads,Rows,Cols,NNZ,NNZ*2,Max Cols,Avg Cols,Col Ratio,Variance,Std Deviation
CSR OMP,O2,inf,inf,inf,230301072,0.000000,30.113731,30.113731,575999,10,1,1,8,32,72000,72000,14393817,28787634,481,199,2.000000,6652,81
CSR OMP,O2,25035571687.739830,25035.571688,25.035572,460602144,0.022062,30.101192,30.123254,0,10,1,1,16,32,72000,72000,14393817,28787634,481,199,2.000000,6652,81
CSR OMP,O2,48162986881.576546,48162.986882,48.162987,1842408576,0.040503,30.121201,30.161704,0,10,1,1,64,32,72000,72000,14393817,28787634,481,199,2.000000,6652,81
CSR OMP,O2,48795668561.753868,48795.668562,48.795669,3684817152,0.080428,29.712953,29.793381,0,10,1,1,128,32,72000,72000,14393817,28787634,481,199,2.000000,6652,81
CSR OMP,O2,inf,inf,inf,7369634304,0.000000,30.501759,30.501759,18431999,10,1,1,256,32,72000,72000,14393817,28787634,481,199,2.000000,6652,81
CSR OMP,O2,inf,inf,inf,14739268608,0.000000,30.370483,30.370483,36863999,10,1,1,512,32,72000,72000,14393817,28787634,481,199,2.000000,6652,81
CSR OMP,O2,inf,inf,inf,29593687752,0.000000,30.279857,30.279857,74015999,10,1,1,1028,32,72000,72000,14393817,28787634,481,199,2.000000,6652,81
