Name,-O,FLOPS,MFLOPS,GFLOPS,FOP Count,Avg Run Time (s),Format Time (s),Total Time (s),Verification,Iters,Block Row,Block Col,K-Bound,Threads,Rows,Cols,NNZ,NNZ*2,Max Cols,Avg Cols,Col Ratio,Variance,Std Deviation
COO THREADS,O2,641818616.822959,641.818617,0.641819,28787634,0.045884,10.350983,10.396867,0,5,1,1,16,72,72000,72000,14393817,28787634,481,199,2.000000,6652,81
COO THREADS,O2,463405285.542230,463.405286,0.463405,28787634,0.064213,10.392813,10.457026,0,5,1,1,64,72,72000,72000,14393817,28787634,481,199,2.000000,6652,81
COO THREADS,O2,353245242.428424,353.245242,0.353245,28787634,0.084548,10.306865,10.391413,0,5,1,1,128,72,72000,72000,14393817,28787634,481,199,2.000000,6652,81
