Name,-O,FLOPS,MFLOPS,GFLOPS,FOP Count,Avg Run Time (s),Format Time (s),Total Time (s),Verification,Iters,Block Row,Block Col,K-Bound,Threads,Rows,Cols,NNZ,NNZ*2,Max Cols,Avg Cols,Col Ratio,Variance,Std Deviation
BCSR OMP Transpose,O2,10019905918.864567,10019.905919,10.019906,3684817152,0.367846,11.636053,12.003899,2048,10,2,2,128,8,72000,72000,14393817,28787634,481,199,2.000000,6652,81
BCSR OMP Transpose,O2,9067504721.907089,9067.504722,9.067505,3684817152,0.406454,11.930949,12.337403,2048,10,4,4,128,8,72000,72000,14393817,28787634,481,199,2.000000,6652,81
BCSR OMP Transpose,O2,5607142551.152246,5607.142551,5.607143,3684817152,0.657245,12.131783,12.789028,2048,10,16,16,128,8,72000,72000,14393817,28787634,481,199,2.000000,6652,81
BCSR OMP Transpose,O2,16679436348.555206,16679.436349,16.679436,3684817152,0.221007,11.664085,11.885092,2048,10,2,2,128,16,72000,72000,14393817,28787634,481,199,2.000000,6652,81
BCSR OMP Transpose,O2,15081229883.686682,15081.229884,15.081230,3684817152,0.244497,11.939161,12.183658,2048,10,4,4,128,16,72000,72000,14393817,28787634,481,199,2.000000,6652,81
BCSR OMP Transpose,O2,9769357094.701162,9769.357095,9.769357,3684817152,0.377208,12.262395,12.639602,2048,10,16,16,128,16,72000,72000,14393817,28787634,481,199,2.000000,6652,81
BCSR OMP Transpose,O2,21904640739.302822,21904.640739,21.904641,3684817152,0.168338,11.685156,11.853494,2048,10,2,2,128,32,72000,72000,14393817,28787634,481,199,2.000000,6652,81
BCSR OMP Transpose,O2,20252857043.325912,20252.857043,20.252857,3684817152,0.182081,11.960896,12.142977,2048,10,4,4,128,32,72000,72000,14393817,28787634,481,199,2.000000,6652,81
BCSR OMP Transpose,O2,14832156723.699696,14832.156724,14.832157,3684817152,0.248480,11.931047,12.179527,2048,10,16,16,128,32,72000,72000,14393817,28787634,481,199,2.000000,6652,81
