Name,-O,FLOPS,MFLOPS,GFLOPS,FOP Count,Avg Run Time (s),Format Time (s),Total Time (s),Verification,Iters,Block Row,Block Col,K-Bound,Threads,Rows,Cols,NNZ,NNZ*2,Max Cols,Avg Cols,Col Ratio,Variance,Std Deviation
BCSR Serial Transpose,O2,953806.017467,0.953806,0.000954,28787634,30.181858,12.122754,42.304612,256,10,2,2,16,-1,72000,72000,14393817,28787634,481,199,2.000000,6652,81
BCSR Serial Transpose,O2,975373.946868,0.975374,0.000975,28787634,29.514470,12.043881,41.558351,256,10,4,4,16,-1,72000,72000,14393817,28787634,481,199,2.000000,6652,81
BCSR Serial Transpose,O2,973195.687857,0.973196,0.000973,28787634,29.580521,12.385841,41.966362,256,10,16,16,16,-1,72000,72000,14393817,28787634,481,199,2.000000,6652,81
BCSR Serial Transpose,O2,952367.610171,0.952368,0.000952,28787634,30.227450,12.089968,42.317418,1024,10,2,2,64,-1,72000,72000,14393817,28787634,481,199,2.000000,6652,81
BCSR Serial Transpose,O2,949197.140210,0.949197,0.000949,28787634,30.328409,12.082099,42.410508,1024,10,4,4,64,-1,72000,72000,14393817,28787634,481,199,2.000000,6652,81
BCSR Serial Transpose,O2,922564.876748,0.922565,0.000923,28787634,31.203915,12.314232,43.518147,1024,10,16,16,64,-1,72000,72000,14393817,28787634,481,199,2.000000,6652,81
BCSR Serial Transpose,O2,898015.015983,0.898015,0.000898,28787634,32.056964,12.046927,44.103891,2048,10,2,2,128,-1,72000,72000,14393817,28787634,481,199,2.000000,6652,81
BCSR Serial Transpose,O2,889719.400022,0.889719,0.000890,28787634,32.355859,12.050994,44.406853,2048,10,4,4,128,-1,72000,72000,14393817,28787634,481,199,2.000000,6652,81
BCSR Serial Transpose,O2,857802.385391,0.857802,0.000858,28787634,33.559764,12.432563,45.992327,2048,10,16,16,128,-1,72000,72000,14393817,28787634,481,199,2.000000,6652,81
