Name,-O,FLOPS,MFLOPS,GFLOPS,FOP Count,Avg Run Time (s),Format Time (s),Total Time (s),Verification,Iters,Block Row,Block Col,K-Bound,Threads,Rows,Cols,NNZ,NNZ*2,Max Cols,Avg Cols,Col Ratio,Variance,Std Deviation
CSR OMP,O2,1130446593.754978,1130.446594,1.130447,28787634,0.027029,29.168103,29.195132,0,10,1,1,16,8,72000,72000,14393817,28787634,481,199,2.000000,6652,81
CSR OMP,O2,456870257.399798,456.870257,0.456870,28787634,0.064332,29.225665,29.289996,0,10,1,1,64,8,72000,72000,14393817,28787634,481,199,2.000000,6652,81
CSR OMP,O2,317602042.704245,317.602043,0.317602,28787634,0.092664,29.152993,29.245657,0,10,1,1,128,8,72000,72000,14393817,28787634,481,199,2.000000,6652,81
CSR OMP,O2,1210993526.205715,1210.993526,1.210994,28787634,0.025274,29.334326,29.359600,0,10,1,1,16,16,72000,72000,14393817,28787634,481,199,2.000000,6652,81
CSR OMP,O2,584759761.138145,584.759761,0.584760,28787634,0.049646,29.399542,29.449187,0,10,1,1,64,16,72000,72000,14393817,28787634,481,199,2.000000,6652,81
CSR OMP,O2,382214928.505057,382.214929,0.382215,28787634,0.077063,29.231511,29.308574,0,10,1,1,128,16,72000,72000,14393817,28787634,481,199,2.000000,6652,81
CSR OMP,O2,1636931527.838349,1636.931528,1.636932,28787634,0.019007,29.661526,29.680532,0,10,1,1,16,32,72000,72000,14393817,28787634,481,199,2.000000,6652,81
CSR OMP,O2,570548625.185412,570.548625,0.570549,28787634,0.050941,29.205051,29.255992,0,10,1,1,64,32,72000,72000,14393817,28787634,481,199,2.000000,6652,81
CSR OMP,O2,360748695.098603,360.748695,0.360749,28787634,0.080212,29.285769,29.365981,0,10,1,1,128,32,72000,72000,14393817,28787634,481,199,2.000000,6652,81
