Name,-O,FLOPS,MFLOPS,GFLOPS,FOP Count,Avg Run Time (s),Format Time (s),Total Time (s),Verification,Iters,Block Row,Block Col,K-Bound,Threads,Rows,Cols,NNZ,NNZ*2,Max Cols,Avg Cols,Col Ratio,Variance,Std Deviation
BCSR Serial,O2,3094101822.310496,3094.101822,3.094102,460602144,0.148866,11.905315,12.054181,256,10,2,2,16,-1,72000,72000,14393817,28787634,481,199,2.000000,6652,81
BCSR Serial,O2,1944096400.292449,1944.096400,1.944096,460602144,0.236928,12.238084,12.475012,256,10,16,16,16,-1,72000,72000,14393817,28787634,481,199,2.000000,6652,81
BCSR Serial,O2,5382030747.202660,5382.030747,5.382031,1842408576,0.342331,11.878116,12.220447,1024,10,2,2,64,-1,72000,72000,14393817,28787634,481,199,2.000000,6652,81
BCSR Serial,O2,2565907272.234076,2565.907272,2.565907,1842408576,0.718037,12.138785,12.856822,1024,10,16,16,64,-1,72000,72000,14393817,28787634,481,199,2.000000,6652,81
BCSR Serial,O2,6171605699.237505,6171.605699,6.171606,3684817152,0.597102,11.853582,12.450684,2048,10,2,2,128,-1,72000,72000,14393817,28787634,481,199,2.000000,6652,81
BCSR Serial,O2,3164923548.835111,3164.923549,3.164924,3684817152,1.164268,12.109181,13.273449,2048,10,16,16,128,-1,72000,72000,14393817,28787634,481,199,2.000000,6652,81
