Name,-O,FLOPS,MFLOPS,GFLOPS,FOP Count,Avg Run Time (s),Format Time (s),Total Time (s),Verification,Iters,Block Row,Block Col,K-Bound,Threads,Rows,Cols,NNZ,NNZ*2,Max Cols,Avg Cols,Col Ratio,Variance,Std Deviation
ELL OMP,O2,595855147.832114,595.855148,0.595855,28787634,0.050237,31.769896,31.820133,0,10,1,1,16,8,72000,72000,14393817,28787634,481,199,2.000000,6652,81
ELL OMP,O2,248214731.387424,248.214731,0.248215,28787634,0.119173,31.875942,31.995115,0,10,1,1,64,8,72000,72000,14393817,28787634,481,199,2.000000,6652,81
ELL OMP,O2,143243489.090898,143.243489,0.143243,28787634,0.204026,32.013286,32.217311,0,10,1,1,128,8,72000,72000,14393817,28787634,481,199,2.000000,6652,81
ELL OMP,O2,651088207.914147,651.088208,0.651088,28787634,0.044541,31.881279,31.925820,0,10,1,1,16,16,72000,72000,14393817,28787634,481,199,2.000000,6652,81
ELL OMP,O2,275653496.119525,275.653496,0.275653,28787634,0.123064,32.389243,32.512307,0,10,1,1,64,16,72000,72000,14393817,28787634,481,199,2.000000,6652,81
ELL OMP,O2,223982237.384279,223.982237,0.223982,28787634,0.129732,31.919044,32.048776,0,10,1,1,128,16,72000,72000,14393817,28787634,481,199,2.000000,6652,81
ELL OMP,O2,914383507.665397,914.383508,0.914384,28787634,0.034332,31.850635,31.884967,0,10,1,1,16,32,72000,72000,14393817,28787634,481,199,2.000000,6652,81
ELL OMP,O2,514749501.753528,514.749502,0.514750,28787634,0.056891,32.577907,32.634798,0,10,1,1,64,32,72000,72000,14393817,28787634,481,199,2.000000,6652,81
ELL OMP,O2,276491592.294508,276.491592,0.276492,28787634,0.115670,32.296613,32.412283,0,10,1,1,128,32,72000,72000,14393817,28787634,481,199,2.000000,6652,81
