Name,-O,FLOPS,MFLOPS,GFLOPS,FOP Count,Avg Run Time (s),Format Time (s),Total Time (s),Verification,Iters,Block Row,Block Col,K-Bound,Threads,Rows,Cols,NNZ,NNZ*2,Max Cols,Avg Cols,Col Ratio,Variance,Std Deviation
BCSR OMP,O2,1427314682.475199,1427.314682,1.427315,230301072,0.162028,11.736044,11.898072,128,10,4,4,8,32,72000,72000,14393817,28787634,481,199,2.000000,6652,81
BCSR OMP,O2,2526705855.665209,2526.705856,2.526706,460602144,0.182856,11.910057,12.092913,256,10,4,4,16,32,72000,72000,14393817,28787634,481,199,2.000000,6652,81
BCSR OMP,O2,6593204841.396147,6593.204841,6.593205,1842408576,0.279758,11.874317,12.154075,1024,10,4,4,64,32,72000,72000,14393817,28787634,481,199,2.000000,6652,81
BCSR OMP,O2,9804628415.705761,9804.628416,9.804628,3684817152,0.376067,11.920821,12.296888,2048,10,4,4,128,32,72000,72000,14393817,28787634,481,199,2.000000,6652,81
BCSR OMP,O2,11539920882.841587,11539.920883,11.539921,7369634304,0.638672,11.932275,12.570947,4096,10,4,4,256,32,72000,72000,14393817,28787634,481,199,2.000000,6652,81
BCSR OMP,O2,12301622854.898809,12301.622855,12.301623,14739268608,1.198795,11.908582,13.107377,8192,10,4,4,512,32,72000,72000,14393817,28787634,481,199,2.000000,6652,81
BCSR OMP,O2,16419073874.341227,16419.073874,16.419074,29593687752,1.802445,11.939044,13.741489,16448,10,4,4,1028,32,72000,72000,14393817,28787634,481,199,2.000000,6652,81
