Name,-O,FLOPS,MFLOPS,GFLOPS,FOP Count,Avg Run Time (s),Format Time (s),Total Time (s),Verification,Iters,Block Row,Block Col,K-Bound,Threads,Rows,Cols,NNZ,NNZ*2,Max Cols,Avg Cols,Col Ratio,Variance,Std Deviation
COO OMP,O2,344428450.442001,344.428450,0.344428,28787634,0.083770,10.403229,10.486999,0,10,1,1,16,8,72000,72000,14393817,28787634,481,199,2.000000,6652,81
COO OMP,O2,206111123.837228,206.111124,0.206111,28787634,0.140234,10.375404,10.515637,0,10,1,1,64,8,72000,72000,14393817,28787634,481,199,2.000000,6652,81
COO OMP,O2,139274597.512222,139.274598,0.139275,28787634,0.207280,10.400433,10.607713,0,10,1,1,128,8,72000,72000,14393817,28787634,481,199,2.000000,6652,81
COO OMP,O2,459255128.587483,459.255129,0.459255,28787634,0.063197,10.366458,10.429655,0,10,1,1,16,16,72000,72000,14393817,28787634,481,199,2.000000,6652,81
COO OMP,O2,281961205.334955,281.961205,0.281961,28787634,0.102581,10.348308,10.450889,0,10,1,1,64,16,72000,72000,14393817,28787634,481,199,2.000000,6652,81
COO OMP,O2,203685440.750305,203.685441,0.203685,28787634,0.141632,10.362469,10.504101,0,10,1,1,128,16,72000,72000,14393817,28787634,481,199,2.000000,6652,81
COO OMP,O2,599450271.143627,599.450271,0.599450,28787634,0.049098,10.397866,10.446964,0,10,1,1,16,32,72000,72000,14393817,28787634,481,199,2.000000,6652,81
COO OMP,O2,370487413.317562,370.487413,0.370487,28787634,0.078635,10.365290,10.443925,0,10,1,1,64,32,72000,72000,14393817,28787634,481,199,2.000000,6652,81
COO OMP,O2,273955392.174278,273.955392,0.273955,28787634,0.105947,10.394521,10.500468,0,10,1,1,128,32,72000,72000,14393817,28787634,481,199,2.000000,6652,81
