Name,-O,FLOPS,MFLOPS,GFLOPS,FOP Count,Avg Run Time (s),Format Time (s),Total Time (s),Verification,Iters,Block Row,Block Col,K-Bound,Threads,Rows,Cols,NNZ,NNZ*2,Max Cols,Avg Cols,Col Ratio,Variance,Std Deviation
ELL OMP,O2,240301195.811784,240.301196,0.240301,28787634,0.119939,12.363470,12.483409,0,10,1,1,16,8,72000,72000,14393817,28787634,481,199,2.000000,6652,81
ELL OMP,O2,143583659.199367,143.583659,0.143584,28787634,0.200832,12.678064,12.878896,0,10,1,1,64,8,72000,72000,14393817,28787634,481,199,2.000000,6652,81
ELL OMP,O2,88476888.884193,88.476889,0.088477,28787634,0.325722,12.738267,13.063989,0,10,1,1,128,8,72000,72000,14393817,28787634,481,199,2.000000,6652,81
ELL OMP,O2,311296278.314910,311.296278,0.311296,28787634,0.093405,12.755714,12.849119,0,10,1,1,16,16,72000,72000,14393817,28787634,481,199,2.000000,6652,81
ELL OMP,O2,194400089.160706,194.400089,0.194400,28787634,0.148337,12.790560,12.938897,0,10,1,1,64,16,72000,72000,14393817,28787634,481,199,2.000000,6652,81
ELL OMP,O2,133360473.495129,133.360473,0.133360,28787634,0.216110,12.787277,13.003387,0,10,1,1,128,16,72000,72000,14393817,28787634,481,199,2.000000,6652,81
ELL OMP,O2,385961297.287958,385.961297,0.385961,28787634,0.075711,12.736508,12.812219,0,10,1,1,16,32,72000,72000,14393817,28787634,481,199,2.000000,6652,81
ELL OMP,O2,256349603.741849,256.349604,0.256350,28787634,0.113247,12.799840,12.913087,0,10,1,1,64,32,72000,72000,14393817,28787634,481,199,2.000000,6652,81
ELL OMP,O2,185641611.932801,185.641612,0.185642,28787634,0.155792,12.786728,12.942520,0,10,1,1,128,32,72000,72000,14393817,28787634,481,199,2.000000,6652,81
