Name,-O,FLOPS,MFLOPS,GFLOPS,FOP Count,Avg Run Time (s),Format Time (s),Total Time (s),Verification,Iters,Block Row,Block Col,K-Bound,Threads,Rows,Cols,NNZ,NNZ*2,Max Cols,Avg Cols,Col Ratio,Variance,Std Deviation
COO OMP,O2,565375548.219470,565.375548,0.565376,28787634,0.055218,10.643692,10.698910,0,10,1,1,16,8,72000,72000,14393817,28787634,481,199,2.000000,6652,81
COO OMP,O2,414845474.411255,414.845474,0.414845,28787634,0.072895,10.392018,10.464913,0,10,1,1,64,8,72000,72000,14393817,28787634,481,199,2.000000,6652,81
COO OMP,O2,326791264.582816,326.791265,0.326791,28787634,0.090343,10.400901,10.491244,0,10,1,1,128,8,72000,72000,14393817,28787634,481,199,2.000000,6652,81
COO OMP,O2,616545863.774859,616.545864,0.616546,28787634,0.050120,10.436737,10.486856,0,10,1,1,16,16,72000,72000,14393817,28787634,481,199,2.000000,6652,81
COO OMP,O2,414563777.671177,414.563778,0.414564,28787634,0.072345,10.494240,10.566585,0,10,1,1,64,16,72000,72000,14393817,28787634,481,199,2.000000,6652,81
COO OMP,O2,318110728.665333,318.110729,0.318111,28787634,0.092777,10.359549,10.452326,0,10,1,1,128,16,72000,72000,14393817,28787634,481,199,2.000000,6652,81
COO OMP,O2,604694848.701307,604.694849,0.604695,28787634,0.050207,10.493327,10.543534,0,10,1,1,16,32,72000,72000,14393817,28787634,481,199,2.000000,6652,81
COO OMP,O2,400489857.524442,400.489858,0.400490,28787634,0.074826,10.478459,10.553285,0,10,1,1,64,32,72000,72000,14393817,28787634,481,199,2.000000,6652,81
COO OMP,O2,319581148.117583,319.581148,0.319581,28787634,0.093843,10.426388,10.520231,0,10,1,1,128,32,72000,72000,14393817,28787634,481,199,2.000000,6652,81
