Name,-O,FLOPS,MFLOPS,GFLOPS,FOP Count,Avg Run Time (s),Format Time (s),Total Time (s),Verification,Iters,Block Row,Block Col,K-Bound,Threads,Rows,Cols,NNZ,NNZ*2,Max Cols,Avg Cols,Col Ratio,Variance,Std Deviation
ELL OMP,O2,6365813026.026035,6365.813026,6.365813,230301072,0.054695,32.903952,32.958647,0,10,1,1,8,32,72000,72000,14393817,28787634,481,199,2.000000,6652,81
ELL OMP,O2,15911059958.204395,15911.059958,15.911060,460602144,0.032028,32.887400,32.919428,0,10,1,1,16,32,72000,72000,14393817,28787634,481,199,2.000000,6652,81
ELL OMP,O2,37762067765.844749,37762.067766,37.762068,1842408576,0.051474,32.977107,33.028581,0,10,1,1,64,32,72000,72000,14393817,28787634,481,199,2.000000,6652,81
ELL OMP,O2,47726730871.619301,47726.730872,47.726731,3684817152,0.081611,32.815739,32.897350,0,10,1,1,128,32,72000,72000,14393817,28787634,481,199,2.000000,6652,81
ELL OMP,O2,66968504061.519753,66968.504062,66.968504,7369634304,0.115142,32.996534,33.111675,0,10,1,1,256,32,72000,72000,14393817,28787634,481,199,2.000000,6652,81
ELL OMP,O2,81533991122.178802,81533.991122,81.533991,14739268608,0.188464,32.948960,33.137424,0,10,1,1,512,32,72000,72000,14393817,28787634,481,199,2.000000,6652,81
ELL OMP,O2,90467573949.159698,90467.573949,90.467574,29593687752,0.341510,32.846408,33.187918,0,10,1,1,1028,32,72000,72000,14393817,28787634,481,199,2.000000,6652,81
