Name,-O,FLOPS,MFLOPS,GFLOPS,FOP Count,Avg Run Time (s),Format Time (s),Total Time (s),Verification,Iters,Block Row,Block Col,K-Bound,Threads,Rows,Cols,NNZ,NNZ*2,Max Cols,Avg Cols,Col Ratio,Variance,Std Deviation
COO OMP,O2,5047640362.251823,5047.640362,5.047640,230301072,0.046955,10.330030,10.376985,0,10,1,1,8,32,72000,72000,14393817,28787634,481,199,2.000000,6652,81
COO OMP,O2,8628874450.344456,8628.874450,8.628874,460602144,0.054840,10.595802,10.650642,0,10,1,1,16,32,72000,72000,14393817,28787634,481,199,2.000000,6652,81
COO OMP,O2,22857950904.254917,22857.950904,22.857951,1842408576,0.081763,10.565002,10.646765,0,10,1,1,64,32,72000,72000,14393817,28787634,481,199,2.000000,6652,81
COO OMP,O2,35396786499.057487,35396.786499,35.396786,3684817152,0.104898,10.562415,10.667313,0,10,1,1,128,32,72000,72000,14393817,28787634,481,199,2.000000,6652,81
COO OMP,O2,52126257118.190460,52126.257118,52.126257,7369634304,0.141875,10.538959,10.680834,0,10,1,1,256,32,72000,72000,14393817,28787634,481,199,2.000000,6652,81
COO OMP,O2,77743606231.735413,77743.606232,77.743606,14739268608,0.190197,10.553148,10.743345,0,10,1,1,512,32,72000,72000,14393817,28787634,481,199,2.000000,6652,81
COO OMP,O2,109987967274.421173,109987.967274,109.987967,29593687752,0.269383,10.504048,10.773431,0,10,1,1,1028,32,72000,72000,14393817,28787634,481,199,2.000000,6652,81
