Name,-O,FLOPS,MFLOPS,GFLOPS,FOP Count,Avg Run Time (s),Format Time (s),Total Time (s),Verification,Iters,Block Row,Block Col,K-Bound,Threads,Rows,Cols,NNZ,NNZ*2,Max Cols,Avg Cols,Col Ratio,Variance,Std Deviation
CSR OMP Transpose,O2,11071356063.830687,11071.356064,11.071356,3684817152,0.332901,10.366240,10.699141,0,10,1,1,128,8,72000,72000,14393817,28787634,481,199,2.000000,6652,81
CSR OMP Transpose,O2,16071324896.673767,16071.324897,16.071325,3684817152,0.229335,10.508660,10.737995,0,10,1,1,128,16,72000,72000,14393817,28787634,481,199,2.000000,6652,81
CSR OMP Transpose,O2,22166848288.313976,22166.848288,22.166848,3684817152,0.166273,10.505862,10.672135,0,10,1,1,128,32,72000,72000,14393817,28787634,481,199,2.000000,6652,81
