Name,-O,FLOPS,MFLOPS,GFLOPS,FOP Count,Avg Run Time (s),Format Time (s),Total Time (s),Verification,Iters,Block Row,Block Col,K-Bound,Threads,Rows,Cols,NNZ,NNZ*2,Max Cols,Avg Cols,Col Ratio,Variance,Std Deviation
CSR OMP Transpose,O2,8357639811.420988,8357.639811,8.357640,3684817152,0.447807,30.113829,30.561636,0,10,1,1,128,8,72000,72000,14393817,28787634,481,199,2.000000,6652,81
CSR OMP Transpose,O2,16773455330.743160,16773.455331,16.773455,3684817152,0.224267,29.963072,30.187339,0,10,1,1,128,16,72000,72000,14393817,28787634,481,199,2.000000,6652,81
CSR OMP Transpose,O2,23563951219.695530,23563.951220,23.563951,3684817152,0.162543,30.019981,30.182524,0,10,1,1,128,32,72000,72000,14393817,28787634,481,199,2.000000,6652,81
