Name,-O,FLOPS,MFLOPS,GFLOPS,FOP Count,Avg Run Time (s),Format Time (s),Total Time (s),Verification,Iters,Block Row,Block Col,K-Bound,Threads,Rows,Cols,NNZ,NNZ*2,Max Cols,Avg Cols,Col Ratio,Variance,Std Deviation
COO OMP,O2,inf,inf,inf,230301072,0.000000,10.284644,10.284644,575999,10,1,1,8,32,72000,72000,14393817,28787634,481,199,2.000000,6652,81
COO OMP,O2,8433055518.392209,8433.055518,8.433056,460602144,0.055945,10.416198,10.472143,0,10,1,1,16,32,72000,72000,14393817,28787634,481,199,2.000000,6652,81
COO OMP,O2,23082449130.491955,23082.449130,23.082449,1842408576,0.080954,10.444967,10.525921,0,10,1,1,64,32,72000,72000,14393817,28787634,481,199,2.000000,6652,81
COO OMP,O2,34651064946.167839,34651.064946,34.651065,3684817152,0.107023,10.599209,10.706232,0,10,1,1,128,32,72000,72000,14393817,28787634,481,199,2.000000,6652,81
COO OMP,O2,inf,inf,inf,7369634304,0.000000,10.408343,10.408343,18431999,10,1,1,256,32,72000,72000,14393817,28787634,481,199,2.000000,6652,81
COO OMP,O2,inf,inf,inf,14739268608,0.000000,10.629940,10.629940,36863999,10,1,1,512,32,72000,72000,14393817,28787634,481,199,2.000000,6652,81
COO OMP,O2,inf,inf,inf,29593687752,0.000000,10.572939,10.572939,74015999,10,1,1,1028,32,72000,72000,14393817,28787634,481,199,2.000000,6652,81
