Name,-O,FLOPS,MFLOPS,GFLOPS,FOP Count,Avg Run Time (s),Format Time (s),Total Time (s),Verification,Iters,Block Row,Block Col,K-Bound,Threads,Rows,Cols,NNZ,NNZ*2,Max Cols,Avg Cols,Col Ratio,Variance,Std Deviation
CSR Serial,O2,206583721.884801,206.583722,0.206584,4381182,0.021216,6.913152,6.934368,0,10,1,1,16,-1,36417,36417,2190591,4381182,184,60,3.000000,753,27
CSR Serial,O2,103450001.066233,103.450001,0.103450,4381182,0.042372,6.884131,6.926503,0,10,1,1,64,-1,36417,36417,2190591,4381182,184,60,3.000000,753,27
CSR Serial,O2,70124040.238675,70.124040,0.070124,4381182,0.062507,6.892174,6.954681,0,10,1,1,128,-1,36417,36417,2190591,4381182,184,60,3.000000,753,27
