Name,Avg Run Time (s),Format Time (s),Total Time (s),GFLOPS,Verification,Iters,Block Row,Block Col,K-Bound,Threads,FOP Count,Rows,Cols,NNZ,Max Cols,Avg Cols,Variance,Std Deviation
csr_transpose_omp_O2,3.802881,15.396861,19.199742,42.848560,0,10,1,1,16,8,159549504894,36417,36417,2190591,184,60,753,27
csr_transpose_omp_collapse_O2,86.593365,14.791019,101.384385,1.842641,0,10,1,1,16,8,159549504894,36417,36417,2190591,184,60,753,27
csr_transpose_omp_omp_O2,4.101590,15.163564,19.265154,40.289062,0,10,1,1,16,8,159549504894,36417,36417,2190591,184,60,753,27
csr_transpose_omp_O2,2.795568,14.814215,17.609783,58.043610,0,10,1,1,16,16,159549504894,36417,36417,2190591,184,60,753,27
csr_transpose_omp_collapse_O2,44.626614,15.665618,60.292232,3.575946,0,10,1,1,16,16,159549504894,36417,36417,2190591,184,60,753,27
csr_transpose_omp_omp_O2,2.883847,14.750344,17.634191,55.899398,0,10,1,1,16,16,159549504894,36417,36417,2190591,184,60,753,27
csr_transpose_omp_O2,2.308157,15.721007,18.029164,70.049816,0,10,1,1,16,32,159549504894,36417,36417,2190591,184,60,753,27
csr_transpose_omp_collapse_O2,24.447474,15.725624,40.173098,6.528075,0,10,1,1,16,32,159549504894,36417,36417,2190591,184,60,753,27
csr_transpose_omp_omp_O2,2.255332,14.707210,16.962542,72.032810,0,10,1,1,16,32,159549504894,36417,36417,2190591,184,60,753,27
