Name,-O,FLOPS,MFLOPS,GFLOPS,FOP Count,Avg Run Time (s),Format Time (s),Total Time (s),Verification,Iters,Block Row,Block Col,K-Bound,Threads,Rows,Cols,NNZ,NNZ*2,Max Cols,Avg Cols,Col Ratio,Variance,Std Deviation
CSR OMP,O2,3346879484.747781,3346.879485,3.346879,70098912,0.026661,6.992448,7.019108,0,10,1,1,16,8,36417,36417,2190591,4381182,184,60,3.000000,753,27
CSR OMP,O2,15423152137.037903,15423.152137,15.423152,280395648,0.031593,7.015651,7.047244,0,10,1,1,64,8,36417,36417,2190591,4381182,184,60,3.000000,753,27
CSR OMP,O2,24624822982.770420,24624.822983,24.624823,560791296,0.036182,6.997366,7.033548,0,10,1,1,128,8,36417,36417,2190591,4381182,184,60,3.000000,753,27
CSR OMP,O2,6308315182.434944,6308.315182,6.308315,70098912,0.022402,7.025628,7.048030,0,10,1,1,16,16,36417,36417,2190591,4381182,184,60,3.000000,753,27
CSR OMP,O2,16603961949.854382,16603.961950,16.603962,280395648,0.020413,7.002506,7.022919,0,10,1,1,64,16,36417,36417,2190591,4381182,184,60,3.000000,753,27
CSR OMP,O2,31465904540.137653,31465.904540,31.465905,560791296,0.033145,6.997234,7.030380,0,10,1,1,128,16,36417,36417,2190591,4381182,184,60,3.000000,753,27
CSR OMP,O2,7227162332.240135,7227.162332,7.227162,70098912,0.021890,7.014445,7.036335,0,10,1,1,16,32,36417,36417,2190591,4381182,184,60,3.000000,753,27
CSR OMP,O2,13342828477.750284,13342.828478,13.342828,280395648,0.024882,7.022091,7.046973,0,10,1,1,64,32,36417,36417,2190591,4381182,184,60,3.000000,753,27
CSR OMP,O2,23950245575.328533,23950.245575,23.950246,560791296,0.026183,7.082797,7.108979,0,10,1,1,128,32,36417,36417,2190591,4381182,184,60,3.000000,753,27
