Name,-O,FLOPS,MFLOPS,GFLOPS,FOP Count,Avg Run Time (s),Format Time (s),Total Time (s),Verification,Iters,Block Row,Block Col,K-Bound,Threads,Rows,Cols,NNZ,NNZ*2,Max Cols,Avg Cols,Col Ratio,Variance,Std Deviation
BCSR Serial,O2,3320683109.496448,3320.683109,3.320683,70098912,0.021132,2.698902,2.720034,144,10,2,2,16,-1,36417,36417,2190591,4381182,184,60,3.000000,753,27
BCSR Serial,O2,1800956042.914135,1800.956043,1.800956,70098912,0.038943,2.692268,2.731211,144,10,16,16,16,-1,36417,36417,2190591,4381182,184,60,3.000000,753,27
BCSR Serial,O2,6031328790.740168,6031.328791,6.031329,280395648,0.046494,2.482268,2.528762,576,10,2,2,64,-1,36417,36417,2190591,4381182,184,60,3.000000,753,27
BCSR Serial,O2,2382186801.036393,2382.186801,2.382187,280395648,0.117709,2.626467,2.744176,576,10,16,16,64,-1,36417,36417,2190591,4381182,184,60,3.000000,753,27
BCSR Serial,O2,6827426722.271261,6827.426722,6.827427,560791296,0.082156,2.521924,2.604080,1152,10,2,2,128,-1,36417,36417,2190591,4381182,184,60,3.000000,753,27
BCSR Serial,O2,2691997125.594675,2691.997126,2.691997,560791296,0.208320,2.617103,2.825423,1152,10,16,16,128,-1,36417,36417,2190591,4381182,184,60,3.000000,753,27
