Name,-O,FLOPS,MFLOPS,GFLOPS,FOP Count,Avg Run Time (s),Format Time (s),Total Time (s),Verification,Iters,Block Row,Block Col,K-Bound,Threads,Rows,Cols,NNZ,NNZ*2,Max Cols,Avg Cols,Col Ratio,Variance,Std Deviation
COO OMP,O2,303169888.279307,303.169888,0.303170,4381182,0.024317,6.908108,6.932425,0,10,1,1,16,8,36417,36417,2190591,4381182,184,60,3.000000,753,27
COO OMP,O2,190502021.230393,190.502021,0.190502,4381182,0.026644,6.936300,6.962944,0,10,1,1,64,8,36417,36417,2190591,4381182,184,60,3.000000,753,27
COO OMP,O2,163294518.787219,163.294519,0.163295,4381182,0.033015,6.921292,6.954307,0,10,1,1,128,8,36417,36417,2190591,4381182,184,60,3.000000,753,27
COO OMP,O2,479471166.478782,479.471166,0.479471,4381182,0.022239,6.889650,6.911889,0,10,1,1,16,16,36417,36417,2190591,4381182,184,60,3.000000,753,27
COO OMP,O2,216617578.060852,216.617578,0.216618,4381182,0.025199,6.910717,6.935916,0,10,1,1,64,16,36417,36417,2190591,4381182,184,60,3.000000,753,27
COO OMP,O2,192329120.000357,192.329120,0.192329,4381182,0.030772,6.917699,6.948471,0,10,1,1,128,16,36417,36417,2190591,4381182,184,60,3.000000,753,27
COO OMP,O2,273118588.015159,273.118588,0.273119,4381182,0.020479,6.920421,6.940899,0,10,1,1,16,32,36417,36417,2190591,4381182,184,60,3.000000,753,27
COO OMP,O2,189764120.879269,189.764121,0.189764,4381182,0.026133,6.949122,6.975255,0,10,1,1,64,32,36417,36417,2190591,4381182,184,60,3.000000,753,27
COO OMP,O2,249404736.695441,249.404737,0.249405,4381182,0.025634,6.947602,6.973236,0,10,1,1,128,32,36417,36417,2190591,4381182,184,60,3.000000,753,27
