Name,-O,FLOPS,MFLOPS,GFLOPS,FOP Count,Avg Run Time (s),Format Time (s),Total Time (s),Verification,Iters,Block Row,Block Col,K-Bound,Threads,Rows,Cols,NNZ,NNZ*2,Max Cols,Avg Cols,Col Ratio,Variance,Std Deviation
ELL GPU,O2,840448.428051,0.840448,0.000840,4381182,5.731957,7.298393,13.030350,0,10,1,1,16,-1,36417,36417,2190591,4381182,184,60,3.000000,753,27
ELL GPU,O2,1178645.447471,1.178645,0.001179,4381182,3.764758,7.275696,11.040453,0,10,1,1,64,-1,36417,36417,2190591,4381182,184,60,3.000000,753,27
ELL GPU,O2,1434720.899007,1.434721,0.001435,4381182,3.141076,7.277968,10.419044,0,10,1,1,128,-1,36417,36417,2190591,4381182,184,60,3.000000,753,27
