Name,-O,FLOPS,MFLOPS,GFLOPS,FOP Count,Avg Run Time (s),Format Time (s),Total Time (s),Verification,Iters,Block Row,Block Col,K-Bound,Threads,Rows,Cols,NNZ,NNZ*2,Max Cols,Avg Cols,Col Ratio,Variance,Std Deviation
ELL OMP,O2,322076474.712162,322.076475,0.322076,4381182,0.018889,7.300501,7.319390,0,10,1,1,16,8,36417,36417,2190591,4381182,184,60,3.000000,753,27
ELL OMP,O2,112409367.576753,112.409368,0.112409,4381182,0.046702,7.275175,7.321877,0,10,1,1,64,8,36417,36417,2190591,4381182,184,60,3.000000,753,27
ELL OMP,O2,92872283.613732,92.872284,0.092872,4381182,0.050893,7.292501,7.343394,0,10,1,1,128,8,36417,36417,2190591,4381182,184,60,3.000000,753,27
ELL OMP,O2,322155481.387920,322.155481,0.322155,4381182,0.025037,7.275413,7.300450,0,10,1,1,16,16,36417,36417,2190591,4381182,184,60,3.000000,753,27
ELL OMP,O2,204058143.613023,204.058144,0.204058,4381182,0.034342,7.244337,7.278680,0,10,1,1,64,16,36417,36417,2190591,4381182,184,60,3.000000,753,27
ELL OMP,O2,135577803.005067,135.577803,0.135578,4381182,0.039773,7.313651,7.353424,0,10,1,1,128,16,36417,36417,2190591,4381182,184,60,3.000000,753,27
ELL OMP,O2,240181734.673856,240.181735,0.240182,4381182,0.021166,7.236327,7.257493,0,10,1,1,16,32,36417,36417,2190591,4381182,184,60,3.000000,753,27
ELL OMP,O2,192795179.852501,192.795180,0.192795,4381182,0.024759,7.287326,7.312085,0,10,1,1,64,32,36417,36417,2190591,4381182,184,60,3.000000,753,27
ELL OMP,O2,130669526.137773,130.669526,0.130670,4381182,0.038696,7.343136,7.381832,0,10,1,1,128,32,36417,36417,2190591,4381182,184,60,3.000000,753,27
