Name,-O,FLOPS,MFLOPS,GFLOPS,FOP Count,Avg Run Time (s),Format Time (s),Total Time (s),Verification,Iters,Block Row,Block Col,K-Bound,Threads,Rows,Cols,NNZ,NNZ*2,Max Cols,Avg Cols,Col Ratio,Variance,Std Deviation
BCSR OMP,O2,inf,inf,inf,35049456,0.000000,7.181511,7.181511,291335,10,4,4,8,32,36417,36417,2190591,4381182,184,60,3.000000,753,27
BCSR OMP,O2,584610148.371375,584.610148,0.584610,70098912,0.170761,7.180517,7.351278,144,10,4,4,16,32,36417,36417,2190591,4381182,184,60,3.000000,753,27
BCSR OMP,O2,3534305640.847929,3534.305641,3.534306,280395648,0.111469,7.220884,7.332353,576,10,4,4,64,32,36417,36417,2190591,4381182,184,60,3.000000,753,27
BCSR OMP,O2,3245738630.158482,3245.738630,3.245739,560791296,0.257549,7.251130,7.508679,1152,10,4,4,128,32,36417,36417,2190591,4381182,184,60,3.000000,753,27
BCSR OMP,O2,inf,inf,inf,1121582592,0.000000,7.241113,7.241113,9322751,10,4,4,256,32,36417,36417,2190591,4381182,184,60,3.000000,753,27
BCSR OMP,O2,inf,inf,inf,2243165184,0.000000,7.203227,7.203227,18645503,10,4,4,512,32,36417,36417,2190591,4381182,184,60,3.000000,753,27
BCSR OMP,O2,inf,inf,inf,4503855096,0.000000,7.210137,7.210137,37436675,10,4,4,1028,32,36417,36417,2190591,4381182,184,60,3.000000,753,27
