Name,-O,FLOPS,MFLOPS,GFLOPS,FOP Count,Avg Run Time (s),Format Time (s),Total Time (s),Verification,Iters,Block Row,Block Col,K-Bound,Threads,Rows,Cols,NNZ,NNZ*2,Max Cols,Avg Cols,Col Ratio,Variance,Std Deviation
COO GPU,O2,496151.971500,0.496152,0.000496,4381182,8.895176,14.629728,23.524904,582327,10,1,1,16,-1,36417,36417,2190591,4381182,184,60,3.000000,753,27
COO GPU,O2,501642.030489,0.501642,0.000502,4381182,8.738665,14.778268,23.516933,2328768,10,1,1,64,-1,36417,36417,2190591,4381182,184,60,3.000000,753,27
COO GPU,O2,493328.169575,0.493328,0.000493,4381182,8.887204,14.796654,23.683858,4657787,10,1,1,128,-1,36417,36417,2190591,4381182,184,60,3.000000,753,27
