Name,-O,FLOPS,MFLOPS,GFLOPS,FOP Count,Avg Run Time (s),Format Time (s),Total Time (s),Verification,Iters,Block Row,Block Col,K-Bound,Threads,Rows,Cols,NNZ,NNZ*2,Max Cols,Avg Cols,Col Ratio,Variance,Std Deviation
ELL OMP,O2,311808033.923377,311.808034,0.311808,4381182,0.040398,2.593594,2.633992,0,10,1,1,16,8,36417,36417,2190591,4381182,184,60,3.000000,753,27
ELL OMP,O2,192959052.125921,192.959052,0.192959,4381182,0.041104,2.621664,2.662768,0,10,1,1,64,8,36417,36417,2190591,4381182,184,60,3.000000,753,27
ELL OMP,O2,108393771.718482,108.393772,0.108394,4381182,0.059214,2.559986,2.619200,0,10,1,1,128,8,36417,36417,2190591,4381182,184,60,3.000000,753,27
ELL OMP,O2,273866975.213904,273.866975,0.273867,4381182,0.034773,2.628400,2.663173,0,10,1,1,16,16,36417,36417,2190591,4381182,184,60,3.000000,753,27
ELL OMP,O2,343293202.938417,343.293203,0.343293,4381182,0.032750,2.624316,2.657066,0,10,1,1,64,16,36417,36417,2190591,4381182,184,60,3.000000,753,27
ELL OMP,O2,128222055.746023,128.222056,0.128222,4381182,0.062588,2.561022,2.623610,0,10,1,1,128,16,36417,36417,2190591,4381182,184,60,3.000000,753,27
ELL OMP,O2,1600416273.118549,1600.416273,1.600416,4381182,0.016916,2.539312,2.556228,0,10,1,1,16,32,36417,36417,2190591,4381182,184,60,3.000000,753,27
ELL OMP,O2,463181043.863775,463.181044,0.463181,4381182,0.031861,2.612789,2.644649,0,10,1,1,64,32,36417,36417,2190591,4381182,184,60,3.000000,753,27
ELL OMP,O2,172637352.663874,172.637353,0.172637,4381182,0.052660,2.640217,2.692876,0,10,1,1,128,32,36417,36417,2190591,4381182,184,60,3.000000,753,27
