Name,-O,FLOPS,MFLOPS,GFLOPS,FOP Count,Avg Run Time (s),Format Time (s),Total Time (s),Verification,Iters,Block Row,Block Col,K-Bound,Threads,Rows,Cols,NNZ,NNZ*2,Max Cols,Avg Cols,Col Ratio,Variance,Std Deviation
BCSR Serial Transpose,O2,2117866330.203509,2117.866330,2.117866,560791296,0.267111,7.208778,7.475890,1152,10,2,2,128,-1,36417,36417,2190591,4381182,184,60,3.000000,753,27
BCSR Serial Transpose,O2,1660657662.066777,1660.657662,1.660658,560791296,0.341597,7.231389,7.572986,1152,10,4,4,128,-1,36417,36417,2190591,4381182,184,60,3.000000,753,27
BCSR Serial Transpose,O2,893042474.492200,893.042474,0.893042,560791296,0.630055,7.285889,7.915944,1152,10,16,16,128,-1,36417,36417,2190591,4381182,184,60,3.000000,753,27
