Name,-O,FLOPS,MFLOPS,GFLOPS,FOP Count,Avg Run Time (s),Format Time (s),Total Time (s),Verification,Iters,Block Row,Block Col,K-Bound,Threads,Rows,Cols,NNZ,NNZ*2,Max Cols,Avg Cols,Col Ratio,Variance,Std Deviation
ELL OMP,O2,195448561.451859,195.448561,0.195449,4381182,0.030223,7.225427,7.255650,0,10,1,1,16,8,36417,36417,2190591,4381182,184,60,3.000000,753,27
ELL OMP,O2,117896227.356581,117.896227,0.117896,4381182,0.044988,7.215508,7.260496,0,10,1,1,64,8,36417,36417,2190591,4381182,184,60,3.000000,753,27
ELL OMP,O2,85598647.770509,85.598648,0.085599,4381182,0.064782,7.238340,7.303122,0,10,1,1,128,8,36417,36417,2190591,4381182,184,60,3.000000,753,27
ELL OMP,O2,392287819.069879,392.287819,0.392288,4381182,0.024798,7.254986,7.279784,0,10,1,1,16,16,36417,36417,2190591,4381182,184,60,3.000000,753,27
ELL OMP,O2,239587839.736976,239.587840,0.239588,4381182,0.030170,7.230939,7.261109,0,10,1,1,64,16,36417,36417,2190591,4381182,184,60,3.000000,753,27
ELL OMP,O2,144484746.733698,144.484747,0.144485,4381182,0.039667,7.261077,7.300744,0,10,1,1,128,16,36417,36417,2190591,4381182,184,60,3.000000,753,27
ELL OMP,O2,268960422.444869,268.960422,0.268960,4381182,0.020954,7.238399,7.259353,0,10,1,1,16,32,36417,36417,2190591,4381182,184,60,3.000000,753,27
ELL OMP,O2,194926897.234538,194.926897,0.194927,4381182,0.024472,7.293853,7.318325,0,10,1,1,64,32,36417,36417,2190591,4381182,184,60,3.000000,753,27
ELL OMP,O2,142986346.037029,142.986346,0.142986,4381182,0.036416,7.244008,7.280424,0,10,1,1,128,32,36417,36417,2190591,4381182,184,60,3.000000,753,27
