Name,-O,FLOPS,MFLOPS,GFLOPS,FOP Count,Avg Run Time (s),Format Time (s),Total Time (s),Verification,Iters,Block Row,Block Col,K-Bound,Threads,Rows,Cols,NNZ,NNZ*2,Max Cols,Avg Cols,Col Ratio,Variance,Std Deviation
CSR THREADS,O2,1567355115.587518,1567.355116,1.567355,4381182,0.003075,6.912941,6.916016,0,5,1,1,16,16,36417,36417,2190591,4381182,184,60,3.000000,753,27
CSR THREADS,O2,586110258.595984,586.110259,0.586110,4381182,0.010452,7.000537,7.010989,0,5,1,1,64,64,36417,36417,2190591,4381182,184,60,3.000000,753,27
CSR THREADS,O2,459095791.869136,459.095792,0.459096,4381182,0.011005,6.915758,6.926763,0,5,1,1,128,16,36417,36417,2190591,4381182,184,60,3.000000,753,27
