Name,-O,FLOPS,MFLOPS,GFLOPS,FOP Count,Avg Run Time (s),Format Time (s),Total Time (s),Verification,Iters,Block Row,Block Col,K-Bound,Threads,Rows,Cols,NNZ,NNZ*2,Max Cols,Avg Cols,Col Ratio,Variance,Std Deviation
COO GPU,O2,857722.557301,0.857723,0.000858,4381182,5.644414,6.960580,12.604994,582394,10,1,1,16,-1,36417,36417,2190591,4381182,184,60,3.000000,753,27
COO GPU,O2,1181050.204016,1.181050,0.001181,4381182,3.776003,6.923182,10.699185,2329513,10,1,1,64,-1,36417,36417,2190591,4381182,184,60,3.000000,753,27
COO GPU,O2,551712.216455,0.551712,0.000552,4381182,9.327155,6.951069,16.278224,4658617,10,1,1,128,-1,36417,36417,2190591,4381182,184,60,3.000000,753,27
