Name,Avg Run Time (s),Format Time (s),Total Time (s),GFLOPS,Verification,Iters,Block Row,Block Col,K-Bound,Threads,FOP Count,Rows,Cols,NNZ,Max Cols,Avg Cols,Variance,Std Deviation
csr_transpose_omp_O2,4.175319,15.779192,19.954511,39.992529,0,10,1,1,16,8,159549504894,36417,36417,2190591,184,60,753,27
csr_transpose_omp_collapse_O2,87.065578,15.850780,102.916358,1.832811,0,10,1,1,16,8,159549504894,36417,36417,2190591,184,60,753,27
csr_transpose_omp_omp_O2,4.256831,14.961139,19.217970,38.966446,0,10,1,1,16,8,159549504894,36417,36417,2190591,184,60,753,27
csr_transpose_omp_O2,3.002826,14.950594,17.953420,54.460340,0,10,1,1,16,16,159549504894,36417,36417,2190591,184,60,753,27
csr_transpose_omp_collapse_O2,44.740633,15.878531,60.619164,3.566860,0,10,1,1,16,16,159549504894,36417,36417,2190591,184,60,753,27
csr_transpose_omp_omp_O2,2.910189,15.597540,18.507728,56.612671,0,10,1,1,16,16,159549504894,36417,36417,2190591,184,60,753,27
csr_transpose_omp_O2,2.456471,15.982574,18.439045,65.833092,0,10,1,1,16,32,159549504894,36417,36417,2190591,184,60,753,27
csr_transpose_omp_collapse_O2,24.325756,15.050272,39.376028,6.560819,0,10,1,1,16,32,159549504894,36417,36417,2190591,184,60,753,27
csr_transpose_omp_omp_O2,2.332504,14.922821,17.255325,69.670906,0,10,1,1,16,32,159549504894,36417,36417,2190591,184,60,753,27
