Name,Avg Run Time (s),Format Time (s),Total Time (s),GFLOPS,Verification,Iters,Block Row,Block Col,K-Bound,Threads,FOP Count,Rows,Cols,NNZ,Max Cols,Avg Cols,Variance,Std Deviation
ell_transpose_omp_O2,11.065021,2.701675,13.766696,44.112163,0,10,1,1,16,8,488040823152,36417,36417,2190591,184,60,753,27
ell_transpose_omp_collapse_O2,10.756005,2.690297,13.446302,45.375839,0,10,1,1,16,8,488040823152,36417,36417,2190591,184,60,753,27
ell_transpose_omp_omp_O2,1.757649,2.733602,4.491251,277.769220,0,10,1,1,16,8,488040823152,36417,36417,2190591,184,60,753,27
ell_transpose_omp_O2,11.068833,2.736565,13.805398,44.098610,0,10,1,1,16,16,488040823152,36417,36417,2190591,184,60,753,27
ell_transpose_omp_collapse_O2,11.004035,2.683516,13.687552,44.355385,0,10,1,1,16,16,488040823152,36417,36417,2190591,184,60,753,27
ell_transpose_omp_omp_O2,1.116041,2.707618,3.823659,437.811276,0,10,1,1,16,16,488040823152,36417,36417,2190591,184,60,753,27
ell_transpose_omp_O2,11.011841,2.668673,13.680514,44.322474,0,10,1,1,16,32,488040823152,36417,36417,2190591,184,60,753,27
ell_transpose_omp_collapse_O2,11.065499,2.752487,13.817986,44.109638,0,10,1,1,16,32,488040823152,36417,36417,2190591,184,60,753,27
ell_transpose_omp_omp_O2,1.204585,2.703398,3.907983,405.397521,0,10,1,1,16,32,488040823152,36417,36417,2190591,184,60,753,27
