Name,-O,FLOPS,MFLOPS,GFLOPS,FOP Count,Avg Run Time (s),Format Time (s),Total Time (s),Verification,Iters,Block Row,Block Col,K-Bound,Threads,Rows,Cols,NNZ,NNZ*2,Max Cols,Avg Cols,Col Ratio,Variance,Std Deviation
ELL Serial,O2,102737450.735144,102.737451,0.102737,4381182,0.042651,2.739132,2.781782,0,10,1,1,16,-1,36417,36417,2190591,4381182,184,60,3.000000,753,27
ELL Serial,O2,35561451.719453,35.561452,0.035561,4381182,0.123202,2.695623,2.818825,0,10,1,1,64,-1,36417,36417,2190591,4381182,184,60,3.000000,753,27
ELL Serial,O2,18640059.508534,18.640060,0.018640,4381182,0.235060,2.728544,2.963604,0,10,1,1,128,-1,36417,36417,2190591,4381182,184,60,3.000000,753,27
