Name,-O,FLOPS,MFLOPS,GFLOPS,FOP Count,Avg Run Time (s),Format Time (s),Total Time (s),Verification,Iters,Block Row,Block Col,K-Bound,Threads,Rows,Cols,NNZ,NNZ*2,Max Cols,Avg Cols,Col Ratio,Variance,Std Deviation
COO OMP,O2,inf,inf,inf,35049456,0.000000,6.941604,6.941604,291335,10,1,1,8,32,36417,36417,2190591,4381182,184,60,3.000000,753,27
COO OMP,O2,7480951286.607351,7480.951287,7.480951,70098912,0.021106,6.958020,6.979126,0,10,1,1,16,32,36417,36417,2190591,4381182,184,60,3.000000,753,27
COO OMP,O2,15081057717.863911,15081.057718,15.081058,280395648,0.022339,6.965190,6.987529,0,10,1,1,64,32,36417,36417,2190591,4381182,184,60,3.000000,753,27
COO OMP,O2,27462899944.431049,27462.899944,27.462900,560791296,0.024084,6.983233,7.007317,0,10,1,1,128,32,36417,36417,2190591,4381182,184,60,3.000000,753,27
COO OMP,O2,inf,inf,inf,1121582592,0.000000,6.966562,6.966562,9322751,10,1,1,256,32,36417,36417,2190591,4381182,184,60,3.000000,753,27
COO OMP,O2,inf,inf,inf,2243165184,0.000000,6.950081,6.950081,18645503,10,1,1,512,32,36417,36417,2190591,4381182,184,60,3.000000,753,27
COO OMP,O2,inf,inf,inf,4503855096,0.000000,6.944610,6.944610,37436675,10,1,1,1028,32,36417,36417,2190591,4381182,184,60,3.000000,753,27
