Name,-O,FLOPS,MFLOPS,GFLOPS,FOP Count,Avg Run Time (s),Format Time (s),Total Time (s),Verification,Iters,Block Row,Block Col,K-Bound,Threads,Rows,Cols,NNZ,NNZ*2,Max Cols,Avg Cols,Col Ratio,Variance,Std Deviation
CSR OMP Transpose,O2,897747.929066,0.897748,0.000898,4381182,4.880444,2.386698,7.267142,0,10,1,1,16,8,36417,36417,2190591,4381182,184,60,3.000000,753,27
CSR OMP Transpose,O2,889041.563632,0.889042,0.000889,4381182,4.928396,2.392991,7.321387,0,10,1,1,64,8,36417,36417,2190591,4381182,184,60,3.000000,753,27
CSR OMP Transpose,O2,881795.327343,0.881795,0.000882,4381182,4.968938,2.394474,7.363412,0,10,1,1,128,8,36417,36417,2190591,4381182,184,60,3.000000,753,27
CSR OMP Transpose,O2,893823.330417,0.893823,0.000894,4381182,4.902116,2.391755,7.293871,0,10,1,1,16,16,36417,36417,2190591,4381182,184,60,3.000000,753,27
CSR OMP Transpose,O2,890088.807180,0.890089,0.000890,4381182,4.922561,2.386963,7.309523,0,10,1,1,64,16,36417,36417,2190591,4381182,184,60,3.000000,753,27
CSR OMP Transpose,O2,895856.599166,0.895857,0.000896,4381182,4.890924,2.396170,7.287094,0,10,1,1,128,16,36417,36417,2190591,4381182,184,60,3.000000,753,27
CSR OMP Transpose,O2,900328.039650,0.900328,0.000900,4381182,4.866715,2.390982,7.257697,0,10,1,1,16,32,36417,36417,2190591,4381182,184,60,3.000000,753,27
CSR OMP Transpose,O2,890701.247723,0.890701,0.000891,4381182,4.919200,2.383231,7.302431,0,10,1,1,64,32,36417,36417,2190591,4381182,184,60,3.000000,753,27
CSR OMP Transpose,O2,886713.511919,0.886714,0.000887,4381182,4.941344,2.393035,7.334379,0,10,1,1,128,32,36417,36417,2190591,4381182,184,60,3.000000,753,27
