Name,-O,FLOPS,MFLOPS,GFLOPS,FOP Count,Avg Run Time (s),Format Time (s),Total Time (s),Verification,Iters,Block Row,Block Col,K-Bound,Threads,Rows,Cols,NNZ,NNZ*2,Max Cols,Avg Cols,Col Ratio,Variance,Std Deviation
BCSR THREADS,O2,1232336621.715949,1232.336622,1.232337,4381182,0.003612,7.314418,7.318029,144,5,2,2,16,16,36417,36417,2190591,4381182,184,60,3.000000,753,27
BCSR THREADS,O2,1127405725.205993,1127.405725,1.127406,4381182,0.012420,7.324550,7.336970,144,5,4,4,16,32,36417,36417,2190591,4381182,184,60,3.000000,753,27
BCSR THREADS,O2,692672571.704871,692.672572,0.692673,4381182,0.007978,7.423129,7.431107,144,5,16,16,16,48,36417,36417,2190591,4381182,184,60,3.000000,753,27
BCSR THREADS,O2,558110955.226723,558.110955,0.558111,4381182,0.008978,7.329710,7.338688,576,5,2,2,64,32,36417,36417,2190591,4381182,184,60,3.000000,753,27
BCSR THREADS,O2,476689768.964077,476.689769,0.476690,4381182,0.009428,7.323249,7.332677,576,5,4,4,64,72,36417,36417,2190591,4381182,184,60,3.000000,753,27
BCSR THREADS,O2,319646529.520974,319.646530,0.319647,4381182,0.014299,7.421587,7.435886,576,5,16,16,64,48,36417,36417,2190591,4381182,184,60,3.000000,753,27
BCSR THREADS,O2,498576807.211556,498.576807,0.498577,4381182,0.011004,7.334038,7.345042,1152,5,2,2,128,48,36417,36417,2190591,4381182,184,60,3.000000,753,27
BCSR THREADS,O2,368889261.437006,368.889261,0.368889,4381182,0.012017,7.300319,7.312336,1152,5,4,4,128,64,36417,36417,2190591,4381182,184,60,3.000000,753,27
BCSR THREADS,O2,206922324.844387,206.922325,0.206922,4381182,0.022066,7.482109,7.504175,1152,5,16,16,128,64,36417,36417,2190591,4381182,184,60,3.000000,753,27
