Name,-O,FLOPS,MFLOPS,GFLOPS,FOP Count,Avg Run Time (s),Format Time (s),Total Time (s),Verification,Iters,Block Row,Block Col,K-Bound,Threads,Rows,Cols,NNZ,NNZ*2,Max Cols,Avg Cols,Col Ratio,Variance,Std Deviation
CSR OMP,O2,inf,inf,inf,35049456,0.000000,6.935681,6.935681,291335,10,1,1,8,32,36417,36417,2190591,4381182,184,60,3.000000,753,27
CSR OMP,O2,6106834317.004217,6106.834317,6.106834,70098912,0.022947,6.925138,6.948085,0,10,1,1,16,32,36417,36417,2190591,4381182,184,60,3.000000,753,27
CSR OMP,O2,13642382509.986591,13642.382510,13.642383,280395648,0.026098,6.996702,7.022800,0,10,1,1,64,32,36417,36417,2190591,4381182,184,60,3.000000,753,27
CSR OMP,O2,27664106728.958649,27664.106729,27.664107,560791296,0.024256,6.994380,7.018636,0,10,1,1,128,32,36417,36417,2190591,4381182,184,60,3.000000,753,27
CSR OMP,O2,inf,inf,inf,1121582592,0.000000,7.046346,7.046346,9322751,10,1,1,256,32,36417,36417,2190591,4381182,184,60,3.000000,753,27
CSR OMP,O2,inf,inf,inf,2243165184,0.000000,6.952024,6.952024,18645503,10,1,1,512,32,36417,36417,2190591,4381182,184,60,3.000000,753,27
CSR OMP,O2,inf,inf,inf,4503855096,0.000000,6.951112,6.951112,37436675,10,1,1,1028,32,36417,36417,2190591,4381182,184,60,3.000000,753,27
