Name,-O,FLOPS,MFLOPS,GFLOPS,FOP Count,Avg Run Time (s),Format Time (s),Total Time (s),Verification,Iters,Block Row,Block Col,K-Bound,Threads,Rows,Cols,NNZ,NNZ*2,Max Cols,Avg Cols,Col Ratio,Variance,Std Deviation
COO OMP,O2,66038301137.938148,66038.301138,66.038301,35049456,0.006922,2.326020,2.332942,0,10,1,1,8,32,36417,36417,2190591,4381182,184,60,3.000000,753,27
COO OMP,O2,90726877927.449203,90726.877927,90.726878,70098912,0.007170,2.332957,2.340127,0,10,1,1,16,32,36417,36417,2190591,4381182,184,60,3.000000,753,27
COO OMP,O2,147757711592.302216,147757.711592,147.757712,280395648,0.009681,2.318636,2.328317,0,10,1,1,64,32,36417,36417,2190591,4381182,184,60,3.000000,753,27
COO OMP,O2,99144539548.952667,99144.539549,99.144540,560791296,0.021135,2.318905,2.340040,0,10,1,1,128,32,36417,36417,2190591,4381182,184,60,3.000000,753,27
COO OMP,O2,46583883760.838806,46583.883761,46.583884,1121582592,0.047174,2.307827,2.355001,0,10,1,1,256,32,36417,36417,2190591,4381182,184,60,3.000000,753,27
COO OMP,O2,30852477898.043541,30852.477898,30.852478,2243165184,0.073445,2.346868,2.420313,0,10,1,1,512,32,36417,36417,2190591,4381182,184,60,3.000000,753,27
COO OMP,O2,48169091201.003487,48169.091201,48.169091,4503855096,0.094525,2.324058,2.418583,0,10,1,1,1028,32,36417,36417,2190591,4381182,184,60,3.000000,753,27
