Name,-O,FLOPS,MFLOPS,GFLOPS,FOP Count,Avg Run Time (s),Format Time (s),Total Time (s),Verification,Iters,Block Row,Block Col,K-Bound,Threads,Rows,Cols,NNZ,NNZ*2,Max Cols,Avg Cols,Col Ratio,Variance,Std Deviation
BCSR OMP,O2,1311773447.877810,1311.773448,1.311773,35049456,0.033012,2.532524,2.565536,72,10,4,4,8,32,36417,36417,2190591,4381182,184,60,3.000000,753,27
BCSR OMP,O2,2574318522.618264,2574.318523,2.574319,70098912,0.033343,2.538634,2.571977,144,10,4,4,16,32,36417,36417,2190591,4381182,184,60,3.000000,753,27
BCSR OMP,O2,6892633608.628450,6892.633609,6.892634,280395648,0.048001,2.499993,2.547994,576,10,4,4,64,32,36417,36417,2190591,4381182,184,60,3.000000,753,27
BCSR OMP,O2,10544899075.079582,10544.899075,10.544899,560791296,0.060562,2.493045,2.553607,1152,10,4,4,128,32,36417,36417,2190591,4381182,184,60,3.000000,753,27
BCSR OMP,O2,12665601363.167660,12665.601363,12.665601,1121582592,0.094665,2.540221,2.634886,2304,10,4,4,256,32,36417,36417,2190591,4381182,184,60,3.000000,753,27
BCSR OMP,O2,13460158440.661976,13460.158441,13.460158,2243165184,0.171626,2.534000,2.705626,4608,10,4,4,512,32,36417,36417,2190591,4381182,184,60,3.000000,753,27
BCSR OMP,O2,16301526076.509140,16301.526077,16.301526,4503855096,0.280301,2.531113,2.811414,9252,10,4,4,1028,32,36417,36417,2190591,4381182,184,60,3.000000,753,27
