Name,-O,FLOPS,MFLOPS,GFLOPS,FOP Count,Avg Run Time (s),Format Time (s),Total Time (s),Verification,Iters,Block Row,Block Col,K-Bound,Threads,Rows,Cols,NNZ,NNZ*2,Max Cols,Avg Cols,Col Ratio,Variance,Std Deviation
CSR OMP,O2,73769866372.268036,73769.866372,73.769866,35049456,0.005826,2.320384,2.326210,0,10,1,1,8,32,36417,36417,2190591,4381182,184,60,3.000000,753,27
CSR OMP,O2,94611877485.280441,94611.877485,94.611877,70098912,0.006450,2.346989,2.353439,0,10,1,1,16,32,36417,36417,2190591,4381182,184,60,3.000000,753,27
CSR OMP,O2,112452813311.653732,112452.813312,112.452813,280395648,0.010897,2.358745,2.369642,0,10,1,1,64,32,36417,36417,2190591,4381182,184,60,3.000000,753,27
CSR OMP,O2,14771335368.146076,14771.335368,14.771335,560791296,0.040254,2.350867,2.391121,0,10,1,1,128,32,36417,36417,2190591,4381182,184,60,3.000000,753,27
CSR OMP,O2,22504174947.920067,22504.174948,22.504175,1121582592,0.051513,2.349460,2.400973,0,10,1,1,256,32,36417,36417,2190591,4381182,184,60,3.000000,753,27
CSR OMP,O2,29942378715.890984,29942.378716,29.942379,2243165184,0.075716,2.296828,2.372544,0,10,1,1,512,32,36417,36417,2190591,4381182,184,60,3.000000,753,27
CSR OMP,O2,45136991978.157661,45136.991978,45.136992,4503855096,0.100519,2.245218,2.345737,0,10,1,1,1028,32,36417,36417,2190591,4381182,184,60,3.000000,753,27
