Name,-O,FLOPS,MFLOPS,GFLOPS,FOP Count,Avg Run Time (s),Format Time (s),Total Time (s),Verification,Iters,Block Row,Block Col,K-Bound,Threads,Rows,Cols,NNZ,NNZ*2,Max Cols,Avg Cols,Col Ratio,Variance,Std Deviation
BCSR Serial,O2,2839315751.897723,2839.315752,2.839316,70098912,0.024719,7.181703,7.206422,144,10,2,2,16,-1,36417,36417,2190591,4381182,184,60,3.000000,753,27
BCSR Serial,O2,1233206733.744716,1233.206734,1.233207,70098912,0.056864,7.292797,7.349661,144,10,16,16,16,-1,36417,36417,2190591,4381182,184,60,3.000000,753,27
BCSR Serial,O2,7906839738.943037,7906.839739,7.906840,280395648,0.035495,7.197778,7.233273,576,10,2,2,64,-1,36417,36417,2190591,4381182,184,60,3.000000,753,27
BCSR Serial,O2,3293861334.973360,3293.861335,3.293861,280395648,0.085152,7.290146,7.375298,576,10,16,16,64,-1,36417,36417,2190591,4381182,184,60,3.000000,753,27
BCSR Serial,O2,9030869483.804882,9030.869484,9.030869,560791296,0.062209,7.178011,7.240220,1152,10,2,2,128,-1,36417,36417,2190591,4381182,184,60,3.000000,753,27
BCSR Serial,O2,3464251390.898534,3464.251391,3.464251,560791296,0.161907,7.279601,7.441508,1152,10,16,16,128,-1,36417,36417,2190591,4381182,184,60,3.000000,753,27
