Name,-O,FLOPS,MFLOPS,GFLOPS,FOP Count,Avg Run Time (s),Format Time (s),Total Time (s),Verification,Iters,Block Row,Block Col,K-Bound,Threads,Rows,Cols,NNZ,NNZ*2,Max Cols,Avg Cols,Col Ratio,Variance,Std Deviation
COO Serial,O2,299813336.278798,299.813336,0.299813,4381182,0.014615,2.343736,2.358352,0,10,1,1,16,-1,36417,36417,2190591,4381182,184,60,3.000000,753,27
COO Serial,O2,99854083.515979,99.854084,0.099854,4381182,0.043884,2.388548,2.432432,0,10,1,1,64,-1,36417,36417,2190591,4381182,184,60,3.000000,753,27
COO Serial,O2,42269430.600841,42.269431,0.042269,4381182,0.103656,2.366749,2.470405,0,10,1,1,128,-1,36417,36417,2190591,4381182,184,60,3.000000,753,27
