Name,-O,FLOPS,MFLOPS,GFLOPS,FOP Count,Avg Run Time (s),Format Time (s),Total Time (s),Verification,Iters,Block Row,Block Col,K-Bound,Threads,Rows,Cols,NNZ,NNZ*2,Max Cols,Avg Cols,Col Ratio,Variance,Std Deviation
CSR OMP,O2,1626991953.657357,1626.991954,1.626992,4381182,0.008579,2.311459,2.320038,0,10,1,1,16,8,36417,36417,2190591,4381182,184,60,3.000000,753,27
CSR OMP,O2,95732969.715740,95.732970,0.095733,4381182,0.047818,2.363376,2.411194,0,10,1,1,64,8,36417,36417,2190591,4381182,184,60,3.000000,753,27
CSR OMP,O2,159260106.165623,159.260106,0.159260,4381182,0.046784,2.309264,2.356048,0,10,1,1,128,8,36417,36417,2190591,4381182,184,60,3.000000,753,27
CSR OMP,O2,2760935457.445923,2760.935457,2.760935,4381182,0.008037,2.367772,2.375808,0,10,1,1,16,16,36417,36417,2190591,4381182,184,60,3.000000,753,27
CSR OMP,O2,131896152.990617,131.896153,0.131896,4381182,0.035039,2.357226,2.392265,0,10,1,1,64,16,36417,36417,2190591,4381182,184,60,3.000000,753,27
CSR OMP,O2,493107233.371983,493.107233,0.493107,4381182,0.018550,2.305684,2.324235,0,10,1,1,128,16,36417,36417,2190591,4381182,184,60,3.000000,753,27
CSR OMP,O2,5309300686.988051,5309.300687,5.309301,4381182,0.006613,2.378860,2.385473,0,10,1,1,16,32,36417,36417,2190591,4381182,184,60,3.000000,753,27
CSR OMP,O2,814025885.809092,814.025886,0.814026,4381182,0.019384,2.374025,2.393409,0,10,1,1,64,32,36417,36417,2190591,4381182,184,60,3.000000,753,27
CSR OMP,O2,119682936.146396,119.682936,0.119683,4381182,0.038921,2.317830,2.356751,0,10,1,1,128,32,36417,36417,2190591,4381182,184,60,3.000000,753,27
