Name,Avg Run Time (s),Format Time (s),Total Time (s),GFLOPS,Verification,Iters,Block Row,Block Col,K-Bound,Threads,FOP Count,Rows,Cols,NNZ,Max Cols,Avg Cols,Variance,Std Deviation
coo_transpose_omp_O2,24.561362,15.393886,39.955248,0.002857,0,10,1,1,16,8,70098912,36417,36417,2190591,184,60,753,27
coo_transpose_omp_collapse_O2,24.509229,14.722548,39.231777,0.002863,0,10,1,1,16,8,70098912,36417,36417,2190591,184,60,753,27
coo_transpose_omp_omp_O2,2.517994,14.696943,17.214937,0.027925,0,10,1,1,16,8,70098912,36417,36417,2190591,184,60,753,27
coo_transpose_omp_O2,24.489901,15.724726,40.214627,0.002866,0,10,1,1,16,16,70098912,36417,36417,2190591,184,60,753,27
coo_transpose_omp_collapse_O2,25.538391,14.741621,40.280012,0.002763,0,10,1,1,16,16,70098912,36417,36417,2190591,184,60,753,27
coo_transpose_omp_omp_O2,2.500561,15.754185,18.254746,0.028104,0,10,1,1,16,16,70098912,36417,36417,2190591,184,60,753,27
coo_transpose_omp_O2,24.480102,14.829678,39.309780,0.002867,0,10,1,1,16,32,70098912,36417,36417,2190591,184,60,753,27
coo_transpose_omp_collapse_O2,24.487062,14.741122,39.228184,0.002867,0,10,1,1,16,32,70098912,36417,36417,2190591,184,60,753,27
coo_transpose_omp_omp_O2,2.569620,14.729234,17.298854,0.027349,0,10,1,1,16,32,70098912,36417,36417,2190591,184,60,753,27
