Name,-O,FLOPS,MFLOPS,GFLOPS,FOP Count,Avg Run Time (s),Format Time (s),Total Time (s),Verification,Iters,Block Row,Block Col,K-Bound,Threads,Rows,Cols,NNZ,NNZ*2,Max Cols,Avg Cols,Col Ratio,Variance,Std Deviation
ELL Serial,O2,1125662541.187349,1125.662541,1.125663,70098912,0.062279,7.310651,7.372929,0,10,1,1,16,-1,36417,36417,2190591,4381182,184,60,3.000000,753,27
ELL Serial,O2,3200100120.064871,3200.100120,3.200100,280395648,0.087644,7.280605,7.368249,0,10,1,1,64,-1,36417,36417,2190591,4381182,184,60,3.000000,753,27
ELL Serial,O2,3703701024.615288,3703.701025,3.703701,560791296,0.151446,7.291852,7.443298,0,10,1,1,128,-1,36417,36417,2190591,4381182,184,60,3.000000,753,27
