Name,-O,FLOPS,MFLOPS,GFLOPS,FOP Count,Avg Run Time (s),Format Time (s),Total Time (s),Verification,Iters,Block Row,Block Col,K-Bound,Threads,Rows,Cols,NNZ,NNZ*2,Max Cols,Avg Cols,Col Ratio,Variance,Std Deviation
ELL THREADS,O2,652202631.478796,652.202631,0.652203,4381182,0.007623,7.270802,7.278425,0,5,1,1,16,48,36417,36417,2190591,4381182,184,60,3.000000,753,27
ELL THREADS,O2,389598918.591825,389.598919,0.389599,4381182,0.011962,7.267053,7.279015,0,5,1,1,64,32,36417,36417,2190591,4381182,184,60,3.000000,753,27
ELL THREADS,O2,267260670.328611,267.260670,0.267261,4381182,0.016622,7.304564,7.321186,0,5,1,1,128,72,36417,36417,2190591,4381182,184,60,3.000000,753,27
