Name,-O,FLOPS,MFLOPS,GFLOPS,FOP Count,Avg Run Time (s),Format Time (s),Total Time (s),Verification,Iters,Block Row,Block Col,K-Bound,Threads,Rows,Cols,NNZ,NNZ*2,Max Cols,Avg Cols,Col Ratio,Variance,Std Deviation
COO OMP Transpose,O2,5396957226.441681,5396.957226,5.396957,560791296,0.104025,2.336711,2.440736,0,10,1,1,128,8,36417,36417,2190591,4381182,184,60,3.000000,753,27
COO OMP Transpose,O2,7339875565.878092,7339.875566,7.339876,560791296,0.076794,2.271021,2.347815,0,10,1,1,128,16,36417,36417,2190591,4381182,184,60,3.000000,753,27
COO OMP Transpose,O2,11524038600.360746,11524.038600,11.524039,560791296,0.049795,2.337477,2.387272,0,10,1,1,128,32,36417,36417,2190591,4381182,184,60,3.000000,753,27
