Name,-O,FLOPS,MFLOPS,GFLOPS,FOP Count,Avg Run Time (s),Format Time (s),Total Time (s),Verification,Iters,Block Row,Block Col,K-Bound,Threads,Rows,Cols,NNZ,NNZ*2,Max Cols,Avg Cols,Col Ratio,Variance,Std Deviation
CSR OMP Transpose,O2,10647009414.278179,10647.009414,10.647009,560791296,0.070665,6.934955,7.005620,0,10,1,1,128,8,36417,36417,2190591,4381182,184,60,3.000000,753,27
CSR OMP Transpose,O2,22263599720.260746,22263.599720,22.263600,560791296,0.029826,6.939823,6.969649,0,10,1,1,128,16,36417,36417,2190591,4381182,184,60,3.000000,753,27
CSR OMP Transpose,O2,37519971761.033203,37519.971761,37.519972,560791296,0.017792,6.882176,6.899968,0,10,1,1,128,32,36417,36417,2190591,4381182,184,60,3.000000,753,27
