Name,-O,FLOPS,MFLOPS,GFLOPS,FOP Count,Avg Run Time (s),Format Time (s),Total Time (s),Verification,Iters,Block Row,Block Col,K-Bound,Threads,Rows,Cols,NNZ,NNZ*2,Max Cols,Avg Cols,Col Ratio,Variance,Std Deviation
COO THREADS,O2,16698078263.814341,16698.078264,16.698078,4381182,0.003098,2.210986,2.214084,0,5,1,1,16,72,36417,36417,2190591,4381182,184,60,3.000000,753,27
COO THREADS,O2,4606624933.622539,4606.624934,4.606625,4381182,0.005267,2.290121,2.295388,0,5,1,1,64,72,36417,36417,2190591,4381182,184,60,3.000000,753,27
COO THREADS,O2,2426135633.764470,2426.135634,2.426136,4381182,0.006509,2.303877,2.310386,0,5,1,1,128,72,36417,36417,2190591,4381182,184,60,3.000000,753,27
