Name,-O,FLOPS,MFLOPS,GFLOPS,FOP Count,Avg Run Time (s),Format Time (s),Total Time (s),Verification,Iters,Block Row,Block Col,K-Bound,Threads,Rows,Cols,NNZ,NNZ*2,Max Cols,Avg Cols,Col Ratio,Variance,Std Deviation
BCSR OMP Transpose,O2,10243766664.636309,10243.766665,10.243767,560791296,0.063812,7.186819,7.250631,1152,10,2,2,128,8,36417,36417,2190591,4381182,184,60,3.000000,753,27
BCSR OMP Transpose,O2,9710129193.251753,9710.129193,9.710129,560791296,0.061020,7.242681,7.303701,1152,10,4,4,128,8,36417,36417,2190591,4381182,184,60,3.000000,753,27
BCSR OMP Transpose,O2,5298677388.730863,5298.677389,5.298677,560791296,0.109887,7.279684,7.389571,1152,10,16,16,128,8,36417,36417,2190591,4381182,184,60,3.000000,753,27
BCSR OMP Transpose,O2,17824112639.229691,17824.112639,17.824113,560791296,0.035674,7.189346,7.225020,1152,10,2,2,128,16,36417,36417,2190591,4381182,184,60,3.000000,753,27
BCSR OMP Transpose,O2,17009100960.314976,17009.100960,17.009101,560791296,0.036026,7.205028,7.241055,1152,10,4,4,128,16,36417,36417,2190591,4381182,184,60,3.000000,753,27
BCSR OMP Transpose,O2,9495789365.200092,9495.789365,9.495789,560791296,0.064349,7.305148,7.369497,1152,10,16,16,128,16,36417,36417,2190591,4381182,184,60,3.000000,753,27
BCSR OMP Transpose,O2,29516387462.201782,29516.387462,29.516387,560791296,0.022323,7.227873,7.250196,1152,10,2,2,128,32,36417,36417,2190591,4381182,184,60,3.000000,753,27
BCSR OMP Transpose,O2,24459005580.874996,24459.005581,24.459006,560791296,0.027972,7.243896,7.271868,1152,10,4,4,128,32,36417,36417,2190591,4381182,184,60,3.000000,753,27
BCSR OMP Transpose,O2,13037821428.303091,13037.821428,13.037821,560791296,0.047782,7.326637,7.374419,1152,10,16,16,128,32,36417,36417,2190591,4381182,184,60,3.000000,753,27
