Name,-O,FLOPS,MFLOPS,GFLOPS,FOP Count,Avg Run Time (s),Format Time (s),Total Time (s),Verification,Iters,Block Row,Block Col,K-Bound,Threads,Rows,Cols,NNZ,NNZ*2,Max Cols,Avg Cols,Col Ratio,Variance,Std Deviation
CSR GPU,O2,1229021.704998,1.229022,0.001229,4381182,3.670219,6.844440,10.514658,0,10,1,1,16,-1,36417,36417,2190591,4381182,184,60,3.000000,753,27
CSR GPU,O2,1459093.191138,1.459093,0.001459,4381182,3.029749,6.970839,10.000588,0,10,1,1,64,-1,36417,36417,2190591,4381182,184,60,3.000000,753,27
CSR GPU,O2,1434617.410139,1.434617,0.001435,4381182,3.103562,6.945264,10.048826,0,10,1,1,128,-1,36417,36417,2190591,4381182,184,60,3.000000,753,27
