Name,-O,FLOPS,MFLOPS,GFLOPS,FOP Count,Avg Run Time (s),Format Time (s),Total Time (s),Verification,Iters,Block Row,Block Col,K-Bound,Threads,Rows,Cols,NNZ,NNZ*2,Max Cols,Avg Cols,Col Ratio,Variance,Std Deviation
ELL OMP,O2,inf,inf,inf,35049456,0.000000,7.280376,7.280376,291335,10,1,1,8,32,36417,36417,2190591,4381182,184,60,3.000000,753,27
ELL OMP,O2,3933523866.112861,3933.523866,3.933524,70098912,0.025882,7.290903,7.316785,0,10,1,1,16,32,36417,36417,2190591,4381182,184,60,3.000000,753,27
ELL OMP,O2,10524642961.083620,10524.642961,10.524643,280395648,0.031086,7.304412,7.335498,0,10,1,1,64,32,36417,36417,2190591,4381182,184,60,3.000000,753,27
ELL OMP,O2,15776931554.519489,15776.931555,15.776932,560791296,0.037964,7.298223,7.336187,0,10,1,1,128,32,36417,36417,2190591,4381182,184,60,3.000000,753,27
ELL OMP,O2,inf,inf,inf,1121582592,0.000000,7.351682,7.351682,9322751,10,1,1,256,32,36417,36417,2190591,4381182,184,60,3.000000,753,27
ELL OMP,O2,inf,inf,inf,2243165184,0.000000,7.302230,7.302230,18645503,10,1,1,512,32,36417,36417,2190591,4381182,184,60,3.000000,753,27
ELL OMP,O2,inf,inf,inf,4503855096,0.000000,7.316926,7.316926,37436675,10,1,1,1028,32,36417,36417,2190591,4381182,184,60,3.000000,753,27
