Name,Avg Run Time (s),Format Time (s),Total Time (s),GFLOPS,Verification,Iters,Block Row,Block Col,K-Bound,Threads,FOP Count,Rows,Cols,NNZ,Max Cols,Avg Cols,Variance,Std Deviation
coo_omp_O2,0.007903,15.951864,15.959767,11.794921,0,10,1,1,16,8,70098912,36417,36417,2190591,184,60,753,27
coo_omp_collapse_O2,0.017430,15.419455,15.436885,8.861829,0,10,1,1,16,8,70098912,36417,36417,2190591,184,60,753,27
coo_omp_O2,0.009059,15.735434,15.744493,11.252035,0,10,1,1,16,16,70098912,36417,36417,2190591,184,60,753,27
coo_omp_collapse_O2,0.008023,15.741642,15.749665,12.872456,0,10,1,1,16,16,70098912,36417,36417,2190591,184,60,753,27
coo_omp_O2,0.007732,15.742481,15.750213,12.603353,0,10,1,1,16,32,70098912,36417,36417,2190591,184,60,753,27
coo_omp_collapse_O2,0.006201,15.706155,15.712356,15.130045,0,10,1,1,16,32,70098912,36417,36417,2190591,184,60,753,27
