Name,-O,FLOPS,MFLOPS,GFLOPS,FOP Count,Avg Run Time (s),Format Time (s),Total Time (s),Verification,Iters,Block Row,Block Col,K-Bound,Threads,Rows,Cols,NNZ,NNZ*2,Max Cols,Avg Cols,Col Ratio,Variance,Std Deviation
BCSR Serial Transpose,O2,1055610.677086,1.055611,0.001056,5133136,4.862724,2.758800,7.621525,144,10,2,2,16,-1,36417,36417,2190591,4381182,184,60,3.000000,753,27
BCSR Serial Transpose,O2,1382701.916725,1.382702,0.001383,6753856,4.884657,2.756315,7.640972,144,10,4,4,16,-1,36417,36417,2190591,4381182,184,60,3.000000,753,27
BCSR Serial Transpose,O2,2680588.811661,2.680589,0.002681,13557248,5.058116,2.807155,7.865271,144,10,16,16,16,-1,36417,36417,2190591,4381182,184,60,3.000000,753,27
BCSR Serial Transpose,O2,1006729.780958,1.006730,0.001007,5133136,5.098825,2.564039,7.662864,576,10,2,2,64,-1,36417,36417,2190591,4381182,184,60,3.000000,753,27
BCSR Serial Transpose,O2,1322982.216492,1.322982,0.001323,6753856,5.105025,2.477813,7.582838,576,10,4,4,64,-1,36417,36417,2190591,4381182,184,60,3.000000,753,27
BCSR Serial Transpose,O2,2631775.901668,2.631776,0.002632,13557248,5.151369,2.640898,7.792267,576,10,16,16,64,-1,36417,36417,2190591,4381182,184,60,3.000000,753,27
BCSR Serial Transpose,O2,1022351.594942,1.022352,0.001022,5133136,5.020911,2.580616,7.601527,1152,10,2,2,128,-1,36417,36417,2190591,4381182,184,60,3.000000,753,27
BCSR Serial Transpose,O2,1331601.448955,1.331601,0.001332,6753856,5.071980,2.646740,7.718720,1152,10,4,4,128,-1,36417,36417,2190591,4381182,184,60,3.000000,753,27
BCSR Serial Transpose,O2,2485038.854520,2.485039,0.002485,13557248,5.455549,2.670065,8.125615,1152,10,16,16,128,-1,36417,36417,2190591,4381182,184,60,3.000000,753,27
