Name,-O,FLOPS,MFLOPS,GFLOPS,FOP Count,Avg Run Time (s),Format Time (s),Total Time (s),Verification,Iters,Block Row,Block Col,K-Bound,Threads,Rows,Cols,NNZ,NNZ*2,Max Cols,Avg Cols,Col Ratio,Variance,Std Deviation
COO Serial,O2,2708434091.504003,2708.434092,2.708434,70098912,0.025906,6.976289,7.002195,0,10,1,1,16,-1,36417,36417,2190591,4381182,184,60,3.000000,753,27
COO Serial,O2,7332631916.629237,7332.631917,7.332632,280395648,0.038250,7.001141,7.039391,0,10,1,1,64,-1,36417,36417,2190591,4381182,184,60,3.000000,753,27
COO Serial,O2,9585732204.427649,9585.732204,9.585732,560791296,0.058522,6.982445,7.040967,0,10,1,1,128,-1,36417,36417,2190591,4381182,184,60,3.000000,753,27
