Name,-O,FLOPS,MFLOPS,GFLOPS,FOP Count,Avg Run Time (s),Format Time (s),Total Time (s),Verification,Iters,Block Row,Block Col,K-Bound,Threads,Rows,Cols,NNZ,NNZ*2,Max Cols,Avg Cols,Col Ratio,Variance,Std Deviation
BCSR OMP,O2,inf,inf,inf,35049456,0.000000,2.530063,2.530063,291335,10,4,4,8,32,36417,36417,2190591,4381182,184,60,3.000000,753,27
BCSR OMP,O2,2549778045.296081,2549.778045,2.549778,70098912,0.033799,2.512678,2.546477,144,10,4,4,16,32,36417,36417,2190591,4381182,184,60,3.000000,753,27
BCSR OMP,O2,6908689478.828975,6908.689479,6.908689,280395648,0.047650,2.498840,2.546490,576,10,4,4,64,32,36417,36417,2190591,4381182,184,60,3.000000,753,27
BCSR OMP,O2,10263251486.273525,10263.251486,10.263251,560791296,0.063037,2.480279,2.543316,1152,10,4,4,128,32,36417,36417,2190591,4381182,184,60,3.000000,753,27
BCSR OMP,O2,inf,inf,inf,1121582592,0.000000,2.519860,2.519860,9322751,10,4,4,256,32,36417,36417,2190591,4381182,184,60,3.000000,753,27
BCSR OMP,O2,inf,inf,inf,2243165184,0.000000,2.506703,2.506703,18645503,10,4,4,512,32,36417,36417,2190591,4381182,184,60,3.000000,753,27
BCSR OMP,O2,inf,inf,inf,4503855096,0.000000,2.518964,2.518964,37436675,10,4,4,1028,32,36417,36417,2190591,4381182,184,60,3.000000,753,27
