Name,-O,FLOPS,MFLOPS,GFLOPS,FOP Count,Avg Run Time (s),Format Time (s),Total Time (s),Verification,Iters,Block Row,Block Col,K-Bound,Threads,Rows,Cols,NNZ,NNZ*2,Max Cols,Avg Cols,Col Ratio,Variance,Std Deviation
CSR GPU,O2,8341157639.856827,8341.157640,8.341158,70098912,0.023488,7.218245,7.241733,0,10,1,1,16,-1,36417,36417,2190591,4381182,184,60,3.000000,753,27
CSR GPU,O2,13102659646.207907,13102.659646,13.102660,280395648,0.025876,7.020940,7.046816,0,10,1,1,64,-1,36417,36417,2190591,4381182,184,60,3.000000,753,27
CSR GPU,O2,40379729265.712967,40379.729266,40.379729,560791296,0.015433,7.105648,7.121081,0,10,1,1,128,-1,36417,36417,2190591,4381182,184,60,3.000000,753,27
