Name,-O,FLOPS,MFLOPS,GFLOPS,FOP Count,Avg Run Time (s),Format Time (s),Total Time (s),Verification,Iters,Block Row,Block Col,K-Bound,Threads,Rows,Cols,NNZ,NNZ*2,Max Cols,Avg Cols,Col Ratio,Variance,Std Deviation
CSR Serial Transpose,O2,848216.614449,0.848217,0.000848,4381182,5.165172,2.401363,7.566535,0,10,1,1,16,-1,36417,36417,2190591,4381182,184,60,3.000000,753,27
CSR Serial Transpose,O2,830295.449841,0.830295,0.000830,4381182,5.276670,2.283130,7.559800,0,10,1,1,64,-1,36417,36417,2190591,4381182,184,60,3.000000,753,27
CSR Serial Transpose,O2,814222.594285,0.814223,0.000814,4381182,5.380820,2.299959,7.680779,0,10,1,1,128,-1,36417,36417,2190591,4381182,184,60,3.000000,753,27
