Name,Avg Run Time (s),Format Time (s),Total Time (s),GFLOPS,Verification,Iters,Block Row,Block Col,K-Bound,Threads,FOP Count,Rows,Cols,NNZ,Max Cols,Avg Cols,Variance,Std Deviation
bcsr_transpose_omp_O2,25.478486,128.472441,153.950927,6.328058,0,10,1,1,16,8,159549504894,36417,36417,2190591,184,60,753,27
bcsr_transpose_omp_collapse_O2,bcsr_transpose_omp_omp_O2,4.221867,129.850931,134.072797,39.789703,0,10,1,1,16,8,159549504894,36417,36417,2190591,184,60,753,27
bcsr_transpose_omp_O2,26.195872,127.103960,153.299832,6.156778,0,10,1,1,16,16,159549504894,36417,36417,2190591,184,60,753,27
bcsr_transpose_omp_collapse_O2,bcsr_transpose_omp_omp_O2,2.719808,130.008059,132.727867,61.008612,0,10,1,1,16,16,159549504894,36417,36417,2190591,184,60,753,27
bcsr_transpose_omp_O2,25.423190,129.111845,154.535035,6.344485,0,10,1,1,16,32,159549504894,36417,36417,2190591,184,60,753,27
bcsr_transpose_omp_collapse_O2,bcsr_transpose_omp_omp_O2,2.513563,129.119825,131.633388,65.601274,0,10,1,1,16,32,159549504894,36417,36417,2190591,184,60,753,27
bcsr_transpose_omp_O2,25.699989,128.754327,154.454316,7.352112,0,10,2,2,16,8,186933413712,36417,36417,2190591,184,60,753,27
bcsr_transpose_omp_collapse_O2,bcsr_transpose_omp_omp_O2,3.943385,128.863125,132.806510,48.841140,0,10,2,2,16,8,186933413712,36417,36417,2190591,184,60,753,27
bcsr_transpose_omp_O2,24.936055,128.365878,153.301933,7.510447,0,10,2,2,16,16,186933413712,36417,36417,2190591,184,60,753,27
bcsr_transpose_omp_collapse_O2,bcsr_transpose_omp_omp_O2,2.425266,127.564760,129.990026,77.376828,0,10,2,2,16,16,186933413712,36417,36417,2190591,184,60,753,27
bcsr_transpose_omp_O2,24.642722,126.685398,151.328120,7.600597,0,10,2,2,16,32,186933413712,36417,36417,2190591,184,60,753,27
bcsr_transpose_omp_collapse_O2,bcsr_transpose_omp_omp_O2,2.177478,127.784153,129.961631,88.275976,0,10,2,2,16,32,186933413712,36417,36417,2190591,184,60,753,27
bcsr_transpose_omp_O2,bcsr_transpose_omp_collapse_O2,bcsr_transpose_omp_omp_O2,bcsr_transpose_omp_O2,bcsr_transpose_omp_collapse_O2,bcsr_transpose_omp_omp_O2,bcsr_transpose_omp_O2,