Name,-O,FLOPS,MFLOPS,GFLOPS,FOP Count,Avg Run Time (s),Format Time (s),Total Time (s),Verification,Iters,Block Row,Block Col,K-Bound,Threads,Rows,Cols,NNZ,NNZ*2,Max Cols,Avg Cols,Col Ratio,Variance,Std Deviation
COO OMP,O2,26393067886.095329,26393.067886,26.393068,70098912,0.010059,2.370350,2.380409,0,10,1,1,16,8,36417,36417,2190591,4381182,184,60,3.000000,753,27
COO OMP,O2,19466990651.149731,19466.990651,19.466991,280395648,0.034424,2.286642,2.321066,0,10,1,1,64,8,36417,36417,2190591,4381182,184,60,3.000000,753,27
COO OMP,O2,29520299603.919670,29520.299604,29.520300,560791296,0.036103,2.376829,2.412933,0,10,1,1,128,8,36417,36417,2190591,4381182,184,60,3.000000,753,27
COO OMP,O2,31582608305.646751,31582.608306,31.582608,70098912,0.012068,2.289674,2.301742,0,10,1,1,16,16,36417,36417,2190591,4381182,184,60,3.000000,753,27
COO OMP,O2,76666111110.802490,76666.111111,76.666111,280395648,0.011293,2.263184,2.274477,0,10,1,1,64,16,36417,36417,2190591,4381182,184,60,3.000000,753,27
COO OMP,O2,10884643381.803411,10884.643382,10.884643,560791296,0.051929,2.288499,2.340428,0,10,1,1,128,16,36417,36417,2190591,4381182,184,60,3.000000,753,27
COO OMP,O2,79403916563.079620,79403.916563,79.403917,70098912,0.006742,2.205623,2.212365,0,10,1,1,16,32,36417,36417,2190591,4381182,184,60,3.000000,753,27
COO OMP,O2,130229026558.634247,130229.026559,130.229027,280395648,0.010180,2.303767,2.313947,0,10,1,1,64,32,36417,36417,2190591,4381182,184,60,3.000000,753,27
COO OMP,O2,120611492397.370773,120611.492397,120.611492,560791296,0.016878,2.295893,2.312771,0,10,1,1,128,32,36417,36417,2190591,4381182,184,60,3.000000,753,27
