Name,-O,FLOPS,MFLOPS,GFLOPS,FOP Count,Avg Run Time (s),Format Time (s),Total Time (s),Verification,Iters,Block Row,Block Col,K-Bound,Threads,Rows,Cols,NNZ,NNZ*2,Max Cols,Avg Cols,Col Ratio,Variance,Std Deviation
ELL OMP,O2,2023063773.637807,2023.063774,2.023064,35049456,0.022050,7.318632,7.340682,0,10,1,1,8,32,36417,36417,2190591,4381182,184,60,3.000000,753,27
ELL OMP,O2,4633872398.565981,4633.872399,4.633872,70098912,0.018970,7.384009,7.402979,0,10,1,1,16,32,36417,36417,2190591,4381182,184,60,3.000000,753,27
ELL OMP,O2,12987399064.241844,12987.399064,12.987399,280395648,0.030789,7.420450,7.451239,0,10,1,1,64,32,36417,36417,2190591,4381182,184,60,3.000000,753,27
ELL OMP,O2,19915234903.560658,19915.234904,19.915235,560791296,0.030269,7.331439,7.361708,0,10,1,1,128,32,36417,36417,2190591,4381182,184,60,3.000000,753,27
ELL OMP,O2,25149462697.560406,25149.462698,25.149463,1121582592,0.048855,7.368534,7.417389,0,10,1,1,256,32,36417,36417,2190591,4381182,184,60,3.000000,753,27
ELL OMP,O2,31653989628.423134,31653.989628,31.653990,2243165184,0.073466,7.335432,7.408898,0,10,1,1,512,32,36417,36417,2190591,4381182,184,60,3.000000,753,27
ELL OMP,O2,42932807568.765747,42932.807569,42.932808,4503855096,0.109092,7.346064,7.455156,0,10,1,1,1028,32,36417,36417,2190591,4381182,184,60,3.000000,753,27
