Name,-O,FLOPS,MFLOPS,GFLOPS,FOP Count,Avg Run Time (s),Format Time (s),Total Time (s),Verification,Iters,Block Row,Block Col,K-Bound,Threads,Rows,Cols,NNZ,NNZ*2,Max Cols,Avg Cols,Col Ratio,Variance,Std Deviation
BCSR GPU,O2,15705095979.916302,15705.095980,15.705096,70098912,0.018431,7.467218,7.485649,144,10,4,4,16,-1,36417,36417,2190591,4381182,184,60,3.000000,753,27
BCSR GPU,O2,22969891798.059471,22969.891798,22.969892,280395648,0.028904,7.347395,7.376299,576,10,4,4,64,-1,36417,36417,2190591,4381182,184,60,3.000000,753,27
BCSR GPU,O2,48702405354.413841,48702.405354,48.702405,560791296,0.019292,7.401325,7.420617,1152,10,4,4,128,-1,36417,36417,2190591,4381182,184,60,3.000000,753,27
