Name,-O,FLOPS,MFLOPS,GFLOPS,FOP Count,Avg Run Time (s),Format Time (s),Total Time (s),Verification,Iters,Block Row,Block Col,K-Bound,Threads,Rows,Cols,NNZ,NNZ*2,Max Cols,Avg Cols,Col Ratio,Variance,Std Deviation
BCSR Serial Transpose,O2,2840883317.056194,2840.883317,2.840883,560791296,0.197402,2.611046,2.808448,1152,10,2,2,128,-1,36417,36417,2190591,4381182,184,60,3.000000,753,27
BCSR Serial Transpose,O2,2242866093.154541,2242.866093,2.242866,560791296,0.250034,2.659649,2.909683,1152,10,4,4,128,-1,36417,36417,2190591,4381182,184,60,3.000000,753,27
BCSR Serial Transpose,O2,920585610.041049,920.585610,0.920586,560791296,0.609173,2.692193,3.301366,1152,10,16,16,128,-1,36417,36417,2190591,4381182,184,60,3.000000,753,27
