Name,-O,FLOPS,MFLOPS,GFLOPS,FOP Count,Avg Run Time (s),Format Time (s),Total Time (s),Verification,Iters,Block Row,Block Col,K-Bound,Threads,Rows,Cols,NNZ,NNZ*2,Max Cols,Avg Cols,Col Ratio,Variance,Std Deviation
BCSR THREADS,O2,8428622621.899066,8428.622622,8.428623,4381182,0.004478,2.541798,2.546276,144,5,2,2,16,72,36417,36417,2190591,4381182,184,60,3.000000,753,27
BCSR THREADS,O2,6436386044.650623,6436.386045,6.436386,4381182,0.004501,2.559363,2.563864,144,5,4,4,16,72,36417,36417,2190591,4381182,184,60,3.000000,753,27
BCSR THREADS,O2,2952323350.784417,2952.323351,2.952323,4381182,0.006245,2.611249,2.617494,144,5,16,16,16,72,36417,36417,2190591,4381182,184,60,3.000000,753,27
BCSR THREADS,O2,1938810467.907504,1938.810468,1.938810,4381182,0.010319,2.554627,2.564946,576,5,2,2,64,64,36417,36417,2190591,4381182,184,60,3.000000,753,27
BCSR THREADS,O2,2300725791.038236,2300.725791,2.300726,4381182,0.006186,2.560470,2.566656,576,5,4,4,64,72,36417,36417,2190591,4381182,184,60,3.000000,753,27
BCSR THREADS,O2,1040591531.062754,1040.591531,1.040592,4381182,0.008455,2.620816,2.629271,576,5,16,16,64,72,36417,36417,2190591,4381182,184,60,3.000000,753,27
BCSR THREADS,O2,974378699.423790,974.378699,0.974379,4381182,0.015823,2.542683,2.558505,1152,5,2,2,128,64,36417,36417,2190591,4381182,184,60,3.000000,753,27
BCSR THREADS,O2,642257279.520475,642.257280,0.642257,4381182,0.017608,2.547466,2.565074,1152,5,4,4,128,64,36417,36417,2190591,4381182,184,60,3.000000,753,27
BCSR THREADS,O2,227287639.337403,227.287639,0.227288,4381182,0.027133,2.622253,2.649386,1152,5,16,16,128,72,36417,36417,2190591,4381182,184,60,3.000000,753,27
