Name,-O,FLOPS,MFLOPS,GFLOPS,FOP Count,Avg Run Time (s),Format Time (s),Total Time (s),Verification,Iters,Block Row,Block Col,K-Bound,Threads,Rows,Cols,NNZ,NNZ*2,Max Cols,Avg Cols,Col Ratio,Variance,Std Deviation
COO Serial,O2,210054048.338138,210.054048,0.210054,4381182,0.020894,6.887574,6.908468,0,10,1,1,16,-1,36417,36417,2190591,4381182,184,60,3.000000,753,27
COO Serial,O2,99796366.074088,99.796366,0.099796,4381182,0.043930,6.888789,6.932719,0,10,1,1,64,-1,36417,36417,2190591,4381182,184,60,3.000000,753,27
COO Serial,O2,67370063.811560,67.370064,0.067370,4381182,0.065056,6.891490,6.956546,0,10,1,1,128,-1,36417,36417,2190591,4381182,184,60,3.000000,753,27
