Name,-O,FLOPS,MFLOPS,GFLOPS,FOP Count,Avg Run Time (s),Format Time (s),Total Time (s),Verification,Iters,Block Row,Block Col,K-Bound,Threads,Rows,Cols,NNZ,NNZ*2,Max Cols,Avg Cols,Col Ratio,Variance,Std Deviation
CSR OMP,O2,516792754.624997,516.792755,0.516793,4381182,0.021237,6.864854,6.886091,0,10,1,1,16,8,36417,36417,2190591,4381182,184,60,3.000000,753,27
CSR OMP,O2,271878902.396034,271.878902,0.271879,4381182,0.028607,6.873082,6.901689,0,10,1,1,64,8,36417,36417,2190591,4381182,184,60,3.000000,753,27
CSR OMP,O2,188594392.779496,188.594393,0.188594,4381182,0.030792,6.916128,6.946920,0,10,1,1,128,8,36417,36417,2190591,4381182,184,60,3.000000,753,27
CSR OMP,O2,411681277.680741,411.681278,0.411681,4381182,0.024907,6.875874,6.900781,0,10,1,1,16,16,36417,36417,2190591,4381182,184,60,3.000000,753,27
CSR OMP,O2,347771283.194769,347.771283,0.347771,4381182,0.023912,6.899174,6.923086,0,10,1,1,64,16,36417,36417,2190591,4381182,184,60,3.000000,753,27
CSR OMP,O2,189637198.832086,189.637199,0.189637,4381182,0.026129,6.889113,6.915242,0,10,1,1,128,16,36417,36417,2190591,4381182,184,60,3.000000,753,27
CSR OMP,O2,705599595.056740,705.599595,0.705600,4381182,0.019248,6.891063,6.910311,0,10,1,1,16,32,36417,36417,2190591,4381182,184,60,3.000000,753,27
CSR OMP,O2,178112105.709682,178.112106,0.178112,4381182,0.025887,6.897279,6.923166,0,10,1,1,64,32,36417,36417,2190591,4381182,184,60,3.000000,753,27
CSR OMP,O2,223273241.084861,223.273241,0.223273,4381182,0.028604,6.955877,6.984481,0,10,1,1,128,32,36417,36417,2190591,4381182,184,60,3.000000,753,27
