Name,-O,FLOPS,MFLOPS,GFLOPS,FOP Count,Avg Run Time (s),Format Time (s),Total Time (s),Verification,Iters,Block Row,Block Col,K-Bound,Threads,Rows,Cols,NNZ,NNZ*2,Max Cols,Avg Cols,Col Ratio,Variance,Std Deviation
CSR OMP,O2,inf,inf,inf,35049456,0.000000,2.303449,2.303449,291335,10,1,1,8,32,36417,36417,2190591,4381182,184,60,3.000000,753,27
CSR OMP,O2,93844026804.637375,93844.026805,93.844027,70098912,0.008050,2.339905,2.347955,0,10,1,1,16,32,36417,36417,2190591,4381182,184,60,3.000000,753,27
CSR OMP,O2,93755448344.451050,93755.448344,93.755448,280395648,0.013449,2.326170,2.339619,0,10,1,1,64,32,36417,36417,2190591,4381182,184,60,3.000000,753,27
CSR OMP,O2,67316394685.277695,67316.394685,67.316395,560791296,0.024112,2.309365,2.333476,0,10,1,1,128,32,36417,36417,2190591,4381182,184,60,3.000000,753,27
CSR OMP,O2,inf,inf,inf,1121582592,0.000000,2.279318,2.279318,9322751,10,1,1,256,32,36417,36417,2190591,4381182,184,60,3.000000,753,27
CSR OMP,O2,inf,inf,inf,2243165184,0.000000,2.220840,2.220840,18645503,10,1,1,512,32,36417,36417,2190591,4381182,184,60,3.000000,753,27
CSR OMP,O2,inf,inf,inf,4503855096,0.000000,2.300753,2.300753,37436675,10,1,1,1028,32,36417,36417,2190591,4381182,184,60,3.000000,753,27
