Name,-O,FLOPS,MFLOPS,GFLOPS,FOP Count,Avg Run Time (s),Format Time (s),Total Time (s),Verification,Iters,Block Row,Block Col,K-Bound,Threads,Rows,Cols,NNZ,NNZ*2,Max Cols,Avg Cols,Col Ratio,Variance,Std Deviation
BCSR GPU,O2,1795315.920232,1.795316,0.001795,4381182,2.441273,7.122403,9.563676,144,10,4,4,16,-1,36417,36417,2190591,4381182,184,60,3.000000,753,27
BCSR GPU,O2,1749438.287404,1.749438,0.001749,4381182,2.505283,7.214692,9.719975,576,10,4,4,64,-1,36417,36417,2190591,4381182,184,60,3.000000,753,27
BCSR GPU,O2,1745287.632416,1.745288,0.001745,4381182,2.511329,7.195457,9.706786,1152,10,4,4,128,-1,36417,36417,2190591,4381182,184,60,3.000000,753,27
