Name,Avg Run Time (s),Format Time (s),Total Time (s),GFLOPS,Verification,Iters,Block Row,Block Col,K-Bound,Threads,FOP Count,Rows,Cols,NNZ,Max Cols,Avg Cols,Variance,Std Deviation
ell_omp_O2,0.029309,15.167561,15.196870,16695.292562,0,10,1,1,16,8,488040823152,36417,36417,2190591,184,60,753,27
ell_omp_collapse_O2,0.038349,15.139021,15.177370,12751.161407,0,10,1,1,16,8,488040823152,36417,36417,2190591,184,60,753,27
ell_omp_O2,0.018563,15.149708,15.168271,26452.344110,0,10,1,1,16,16,488040823152,36417,36417,2190591,184,60,753,27
ell_omp_collapse_O2,0.023758,15.163027,15.186785,20662.776877,0,10,1,1,16,16,488040823152,36417,36417,2190591,184,60,753,27
ell_omp_O2,0.013875,15.187489,15.201364,37288.182279,0,10,1,1,16,32,488040823152,36417,36417,2190591,184,60,753,27
ell_omp_collapse_O2,0.016433,15.166363,15.182796,30872.801966,0,10,1,1,16,32,488040823152,36417,36417,2190591,184,60,753,27
