Name,-O,FLOPS,MFLOPS,GFLOPS,FOP Count,Avg Run Time (s),Format Time (s),Total Time (s),Verification,Iters,Block Row,Block Col,K-Bound,Threads,Rows,Cols,NNZ,NNZ*2,Max Cols,Avg Cols,Col Ratio,Variance,Std Deviation
ELL OMP,O2,34904278944.926750,34904.278945,34.904279,35049456,0.007842,2.627211,2.635053,0,10,1,1,8,32,36417,36417,2190591,4381182,184,60,3.000000,753,27
ELL OMP,O2,25711571601.751808,25711.571602,25.711572,70098912,0.013676,2.614774,2.628450,0,10,1,1,16,32,36417,36417,2190591,4381182,184,60,3.000000,753,27
ELL OMP,O2,5855634901.257725,5855.634901,5.855635,280395648,0.049799,2.650581,2.700380,0,10,1,1,64,32,36417,36417,2190591,4381182,184,60,3.000000,753,27
ELL OMP,O2,8844433876.734020,8844.433877,8.844434,560791296,0.064764,2.628280,2.693044,0,10,1,1,128,32,36417,36417,2190591,4381182,184,60,3.000000,753,27
ELL OMP,O2,12866540351.503397,12866.540352,12.866540,1121582592,0.088426,2.601904,2.690330,0,10,1,1,256,32,36417,36417,2190591,4381182,184,60,3.000000,753,27
ELL OMP,O2,21894392888.236794,21894.392888,21.894393,2243165184,0.111547,2.613322,2.724869,0,10,1,1,512,32,36417,36417,2190591,4381182,184,60,3.000000,753,27
ELL OMP,O2,27445965941.535423,27445.965942,27.445966,4503855096,0.164527,2.586350,2.750877,0,10,1,1,1028,32,36417,36417,2190591,4381182,184,60,3.000000,753,27
