Name,-O,FLOPS,MFLOPS,GFLOPS,FOP Count,Avg Run Time (s),Format Time (s),Total Time (s),Verification,Iters,Block Row,Block Col,K-Bound,Threads,Rows,Cols,NNZ,NNZ*2,Max Cols,Avg Cols,Col Ratio,Variance,Std Deviation
COO THREADS,O2,1596959490.967471,1596.959491,1.596959,4381182,0.002804,6.948651,6.951455,0,5,1,1,16,16,36417,36417,2190591,4381182,184,60,3.000000,753,27
COO THREADS,O2,836385555.537811,836.385556,0.836386,4381182,0.006420,6.911091,6.917511,0,5,1,1,64,48,36417,36417,2190591,4381182,184,60,3.000000,753,27
COO THREADS,O2,559404836.874618,559.404837,0.559405,4381182,0.007960,6.914371,6.922331,0,5,1,1,128,48,36417,36417,2190591,4381182,184,60,3.000000,753,27
