Name,-O,FLOPS,MFLOPS,GFLOPS,FOP Count,Avg Run Time (s),Format Time (s),Total Time (s),Verification,Iters,Block Row,Block Col,K-Bound,Threads,Rows,Cols,NNZ,NNZ*2,Max Cols,Avg Cols,Col Ratio,Variance,Std Deviation
COO OMP,O2,231279106.746646,231.279107,0.231279,4381182,0.024716,6.947476,6.972193,0,10,1,1,16,8,36417,36417,2190591,4381182,184,60,3.000000,753,27
COO OMP,O2,239009640.120517,239.009640,0.239010,4381182,0.034585,6.973779,7.008364,0,10,1,1,64,8,36417,36417,2190591,4381182,184,60,3.000000,753,27
COO OMP,O2,163617922.474634,163.617922,0.163618,4381182,0.033493,7.008420,7.041913,0,10,1,1,128,8,36417,36417,2190591,4381182,184,60,3.000000,753,27
COO OMP,O2,165038930.656286,165.038931,0.165039,4381182,0.040366,7.020224,7.060590,0,10,1,1,16,16,36417,36417,2190591,4381182,184,60,3.000000,753,27
COO OMP,O2,179903435.220417,179.903435,0.179903,4381182,0.028714,7.060083,7.088797,0,10,1,1,64,16,36417,36417,2190591,4381182,184,60,3.000000,753,27
COO OMP,O2,177202175.610041,177.202176,0.177202,4381182,0.033979,7.065487,7.099466,0,10,1,1,128,16,36417,36417,2190591,4381182,184,60,3.000000,753,27
COO OMP,O2,214239221.060053,214.239221,0.214239,4381182,0.024726,7.058330,7.083056,0,10,1,1,16,32,36417,36417,2190591,4381182,184,60,3.000000,753,27
COO OMP,O2,217116304.604075,217.116305,0.217116,4381182,0.028791,7.051109,7.079900,0,10,1,1,64,32,36417,36417,2190591,4381182,184,60,3.000000,753,27
COO OMP,O2,407363872.876948,407.363873,0.407364,4381182,0.015200,7.136103,7.151303,0,10,1,1,128,32,36417,36417,2190591,4381182,184,60,3.000000,753,27
