Name,-O,FLOPS,MFLOPS,GFLOPS,FOP Count,Avg Run Time (s),Format Time (s),Total Time (s),Verification,Iters,Block Row,Block Col,K-Bound,Threads,Rows,Cols,NNZ,NNZ*2,Max Cols,Avg Cols,Col Ratio,Variance,Std Deviation
COO Serial Transpose,O2,1294999.978553,1.295000,0.001295,4381182,3.383153,6.904815,10.287968,0,10,1,1,16,-1,36417,36417,2190591,4381182,184,60,3.000000,753,27
COO Serial Transpose,O2,1275849.557018,1.275850,0.001276,4381182,3.433934,6.883639,10.317573,0,10,1,1,64,-1,36417,36417,2190591,4381182,184,60,3.000000,753,27
COO Serial Transpose,O2,1242304.383587,1.242304,0.001242,4381182,3.526658,6.875123,10.401781,0,10,1,1,128,-1,36417,36417,2190591,4381182,184,60,3.000000,753,27
