Name,-O,FLOPS,MFLOPS,GFLOPS,FOP Count,Avg Run Time (s),Format Time (s),Total Time (s),Verification,Iters,Block Row,Block Col,K-Bound,Threads,Rows,Cols,NNZ,NNZ*2,Max Cols,Avg Cols,Col Ratio,Variance,Std Deviation
BCSR OMP,O2,1816111245.150112,1816.111245,1.816111,70098912,0.053284,7.217690,7.270974,144,10,4,4,16,8,36417,36417,2190591,4381182,184,60,3.000000,753,27
BCSR OMP,O2,3617794869.730615,3617.794870,3.617795,280395648,0.133250,7.246176,7.379426,576,10,4,4,64,8,36417,36417,2190591,4381182,184,60,3.000000,753,27
BCSR OMP,O2,8825695919.658590,8825.695920,8.825696,560791296,0.068296,7.233263,7.301559,1152,10,4,4,128,8,36417,36417,2190591,4381182,184,60,3.000000,753,27
BCSR OMP,O2,1352955975.741005,1352.955976,1.352956,70098912,0.070847,7.252114,7.322961,144,10,4,4,16,16,36417,36417,2190591,4381182,184,60,3.000000,753,27
BCSR OMP,O2,4263148001.979743,4263.148002,4.263148,280395648,0.106430,7.270815,7.377245,576,10,4,4,64,16,36417,36417,2190591,4381182,184,60,3.000000,753,27
BCSR OMP,O2,4515583284.828246,4515.583285,4.515583,560791296,0.164732,7.292855,7.457587,1152,10,4,4,128,16,36417,36417,2190591,4381182,184,60,3.000000,753,27
BCSR OMP,O2,1000729294.487177,1000.729294,1.000729,70098912,0.124669,7.284334,7.409003,144,10,4,4,16,32,36417,36417,2190591,4381182,184,60,3.000000,753,27
BCSR OMP,O2,2867674344.878885,2867.674345,2.867674,280395648,0.139387,7.249222,7.388609,576,10,4,4,64,32,36417,36417,2190591,4381182,184,60,3.000000,753,27
BCSR OMP,O2,6036406995.205725,6036.406995,6.036407,560791296,0.160197,7.271703,7.431900,1152,10,4,4,128,32,36417,36417,2190591,4381182,184,60,3.000000,753,27
