Name,-O,FLOPS,MFLOPS,GFLOPS,FOP Count,Avg Run Time (s),Format Time (s),Total Time (s),Verification,Iters,Block Row,Block Col,K-Bound,Threads,Rows,Cols,NNZ,NNZ*2,Max Cols,Avg Cols,Col Ratio,Variance,Std Deviation
CSR GPU,O2,494483.251046,0.494483,0.000494,4381182,8.866277,14.818797,23.685075,0,10,1,1,16,-1,36417,36417,2190591,4381182,184,60,3.000000,753,27
CSR GPU,O2,487579.668084,0.487580,0.000488,4381182,8.991765,14.774779,23.766544,0,10,1,1,64,-1,36417,36417,2190591,4381182,184,60,3.000000,753,27
CSR GPU,O2,428085.902392,0.428086,0.000428,4381182,10.405910,14.834741,25.240651,0,10,1,1,128,-1,36417,36417,2190591,4381182,184,60,3.000000,753,27
