Name,-O,FLOPS,MFLOPS,GFLOPS,FOP Count,Avg Run Time (s),Format Time (s),Total Time (s),Verification,Iters,Block Row,Block Col,K-Bound,Threads,Rows,Cols,NNZ,NNZ*2,Max Cols,Avg Cols,Col Ratio,Variance,Std Deviation
COO OMP Transpose,O2,18175274.843916,18.175275,0.018175,4381182,0.245961,2.381709,2.627670,0,10,1,1,16,8,36417,36417,2190591,4381182,184,60,3.000000,753,27
COO OMP Transpose,O2,17972319.179064,17.972319,0.017972,4381182,0.247782,2.364445,2.612227,0,10,1,1,64,8,36417,36417,2190591,4381182,184,60,3.000000,753,27
COO OMP Transpose,O2,18160883.930208,18.160884,0.018161,4381182,0.244329,2.343442,2.587771,0,10,1,1,128,8,36417,36417,2190591,4381182,184,60,3.000000,753,27
COO OMP Transpose,O2,18460125.616635,18.460126,0.018460,4381182,0.239963,2.409249,2.649212,0,10,1,1,16,16,36417,36417,2190591,4381182,184,60,3.000000,753,27
COO OMP Transpose,O2,17947004.796333,17.947005,0.017947,4381182,0.251315,2.388573,2.639888,0,10,1,1,64,16,36417,36417,2190591,4381182,184,60,3.000000,753,27
COO OMP Transpose,O2,17483500.622789,17.483501,0.017484,4381182,0.254718,2.413522,2.668240,0,10,1,1,128,16,36417,36417,2190591,4381182,184,60,3.000000,753,27
COO OMP Transpose,O2,18261569.141625,18.261569,0.018262,4381182,0.243049,2.366343,2.609392,0,10,1,1,16,32,36417,36417,2190591,4381182,184,60,3.000000,753,27
COO OMP Transpose,O2,18295640.724302,18.295641,0.018296,4381182,0.242174,2.378914,2.621088,0,10,1,1,64,32,36417,36417,2190591,4381182,184,60,3.000000,753,27
COO OMP Transpose,O2,18314960.516142,18.314961,0.018315,4381182,0.241739,2.373979,2.615718,0,10,1,1,128,32,36417,36417,2190591,4381182,184,60,3.000000,753,27
