Name,-O,FLOPS,MFLOPS,GFLOPS,FOP Count,Avg Run Time (s),Format Time (s),Total Time (s),Verification,Iters,Block Row,Block Col,K-Bound,Threads,Rows,Cols,NNZ,NNZ*2,Max Cols,Avg Cols,Col Ratio,Variance,Std Deviation
COO OMP Transpose,O2,14974892736.025738,14974.892736,14.974893,560791296,0.045615,6.927581,6.973196,0,10,1,1,128,8,36417,36417,2190591,4381182,184,60,3.000000,753,27
COO OMP Transpose,O2,25568770691.438965,25568.770691,25.568771,560791296,0.025464,6.932834,6.958298,0,10,1,1,128,16,36417,36417,2190591,4381182,184,60,3.000000,753,27
COO OMP Transpose,O2,36117917574.338684,36117.917574,36.117918,560791296,0.018976,6.977747,6.996723,0,10,1,1,128,32,36417,36417,2190591,4381182,184,60,3.000000,753,27
