Name,-O,FLOPS,MFLOPS,GFLOPS,FOP Count,Avg Run Time (s),Format Time (s),Total Time (s),Verification,Iters,Block Row,Block Col,K-Bound,Threads,Rows,Cols,NNZ,NNZ*2,Max Cols,Avg Cols,Col Ratio,Variance,Std Deviation
ELL OMP,O2,inf,inf,inf,35049456,0.000000,2.628821,2.628821,291335,10,1,1,8,32,36417,36417,2190591,4381182,184,60,3.000000,753,27
ELL OMP,O2,32035369483.215096,32035.369483,32.035369,70098912,0.014800,2.608462,2.623262,0,10,1,1,16,32,36417,36417,2190591,4381182,184,60,3.000000,753,27
ELL OMP,O2,5703881112.549504,5703.881113,5.703881,280395648,0.050534,2.603853,2.654387,0,10,1,1,64,32,36417,36417,2190591,4381182,184,60,3.000000,753,27
ELL OMP,O2,8600163591.235313,8600.163591,8.600164,560791296,0.067025,2.622504,2.689529,0,10,1,1,128,32,36417,36417,2190591,4381182,184,60,3.000000,753,27
ELL OMP,O2,inf,inf,inf,1121582592,0.000000,2.590718,2.590718,9322751,10,1,1,256,32,36417,36417,2190591,4381182,184,60,3.000000,753,27
ELL OMP,O2,inf,inf,inf,2243165184,0.000000,2.570053,2.570053,18645503,10,1,1,512,32,36417,36417,2190591,4381182,184,60,3.000000,753,27
ELL OMP,O2,inf,inf,inf,4503855096,0.000000,2.512702,2.512702,37436675,10,1,1,1028,32,36417,36417,2190591,4381182,184,60,3.000000,753,27
