Name,-O,FLOPS,MFLOPS,GFLOPS,FOP Count,Avg Run Time (s),Format Time (s),Total Time (s),Verification,Iters,Block Row,Block Col,K-Bound,Threads,Rows,Cols,NNZ,NNZ*2,Max Cols,Avg Cols,Col Ratio,Variance,Std Deviation
BCSR OMP Transpose,O2,4795078529.253868,4795.078529,4.795079,560791296,0.117013,2.512071,2.629084,1152,10,2,2,128,8,36417,36417,2190591,4381182,184,60,3.000000,753,27
BCSR OMP Transpose,O2,3781954206.086524,3781.954206,3.781954,560791296,0.148322,2.558790,2.707112,1152,10,4,4,128,8,36417,36417,2190591,4381182,184,60,3.000000,753,27
BCSR OMP Transpose,O2,3090680143.239925,3090.680143,3.090680,560791296,0.181481,2.614313,2.795794,1152,10,16,16,128,8,36417,36417,2190591,4381182,184,60,3.000000,753,27
BCSR OMP Transpose,O2,6246145669.093332,6246.145669,6.246146,560791296,0.090003,2.541841,2.631844,1152,10,2,2,128,16,36417,36417,2190591,4381182,184,60,3.000000,753,27
BCSR OMP Transpose,O2,5612234512.250630,5612.234512,5.612235,560791296,0.100187,2.544835,2.645022,1152,10,4,4,128,16,36417,36417,2190591,4381182,184,60,3.000000,753,27
BCSR OMP Transpose,O2,3999242710.929537,3999.242711,3.999243,560791296,0.140448,2.620440,2.760888,1152,10,16,16,128,16,36417,36417,2190591,4381182,184,60,3.000000,753,27
BCSR OMP Transpose,O2,8502046946.922621,8502.046947,8.502047,560791296,0.067870,2.551568,2.619438,1152,10,2,2,128,32,36417,36417,2190591,4381182,184,60,3.000000,753,27
BCSR OMP Transpose,O2,8767950668.031691,8767.950668,8.767951,560791296,0.066345,2.442677,2.509022,1152,10,4,4,128,32,36417,36417,2190591,4381182,184,60,3.000000,753,27
BCSR OMP Transpose,O2,6244271788.170441,6244.271788,6.244272,560791296,0.093270,2.611508,2.704778,1152,10,16,16,128,32,36417,36417,2190591,4381182,184,60,3.000000,753,27
