Name,-O,FLOPS,MFLOPS,GFLOPS,FOP Count,Avg Run Time (s),Format Time (s),Total Time (s),Verification,Iters,Block Row,Block Col,K-Bound,Threads,Rows,Cols,NNZ,NNZ*2,Max Cols,Avg Cols,Col Ratio,Variance,Std Deviation
ELL GPU,O2,13184128801.490131,13184.128801,13.184129,70098912,0.016393,7.568731,7.585124,0,10,1,1,16,-1,36417,36417,2190591,4381182,184,60,3.000000,753,27
ELL GPU,O2,13295937164.945095,13295.937165,13.295937,280395648,0.029236,7.435391,7.464627,0,10,1,1,64,-1,36417,36417,2190591,4381182,184,60,3.000000,753,27
ELL GPU,O2,19018055347.475124,19018.055347,19.018055,560791296,0.033680,7.379655,7.413334,0,10,1,1,128,-1,36417,36417,2190591,4381182,184,60,3.000000,753,27
