Name,Avg Run Time (s),Format Time (s),Total Time (s),GFLOPS,Verification,Iters,Block Row,Block Col,K-Bound,Threads,FOP Count,Rows,Cols,NNZ,Max Cols,Avg Cols,Variance,Std Deviation
coo_transpose_omp_O2,25.638065,15.134812,40.772877,0.002748,0,10,1,1,16,8,70098912,36417,36417,2190591,184,60,753,27
coo_transpose_omp_collapse_O2,25.423675,16.456358,41.880033,0.002780,0,10,1,1,16,8,70098912,36417,36417,2190591,184,60,753,27
coo_transpose_omp_omp_O2,2.287007,16.200717,18.487724,0.030833,0,10,1,1,16,8,70098912,36417,36417,2190591,184,60,753,27
coo_transpose_omp_O2,25.474060,15.956524,41.430584,0.002768,0,10,1,1,16,16,70098912,36417,36417,2190591,184,60,753,27
coo_transpose_omp_collapse_O2,26.420695,16.236567,42.657262,0.002667,0,10,1,1,16,16,70098912,36417,36417,2190591,184,60,753,27
coo_transpose_omp_omp_O2,2.563661,15.310785,17.874447,0.027447,0,10,1,1,16,16,70098912,36417,36417,2190591,184,60,753,27
coo_transpose_omp_O2,24.589824,14.909593,39.499418,0.002853,0,10,1,1,16,32,70098912,36417,36417,2190591,184,60,753,27
coo_transpose_omp_collapse_O2,24.587910,14.826775,39.414685,0.002853,0,10,1,1,16,32,70098912,36417,36417,2190591,184,60,753,27
coo_transpose_omp_omp_O2,2.516710,15.014640,17.531350,0.027916,0,10,1,1,16,32,70098912,36417,36417,2190591,184,60,753,27
