Name,-O,FLOPS,MFLOPS,GFLOPS,FOP Count,Avg Run Time (s),Format Time (s),Total Time (s),Verification,Iters,Block Row,Block Col,K-Bound,Threads,Rows,Cols,NNZ,NNZ*2,Max Cols,Avg Cols,Col Ratio,Variance,Std Deviation
ELL OMP,O2,2740751077.826738,2740.751078,2.740751,70098912,0.041824,7.347284,7.389108,0,10,1,1,16,8,36417,36417,2190591,4381182,184,60,3.000000,753,27
ELL OMP,O2,7615218897.429660,7615.218897,7.615219,280395648,0.043711,7.342039,7.385750,0,10,1,1,64,8,36417,36417,2190591,4381182,184,60,3.000000,753,27
ELL OMP,O2,14816482134.548426,14816.482135,14.816482,560791296,0.041057,7.365698,7.406755,0,10,1,1,128,8,36417,36417,2190591,4381182,184,60,3.000000,753,27
ELL OMP,O2,4005746925.050340,4005.746925,4.005747,70098912,0.023737,7.357264,7.381001,0,10,1,1,16,16,36417,36417,2190591,4381182,184,60,3.000000,753,27
ELL OMP,O2,12414079505.409351,12414.079505,12.414080,280395648,0.029898,7.393952,7.423850,0,10,1,1,64,16,36417,36417,2190591,4381182,184,60,3.000000,753,27
ELL OMP,O2,16313417047.004421,16313.417047,16.313417,560791296,0.038304,7.376059,7.414364,0,10,1,1,128,16,36417,36417,2190591,4381182,184,60,3.000000,753,27
ELL OMP,O2,4613722128.706468,4613.722129,4.613722,70098912,0.024633,7.380261,7.404894,0,10,1,1,16,32,36417,36417,2190591,4381182,184,60,3.000000,753,27
ELL OMP,O2,13848670019.444727,13848.670019,13.848670,280395648,0.023139,7.345444,7.368583,0,10,1,1,64,32,36417,36417,2190591,4381182,184,60,3.000000,753,27
ELL OMP,O2,21329497535.640228,21329.497536,21.329498,560791296,0.031715,7.353234,7.384949,0,10,1,1,128,32,36417,36417,2190591,4381182,184,60,3.000000,753,27
