Name,-O,FLOPS,MFLOPS,GFLOPS,FOP Count,Avg Run Time (s),Format Time (s),Total Time (s),Verification,Iters,Block Row,Block Col,K-Bound,Threads,Rows,Cols,NNZ,NNZ*2,Max Cols,Avg Cols,Col Ratio,Variance,Std Deviation
CSR OMP,O2,2622708585.850871,2622.708586,2.622709,35049456,0.022088,6.957121,6.979210,0,10,1,1,8,32,36417,36417,2190591,4381182,184,60,3.000000,753,27
CSR OMP,O2,6637718567.625814,6637.718568,6.637719,70098912,0.023890,6.988151,7.012041,0,10,1,1,16,32,36417,36417,2190591,4381182,184,60,3.000000,753,27
CSR OMP,O2,13160991992.302807,13160.991992,13.160992,280395648,0.026559,7.004072,7.030631,0,10,1,1,64,32,36417,36417,2190591,4381182,184,60,3.000000,753,27
CSR OMP,O2,23676907648.753876,23676.907649,23.676908,560791296,0.027657,6.984006,7.011663,0,10,1,1,128,32,36417,36417,2190591,4381182,184,60,3.000000,753,27
CSR OMP,O2,44866073288.011978,44866.073288,44.866073,1121582592,0.036668,7.006682,7.043350,0,10,1,1,256,32,36417,36417,2190591,4381182,184,60,3.000000,753,27
CSR OMP,O2,46180706577.548080,46180.706578,46.180707,2243165184,0.053587,6.994763,7.048351,0,10,1,1,512,32,36417,36417,2190591,4381182,184,60,3.000000,753,27
CSR OMP,O2,66059652244.315506,66059.652244,66.059652,4503855096,0.083870,6.987978,7.071848,0,10,1,1,1028,32,36417,36417,2190591,4381182,184,60,3.000000,753,27
