Name,-O,FLOPS,MFLOPS,GFLOPS,FOP Count,Avg Run Time (s),Format Time (s),Total Time (s),Verification,Iters,Block Row,Block Col,K-Bound,Threads,Rows,Cols,NNZ,NNZ*2,Max Cols,Avg Cols,Col Ratio,Variance,Std Deviation
BCSR GPU,O2,8106257980.221852,8106.257980,8.106258,5133136,0.008192,2.501985,2.510177,144,10,2,2,16,-1,36417,36417,2190591,4381182,184,60,3.000000,753,27
BCSR GPU,O2,9183215652.100805,9183.215652,9.183216,6753856,0.010807,2.658901,2.669708,144,10,4,4,16,-1,36417,36417,2190591,4381182,184,60,3.000000,753,27
BCSR GPU,O2,9122295894.923763,9122.295895,9.122296,13557248,0.010285,2.716831,2.727115,144,10,16,16,16,-1,36417,36417,2190591,4381182,184,60,3.000000,753,27
BCSR GPU,O2,1013473003.803437,1013.473004,1.013473,5133136,0.015310,2.640354,2.655664,576,10,2,2,64,-1,36417,36417,2190591,4381182,184,60,3.000000,753,27
BCSR GPU,O2,3109341500.605978,3109.341501,3.109342,6753856,0.012132,2.669091,2.681222,576,10,4,4,64,-1,36417,36417,2190591,4381182,184,60,3.000000,753,27
BCSR GPU,O2,3179021900.398184,3179.021900,3.179022,13557248,0.015426,2.745159,2.760585,576,10,16,16,64,-1,36417,36417,2190591,4381182,184,60,3.000000,753,27
BCSR GPU,O2,1550980000.527830,1550.980001,1.550980,5133136,0.013834,2.632246,2.646080,1152,10,2,2,128,-1,36417,36417,2190591,4381182,184,60,3.000000,753,27
BCSR GPU,O2,1498498136.906352,1498.498137,1.498498,6753856,0.014534,2.642708,2.657241,1152,10,4,4,128,-1,36417,36417,2190591,4381182,184,60,3.000000,753,27
BCSR GPU,O2,904278599.785127,904.278600,0.904279,13557248,0.030542,2.704297,2.734839,1152,10,16,16,128,-1,36417,36417,2190591,4381182,184,60,3.000000,753,27
