Name,-O,FLOPS,MFLOPS,GFLOPS,FOP Count,Avg Run Time (s),Format Time (s),Total Time (s),Verification,Iters,Block Row,Block Col,K-Bound,Threads,Rows,Cols,NNZ,NNZ*2,Max Cols,Avg Cols,Col Ratio,Variance,Std Deviation
ELL OMP,O2,542659066.984349,542.659067,0.542659,4381182,0.024549,2.641607,2.666156,0,10,1,1,16,8,36417,36417,2190591,4381182,184,60,3.000000,753,27
ELL OMP,O2,152988587.689347,152.988588,0.152989,4381182,0.053835,2.665822,2.719657,0,10,1,1,64,8,36417,36417,2190591,4381182,184,60,3.000000,753,27
ELL OMP,O2,36625121.061588,36.625121,0.036625,4381182,0.119701,2.672733,2.792433,0,10,1,1,128,8,36417,36417,2190591,4381182,184,60,3.000000,753,27
ELL OMP,O2,1396377205.443541,1396.377205,1.396377,4381182,0.011610,2.604866,2.616476,0,10,1,1,16,16,36417,36417,2190591,4381182,184,60,3.000000,753,27
ELL OMP,O2,283704063.807632,283.704064,0.283704,4381182,0.039409,2.657851,2.697260,0,10,1,1,64,16,36417,36417,2190591,4381182,184,60,3.000000,753,27
ELL OMP,O2,131230019.433000,131.230019,0.131230,4381182,0.061933,2.660554,2.722487,0,10,1,1,128,16,36417,36417,2190591,4381182,184,60,3.000000,753,27
ELL OMP,O2,1247496009.418312,1247.496009,1.247496,4381182,0.018051,2.663925,2.681975,0,10,1,1,16,32,36417,36417,2190591,4381182,184,60,3.000000,753,27
ELL OMP,O2,598188860.313156,598.188860,0.598189,4381182,0.026314,2.659291,2.685605,0,10,1,1,64,32,36417,36417,2190591,4381182,184,60,3.000000,753,27
ELL OMP,O2,99693704.802539,99.693705,0.099694,4381182,0.061456,2.658138,2.719594,0,10,1,1,128,32,36417,36417,2190591,4381182,184,60,3.000000,753,27
