Name,-O,FLOPS,MFLOPS,GFLOPS,FOP Count,Avg Run Time (s),Format Time (s),Total Time (s),Verification,Iters,Block Row,Block Col,K-Bound,Threads,Rows,Cols,NNZ,NNZ*2,Max Cols,Avg Cols,Col Ratio,Variance,Std Deviation
ELL THREADS,O2,472401349.566717,472.401350,0.472401,4381182,0.012044,7.494541,7.506585,0,5,1,1,16,64,36417,36417,2190591,4381182,184,60,3.000000,753,27
ELL THREADS,O2,379089908.794358,379.089909,0.379090,4381182,0.012193,7.517252,7.529445,0,5,1,1,64,48,36417,36417,2190591,4381182,184,60,3.000000,753,27
ELL THREADS,O2,271637650.964387,271.637651,0.271638,4381182,0.024983,7.505327,7.530310,0,5,1,1,128,72,36417,36417,2190591,4381182,184,60,3.000000,753,27
