Name,-O,FLOPS,MFLOPS,GFLOPS,FOP Count,Avg Run Time (s),Format Time (s),Total Time (s),Verification,Iters,Block Row,Block Col,K-Bound,Threads,Rows,Cols,NNZ,NNZ*2,Max Cols,Avg Cols,Col Ratio,Variance,Std Deviation
COO OMP,O2,176013995.490958,176.013995,0.176014,4381182,0.029483,6.856326,6.885809,0,10,1,1,16,8,36417,36417,2190591,4381182,184,60,3.000000,753,27
COO OMP,O2,168563845.808671,168.563846,0.168564,4381182,0.033885,6.927920,6.961805,0,10,1,1,64,8,36417,36417,2190591,4381182,184,60,3.000000,753,27
COO OMP,O2,151086876.072831,151.086876,0.151087,4381182,0.030570,6.940760,6.971330,84,10,1,1,128,8,36417,36417,2190591,4381182,184,60,3.000000,753,27
COO OMP,O2,179683519.130834,179.683519,0.179684,4381182,0.030326,6.938747,6.969073,0,10,1,1,16,16,36417,36417,2190591,4381182,184,60,3.000000,753,27
COO OMP,O2,248918680.926213,248.918681,0.248919,4381182,0.032026,7.005439,7.037465,0,10,1,1,64,16,36417,36417,2190591,4381182,184,60,3.000000,753,27
COO OMP,O2,192519836.354962,192.519836,0.192520,4381182,0.027579,6.897585,6.925164,0,10,1,1,128,16,36417,36417,2190591,4381182,184,60,3.000000,753,27
COO OMP,O2,210190430.639074,210.190431,0.210190,4381182,0.031210,6.926155,6.957365,0,10,1,1,16,32,36417,36417,2190591,4381182,184,60,3.000000,753,27
COO OMP,O2,313431093.844621,313.431094,0.313431,4381182,0.027889,7.032475,7.060364,0,10,1,1,64,32,36417,36417,2190591,4381182,184,60,3.000000,753,27
COO OMP,O2,265782926.816252,265.782927,0.265783,4381182,0.034478,6.993969,7.028447,0,10,1,1,128,32,36417,36417,2190591,4381182,184,60,3.000000,753,27
