Name,-O,FLOPS,MFLOPS,GFLOPS,FOP Count,Avg Run Time (s),Format Time (s),Total Time (s),Verification,Iters,Block Row,Block Col,K-Bound,Threads,Rows,Cols,NNZ,NNZ*2,Max Cols,Avg Cols,Col Ratio,Variance,Std Deviation
COO OMP,O2,inf,inf,inf,35049456,0.000000,2.306852,2.306852,291335,10,1,1,8,32,36417,36417,2190591,4381182,184,60,3.000000,753,27
COO OMP,O2,95293275819.020187,95293.275819,95.293276,70098912,0.007198,2.382393,2.389591,0,10,1,1,16,32,36417,36417,2190591,4381182,184,60,3.000000,753,27
COO OMP,O2,126588916545.807175,126588.916546,126.588917,280395648,0.010448,2.380722,2.391169,0,10,1,1,64,32,36417,36417,2190591,4381182,184,60,3.000000,753,27
COO OMP,O2,80039952114.651062,80039.952115,80.039952,560791296,0.024279,2.355177,2.379456,0,10,1,1,128,32,36417,36417,2190591,4381182,184,60,3.000000,753,27
COO OMP,O2,inf,inf,inf,1121582592,0.000000,2.349161,2.349161,9322751,10,1,1,256,32,36417,36417,2190591,4381182,184,60,3.000000,753,27
COO OMP,O2,inf,inf,inf,2243165184,0.000000,2.359223,2.359223,18645503,10,1,1,512,32,36417,36417,2190591,4381182,184,60,3.000000,753,27
COO OMP,O2,inf,inf,inf,4503855096,0.000000,2.335842,2.335842,37436675,10,1,1,1028,32,36417,36417,2190591,4381182,184,60,3.000000,753,27
