Name,-O,FLOPS,MFLOPS,GFLOPS,FOP Count,Avg Run Time (s),Format Time (s),Total Time (s),Verification,Iters,Block Row,Block Col,K-Bound,Threads,Rows,Cols,NNZ,NNZ*2,Max Cols,Avg Cols,Col Ratio,Variance,Std Deviation
BCSR Serial,O2,2592271792.172956,2592.271792,2.592272,70098912,0.027081,7.206152,7.233233,144,10,4,4,16,-1,36417,36417,2190591,4381182,184,60,3.000000,753,27
BCSR Serial,O2,6389069885.329458,6389.069885,6.389070,280395648,0.043920,7.223269,7.267189,576,10,4,4,64,-1,36417,36417,2190591,4381182,184,60,3.000000,753,27
BCSR Serial,O2,7267545121.822131,7267.545122,7.267545,560791296,0.077234,7.217218,7.294452,1152,10,4,4,128,-1,36417,36417,2190591,4381182,184,60,3.000000,753,27
