Name,-O,FLOPS,MFLOPS,GFLOPS,FOP Count,Avg Run Time (s),Format Time (s),Total Time (s),Verification,Iters,Block Row,Block Col,K-Bound,Threads,Rows,Cols,NNZ,NNZ*2,Max Cols,Avg Cols,Col Ratio,Variance,Std Deviation
COO OMP,O2,6851353776.406015,6851.353776,6.851354,35049456,0.018815,7.009606,7.028421,0,10,1,1,8,32,36417,36417,2190591,4381182,184,60,3.000000,753,27
COO OMP,O2,12325751081.009506,12325.751081,12.325751,70098912,0.010975,7.018229,7.029204,0,10,1,1,16,32,36417,36417,2190591,4381182,184,60,3.000000,753,27
COO OMP,O2,16532174417.519812,16532.174418,16.532174,280395648,0.023839,7.046945,7.070784,0,10,1,1,64,32,36417,36417,2190591,4381182,184,60,3.000000,753,27
COO OMP,O2,39393167909.236984,39393.167909,39.393168,560791296,0.019226,7.064809,7.084035,0,10,1,1,128,32,36417,36417,2190591,4381182,184,60,3.000000,753,27
COO OMP,O2,45603948244.243874,45603.948244,45.603948,1121582592,0.029105,7.050587,7.079692,0,10,1,1,256,32,36417,36417,2190591,4381182,184,60,3.000000,753,27
COO OMP,O2,61071317223.173294,61071.317223,61.071317,2243165184,0.043438,6.982267,7.025705,0,10,1,1,512,32,36417,36417,2190591,4381182,184,60,3.000000,753,27
COO OMP,O2,71131726960.222595,71131.726960,71.131727,4503855096,0.068970,6.941220,7.010189,0,10,1,1,1028,32,36417,36417,2190591,4381182,184,60,3.000000,753,27
