Name,Avg Run Time (s),Format Time (s),Total Time (s),GFLOPS,Verification,Iters,Block Row,Block Col,K-Bound,Threads,FOP Count,Rows,Cols,NNZ,Max Cols,Avg Cols,Variance,Std Deviation
ell_transpose_omp_O2,25.284654,15.125089,40.409743,19.394158,0,10,1,1,16,8,488040823152,36417,36417,2190591,184,60,753,27
ell_transpose_omp_collapse_O2,24.797708,15.723107,40.520814,19.713348,0,10,1,1,16,8,488040823152,36417,36417,2190591,184,60,753,27
ell_transpose_omp_omp_O2,3.940368,15.206937,19.147305,127.040139,0,10,1,1,16,8,488040823152,36417,36417,2190591,184,60,753,27
ell_transpose_omp_O2,25.218628,15.160270,40.378898,19.454113,0,10,1,1,16,16,488040823152,36417,36417,2190591,184,60,753,27
ell_transpose_omp_collapse_O2,25.351603,16.165089,41.516692,19.281045,0,10,1,1,16,16,488040823152,36417,36417,2190591,184,60,753,27
ell_transpose_omp_omp_O2,2.719383,15.187692,17.907075,182.744972,0,10,1,1,16,16,488040823152,36417,36417,2190591,184,60,753,27
ell_transpose_omp_O2,25.222231,16.159897,41.382128,19.391981,0,10,1,1,16,32,488040823152,36417,36417,2190591,184,60,753,27
ell_transpose_omp_collapse_O2,25.311649,15.166504,40.478153,19.400436,0,10,1,1,16,32,488040823152,36417,36417,2190591,184,60,753,27
ell_transpose_omp_omp_O2,2.322693,16.166885,18.489578,212.237703,0,10,1,1,16,32,488040823152,36417,36417,2190591,184,60,753,27
