Name,Avg Run Time (s),Format Time (s),Total Time (s),GFLOPS,Verification,Iters,Block Row,Block Col,K-Bound,Threads,FOP Count,Rows,Cols,NNZ,Max Cols,Avg Cols,Variance,Std Deviation
ell_transpose_omp_O2,25.578350,15.528574,41.106924,19.183994,0,10,1,1,16,8,488040823152,36417,36417,2190591,184,60,753,27
ell_transpose_omp_collapse_O2,26.143942,16.506878,42.650820,18.772494,0,10,1,1,16,8,488040823152,36417,36417,2190591,184,60,753,27
ell_transpose_omp_omp_O2,4.292707,16.402851,20.695558,119.434755,0,10,1,1,16,8,488040823152,36417,36417,2190591,184,60,753,27
ell_transpose_omp_O2,25.767750,15.839258,41.607008,19.046121,0,10,1,1,16,16,488040823152,36417,36417,2190591,184,60,753,27
ell_transpose_omp_collapse_O2,25.845017,16.310888,42.155905,18.937058,0,10,1,1,16,16,488040823152,36417,36417,2190591,184,60,753,27
ell_transpose_omp_omp_O2,2.890600,15.439531,18.330131,172.558270,0,10,1,1,16,16,488040823152,36417,36417,2190591,184,60,753,27
ell_transpose_omp_O2,25.790204,16.408472,42.198676,19.029328,0,10,1,1,16,32,488040823152,36417,36417,2190591,184,60,753,27
ell_transpose_omp_collapse_O2,25.775796,16.456384,42.232180,19.040300,0,10,1,1,16,32,488040823152,36417,36417,2190591,184,60,753,27
ell_transpose_omp_omp_O2,2.205095,16.467956,18.673051,225.144120,0,10,1,1,16,32,488040823152,36417,36417,2190591,184,60,753,27
