Name,-O,FLOPS,MFLOPS,GFLOPS,FOP Count,Avg Run Time (s),Format Time (s),Total Time (s),Verification,Iters,Block Row,Block Col,K-Bound,Threads,Rows,Cols,NNZ,NNZ*2,Max Cols,Avg Cols,Col Ratio,Variance,Std Deviation
COO GPU,O2,17231077003.401535,17231.077003,17.231077,70098912,0.011254,7.114495,7.125749,0,10,1,1,16,-1,36417,36417,2190591,4381182,184,60,3.000000,753,27
COO GPU,O2,14703098441.198370,14703.098441,14.703098,280395648,0.022807,7.039369,7.062176,0,10,1,1,64,-1,36417,36417,2190591,4381182,184,60,3.000000,753,27
COO GPU,O2,18975106494.542030,18975.106495,18.975106,560791296,0.032058,7.069056,7.101114,0,10,1,1,128,-1,36417,36417,2190591,4381182,184,60,3.000000,753,27
