Name,-O,FLOPS,MFLOPS,GFLOPS,FOP Count,Avg Run Time (s),Format Time (s),Total Time (s),Verification,Iters,Block Row,Block Col,K-Bound,Threads,Rows,Cols,NNZ,NNZ*2,Max Cols,Avg Cols,Col Ratio,Variance,Std Deviation
BCSR OMP,O2,517834967.081894,517.834967,0.517835,35049456,0.198460,7.228964,7.427424,72,10,4,4,8,32,36417,36417,2190591,4381182,184,60,3.000000,753,27
BCSR OMP,O2,929401131.515860,929.401132,0.929401,70098912,0.182078,7.241153,7.423231,144,10,4,4,16,32,36417,36417,2190591,4381182,184,60,3.000000,753,27
BCSR OMP,O2,3810647115.419438,3810.647115,3.810647,280395648,0.123972,7.278465,7.402437,576,10,4,4,64,32,36417,36417,2190591,4381182,184,60,3.000000,753,27
BCSR OMP,O2,5477034083.814142,5477.034084,5.477034,560791296,0.150035,7.242177,7.392212,1152,10,4,4,128,32,36417,36417,2190591,4381182,184,60,3.000000,753,27
BCSR OMP,O2,9849299019.005932,9849.299019,9.849299,1121582592,0.174008,7.200998,7.375006,2304,10,4,4,256,32,36417,36417,2190591,4381182,184,60,3.000000,753,27
BCSR OMP,O2,9679803884.224794,9679.803884,9.679804,2243165184,0.375956,7.239605,7.615561,4608,10,4,4,512,32,36417,36417,2190591,4381182,184,60,3.000000,753,27
BCSR OMP,O2,13051222330.164648,13051.222330,13.051222,4503855096,0.498605,7.255489,7.754094,9252,10,4,4,1028,32,36417,36417,2190591,4381182,184,60,3.000000,753,27
