Name,-O,FLOPS,MFLOPS,GFLOPS,FOP Count,Avg Run Time (s),Format Time (s),Total Time (s),Verification,Iters,Block Row,Block Col,K-Bound,Threads,Rows,Cols,NNZ,NNZ*2,Max Cols,Avg Cols,Col Ratio,Variance,Std Deviation
ELL THREADS,O2,5002506086.368373,5002.506086,5.002506,4381182,0.004551,2.626023,2.630574,0,5,1,1,16,64,36417,36417,2190591,4381182,184,60,3.000000,753,27
ELL THREADS,O2,751973305.954987,751.973306,0.751973,4381182,0.015187,2.646192,2.661379,0,5,1,1,64,32,36417,36417,2190591,4381182,184,60,3.000000,753,27
ELL THREADS,O2,283428396.565349,283.428397,0.283428,4381182,0.024592,2.626205,2.650797,0,5,1,1,128,72,36417,36417,2190591,4381182,184,60,3.000000,753,27
