Name,-O,FLOPS,MFLOPS,GFLOPS,FOP Count,Avg Run Time (s),Format Time (s),Total Time (s),Verification,Iters,Block Row,Block Col,K-Bound,Threads,Rows,Cols,NNZ,NNZ*2,Max Cols,Avg Cols,Col Ratio,Variance,Std Deviation
ELL Serial Transpose,O2,1282597.723455,1.282598,0.001283,4381182,3.415868,7.229772,10.645640,0,10,1,1,16,-1,36417,36417,2190591,4381182,184,60,3.000000,753,27
ELL Serial Transpose,O2,1121281.282431,1.121281,0.001121,4381182,4.000017,7.223569,11.223586,0,10,1,1,64,-1,36417,36417,2190591,4381182,184,60,3.000000,753,27
ELL Serial Transpose,O2,1106714.456580,1.106714,0.001107,4381182,3.958729,7.218431,11.177160,0,10,1,1,128,-1,36417,36417,2190591,4381182,184,60,3.000000,753,27
