Name,-O,FLOPS,MFLOPS,GFLOPS,FOP Count,Avg Run Time (s),Format Time (s),Total Time (s),Verification,Iters,Block Row,Block Col,K-Bound,Threads,Rows,Cols,NNZ,NNZ*2,Max Cols,Avg Cols,Col Ratio,Variance,Std Deviation
CSR OMP Transpose,O2,4945083715.661318,4945.083716,4.945084,560791296,0.113551,2.332958,2.446509,0,10,1,1,128,8,36417,36417,2190591,4381182,184,60,3.000000,753,27
CSR OMP Transpose,O2,6022275528.519756,6022.275529,6.022276,560791296,0.093399,2.336856,2.430255,0,10,1,1,128,16,36417,36417,2190591,4381182,184,60,3.000000,753,27
CSR OMP Transpose,O2,9961242542.110630,9961.242542,9.961243,560791296,0.065325,2.343904,2.409229,0,10,1,1,128,32,36417,36417,2190591,4381182,184,60,3.000000,753,27
