Name,-O,FLOPS,MFLOPS,GFLOPS,FOP Count,Avg Run Time (s),Format Time (s),Total Time (s),Verification,Iters,Block Row,Block Col,K-Bound,Threads,Rows,Cols,NNZ,NNZ*2,Max Cols,Avg Cols,Col Ratio,Variance,Std Deviation
ELL OMP Transpose,O2,3221794625.208581,3221.794625,3.221795,560791296,0.174127,2.640979,2.815106,0,10,1,1,128,8,36417,36417,2190591,4381182,184,60,3.000000,753,27
ELL OMP Transpose,O2,3879895730.719038,3879.895731,3.879896,560791296,0.144680,2.546493,2.691173,0,10,1,1,128,16,36417,36417,2190591,4381182,184,60,3.000000,753,27
ELL OMP Transpose,O2,6405862345.996496,6405.862346,6.405862,560791296,0.093772,2.635601,2.729373,0,10,1,1,128,32,36417,36417,2190591,4381182,184,60,3.000000,753,27
