Name,-O,FLOPS,MFLOPS,GFLOPS,FOP Count,Avg Run Time (s),Format Time (s),Total Time (s),Verification,Iters,Block Row,Block Col,K-Bound,Threads,Rows,Cols,NNZ,NNZ*2,Max Cols,Avg Cols,Col Ratio,Variance,Std Deviation
COO Serial,O2,4198614979.959132,4198.614980,4.198615,70098912,0.016742,2.331898,2.348640,0,10,1,1,16,-1,36417,36417,2190591,4381182,184,60,3.000000,753,27
COO Serial,O2,5981720252.513861,5981.720253,5.981720,280395648,0.046893,2.323502,2.370395,0,10,1,1,64,-1,36417,36417,2190591,4381182,184,60,3.000000,753,27
COO Serial,O2,5557897428.647356,5557.897429,5.557897,560791296,0.100903,2.223001,2.323904,0,10,1,1,128,-1,36417,36417,2190591,4381182,184,60,3.000000,753,27
