Name,-O,FLOPS,MFLOPS,GFLOPS,FOP Count,Avg Run Time (s),Format Time (s),Total Time (s),Verification,Iters,Block Row,Block Col,K-Bound,Threads,Rows,Cols,NNZ,NNZ*2,Max Cols,Avg Cols,Col Ratio,Variance,Std Deviation
BCSR GPU,O2,1779246.154201,1.779246,0.001779,4381182,2.463325,7.167138,9.630463,144,10,2,2,16,-1,36417,36417,2190591,4381182,184,60,3.000000,753,27
BCSR GPU,O2,1398923.343709,1.398923,0.001399,4381182,3.145289,7.187431,10.332720,144,10,4,4,16,-1,36417,36417,2190591,4381182,184,60,3.000000,753,27
BCSR GPU,O2,BCSR GPU,O2,1393888.765609,1.393889,0.001394,4381182,3.201823,7.155074,10.356897,576,10,2,2,64,-1,36417,36417,2190591,4381182,184,60,3.000000,753,27
BCSR GPU,O2,1247679.943400,1.247680,0.001248,4381182,3.577646,7.236245,10.813891,576,10,4,4,64,-1,36417,36417,2190591,4381182,184,60,3.000000,753,27
BCSR GPU,O2,BCSR GPU,O2,1251381.388733,1.251381,0.001251,4381182,3.557410,7.183139,10.740549,1152,10,2,2,128,-1,36417,36417,2190591,4381182,184,60,3.000000,753,27
BCSR GPU,O2,1252553.460623,1.252553,0.001253,4381182,3.570151,7.208820,10.778971,1152,10,4,4,128,-1,36417,36417,2190591,4381182,184,60,3.000000,753,27
BCSR GPU,O2,