Name,-O,FLOPS,MFLOPS,GFLOPS,FOP Count,Avg Run Time (s),Format Time (s),Total Time (s),Verification,Iters,Block Row,Block Col,K-Bound,Threads,Rows,Cols,NNZ,NNZ*2,Max Cols,Avg Cols,Col Ratio,Variance,Std Deviation
COO GPU Transpose,O2,18350564.529809,18.350565,0.018351,4381182,0.242132,2.394832,2.636964,0,10,1,1,16,-1,36417,36417,2190591,4381182,184,60,3.000000,753,27
COO GPU Transpose,O2,18066209.875431,18.066210,0.018066,4381182,0.249169,2.339765,2.588934,0,10,1,1,64,-1,36417,36417,2190591,4381182,184,60,3.000000,753,27
COO GPU Transpose,O2,17666831.000573,17.666831,0.017667,4381182,0.250452,2.346825,2.597277,1,10,1,1,128,-1,36417,36417,2190591,4381182,184,60,3.000000,753,27
