Name,Avg Run Time (s),Format Time (s),Total Time (s),GFLOPS,Verification,Iters,Block Row,Block Col,K-Bound,Threads,FOP Count,Rows,Cols,NNZ,Max Cols,Avg Cols,Variance,Std Deviation
coo_omp_O3,0.005836,14.823798,14.829634,15.598943,0,10,1,1,16,8,70098912,36417,36417,2190591,184,60,753,27
coo_omp_collapse_O3,0.006536,14.865316,14.871852,14.551641,0,10,1,1,16,8,70098912,36417,36417,2190591,184,60,753,27
coo_omp_O3,0.007215,14.824570,14.831785,14.976854,0,10,1,1,16,16,70098912,36417,36417,2190591,184,60,753,27
coo_omp_collapse_O3,0.007120,14.834793,14.841913,14.353657,0,10,1,1,16,16,70098912,36417,36417,2190591,184,60,753,27
coo_omp_O3,0.006049,14.835169,14.841218,14.853459,0,10,1,1,16,32,70098912,36417,36417,2190591,184,60,753,27
coo_omp_collapse_O3,0.007121,14.830554,14.837675,14.596821,0,10,1,1,16,32,70098912,36417,36417,2190591,184,60,753,27
