Name,-O,FLOPS,MFLOPS,GFLOPS,FOP Count,Avg Run Time (s),Format Time (s),Total Time (s),Verification,Iters,Block Row,Block Col,K-Bound,Threads,Rows,Cols,NNZ,NNZ*2,Max Cols,Avg Cols,Col Ratio,Variance,Std Deviation
ELL OMP Transpose,O2,5902661931.003119,5902.661931,5.902662,560791296,0.103645,7.296393,7.400038,0,10,1,1,128,8,36417,36417,2190591,4381182,184,60,3.000000,753,27
ELL OMP Transpose,O2,11181550143.653849,11181.550144,11.181550,560791296,0.060206,7.316800,7.377006,0,10,1,1,128,16,36417,36417,2190591,4381182,184,60,3.000000,753,27
ELL OMP Transpose,O2,17803415189.924122,17803.415190,17.803415,560791296,0.039859,7.357042,7.396901,0,10,1,1,128,32,36417,36417,2190591,4381182,184,60,3.000000,753,27
