Name,-O,FLOPS,MFLOPS,GFLOPS,FOP Count,Avg Run Time (s),Format Time (s),Total Time (s),Verification,Iters,Block Row,Block Col,K-Bound,Threads,Rows,Cols,NNZ,NNZ*2,Max Cols,Avg Cols,Col Ratio,Variance,Std Deviation
BCSR OMP,O2,1331416667.947266,1331.416668,1.331417,75968032,0.066388,11.425392,11.491780,6112,10,4,4,16,8,46835,46835,2374001,4748002,145,50,2.000000,772,27
BCSR OMP,O2,4554577938.011702,4554.577938,4.554578,303872128,0.068368,11.361649,11.430017,24448,10,4,4,64,8,46835,46835,2374001,4748002,145,50,2.000000,772,27
BCSR OMP,O2,7585691359.684237,7585.691360,7.585691,607744256,0.081600,11.367153,11.448753,48896,10,4,4,128,8,46835,46835,2374001,4748002,145,50,2.000000,772,27
BCSR OMP,O2,1122832117.786704,1122.832118,1.122832,75968032,0.160859,11.360880,11.521739,6112,10,4,4,16,16,46835,46835,2374001,4748002,145,50,2.000000,772,27
BCSR OMP,O2,4612148116.816475,4612.148117,4.612148,303872128,0.068066,11.376356,11.444422,24448,10,4,4,64,16,46835,46835,2374001,4748002,145,50,2.000000,772,27
BCSR OMP,O2,7273371945.442682,7273.371945,7.273372,607744256,0.092240,11.345789,11.438029,48896,10,4,4,128,16,46835,46835,2374001,4748002,145,50,2.000000,772,27
BCSR OMP,O2,925452704.155773,925.452704,0.925453,75968032,0.114200,11.353799,11.468000,6112,10,4,4,16,32,46835,46835,2374001,4748002,145,50,2.000000,772,27
BCSR OMP,O2,3843945478.319312,3843.945478,3.843945,303872128,0.109499,11.410659,11.520158,24448,10,4,4,64,32,46835,46835,2374001,4748002,145,50,2.000000,772,27
BCSR OMP,O2,4418494823.768560,4418.494824,4.418495,607744256,0.327890,11.341705,11.669595,48896,10,4,4,128,32,46835,46835,2374001,4748002,145,50,2.000000,772,27
