Name,-O,FLOPS,MFLOPS,GFLOPS,FOP Count,Avg Run Time (s),Format Time (s),Total Time (s),Verification,Iters,Block Row,Block Col,K-Bound,Threads,Rows,Cols,NNZ,NNZ*2,Max Cols,Avg Cols,Col Ratio,Variance,Std Deviation
CSR Serial Transpose,O2,499452.166094,0.499452,0.000499,4748002,9.506434,3.483829,12.990263,0,10,1,1,16,-1,46835,46835,2374001,4748002,145,50,2.000000,772,27
CSR Serial Transpose,O2,468960.069312,0.468960,0.000469,4748002,10.124540,3.526376,13.650916,0,10,1,1,64,-1,46835,46835,2374001,4748002,145,50,2.000000,772,27
CSR Serial Transpose,O2,470634.354030,0.470634,0.000471,4748002,10.088519,3.474976,13.563495,0,10,1,1,128,-1,46835,46835,2374001,4748002,145,50,2.000000,772,27
