Name,-O,FLOPS,MFLOPS,GFLOPS,FOP Count,Avg Run Time (s),Format Time (s),Total Time (s),Verification,Iters,Block Row,Block Col,K-Bound,Threads,Rows,Cols,NNZ,NNZ*2,Max Cols,Avg Cols,Col Ratio,Variance,Std Deviation
BCSR OMP,O2,360202086.745066,360.202087,0.360202,37984016,0.167469,11.421376,11.588845,3056,10,4,4,8,32,46835,46835,2374001,4748002,145,50,2.000000,772,27
BCSR OMP,O2,709619196.299864,709.619196,0.709619,75968032,0.159108,11.447218,11.606326,6112,10,4,4,16,32,46835,46835,2374001,4748002,145,50,2.000000,772,27
BCSR OMP,O2,3831321471.649304,3831.321472,3.831321,303872128,0.142399,11.414044,11.556443,24448,10,4,4,64,32,46835,46835,2374001,4748002,145,50,2.000000,772,27
BCSR OMP,O2,6607607437.001544,6607.607437,6.607607,607744256,0.137988,11.379145,11.517133,48896,10,4,4,128,32,46835,46835,2374001,4748002,145,50,2.000000,772,27
BCSR OMP,O2,8094385028.281120,8094.385028,8.094385,1215488512,0.173368,11.398089,11.571456,97792,10,4,4,256,32,46835,46835,2374001,4748002,145,50,2.000000,772,27
BCSR OMP,O2,10221156683.089691,10221.156683,10.221157,2430977024,0.267995,11.331985,11.599980,195584,10,4,4,512,32,46835,46835,2374001,4748002,145,50,2.000000,772,27
BCSR OMP,O2,9174271946.559238,9174.271947,9.174272,4880946056,0.618937,11.384336,12.003273,392696,10,4,4,1028,32,46835,46835,2374001,4748002,145,50,2.000000,772,27
