Name,-O,FLOPS,MFLOPS,GFLOPS,FOP Count,Avg Run Time (s),Format Time (s),Total Time (s),Verification,Iters,Block Row,Block Col,K-Bound,Threads,Rows,Cols,NNZ,NNZ*2,Max Cols,Avg Cols,Col Ratio,Variance,Std Deviation
COO THREADS,O2,1277657023.049819,1277.657023,1.277657,4748002,0.006723,10.941707,10.948429,0,5,1,1,16,72,46835,46835,2374001,4748002,145,50,2.000000,772,27
COO THREADS,O2,591288342.998751,591.288343,0.591288,4748002,0.009911,10.937532,10.947443,0,5,1,1,64,32,46835,46835,2374001,4748002,145,50,2.000000,772,27
COO THREADS,O2,478988123.604533,478.988124,0.478988,4748002,0.010098,10.922944,10.933042,0,5,1,1,128,32,46835,46835,2374001,4748002,145,50,2.000000,772,27
