Name,Avg Run Time (s),Format Time (s),Total Time (s),GFLOPS,Verification,Iters,Block Row,Block Col,K-Bound,Threads,FOP Count,Rows,Cols,NNZ,Max Cols,Avg Cols,Variance,Std Deviation
csr_omp_O2,0.022883,3.365974,3.388857,17269.605575,0,10,1,1,16,8,222372673670,46835,46835,2374001,145,50,772,27
csr_omp_collapse_O2,38.660350,3.381544,42.041894,5.752052,0,10,1,1,16,8,222372673670,46835,46835,2374001,145,50,772,27
csr_omp_O2,0.011801,3.363127,3.374928,42056.855945,0,10,1,1,16,16,222372673670,46835,46835,2374001,145,50,772,27
csr_omp_collapse_O2,19.398596,3.382355,22.780951,11.463466,0,10,1,1,16,16,222372673670,46835,46835,2374001,145,50,772,27
csr_omp_O2,0.022851,3.400688,3.423538,17575.436346,0,10,1,1,16,32,222372673670,46835,46835,2374001,145,50,772,27
csr_omp_collapse_O2,9.799566,3.414696,13.214262,22.692421,0,10,1,1,16,32,222372673670,46835,46835,2374001,145,50,772,27
