Name,Avg Run Time (s),Format Time (s),Total Time (s),GFLOPS,Verification,Iters,Block Row,Block Col,K-Bound,Threads,FOP Count,Rows,Cols,NNZ,Max Cols,Avg Cols,Variance,Std Deviation
ell_omp_O2,0.027599,3.681779,3.709377,29491.975536,0,10,1,1,16,8,636119995250,46835,46835,2374001,145,50,772,27
ell_omp_collapse_O2,0.055926,3.623744,3.679670,11833.545697,0,10,1,1,16,8,636119995250,46835,46835,2374001,145,50,772,27
ell_omp_O2,0.024027,3.636093,3.660120,42960.899797,0,10,1,1,16,16,636119995250,46835,46835,2374001,145,50,772,27
ell_omp_collapse_O2,0.019894,3.652482,3.672376,49838.975657,0,10,1,1,16,16,636119995250,46835,46835,2374001,145,50,772,27
ell_omp_O2,0.032953,3.652017,3.684969,25091.879493,0,10,1,1,16,32,636119995250,46835,46835,2374001,145,50,772,27
ell_omp_collapse_O2,0.034497,3.659535,3.694032,19187.275353,0,10,1,1,16,32,636119995250,46835,46835,2374001,145,50,772,27
