Name,-O,FLOPS,MFLOPS,GFLOPS,FOP Count,Avg Run Time (s),Format Time (s),Total Time (s),Verification,Iters,Block Row,Block Col,K-Bound,Threads,Rows,Cols,NNZ,NNZ*2,Max Cols,Avg Cols,Col Ratio,Variance,Std Deviation
BCSR Serial Transpose,O2,2106002485.414339,2106.002485,2.106002,607744256,0.288578,3.735366,4.023944,48896,10,2,2,128,-1,46835,46835,2374001,4748002,145,50,2.000000,772,27
BCSR Serial Transpose,O2,1525533845.640609,1525.533846,1.525534,607744256,0.398382,3.646016,4.044398,48896,10,4,4,128,-1,46835,46835,2374001,4748002,145,50,2.000000,772,27
BCSR Serial Transpose,O2,826544043.098085,826.544043,0.826544,607744256,0.735290,3.785068,4.520358,48896,10,16,16,128,-1,46835,46835,2374001,4748002,145,50,2.000000,772,27
