Name,-O,FLOPS,MFLOPS,GFLOPS,FOP Count,Avg Run Time (s),Format Time (s),Total Time (s),Verification,Iters,Block Row,Block Col,K-Bound,Threads,Rows,Cols,NNZ,NNZ*2,Max Cols,Avg Cols,Col Ratio,Variance,Std Deviation
ELL Serial,O2,101890812.402451,101.890812,0.101891,4748002,0.046610,3.790175,3.836785,0,10,1,1,16,-1,46835,46835,2374001,4748002,145,50,2.000000,772,27
ELL Serial,O2,37659128.487811,37.659128,0.037659,4748002,0.126085,3.837902,3.963987,0,10,1,1,64,-1,46835,46835,2374001,4748002,145,50,2.000000,772,27
ELL Serial,O2,19622227.906373,19.622228,0.019622,4748002,0.241994,3.748367,3.990362,0,10,1,1,128,-1,46835,46835,2374001,4748002,145,50,2.000000,772,27
