Name,-O,FLOPS,MFLOPS,GFLOPS,FOP Count,Avg Run Time (s),Format Time (s),Total Time (s),Verification,Iters,Block Row,Block Col,K-Bound,Threads,Rows,Cols,NNZ,NNZ*2,Max Cols,Avg Cols,Col Ratio,Variance,Std Deviation
ELL OMP,O2,inf,inf,inf,37984016,0.000000,11.656008,11.656008,374680,10,1,1,8,32,46835,46835,2374001,4748002,145,50,2.000000,772,27
ELL OMP,O2,11708998294.416523,11708.998294,11.708998,75968032,0.008425,11.589243,11.597668,0,10,1,1,16,32,46835,46835,2374001,4748002,145,50,2.000000,772,27
ELL OMP,O2,20656886922.292152,20656.886922,20.656887,303872128,0.021019,11.574323,11.595342,0,10,1,1,64,32,46835,46835,2374001,4748002,145,50,2.000000,772,27
ELL OMP,O2,27035093466.827427,27035.093467,27.035093,607744256,0.026983,11.580880,11.607863,0,10,1,1,128,32,46835,46835,2374001,4748002,145,50,2.000000,772,27
ELL OMP,O2,inf,inf,inf,1215488512,0.000000,11.591689,11.591689,11989760,10,1,1,256,32,46835,46835,2374001,4748002,145,50,2.000000,772,27
ELL OMP,O2,inf,inf,inf,2430977024,0.000000,11.539407,11.539407,23979520,10,1,1,512,32,46835,46835,2374001,4748002,145,50,2.000000,772,27
ELL OMP,O2,inf,inf,inf,4880946056,0.000000,11.492951,11.492951,48146380,10,1,1,1028,32,46835,46835,2374001,4748002,145,50,2.000000,772,27
