Name,-O,FLOPS,MFLOPS,GFLOPS,FOP Count,Avg Run Time (s),Format Time (s),Total Time (s),Verification,Iters,Block Row,Block Col,K-Bound,Threads,Rows,Cols,NNZ,NNZ*2,Max Cols,Avg Cols,Col Ratio,Variance,Std Deviation
COO OMP,O2,5901092244.156524,5901.092244,5.901092,37984016,0.013012,3.338153,3.351165,0,10,1,1,8,32,46835,46835,2374001,4748002,145,50,2.000000,772,27
COO OMP,O2,7619278016.128161,7619.278016,7.619278,75968032,0.017647,3.358114,3.375761,0,10,1,1,16,32,46835,46835,2374001,4748002,145,50,2.000000,772,27
COO OMP,O2,10396654308.392855,10396.654308,10.396654,303872128,0.031055,3.373175,3.404230,0,10,1,1,64,32,46835,46835,2374001,4748002,145,50,2.000000,772,27
COO OMP,O2,13725587495.767134,13725.587496,13.725587,607744256,0.045970,3.381591,3.427561,0,10,1,1,128,32,46835,46835,2374001,4748002,145,50,2.000000,772,27
COO OMP,O2,22273897957.446850,22273.897957,22.273898,1215488512,0.055896,3.374079,3.429975,0,10,1,1,256,32,46835,46835,2374001,4748002,145,50,2.000000,772,27
COO OMP,O2,33170930815.073235,33170.930815,33.170931,2430977024,0.074321,3.363443,3.437764,0,10,1,1,512,32,46835,46835,2374001,4748002,145,50,2.000000,772,27
COO OMP,O2,46908522656.937881,46908.522657,46.908523,4880946056,0.104939,3.391768,3.496707,0,10,1,1,1028,32,46835,46835,2374001,4748002,145,50,2.000000,772,27
