Name,-O,FLOPS,MFLOPS,GFLOPS,FOP Count,Avg Run Time (s),Format Time (s),Total Time (s),Verification,Iters,Block Row,Block Col,K-Bound,Threads,Rows,Cols,NNZ,NNZ*2,Max Cols,Avg Cols,Col Ratio,Variance,Std Deviation
COO OMP,O2,inf,inf,inf,37984016,0.000000,3.355432,3.355432,374680,10,1,1,8,32,46835,46835,2374001,4748002,145,50,2.000000,772,27
COO OMP,O2,10725277849.201591,10725.277849,10.725278,75968032,0.016239,3.288159,3.304399,0,10,1,1,16,32,46835,46835,2374001,4748002,145,50,2.000000,772,27
COO OMP,O2,17702582709.465515,17702.582709,17.702583,303872128,0.026759,3.383369,3.410128,0,10,1,1,64,32,46835,46835,2374001,4748002,145,50,2.000000,772,27
COO OMP,O2,15162688553.620548,15162.688554,15.162689,607744256,0.042141,3.397700,3.439841,0,10,1,1,128,32,46835,46835,2374001,4748002,145,50,2.000000,772,27
COO OMP,O2,inf,inf,inf,1215488512,0.000000,3.403303,3.403303,11989760,10,1,1,256,32,46835,46835,2374001,4748002,145,50,2.000000,772,27
COO OMP,O2,inf,inf,inf,2430977024,0.000000,3.350798,3.350798,23979520,10,1,1,512,32,46835,46835,2374001,4748002,145,50,2.000000,772,27
COO OMP,O2,inf,inf,inf,4880946056,0.000000,3.390617,3.390617,48146380,10,1,1,1028,32,46835,46835,2374001,4748002,145,50,2.000000,772,27
