Name,-O,FLOPS,MFLOPS,GFLOPS,FOP Count,Avg Run Time (s),Format Time (s),Total Time (s),Verification,Iters,Block Row,Block Col,K-Bound,Threads,Rows,Cols,NNZ,NNZ*2,Max Cols,Avg Cols,Col Ratio,Variance,Std Deviation
CSR THREADS,O2,709873777.892258,709.873778,0.709874,4748002,0.007097,10.825291,10.832388,0,5,1,1,16,48,46835,46835,2374001,4748002,145,50,2.000000,772,27
CSR THREADS,O2,612031240.823063,612.031241,0.612031,4748002,0.008325,10.935635,10.943960,0,5,1,1,64,32,46835,46835,2374001,4748002,145,50,2.000000,772,27
CSR THREADS,O2,462321991.543222,462.321992,0.462322,4748002,0.010737,10.928533,10.939270,0,5,1,1,128,48,46835,46835,2374001,4748002,145,50,2.000000,772,27
