Name,-O,FLOPS,MFLOPS,GFLOPS,FOP Count,Avg Run Time (s),Format Time (s),Total Time (s),Verification,Iters,Block Row,Block Col,K-Bound,Threads,Rows,Cols,NNZ,NNZ*2,Max Cols,Avg Cols,Col Ratio,Variance,Std Deviation
COO GPU,O2,521731.484001,0.521731,0.000522,4748002,11.783038,11.047875,22.830913,748762,10,1,1,16,-1,46835,46835,2374001,4748002,145,50,2.000000,772,27
COO GPU,O2,770130.333065,0.770130,0.000770,4748002,7.488778,11.284456,18.773234,2994349,10,1,1,64,-1,46835,46835,2374001,4748002,145,50,2.000000,772,27
COO GPU,O2,595185.131101,0.595185,0.000595,4748002,9.105922,11.036919,20.142841,5990133,10,1,1,128,-1,46835,46835,2374001,4748002,145,50,2.000000,772,27
