Name,Avg Run Time (s),Format Time (s),Total Time (s),GFLOPS,Verification,Iters,Block Row,Block Col,K-Bound,Threads,FOP Count,Rows,Cols,NNZ,Max Cols,Avg Cols,Variance,Std Deviation
csr_omp_O2,0.021442,23.754056,23.775498,10669.038348,0,10,1,1,16,8,222372673670,46835,46835,2374001,145,50,772,27
csr_omp_collapse_O2,112.788236,25.002909,137.791145,1.971596,0,10,1,1,16,8,222372673670,46835,46835,2374001,145,50,772,27
csr_omp_O2,0.017060,23.710319,23.727379,13426.095897,0,10,1,1,16,16,222372673670,46835,46835,2374001,145,50,772,27
csr_omp_collapse_O2,57.132154,25.051353,82.183507,3.892255,0,10,1,1,16,16,222372673670,46835,46835,2374001,145,50,772,27
csr_omp_O2,0.010477,23.694150,23.704627,23887.017965,0,10,1,1,16,32,222372673670,46835,46835,2374001,145,50,772,27
csr_omp_collapse_O2,30.105169,25.007051,55.112220,7.386675,0,10,1,1,16,32,222372673670,46835,46835,2374001,145,50,772,27
