Name,-O,FLOPS,MFLOPS,GFLOPS,FOP Count,Avg Run Time (s),Format Time (s),Total Time (s),Verification,Iters,Block Row,Block Col,K-Bound,Threads,Rows,Cols,NNZ,NNZ*2,Max Cols,Avg Cols,Col Ratio,Variance,Std Deviation
CSR OMP,O2,3109779778.763034,3109.779779,3.109780,75968032,0.032730,11.161001,11.193731,0,10,1,1,16,8,46835,46835,2374001,4748002,145,50,2.000000,772,27
CSR OMP,O2,14360794384.292355,14360.794384,14.360794,303872128,0.036190,11.066988,11.103178,0,10,1,1,64,8,46835,46835,2374001,4748002,145,50,2.000000,772,27
CSR OMP,O2,15155859536.130484,15155.859536,15.155860,607744256,0.052441,11.062394,11.114835,0,10,1,1,128,8,46835,46835,2374001,4748002,145,50,2.000000,772,27
CSR OMP,O2,5172127757.511106,5172.127758,5.172128,75968032,0.030208,11.069968,11.100176,0,10,1,1,16,16,46835,46835,2374001,4748002,145,50,2.000000,772,27
CSR OMP,O2,13327050466.518290,13327.050467,13.327050,303872128,0.032277,11.094268,11.126545,0,10,1,1,64,16,46835,46835,2374001,4748002,145,50,2.000000,772,27
CSR OMP,O2,15173071107.061275,15173.071107,15.173071,607744256,0.043928,11.069614,11.113542,0,10,1,1,128,16,46835,46835,2374001,4748002,145,50,2.000000,772,27
CSR OMP,O2,4797820833.483726,4797.820833,4.797821,75968032,0.025165,11.086977,11.112142,0,10,1,1,16,32,46835,46835,2374001,4748002,145,50,2.000000,772,27
CSR OMP,O2,12108972827.501801,12108.972828,12.108973,303872128,0.031495,11.142397,11.173892,0,10,1,1,64,32,46835,46835,2374001,4748002,145,50,2.000000,772,27
CSR OMP,O2,30549090398.535419,30549.090399,30.549090,607744256,0.029256,11.107645,11.136901,0,10,1,1,128,32,46835,46835,2374001,4748002,145,50,2.000000,772,27
