Name,-O,FLOPS,MFLOPS,GFLOPS,FOP Count,Avg Run Time (s),Format Time (s),Total Time (s),Verification,Iters,Block Row,Block Col,K-Bound,Threads,Rows,Cols,NNZ,NNZ*2,Max Cols,Avg Cols,Col Ratio,Variance,Std Deviation
BCSR Serial,O2,170360127.553026,170.360128,0.170360,4748002,0.027887,3.695674,3.723561,6112,10,2,2,16,-1,46835,46835,2374001,4748002,145,50,2.000000,772,27
BCSR Serial,O2,132793616.871872,132.793617,0.132794,4748002,0.035767,3.668900,3.704667,6112,10,4,4,16,-1,46835,46835,2374001,4748002,145,50,2.000000,772,27
BCSR Serial,O2,66415164.939915,66.415165,0.066415,4748002,0.071498,3.779593,3.851091,6112,10,16,16,16,-1,46835,46835,2374001,4748002,145,50,2.000000,772,27
BCSR Serial,O2,74366750.741887,74.366751,0.074367,4748002,0.063849,3.653444,3.717292,24448,10,2,2,64,-1,46835,46835,2374001,4748002,145,50,2.000000,772,27
BCSR Serial,O2,55087600.479426,55.087600,0.055088,4748002,0.086191,3.688786,3.774977,24448,10,4,4,64,-1,46835,46835,2374001,4748002,145,50,2.000000,772,27
BCSR Serial,O2,24373839.127447,24.373839,0.024374,4748002,0.194802,3.872442,4.067244,24448,10,16,16,64,-1,46835,46835,2374001,4748002,145,50,2.000000,772,27
BCSR Serial,O2,41974044.824821,41.974045,0.041974,4748002,0.113130,3.689986,3.803116,48896,10,2,2,128,-1,46835,46835,2374001,4748002,145,50,2.000000,772,27
BCSR Serial,O2,30185904.741397,30.185905,0.030186,4748002,0.157308,3.766284,3.923592,48896,10,4,4,128,-1,46835,46835,2374001,4748002,145,50,2.000000,772,27
BCSR Serial,O2,13115157.355489,13.115157,0.013115,4748002,0.362031,3.795274,4.157305,48896,10,16,16,128,-1,46835,46835,2374001,4748002,145,50,2.000000,772,27
