Name,-O,FLOPS,MFLOPS,GFLOPS,FOP Count,Avg Run Time (s),Format Time (s),Total Time (s),Verification,Iters,Block Row,Block Col,K-Bound,Threads,Rows,Cols,NNZ,NNZ*2,Max Cols,Avg Cols,Col Ratio,Variance,Std Deviation
ELL Serial Transpose,O2,828718.743059,0.828719,0.000829,4748002,5.729329,11.290245,17.019574,0,10,1,1,16,-1,46835,46835,2374001,4748002,145,50,2.000000,772,27
ELL Serial Transpose,O2,798039.495476,0.798039,0.000798,4748002,5.949617,11.517820,17.467437,0,10,1,1,64,-1,46835,46835,2374001,4748002,145,50,2.000000,772,27
ELL Serial Transpose,O2,762879.006675,0.762879,0.000763,4748002,6.223795,11.259963,17.483758,0,10,1,1,128,-1,46835,46835,2374001,4748002,145,50,2.000000,772,27
