Name,Avg Run Time (s),Format Time (s),Total Time (s),GFLOPS,Verification,Iters,Block Row,Block Col,K-Bound,Threads,FOP Count,Rows,Cols,NNZ,Max Cols,Avg Cols,Variance,Std Deviation
bcsr_omp_O2,0.020507,173.330605,173.351112,16542.337996,0,10,1,1,16,8,222372673670,46835,46835,2374001,145,50,772,27
bcsr_omp_collapse_O2,81.419044,172.278150,253.697194,2.731215,0,10,1,1,16,8,222372673670,46835,46835,2374001,145,50,772,27
bcsr_omp_O2,0.012008,172.376447,172.388454,37303.513834,0,10,1,1,16,16,222372673670,46835,46835,2374001,145,50,772,27
bcsr_omp_collapse_O2,40.827930,172.559369,213.387299,5.446631,0,10,1,1,16,16,222372673670,46835,46835,2374001,145,50,772,27
bcsr_omp_O2,0.019313,172.333798,172.353111,22325.270674,0,10,1,1,16,32,222372673670,46835,46835,2374001,145,50,772,27
bcsr_omp_collapse_O2,20.558755,173.022576,193.581331,10.816580,0,10,1,1,16,32,222372673670,46835,46835,2374001,145,50,772,27
bcsr_omp_O2,0.022645,169.809517,169.832162,16956.284942,0,10,2,2,16,8,287196716160,46835,46835,2374001,145,50,772,27
bcsr_omp_collapse_O2,