Name,-O,FLOPS,MFLOPS,GFLOPS,FOP Count,Avg Run Time (s),Format Time (s),Total Time (s),Verification,Iters,Block Row,Block Col,K-Bound,Threads,Rows,Cols,NNZ,NNZ*2,Max Cols,Avg Cols,Col Ratio,Variance,Std Deviation
BCSR Serial Transpose,O2,2091669345.080307,2091.669345,2.091669,607744256,0.294230,11.442410,11.736639,48896,10,2,2,128,-1,46835,46835,2374001,4748002,145,50,2.000000,772,27
BCSR Serial Transpose,O2,1441772443.117381,1441.772443,1.441772,607744256,0.423639,11.423052,11.846690,48896,10,4,4,128,-1,46835,46835,2374001,4748002,145,50,2.000000,772,27
BCSR Serial Transpose,O2,637011609.796425,637.011610,0.637012,607744256,0.956017,11.547014,12.503031,48896,10,16,16,128,-1,46835,46835,2374001,4748002,145,50,2.000000,772,27
