Name,-O,FLOPS,MFLOPS,GFLOPS,FOP Count,Avg Run Time (s),Format Time (s),Total Time (s),Verification,Iters,Block Row,Block Col,K-Bound,Threads,Rows,Cols,NNZ,NNZ*2,Max Cols,Avg Cols,Col Ratio,Variance,Std Deviation
CSR OMP Transpose,O2,11743622670.816462,11743.622671,11.743623,607744256,0.052691,11.026456,11.079148,0,10,1,1,128,8,46835,46835,2374001,4748002,145,50,2.000000,772,27
CSR OMP Transpose,O2,18428148590.421600,18428.148590,18.428149,607744256,0.036955,11.060647,11.097602,0,10,1,1,128,16,46835,46835,2374001,4748002,145,50,2.000000,772,27
CSR OMP Transpose,O2,24650188682.984325,24650.188683,24.650189,607744256,0.027671,11.076191,11.103862,0,10,1,1,128,32,46835,46835,2374001,4748002,145,50,2.000000,772,27
