Name,-O,FLOPS,MFLOPS,GFLOPS,FOP Count,Avg Run Time (s),Format Time (s),Total Time (s),Verification,Iters,Block Row,Block Col,K-Bound,Threads,Rows,Cols,NNZ,NNZ*2,Max Cols,Avg Cols,Col Ratio,Variance,Std Deviation
BCSR Serial,O2,2919556680.087721,2919.556680,2.919557,75968032,0.026033,3.660142,3.686175,6112,10,2,2,16,-1,46835,46835,2374001,4748002,145,50,2.000000,772,27
BCSR Serial,O2,1258559792.848176,1258.559793,1.258560,75968032,0.060371,3.811189,3.871560,6112,10,16,16,16,-1,46835,46835,2374001,4748002,145,50,2.000000,772,27
BCSR Serial,O2,4890358172.183024,4890.358172,4.890358,303872128,0.062144,3.528019,3.590163,24448,10,2,2,64,-1,46835,46835,2374001,4748002,145,50,2.000000,772,27
BCSR Serial,O2,1708727093.142275,1708.727093,1.708727,303872128,0.177837,3.716812,3.894649,24448,10,16,16,64,-1,46835,46835,2374001,4748002,145,50,2.000000,772,27
BCSR Serial,O2,5809684918.497046,5809.684918,5.809685,607744256,0.104623,3.602883,3.707506,48896,10,2,2,128,-1,46835,46835,2374001,4748002,145,50,2.000000,772,27
BCSR Serial,O2,1885890438.348970,1885.890438,1.885890,607744256,0.322263,3.691901,4.014165,48896,10,16,16,128,-1,46835,46835,2374001,4748002,145,50,2.000000,772,27
