Name,-O,FLOPS,MFLOPS,GFLOPS,FOP Count,Avg Run Time (s),Format Time (s),Total Time (s),Verification,Iters,Block Row,Block Col,K-Bound,Threads,Rows,Cols,NNZ,NNZ*2,Max Cols,Avg Cols,Col Ratio,Variance,Std Deviation
COO OMP Transpose,O2,11349100332.295401,11349.100332,11.349100,607744256,0.071407,11.059598,11.131005,0,10,1,1,128,8,46835,46835,2374001,4748002,145,50,2.000000,772,27
COO OMP Transpose,O2,21406965777.097363,21406.965777,21.406966,607744256,0.035234,11.019486,11.054720,0,10,1,1,128,16,46835,46835,2374001,4748002,145,50,2.000000,772,27
COO OMP Transpose,O2,27385868847.044353,27385.868847,27.385869,607744256,0.031906,11.063286,11.095192,0,10,1,1,128,32,46835,46835,2374001,4748002,145,50,2.000000,772,27
