Name,-O,FLOPS,MFLOPS,GFLOPS,FOP Count,Avg Run Time (s),Format Time (s),Total Time (s),Verification,Iters,Block Row,Block Col,K-Bound,Threads,Rows,Cols,NNZ,NNZ*2,Max Cols,Avg Cols,Col Ratio,Variance,Std Deviation
CSR OMP,O2,7951213649.446994,7951.213649,7.951214,37984016,0.012929,3.340535,3.353464,0,10,1,1,8,32,46835,46835,2374001,4748002,145,50,2.000000,772,27
CSR OMP,O2,10487873714.671963,10487.873715,10.487874,75968032,0.013849,3.436014,3.449863,0,10,1,1,16,32,46835,46835,2374001,4748002,145,50,2.000000,772,27
CSR OMP,O2,12195784083.952593,12195.784084,12.195784,303872128,0.029077,3.405348,3.434425,0,10,1,1,64,32,46835,46835,2374001,4748002,145,50,2.000000,772,27
CSR OMP,O2,14230281722.960794,14230.281723,14.230282,607744256,0.045951,3.414394,3.460345,0,10,1,1,128,32,46835,46835,2374001,4748002,145,50,2.000000,772,27
CSR OMP,O2,17973741426.202209,17973.741426,17.973741,1215488512,0.069022,3.426098,3.495120,0,10,1,1,256,32,46835,46835,2374001,4748002,145,50,2.000000,772,27
CSR OMP,O2,32235657092.147278,32235.657092,32.235657,2430977024,0.079352,3.409331,3.488684,0,10,1,1,512,32,46835,46835,2374001,4748002,145,50,2.000000,772,27
CSR OMP,O2,44359358010.704842,44359.358011,44.359358,4880946056,0.111519,3.405573,3.517092,0,10,1,1,1028,32,46835,46835,2374001,4748002,145,50,2.000000,772,27
