Name,-O,FLOPS,MFLOPS,GFLOPS,FOP Count,Avg Run Time (s),Format Time (s),Total Time (s),Verification,Iters,Block Row,Block Col,K-Bound,Threads,Rows,Cols,NNZ,NNZ*2,Max Cols,Avg Cols,Col Ratio,Variance,Std Deviation
CSR GPU,O2,4114741430.279765,4114.741430,4.114741,75968032,0.028073,11.126187,11.154260,0,10,1,1,16,-1,46835,46835,2374001,4748002,145,50,2.000000,772,27
CSR GPU,O2,15622731412.811224,15622.731413,15.622731,303872128,0.029154,11.152798,11.181952,0,10,1,1,64,-1,46835,46835,2374001,4748002,145,50,2.000000,772,27
CSR GPU,O2,24500846273.810356,24500.846274,24.500846,607744256,0.031083,11.175650,11.206733,0,10,1,1,128,-1,46835,46835,2374001,4748002,145,50,2.000000,772,27
