Name,-O,FLOPS,MFLOPS,GFLOPS,FOP Count,Avg Run Time (s),Format Time (s),Total Time (s),Verification,Iters,Block Row,Block Col,K-Bound,Threads,Rows,Cols,NNZ,NNZ*2,Max Cols,Avg Cols,Col Ratio,Variance,Std Deviation
BCSR Serial Transpose,O2,636510.167605,0.636510,0.000637,6132096,9.633946,3.852712,13.486658,6112,10,2,2,16,-1,46835,46835,2374001,4748002,145,50,2.000000,772,27
BCSR Serial Transpose,O2,933486.171099,0.933486,0.000933,8683424,9.302169,3.952127,13.254296,6112,10,4,4,16,-1,46835,46835,2374001,4748002,145,50,2.000000,772,27
BCSR Serial Transpose,O2,2187976.255246,2.187976,0.002188,20448256,9.345807,4.132374,13.478181,6112,10,16,16,16,-1,46835,46835,2374001,4748002,145,50,2.000000,772,27
BCSR Serial Transpose,O2,649074.863730,0.649075,0.000649,6132096,9.447448,3.701813,13.149261,24448,10,2,2,64,-1,46835,46835,2374001,4748002,145,50,2.000000,772,27
BCSR Serial Transpose,O2,916612.509744,0.916613,0.000917,8683424,9.473388,3.609812,13.083200,24448,10,4,4,64,-1,46835,46835,2374001,4748002,145,50,2.000000,772,27
BCSR Serial Transpose,O2,2161473.947781,2.161474,0.002161,20448256,9.460330,3.760108,13.220438,24448,10,16,16,64,-1,46835,46835,2374001,4748002,145,50,2.000000,772,27
BCSR Serial Transpose,O2,642074.034395,0.642074,0.000642,6132096,9.550455,3.688369,13.238824,48896,10,2,2,128,-1,46835,46835,2374001,4748002,145,50,2.000000,772,27
BCSR Serial Transpose,O2,919067.674924,0.919068,0.000919,8683424,9.448080,3.644327,13.092407,48896,10,4,4,128,-1,46835,46835,2374001,4748002,145,50,2.000000,772,27
BCSR Serial Transpose,O2,2075662.600209,2.075663,0.002076,20448256,9.851669,3.827537,13.679206,48896,10,16,16,128,-1,46835,46835,2374001,4748002,145,50,2.000000,772,27
