Name,-O,FLOPS,MFLOPS,GFLOPS,FOP Count,Avg Run Time (s),Format Time (s),Total Time (s),Verification,Iters,Block Row,Block Col,K-Bound,Threads,Rows,Cols,NNZ,NNZ*2,Max Cols,Avg Cols,Col Ratio,Variance,Std Deviation
CSR OMP,O2,inf,inf,inf,37984016,0.000000,3.208420,3.208420,374680,10,1,1,8,32,46835,46835,2374001,4748002,145,50,2.000000,772,27
CSR OMP,O2,7033112402.385968,7033.112402,7.033112,75968032,0.017821,3.209801,3.227622,0,10,1,1,16,32,46835,46835,2374001,4748002,145,50,2.000000,772,27
CSR OMP,O2,13349591241.535656,13349.591242,13.349591,303872128,0.030229,3.305149,3.335378,0,10,1,1,64,32,46835,46835,2374001,4748002,145,50,2.000000,772,27
CSR OMP,O2,15217796588.239826,15217.796588,15.217797,607744256,0.042345,3.326045,3.368390,0,10,1,1,128,32,46835,46835,2374001,4748002,145,50,2.000000,772,27
CSR OMP,O2,inf,inf,inf,1215488512,0.000000,3.325067,3.325067,11989760,10,1,1,256,32,46835,46835,2374001,4748002,145,50,2.000000,772,27
CSR OMP,O2,inf,inf,inf,2430977024,0.000000,3.340612,3.340612,23979520,10,1,1,512,32,46835,46835,2374001,4748002,145,50,2.000000,772,27
CSR OMP,O2,inf,inf,inf,4880946056,0.000000,3.397947,3.397947,48146380,10,1,1,1028,32,46835,46835,2374001,4748002,145,50,2.000000,772,27
