Name,-O,FLOPS,MFLOPS,GFLOPS,FOP Count,Avg Run Time (s),Format Time (s),Total Time (s),Verification,Iters,Block Row,Block Col,K-Bound,Threads,Rows,Cols,NNZ,NNZ*2,Max Cols,Avg Cols,Col Ratio,Variance,Std Deviation
BCSR GPU,O2,416495365.710259,416.495366,0.416495,6132096,0.022825,3.758620,3.781445,6112,10,2,2,16,-1,46835,46835,2374001,4748002,145,50,2.000000,772,27
BCSR GPU,O2,558731205.041366,558.731205,0.558731,8683424,0.022274,3.712327,3.734601,6112,10,4,4,16,-1,46835,46835,2374001,4748002,145,50,2.000000,772,27
BCSR GPU,O2,658581103.485298,658.581103,0.658581,20448256,0.035933,3.841694,3.877626,6112,10,16,16,16,-1,46835,46835,2374001,4748002,145,50,2.000000,772,27
BCSR GPU,O2,237706438.212205,237.706438,0.237706,6132096,0.031144,3.694497,3.725641,24448,10,2,2,64,-1,46835,46835,2374001,4748002,145,50,2.000000,772,27
BCSR GPU,O2,342174416.217347,342.174416,0.342174,8683424,0.031283,3.702522,3.733805,24448,10,4,4,64,-1,46835,46835,2374001,4748002,145,50,2.000000,772,27
BCSR GPU,O2,460786177.074386,460.786177,0.460786,20448256,0.050615,3.825599,3.876214,24448,10,16,16,64,-1,46835,46835,2374001,4748002,145,50,2.000000,772,27
BCSR GPU,O2,210807431.431766,210.807431,0.210807,6132096,0.037037,3.671562,3.708599,48896,10,2,2,128,-1,46835,46835,2374001,4748002,145,50,2.000000,772,27
BCSR GPU,O2,208615995.151327,208.615995,0.208616,8683424,0.050348,3.670482,3.720829,48896,10,4,4,128,-1,46835,46835,2374001,4748002,145,50,2.000000,772,27
BCSR GPU,O2,246771531.642270,246.771532,0.246772,20448256,0.085955,3.782990,3.868945,48896,10,16,16,128,-1,46835,46835,2374001,4748002,145,50,2.000000,772,27
