Name,-O,FLOPS,MFLOPS,GFLOPS,FOP Count,Avg Run Time (s),Format Time (s),Total Time (s),Verification,Iters,Block Row,Block Col,K-Bound,Threads,Rows,Cols,NNZ,NNZ*2,Max Cols,Avg Cols,Col Ratio,Variance,Std Deviation
COO Serial,O2,3542345036.426901,3542.345036,3.542345,75968032,0.021485,3.336943,3.358428,0,10,1,1,16,-1,46835,46835,2374001,4748002,145,50,2.000000,772,27
COO Serial,O2,4833987703.023707,4833.987703,4.833988,303872128,0.062872,3.366599,3.429471,0,10,1,1,64,-1,46835,46835,2374001,4748002,145,50,2.000000,772,27
COO Serial,O2,5227628717.012033,5227.628717,5.227629,607744256,0.116261,3.330861,3.447122,0,10,1,1,128,-1,46835,46835,2374001,4748002,145,50,2.000000,772,27
