Name,-O,FLOPS,MFLOPS,GFLOPS,FOP Count,Avg Run Time (s),Format Time (s),Total Time (s),Verification,Iters,Block Row,Block Col,K-Bound,Threads,Rows,Cols,NNZ,NNZ*2,Max Cols,Avg Cols,Col Ratio,Variance,Std Deviation
ELL GPU,O2,1177024.497150,1.177024,0.001177,4748002,4.034509,11.305519,15.340027,0,10,1,1,16,-1,46835,46835,2374001,4748002,145,50,2.000000,772,27
ELL GPU,O2,612926.344343,0.612926,0.000613,4748002,8.400026,11.341147,19.741172,0,10,1,1,64,-1,46835,46835,2374001,4748002,145,50,2.000000,772,27
ELL GPU,O2,696827.325357,0.696827,0.000697,4748002,6.844723,11.363050,18.207773,0,10,1,1,128,-1,46835,46835,2374001,4748002,145,50,2.000000,772,27
