Name,-O,FLOPS,MFLOPS,GFLOPS,FOP Count,Avg Run Time (s),Format Time (s),Total Time (s),Verification,Iters,Block Row,Block Col,K-Bound,Threads,Rows,Cols,NNZ,NNZ*2,Max Cols,Avg Cols,Col Ratio,Variance,Std Deviation
BCSR Serial,O2,214380344.282782,214.380344,0.214380,6132096,0.028606,3.706838,3.735444,6112,10,2,2,16,-1,46835,46835,2374001,4748002,145,50,2.000000,772,27
BCSR Serial,O2,238751382.874174,238.751383,0.238751,8683424,0.036371,3.708199,3.744570,6112,10,4,4,16,-1,46835,46835,2374001,4748002,145,50,2.000000,772,27
BCSR Serial,O2,278215463.280367,278.215463,0.278215,20448256,0.073508,3.861097,3.934605,6112,10,16,16,16,-1,46835,46835,2374001,4748002,145,50,2.000000,772,27
BCSR Serial,O2,95712274.795060,95.712275,0.095712,6132096,0.064070,3.691021,3.755091,24448,10,2,2,64,-1,46835,46835,2374001,4748002,145,50,2.000000,772,27
BCSR Serial,O2,98658375.850112,98.658376,0.098658,8683424,0.088016,3.718716,3.806732,24448,10,4,4,64,-1,46835,46835,2374001,4748002,145,50,2.000000,772,27
BCSR Serial,O2,104927728.966629,104.927729,0.104928,20448256,0.194882,3.900748,4.095630,24448,10,16,16,64,-1,46835,46835,2374001,4748002,145,50,2.000000,772,27
BCSR Serial,O2,53382716.588257,53.382717,0.053383,6132096,0.114878,3.670886,3.785764,48896,10,2,2,128,-1,46835,46835,2374001,4748002,145,50,2.000000,772,27
BCSR Serial,O2,54785673.317088,54.785673,0.054786,8683424,0.158505,3.715899,3.874404,48896,10,4,4,128,-1,46835,46835,2374001,4748002,145,50,2.000000,772,27
BCSR Serial,O2,57336177.339222,57.336177,0.057336,20448256,0.356641,3.821745,4.178386,48896,10,16,16,128,-1,46835,46835,2374001,4748002,145,50,2.000000,772,27
