Name,-O,FLOPS,MFLOPS,GFLOPS,FOP Count,Avg Run Time (s),Format Time (s),Total Time (s),Verification,Iters,Block Row,Block Col,K-Bound,Threads,Rows,Cols,NNZ,NNZ*2,Max Cols,Avg Cols,Col Ratio,Variance,Std Deviation
COO THREADS,O2,991898520.544595,991.898521,0.991899,4748002,0.006923,3.331029,3.337952,0,5,1,1,16,72,46835,46835,2374001,4748002,145,50,2.000000,772,27
COO THREADS,O2,369164358.501071,369.164359,0.369164,4748002,0.022510,3.380482,3.402992,0,5,1,1,64,16,46835,46835,2374001,4748002,145,50,2.000000,772,27
COO THREADS,O2,178764630.881026,178.764631,0.178765,4748002,0.026583,3.326241,3.352824,0,5,1,1,128,72,46835,46835,2374001,4748002,145,50,2.000000,772,27
