Name,-O,FLOPS,MFLOPS,GFLOPS,FOP Count,Avg Run Time (s),Format Time (s),Total Time (s),Verification,Iters,Block Row,Block Col,K-Bound,Threads,Rows,Cols,NNZ,NNZ*2,Max Cols,Avg Cols,Col Ratio,Variance,Std Deviation
ELL OMP,O2,331440097.342317,331.440097,0.331440,4748002,0.020762,3.649792,3.670554,0,10,1,1,16,8,46835,46835,2374001,4748002,145,50,2.000000,772,27
ELL OMP,O2,66147369.603648,66.147370,0.066147,4748002,0.076181,3.654661,3.730842,0,10,1,1,64,8,46835,46835,2374001,4748002,145,50,2.000000,772,27
ELL OMP,O2,40398796.395589,40.398796,0.040399,4748002,0.118122,3.701093,3.819215,0,10,1,1,128,8,46835,46835,2374001,4748002,145,50,2.000000,772,27
ELL OMP,O2,569812813.351221,569.812813,0.569813,4748002,0.015458,3.600615,3.616074,0,10,1,1,16,16,46835,46835,2374001,4748002,145,50,2.000000,772,27
ELL OMP,O2,86964825.825712,86.964826,0.086965,4748002,0.058800,3.696004,3.754804,0,10,1,1,64,16,46835,46835,2374001,4748002,145,50,2.000000,772,27
ELL OMP,O2,73772126.867827,73.772127,0.073772,4748002,0.068608,3.690206,3.758814,0,10,1,1,128,16,46835,46835,2374001,4748002,145,50,2.000000,772,27
ELL OMP,O2,161380183.241304,161.380183,0.161380,4748002,0.030984,3.663422,3.694406,0,10,1,1,16,32,46835,46835,2374001,4748002,145,50,2.000000,772,27
ELL OMP,O2,89006703.803006,89.006704,0.089007,4748002,0.054581,3.706789,3.761370,0,10,1,1,64,32,46835,46835,2374001,4748002,145,50,2.000000,772,27
ELL OMP,O2,68412272.035977,68.412272,0.068412,4748002,0.070425,3.675489,3.745915,0,10,1,1,128,32,46835,46835,2374001,4748002,145,50,2.000000,772,27
