Name,-O,FLOPS,MFLOPS,GFLOPS,FOP Count,Avg Run Time (s),Format Time (s),Total Time (s),Verification,Iters,Block Row,Block Col,K-Bound,Threads,Rows,Cols,NNZ,NNZ*2,Max Cols,Avg Cols,Col Ratio,Variance,Std Deviation
COO Serial Transpose,O2,831460.653389,0.831461,0.000831,4748002,5.710435,10.895932,16.606367,0,10,1,1,16,-1,46835,46835,2374001,4748002,145,50,2.000000,772,27
COO Serial Transpose,O2,823824.088124,0.823824,0.000824,4748002,5.763370,10.895606,16.658976,0,10,1,1,64,-1,46835,46835,2374001,4748002,145,50,2.000000,772,27
COO Serial Transpose,O2,810184.048742,0.810184,0.000810,4748002,5.860400,10.884975,16.745375,0,10,1,1,128,-1,46835,46835,2374001,4748002,145,50,2.000000,772,27
