Name,-O,FLOPS,MFLOPS,GFLOPS,FOP Count,Avg Run Time (s),Format Time (s),Total Time (s),Verification,Iters,Block Row,Block Col,K-Bound,Threads,Rows,Cols,NNZ,NNZ*2,Max Cols,Avg Cols,Col Ratio,Variance,Std Deviation
COO OMP,O2,7822697178.113362,7822.697178,7.822697,75968032,0.026059,11.072364,11.098423,0,10,1,1,16,8,46835,46835,2374001,4748002,145,50,2.000000,772,27
COO OMP,O2,22401889349.803955,22401.889350,22.401889,303872128,0.016793,11.078416,11.095209,0,10,1,1,64,8,46835,46835,2374001,4748002,145,50,2.000000,772,27
COO OMP,O2,22874417993.959587,22874.417994,22.874418,607744256,0.039112,11.053515,11.092627,0,10,1,1,128,8,46835,46835,2374001,4748002,145,50,2.000000,772,27
COO OMP,O2,10666892540.746132,10666.892541,10.666893,75968032,0.010364,11.092601,11.102965,0,10,1,1,16,16,46835,46835,2374001,4748002,145,50,2.000000,772,27
COO OMP,O2,21152121310.202938,21152.121310,21.152121,303872128,0.021694,11.064340,11.086034,0,10,1,1,64,16,46835,46835,2374001,4748002,145,50,2.000000,772,27
COO OMP,O2,44651248884.263725,44651.248884,44.651249,607744256,0.016396,11.058219,11.074615,0,10,1,1,128,16,46835,46835,2374001,4748002,145,50,2.000000,772,27
COO OMP,O2,11411888092.340387,11411.888092,11.411888,75968032,0.026779,11.099343,11.126122,0,10,1,1,16,32,46835,46835,2374001,4748002,145,50,2.000000,772,27
COO OMP,O2,24331419684.709316,24331.419685,24.331420,303872128,0.027331,11.116207,11.143538,0,10,1,1,64,32,46835,46835,2374001,4748002,145,50,2.000000,772,27
COO OMP,O2,53114875902.238174,53114.875902,53.114876,607744256,0.014343,11.119296,11.133639,0,10,1,1,128,32,46835,46835,2374001,4748002,145,50,2.000000,772,27
