Name,-O,FLOPS,MFLOPS,GFLOPS,FOP Count,Avg Run Time (s),Format Time (s),Total Time (s),Verification,Iters,Block Row,Block Col,K-Bound,Threads,Rows,Cols,NNZ,NNZ*2,Max Cols,Avg Cols,Col Ratio,Variance,Std Deviation
CSR OMP Transpose,O2,4110661557.298841,4110.661557,4.110662,607744256,0.148290,3.345069,3.493359,0,10,1,1,128,8,46835,46835,2374001,4748002,145,50,2.000000,772,27
CSR OMP Transpose,O2,5254855927.066664,5254.855927,5.254856,607744256,0.115758,3.364678,3.480436,0,10,1,1,128,16,46835,46835,2374001,4748002,145,50,2.000000,772,27
CSR OMP Transpose,O2,7960245587.948781,7960.245588,7.960246,607744256,0.076531,3.391523,3.468054,0,10,1,1,128,32,46835,46835,2374001,4748002,145,50,2.000000,772,27
