Name,-O,FLOPS,MFLOPS,GFLOPS,FOP Count,Avg Run Time (s),Format Time (s),Total Time (s),Verification,Iters,Block Row,Block Col,K-Bound,Threads,Rows,Cols,NNZ,NNZ*2,Max Cols,Avg Cols,Col Ratio,Variance,Std Deviation
ELL OMP,O2,318788955.245132,318.788955,0.318789,4748002,0.031823,11.295928,11.327751,0,10,1,1,16,8,46835,46835,2374001,4748002,145,50,2.000000,772,27
ELL OMP,O2,129476146.288131,129.476146,0.129476,4748002,0.042954,11.225565,11.268519,0,10,1,1,64,8,46835,46835,2374001,4748002,145,50,2.000000,772,27
ELL OMP,O2,114289199.594552,114.289200,0.114289,4748002,0.054823,11.338507,11.393330,0,10,1,1,128,8,46835,46835,2374001,4748002,145,50,2.000000,772,27
ELL OMP,O2,327333974.061663,327.333974,0.327334,4748002,0.030468,11.329745,11.360213,0,10,1,1,16,16,46835,46835,2374001,4748002,145,50,2.000000,772,27
ELL OMP,O2,158601891.656170,158.601892,0.158602,4748002,0.037412,11.342009,11.379421,0,10,1,1,64,16,46835,46835,2374001,4748002,145,50,2.000000,772,27
ELL OMP,O2,159635508.264222,159.635508,0.159636,4748002,0.034340,11.397806,11.432146,0,10,1,1,128,16,46835,46835,2374001,4748002,145,50,2.000000,772,27
ELL OMP,O2,175474969.624826,175.474970,0.175475,4748002,0.030262,11.372641,11.402903,0,10,1,1,16,32,46835,46835,2374001,4748002,145,50,2.000000,772,27
ELL OMP,O2,281448644.190043,281.448644,0.281449,4748002,0.029140,11.305369,11.334510,0,10,1,1,64,32,46835,46835,2374001,4748002,145,50,2.000000,772,27
ELL OMP,O2,135031077.718523,135.031078,0.135031,4748002,0.038095,11.358462,11.396557,0,10,1,1,128,32,46835,46835,2374001,4748002,145,50,2.000000,772,27
