Name,-O,FLOPS,MFLOPS,GFLOPS,FOP Count,Avg Run Time (s),Format Time (s),Total Time (s),Verification,Iters,Block Row,Block Col,K-Bound,Threads,Rows,Cols,NNZ,NNZ*2,Max Cols,Avg Cols,Col Ratio,Variance,Std Deviation
ELL OMP,O2,inf,inf,inf,37984016,0.000000,3.561094,3.561094,374680,10,1,1,8,32,46835,46835,2374001,4748002,145,50,2.000000,772,27
ELL OMP,O2,2632284075.323580,2632.284075,2.632284,75968032,0.030791,3.608485,3.639276,0,10,1,1,16,32,46835,46835,2374001,4748002,145,50,2.000000,772,27
ELL OMP,O2,5961836254.366190,5961.836254,5.961836,303872128,0.052437,3.640001,3.692438,0,10,1,1,64,32,46835,46835,2374001,4748002,145,50,2.000000,772,27
ELL OMP,O2,8746715878.439314,8746.715878,8.746716,607744256,0.071072,3.648110,3.719182,0,10,1,1,128,32,46835,46835,2374001,4748002,145,50,2.000000,772,27
ELL OMP,O2,inf,inf,inf,1215488512,0.000000,3.625480,3.625480,11989760,10,1,1,256,32,46835,46835,2374001,4748002,145,50,2.000000,772,27
ELL OMP,O2,inf,inf,inf,2430977024,0.000000,3.547806,3.547806,23979520,10,1,1,512,32,46835,46835,2374001,4748002,145,50,2.000000,772,27
ELL OMP,O2,inf,inf,inf,4880946056,0.000000,3.546596,3.546596,48146380,10,1,1,1028,32,46835,46835,2374001,4748002,145,50,2.000000,772,27
