Name,-O,FLOPS,MFLOPS,GFLOPS,FOP Count,Avg Run Time (s),Format Time (s),Total Time (s),Verification,Iters,Block Row,Block Col,K-Bound,Threads,Rows,Cols,NNZ,NNZ*2,Max Cols,Avg Cols,Col Ratio,Variance,Std Deviation
COO OMP Transpose,O2,4965692366.517903,4965.692367,4.965692,607744256,0.122519,3.227286,3.349805,0,10,1,1,128,8,46835,46835,2374001,4748002,145,50,2.000000,772,27
COO OMP Transpose,O2,6515867408.724689,6515.867409,6.515867,607744256,0.093321,3.370072,3.463392,0,10,1,1,128,16,46835,46835,2374001,4748002,145,50,2.000000,772,27
COO OMP Transpose,O2,9680917197.338245,9680.917197,9.680917,607744256,0.062889,3.269583,3.332472,0,10,1,1,128,32,46835,46835,2374001,4748002,145,50,2.000000,772,27
