Name,Avg Run Time (s),Format Time (s),Total Time (s),GFLOPS,Verification,Iters,Block Row,Block Col,K-Bound,Threads,FOP Count,Rows,Cols,NNZ,Max Cols,Avg Cols,Variance,Std Deviation
ell_omp_O2,0.033550,25.519060,25.552610,20095.660671,0,10,1,1,16,8,636119995250,46835,46835,2374001,145,50,772,27
ell_omp_collapse_O2,0.045403,25.524920,25.570323,14542.520185,0,10,1,1,16,8,636119995250,46835,46835,2374001,145,50,772,27
ell_omp_O2,0.020198,25.454778,25.474976,31940.650571,0,10,1,1,16,16,636119995250,46835,46835,2374001,145,50,772,27
ell_omp_collapse_O2,0.035527,25.456647,25.492174,21297.167416,0,10,1,1,16,16,636119995250,46835,46835,2374001,145,50,772,27
ell_omp_O2,0.016917,25.469357,25.486274,41224.634426,0,10,1,1,16,32,636119995250,46835,46835,2374001,145,50,772,27
ell_omp_collapse_O2,0.020746,25.465679,25.486425,32976.479956,0,10,1,1,16,32,636119995250,46835,46835,2374001,145,50,772,27
