Name,-O,FLOPS,MFLOPS,GFLOPS,FOP Count,Avg Run Time (s),Format Time (s),Total Time (s),Verification,Iters,Block Row,Block Col,K-Bound,Threads,Rows,Cols,NNZ,NNZ*2,Max Cols,Avg Cols,Col Ratio,Variance,Std Deviation
COO OMP Transpose,O2,9688520.779758,9.688521,0.009689,4748002,0.492623,3.424043,3.916666,0,10,1,1,16,8,46835,46835,2374001,4748002,145,50,2.000000,772,27
COO OMP Transpose,O2,9358469.423467,9.358469,0.009358,4748002,0.508389,3.434827,3.943217,0,10,1,1,64,8,46835,46835,2374001,4748002,145,50,2.000000,772,27
COO OMP Transpose,O2,9153231.944381,9.153232,0.009153,4748002,0.519853,3.415634,3.935487,0,10,1,1,128,8,46835,46835,2374001,4748002,145,50,2.000000,772,27
COO OMP Transpose,O2,9807854.159694,9.807854,0.009808,4748002,0.485717,3.429321,3.915038,0,10,1,1,16,16,46835,46835,2374001,4748002,145,50,2.000000,772,27
COO OMP Transpose,O2,9392557.479002,9.392557,0.009393,4748002,0.506710,3.424026,3.930736,0,10,1,1,64,16,46835,46835,2374001,4748002,145,50,2.000000,772,27
COO OMP Transpose,O2,9201883.081349,9.201883,0.009202,4748002,0.517417,3.443712,3.961129,0,10,1,1,128,16,46835,46835,2374001,4748002,145,50,2.000000,772,27
COO OMP Transpose,O2,9819123.517786,9.819124,0.009819,4748002,0.484774,3.418278,3.903052,0,10,1,1,16,32,46835,46835,2374001,4748002,145,50,2.000000,772,27
COO OMP Transpose,O2,9452019.834360,9.452020,0.009452,4748002,0.503518,3.404229,3.907747,0,10,1,1,64,32,46835,46835,2374001,4748002,145,50,2.000000,772,27
COO OMP Transpose,O2,9216436.046248,9.216436,0.009216,4748002,0.516140,3.403410,3.919550,0,10,1,1,128,32,46835,46835,2374001,4748002,145,50,2.000000,772,27
