Name,-O,FLOPS,MFLOPS,GFLOPS,FOP Count,Avg Run Time (s),Format Time (s),Total Time (s),Verification,Iters,Block Row,Block Col,K-Bound,Threads,Rows,Cols,NNZ,NNZ*2,Max Cols,Avg Cols,Col Ratio,Variance,Std Deviation
BCSR OMP,O2,inf,inf,inf,37984016,0.000000,11.438016,11.438016,374680,10,4,4,8,32,46835,46835,2374001,4748002,145,50,2.000000,772,27
BCSR OMP,O2,706767378.354287,706.767378,0.706767,75968032,0.221435,11.426125,11.647560,6112,10,4,4,16,32,46835,46835,2374001,4748002,145,50,2.000000,772,27
BCSR OMP,O2,2901745820.744706,2901.745821,2.901746,303872128,0.146996,11.471250,11.618246,24448,10,4,4,64,32,46835,46835,2374001,4748002,145,50,2.000000,772,27
BCSR OMP,O2,2864015036.800239,2864.015037,2.864015,607744256,0.282768,11.443703,11.726471,48896,10,4,4,128,32,46835,46835,2374001,4748002,145,50,2.000000,772,27
BCSR OMP,O2,inf,inf,inf,1215488512,0.000000,11.502297,11.502297,11989760,10,4,4,256,32,46835,46835,2374001,4748002,145,50,2.000000,772,27
BCSR OMP,O2,inf,inf,inf,2430977024,0.000000,11.539888,11.539888,23979520,10,4,4,512,32,46835,46835,2374001,4748002,145,50,2.000000,772,27
BCSR OMP,O2,inf,inf,inf,4880946056,0.000000,11.453935,11.453935,48146380,10,4,4,1028,32,46835,46835,2374001,4748002,145,50,2.000000,772,27
