Name,-O,FLOPS,MFLOPS,GFLOPS,FOP Count,Avg Run Time (s),Format Time (s),Total Time (s),Verification,Iters,Block Row,Block Col,K-Bound,Threads,Rows,Cols,NNZ,NNZ*2,Max Cols,Avg Cols,Col Ratio,Variance,Std Deviation
BCSR OMP Transpose,O2,9295662677.146152,9295.662677,9.295663,607744256,0.068823,11.357969,11.426792,48896,10,2,2,128,8,46835,46835,2374001,4748002,145,50,2.000000,772,27
BCSR OMP Transpose,O2,6593566927.425372,6593.566927,6.593567,607744256,0.094890,11.404222,11.499112,48896,10,4,4,128,8,46835,46835,2374001,4748002,145,50,2.000000,772,27
BCSR OMP Transpose,O2,3117041964.010506,3117.041964,3.117042,607744256,0.198332,11.582740,11.781072,48896,10,16,16,128,8,46835,46835,2374001,4748002,145,50,2.000000,772,27
BCSR OMP Transpose,O2,14622277453.454182,14622.277453,14.622277,607744256,0.046326,11.299803,11.346129,48896,10,2,2,128,16,46835,46835,2374001,4748002,145,50,2.000000,772,27
BCSR OMP Transpose,O2,13555176720.745834,13555.176721,13.555177,607744256,0.047298,11.408939,11.456237,48896,10,4,4,128,16,46835,46835,2374001,4748002,145,50,2.000000,772,27
BCSR OMP Transpose,O2,5774764062.775371,5774.764063,5.774764,607744256,0.107031,11.572701,11.679732,48896,10,16,16,128,16,46835,46835,2374001,4748002,145,50,2.000000,772,27
BCSR OMP Transpose,O2,24207776158.248688,24207.776158,24.207776,607744256,0.028569,11.384335,11.412903,48896,10,2,2,128,32,46835,46835,2374001,4748002,145,50,2.000000,772,27
BCSR OMP Transpose,O2,18229404844.381329,18229.404844,18.229405,607744256,0.037148,11.453915,11.491063,48896,10,4,4,128,32,46835,46835,2374001,4748002,145,50,2.000000,772,27
BCSR OMP Transpose,O2,10076694726.093578,10076.694726,10.076695,607744256,0.064068,11.587043,11.651111,48896,10,16,16,128,32,46835,46835,2374001,4748002,145,50,2.000000,772,27
