Name,-O,FLOPS,MFLOPS,GFLOPS,FOP Count,Avg Run Time (s),Format Time (s),Total Time (s),Verification,Iters,Block Row,Block Col,K-Bound,Threads,Rows,Cols,NNZ,NNZ*2,Max Cols,Avg Cols,Col Ratio,Variance,Std Deviation
ELL OMP,O2,11696298206.219357,11696.298206,11.696298,37984016,0.004707,11.469913,11.474620,0,10,1,1,8,32,46835,46835,2374001,4748002,145,50,2.000000,772,27
ELL OMP,O2,14402962676.118555,14402.962676,14.402963,75968032,0.007531,11.479224,11.486755,0,10,1,1,16,32,46835,46835,2374001,4748002,145,50,2.000000,772,27
ELL OMP,O2,11651066677.900913,11651.066678,11.651067,303872128,0.035271,11.507693,11.542964,0,10,1,1,64,32,46835,46835,2374001,4748002,145,50,2.000000,772,27
ELL OMP,O2,36226390188.482857,36226.390188,36.226390,607744256,0.021953,11.528166,11.550119,0,10,1,1,128,32,46835,46835,2374001,4748002,145,50,2.000000,772,27
ELL OMP,O2,52575148513.542587,52575.148514,52.575149,1215488512,0.025820,11.505789,11.531609,0,10,1,1,256,32,46835,46835,2374001,4748002,145,50,2.000000,772,27
ELL OMP,O2,49991976414.523438,49991.976415,49.991976,2430977024,0.049694,11.501781,11.551475,0,10,1,1,512,32,46835,46835,2374001,4748002,145,50,2.000000,772,27
ELL OMP,O2,45302715269.361244,45302.715269,45.302715,4880946056,0.124928,11.501766,11.626694,0,10,1,1,1028,32,46835,46835,2374001,4748002,145,50,2.000000,772,27
