Name,-O,FLOPS,MFLOPS,GFLOPS,FOP Count,Avg Run Time (s),Format Time (s),Total Time (s),Verification,Iters,Block Row,Block Col,K-Bound,Threads,Rows,Cols,NNZ,NNZ*2,Max Cols,Avg Cols,Col Ratio,Variance,Std Deviation
COO Serial,O2,203818067.354150,203.818067,0.203818,4748002,0.023296,10.924152,10.947448,0,10,1,1,16,-1,46835,46835,2374001,4748002,145,50,2.000000,772,27
COO Serial,O2,93765687.552770,93.765688,0.093766,4748002,0.050658,10.893141,10.943799,0,10,1,1,64,-1,46835,46835,2374001,4748002,145,50,2.000000,772,27
COO Serial,O2,62842451.759027,62.842452,0.062842,4748002,0.075572,10.908488,10.984060,0,10,1,1,128,-1,46835,46835,2374001,4748002,145,50,2.000000,772,27
