Name,-O,FLOPS,MFLOPS,GFLOPS,FOP Count,Avg Run Time (s),Format Time (s),Total Time (s),Verification,Iters,Block Row,Block Col,K-Bound,Threads,Rows,Cols,NNZ,NNZ*2,Max Cols,Avg Cols,Col Ratio,Variance,Std Deviation
COO OMP,O2,6924459021.984451,6924.459022,6.924459,37984016,0.006516,11.230506,11.237022,0,10,1,1,8,32,46835,46835,2374001,4748002,145,50,2.000000,772,27
COO OMP,O2,12425422102.046669,12425.422102,12.425422,75968032,0.025214,11.119812,11.145026,0,10,1,1,16,32,46835,46835,2374001,4748002,145,50,2.000000,772,27
COO OMP,O2,11238500583.666365,11238.500584,11.238501,303872128,0.035458,11.200463,11.235920,0,10,1,1,64,32,46835,46835,2374001,4748002,145,50,2.000000,772,27
COO OMP,O2,66517611937.670898,66517.611938,66.517612,607744256,0.010927,11.129890,11.140817,0,10,1,1,128,32,46835,46835,2374001,4748002,145,50,2.000000,772,27
COO OMP,O2,67501279594.051964,67501.279594,67.501280,1215488512,0.019191,11.198685,11.217876,0,10,1,1,256,32,46835,46835,2374001,4748002,145,50,2.000000,772,27
COO OMP,O2,56212697438.111000,56212.697438,56.212697,2430977024,0.067687,11.127363,11.195050,0,10,1,1,512,32,46835,46835,2374001,4748002,145,50,2.000000,772,27
COO OMP,O2,58434294618.470886,58434.294618,58.434295,4880946056,0.112954,11.152607,11.265561,0,10,1,1,1028,32,46835,46835,2374001,4748002,145,50,2.000000,772,27
