Name,-O,FLOPS,MFLOPS,GFLOPS,FOP Count,Avg Run Time (s),Format Time (s),Total Time (s),Verification,Iters,Block Row,Block Col,K-Bound,Threads,Rows,Cols,NNZ,NNZ*2,Max Cols,Avg Cols,Col Ratio,Variance,Std Deviation
COO Serial,O2,141660901.389040,141.660901,0.141661,4748002,0.033517,23.567164,23.600681,0,10,1,1,16,-1,46835,46835,2374001,4748002,145,50,2.000000,772,27
COO Serial,O2,69827010.732569,69.827011,0.069827,4748002,0.068057,23.721019,23.789076,0,10,1,1,64,-1,46835,46835,2374001,4748002,145,50,2.000000,772,27
COO Serial,O2,47267319.592384,47.267320,0.047267,4748002,0.100473,23.651813,23.752286,0,10,1,1,128,-1,46835,46835,2374001,4748002,145,50,2.000000,772,27
