Name,-O,FLOPS,MFLOPS,GFLOPS,FOP Count,Avg Run Time (s),Format Time (s),Total Time (s),Verification,Iters,Block Row,Block Col,K-Bound,Threads,Rows,Cols,NNZ,NNZ*2,Max Cols,Avg Cols,Col Ratio,Variance,Std Deviation
CSR OMP,O2,6629868862.537770,6629.868863,6.629869,37984016,0.022528,11.023573,11.046101,0,10,1,1,8,32,46835,46835,2374001,4748002,145,50,2.000000,772,27
CSR OMP,O2,4618236747.936193,4618.236748,4.618237,75968032,0.027106,11.060766,11.087872,0,10,1,1,16,32,46835,46835,2374001,4748002,145,50,2.000000,772,27
CSR OMP,O2,17065525906.710407,17065.525907,17.065526,303872128,0.026465,11.053819,11.080284,0,10,1,1,64,32,46835,46835,2374001,4748002,145,50,2.000000,772,27
CSR OMP,O2,27183650243.853859,27183.650244,27.183650,607744256,0.030256,11.373658,11.403914,0,10,1,1,128,32,46835,46835,2374001,4748002,145,50,2.000000,772,27
CSR OMP,O2,29139723739.454185,29139.723739,29.139724,1215488512,0.045381,11.070520,11.115901,0,10,1,1,256,32,46835,46835,2374001,4748002,145,50,2.000000,772,27
CSR OMP,O2,54350257623.946831,54350.257624,54.350258,2430977024,0.052044,11.061335,11.113379,0,10,1,1,512,32,46835,46835,2374001,4748002,145,50,2.000000,772,27
CSR OMP,O2,53385246014.880592,53385.246015,53.385246,4880946056,0.103543,11.075352,11.178895,0,10,1,1,1028,32,46835,46835,2374001,4748002,145,50,2.000000,772,27
