Name,-O,FLOPS,MFLOPS,GFLOPS,FOP Count,Avg Run Time (s),Format Time (s),Total Time (s),Verification,Iters,Block Row,Block Col,K-Bound,Threads,Rows,Cols,NNZ,NNZ*2,Max Cols,Avg Cols,Col Ratio,Variance,Std Deviation
CSR OMP Transpose,O2,505565.999892,0.505566,0.000506,4748002,9.392520,3.422466,12.814986,0,10,1,1,16,8,46835,46835,2374001,4748002,145,50,2.000000,772,27
CSR OMP Transpose,O2,504680.222278,0.504680,0.000505,4748002,9.408967,3.443102,12.852069,0,10,1,1,64,8,46835,46835,2374001,4748002,145,50,2.000000,772,27
CSR OMP Transpose,O2,502142.139478,0.502142,0.000502,4748002,9.456419,3.431569,12.887988,0,10,1,1,128,8,46835,46835,2374001,4748002,145,50,2.000000,772,27
CSR OMP Transpose,O2,510934.473430,0.510934,0.000511,4748002,9.293784,3.427215,12.720999,0,10,1,1,16,16,46835,46835,2374001,4748002,145,50,2.000000,772,27
CSR OMP Transpose,O2,505379.876777,0.505380,0.000505,4748002,9.395651,3.467932,12.863583,0,10,1,1,64,16,46835,46835,2374001,4748002,145,50,2.000000,772,27
CSR OMP Transpose,O2,490907.349502,0.490907,0.000491,4748002,9.671896,3.442134,13.114030,0,10,1,1,128,16,46835,46835,2374001,4748002,145,50,2.000000,772,27
CSR OMP Transpose,O2,508622.215810,0.508622,0.000509,4748002,9.336366,3.443664,12.780030,0,10,1,1,16,32,46835,46835,2374001,4748002,145,50,2.000000,772,27
CSR OMP Transpose,O2,507478.976173,0.507479,0.000507,4748002,9.357106,3.445885,12.802991,0,10,1,1,64,32,46835,46835,2374001,4748002,145,50,2.000000,772,27
CSR OMP Transpose,O2,489126.362295,0.489126,0.000489,4748002,9.707125,3.445556,13.152681,0,10,1,1,128,32,46835,46835,2374001,4748002,145,50,2.000000,772,27
