Name,-O,FLOPS,MFLOPS,GFLOPS,FOP Count,Avg Run Time (s),Format Time (s),Total Time (s),Verification,Iters,Block Row,Block Col,K-Bound,Threads,Rows,Cols,NNZ,NNZ*2,Max Cols,Avg Cols,Col Ratio,Variance,Std Deviation
ELL OMP,O2,3787996729.747208,3787.996730,3.787997,37984016,0.020269,3.656297,3.676566,0,10,1,1,8,32,46835,46835,2374001,4748002,145,50,2.000000,772,27
ELL OMP,O2,4487717515.664153,4487.717516,4.487718,75968032,0.025491,3.654506,3.679997,0,10,1,1,16,32,46835,46835,2374001,4748002,145,50,2.000000,772,27
ELL OMP,O2,6255693254.754545,6255.693255,6.255693,303872128,0.050745,3.645151,3.695896,0,10,1,1,64,32,46835,46835,2374001,4748002,145,50,2.000000,772,27
ELL OMP,O2,8784180649.559566,8784.180650,8.784181,607744256,0.070119,3.651594,3.721713,0,10,1,1,128,32,46835,46835,2374001,4748002,145,50,2.000000,772,27
ELL OMP,O2,13356845458.013294,13356.845458,13.356845,1215488512,0.091841,3.658071,3.749912,0,10,1,1,256,32,46835,46835,2374001,4748002,145,50,2.000000,772,27
ELL OMP,O2,20742956572.389275,20742.956572,20.742957,2430977024,0.117726,3.659622,3.777348,0,10,1,1,512,32,46835,46835,2374001,4748002,145,50,2.000000,772,27
ELL OMP,O2,29057287247.279457,29057.287247,29.057287,4880946056,0.168600,3.665156,3.833756,0,10,1,1,1028,32,46835,46835,2374001,4748002,145,50,2.000000,772,27
