Name,-O,FLOPS,MFLOPS,GFLOPS,FOP Count,Avg Run Time (s),Format Time (s),Total Time (s),Verification,Iters,Block Row,Block Col,K-Bound,Threads,Rows,Cols,NNZ,NNZ*2,Max Cols,Avg Cols,Col Ratio,Variance,Std Deviation
CSR Serial,O2,184206549.764349,184.206550,0.184207,4748002,0.025802,10.870086,10.895887,0,10,1,1,16,-1,46835,46835,2374001,4748002,145,50,2.000000,772,27
CSR Serial,O2,95154828.505355,95.154829,0.095155,4748002,0.049914,10.920563,10.970477,0,10,1,1,64,-1,46835,46835,2374001,4748002,145,50,2.000000,772,27
CSR Serial,O2,65509424.051801,65.509424,0.065509,4748002,0.072500,10.911874,10.984374,0,10,1,1,128,-1,46835,46835,2374001,4748002,145,50,2.000000,772,27
