Name,-O,FLOPS,MFLOPS,GFLOPS,FOP Count,Avg Run Time (s),Format Time (s),Total Time (s),Verification,Iters,Block Row,Block Col,K-Bound,Threads,Rows,Cols,NNZ,NNZ*2,Max Cols,Avg Cols,Col Ratio,Variance,Std Deviation
ELL GPU,O2,9506313623.914135,9506.313624,9.506314,75968032,0.012927,11.513165,11.526092,0,10,1,1,16,-1,46835,46835,2374001,4748002,145,50,2.000000,772,27
ELL GPU,O2,21186117869.795738,21186.117870,21.186118,303872128,0.019885,11.498589,11.518474,0,10,1,1,64,-1,46835,46835,2374001,4748002,145,50,2.000000,772,27
ELL GPU,O2,31899062490.852489,31899.062491,31.899062,607744256,0.027250,11.584228,11.611478,0,10,1,1,128,-1,46835,46835,2374001,4748002,145,50,2.000000,772,27
