Name,-O,FLOPS,MFLOPS,GFLOPS,FOP Count,Avg Run Time (s),Format Time (s),Total Time (s),Verification,Iters,Block Row,Block Col,K-Bound,Threads,Rows,Cols,NNZ,NNZ*2,Max Cols,Avg Cols,Col Ratio,Variance,Std Deviation
CSR OMP,O2,493467917.504047,493.467918,0.493468,4748002,0.017098,3.299089,3.316187,0,10,1,1,16,8,46835,46835,2374001,4748002,145,50,2.000000,772,27
CSR OMP,O2,137306494.890206,137.306495,0.137306,4748002,0.043391,3.370079,3.413470,0,10,1,1,64,8,46835,46835,2374001,4748002,145,50,2.000000,772,27
CSR OMP,O2,104298100.705269,104.298101,0.104298,4748002,0.052307,3.384330,3.436637,0,10,1,1,128,8,46835,46835,2374001,4748002,145,50,2.000000,772,27
CSR OMP,O2,651750185.652390,651.750186,0.651750,4748002,0.015851,3.365052,3.380903,0,10,1,1,16,16,46835,46835,2374001,4748002,145,50,2.000000,772,27
CSR OMP,O2,252318637.809798,252.318638,0.252319,4748002,0.030095,3.346982,3.377077,0,10,1,1,64,16,46835,46835,2374001,4748002,145,50,2.000000,772,27
CSR OMP,O2,96520139.082439,96.520139,0.096520,4748002,0.055453,3.345427,3.400880,0,10,1,1,128,16,46835,46835,2374001,4748002,145,50,2.000000,772,27
CSR OMP,O2,392718676.548756,392.718677,0.392719,4748002,0.018179,3.325989,3.344168,0,10,1,1,16,32,46835,46835,2374001,4748002,145,50,2.000000,772,27
CSR OMP,O2,193968435.350540,193.968435,0.193968,4748002,0.031300,3.415160,3.446460,0,10,1,1,64,32,46835,46835,2374001,4748002,145,50,2.000000,772,27
CSR OMP,O2,96570460.926824,96.570461,0.096570,4748002,0.050535,3.418335,3.468870,0,10,1,1,128,32,46835,46835,2374001,4748002,145,50,2.000000,772,27
