Name,-O,FLOPS,MFLOPS,GFLOPS,FOP Count,Avg Run Time (s),Format Time (s),Total Time (s),Verification,Iters,Block Row,Block Col,K-Bound,Threads,Rows,Cols,NNZ,NNZ*2,Max Cols,Avg Cols,Col Ratio,Variance,Std Deviation
ELL Serial,O2,93029633.764629,93.029634,0.093030,4748002,0.051072,11.263016,11.314088,0,10,1,1,16,-1,46835,46835,2374001,4748002,145,50,2.000000,772,27
ELL Serial,O2,39778623.480256,39.778623,0.039779,4748002,0.119361,11.212939,11.332300,0,10,1,1,64,-1,46835,46835,2374001,4748002,145,50,2.000000,772,27
ELL Serial,O2,25862280.104848,25.862280,0.025862,4748002,0.183595,11.265888,11.449483,0,10,1,1,128,-1,46835,46835,2374001,4748002,145,50,2.000000,772,27
