Name,-O,FLOPS,MFLOPS,GFLOPS,FOP Count,Avg Run Time (s),Format Time (s),Total Time (s),Verification,Iters,Block Row,Block Col,K-Bound,Threads,Rows,Cols,NNZ,NNZ*2,Max Cols,Avg Cols,Col Ratio,Variance,Std Deviation
COO OMP,O2,566513465.155833,566.513465,0.566513,4748002,0.022098,10.945419,10.967517,0,10,1,1,16,8,46835,46835,2374001,4748002,145,50,2.000000,772,27
COO OMP,O2,240789512.569148,240.789513,0.240790,4748002,0.032035,10.944244,10.976279,0,10,1,1,64,8,46835,46835,2374001,4748002,145,50,2.000000,772,27
COO OMP,O2,191335042.154776,191.335042,0.191335,4748002,0.039530,10.920922,10.960452,0,10,1,1,128,8,46835,46835,2374001,4748002,145,50,2.000000,772,27
COO OMP,O2,451770515.665938,451.770516,0.451771,4748002,0.028230,10.947968,10.976198,0,10,1,1,16,16,46835,46835,2374001,4748002,145,50,2.000000,772,27
COO OMP,O2,254868780.861816,254.868781,0.254869,4748002,0.029783,10.940221,10.970004,0,10,1,1,64,16,46835,46835,2374001,4748002,145,50,2.000000,772,27
COO OMP,O2,256182057.406546,256.182057,0.256182,4748002,0.029301,10.949306,10.978606,0,10,1,1,128,16,46835,46835,2374001,4748002,145,50,2.000000,772,27
COO OMP,O2,226500558.523975,226.500559,0.226501,4748002,0.027292,10.956705,10.983997,0,10,1,1,16,32,46835,46835,2374001,4748002,145,50,2.000000,772,27
COO OMP,O2,511395955.571500,511.395956,0.511396,4748002,0.012712,11.009134,11.021846,0,10,1,1,64,32,46835,46835,2374001,4748002,145,50,2.000000,772,27
COO OMP,O2,277426275.078994,277.426275,0.277426,4748002,0.029859,11.071191,11.101050,0,10,1,1,128,32,46835,46835,2374001,4748002,145,50,2.000000,772,27
