Name,-O,FLOPS,MFLOPS,GFLOPS,FOP Count,Avg Run Time (s),Format Time (s),Total Time (s),Verification,Iters,Block Row,Block Col,K-Bound,Threads,Rows,Cols,NNZ,NNZ*2,Max Cols,Avg Cols,Col Ratio,Variance,Std Deviation
ELL THREADS,O2,763947198.431094,763.947198,0.763947,4748002,0.007474,11.555041,11.562515,0,5,1,1,16,48,46835,46835,2374001,4748002,145,50,2.000000,772,27
ELL THREADS,O2,378850370.033705,378.850370,0.378850,4748002,0.012707,11.539450,11.552157,0,5,1,1,64,48,46835,46835,2374001,4748002,145,50,2.000000,772,27
ELL THREADS,O2,251856118.246205,251.856118,0.251856,4748002,0.020821,11.551817,11.572638,0,5,1,1,128,48,46835,46835,2374001,4748002,145,50,2.000000,772,27
