Name,-O,FLOPS,MFLOPS,GFLOPS,FOP Count,Avg Run Time (s),Format Time (s),Total Time (s),Verification,Iters,Block Row,Block Col,K-Bound,Threads,Rows,Cols,NNZ,NNZ*2,Max Cols,Avg Cols,Col Ratio,Variance,Std Deviation
BCSR Serial,O2,2172153547.480000,2172.153547,2.172154,75968032,0.034974,11.292476,11.327450,6112,10,4,4,16,-1,46835,46835,2374001,4748002,145,50,2.000000,772,27
BCSR Serial,O2,4746887624.896016,4746.887625,4.746888,303872128,0.064030,11.447869,11.511899,24448,10,4,4,64,-1,46835,46835,2374001,4748002,145,50,2.000000,772,27
BCSR Serial,O2,5830078296.057378,5830.078296,5.830078,607744256,0.104243,11.295492,11.399735,48896,10,4,4,128,-1,46835,46835,2374001,4748002,145,50,2.000000,772,27
