Name,-O,FLOPS,MFLOPS,GFLOPS,FOP Count,Avg Run Time (s),Format Time (s),Total Time (s),Verification,Iters,Block Row,Block Col,K-Bound,Threads,Rows,Cols,NNZ,NNZ*2,Max Cols,Avg Cols,Col Ratio,Variance,Std Deviation
ELL Serial,O2,1183267661.464079,1183.267661,1.183268,75968032,0.064279,11.405096,11.469375,0,10,1,1,16,-1,46835,46835,2374001,4748002,145,50,2.000000,772,27
ELL Serial,O2,3241622608.851473,3241.622609,3.241623,303872128,0.093754,11.394758,11.488512,0,10,1,1,64,-1,46835,46835,2374001,4748002,145,50,2.000000,772,27
ELL Serial,O2,3793627019.718955,3793.627020,3.793627,607744256,0.160212,11.407797,11.568009,0,10,1,1,128,-1,46835,46835,2374001,4748002,145,50,2.000000,772,27
