Name,-O,FLOPS,MFLOPS,GFLOPS,FOP Count,Avg Run Time (s),Format Time (s),Total Time (s),Verification,Iters,Block Row,Block Col,K-Bound,Threads,Rows,Cols,NNZ,NNZ*2,Max Cols,Avg Cols,Col Ratio,Variance,Std Deviation
BCSR Serial Transpose,O2,834172.663191,0.834173,0.000834,4748002,5.691881,11.455402,17.147283,6112,10,2,2,16,-1,46835,46835,2374001,4748002,145,50,2.000000,772,27
BCSR Serial Transpose,O2,826979.698031,0.826980,0.000827,4748002,5.741395,11.437166,17.178561,6112,10,4,4,16,-1,46835,46835,2374001,4748002,145,50,2.000000,772,27
BCSR Serial Transpose,O2,824818.204366,0.824818,0.000825,4748002,5.756435,11.626096,17.382531,6112,10,16,16,16,-1,46835,46835,2374001,4748002,145,50,2.000000,772,27
BCSR Serial Transpose,O2,813470.522561,0.813471,0.000813,4748002,5.836736,11.422607,17.259344,24448,10,2,2,64,-1,46835,46835,2374001,4748002,145,50,2.000000,772,27
BCSR Serial Transpose,O2,805532.420083,0.805532,0.000806,4748002,5.894252,11.507869,17.402121,24448,10,4,4,64,-1,46835,46835,2374001,4748002,145,50,2.000000,772,27
BCSR Serial Transpose,O2,775677.689943,0.775678,0.000776,4748002,6.121112,11.613740,17.734852,24448,10,16,16,64,-1,46835,46835,2374001,4748002,145,50,2.000000,772,27
BCSR Serial Transpose,O2,792699.968581,0.792700,0.000793,4748002,5.989669,11.470319,17.459988,48896,10,2,2,128,-1,46835,46835,2374001,4748002,145,50,2.000000,772,27
BCSR Serial Transpose,O2,788722.668213,0.788723,0.000789,4748002,6.019877,11.467037,17.486914,48896,10,4,4,128,-1,46835,46835,2374001,4748002,145,50,2.000000,772,27
BCSR Serial Transpose,O2,717540.153877,0.717540,0.000718,4748002,6.617061,11.603023,18.220084,48896,10,16,16,128,-1,46835,46835,2374001,4748002,145,50,2.000000,772,27
