Name,-O,FLOPS,MFLOPS,GFLOPS,FOP Count,Avg Run Time (s),Format Time (s),Total Time (s),Verification,Iters,Block Row,Block Col,K-Bound,Threads,Rows,Cols,NNZ,NNZ*2,Max Cols,Avg Cols,Col Ratio,Variance,Std Deviation
BCSR GPU,O2,534434.002946,0.534434,0.000534,4748002,9.193808,11.279940,20.473748,6112,10,2,2,16,-1,46835,46835,2374001,4748002,145,50,2.000000,772,27
BCSR GPU,O2,915043.362991,0.915043,0.000915,4748002,5.190576,11.259725,16.450301,6112,10,4,4,16,-1,46835,46835,2374001,4748002,145,50,2.000000,772,27
BCSR GPU,O2,961347.214679,0.961347,0.000961,4748002,4.959518,11.426482,16.386000,6112,10,16,16,16,-1,46835,46835,2374001,4748002,145,50,2.000000,772,27
BCSR GPU,O2,536888.093345,0.536888,0.000537,4748002,9.041748,11.231221,20.272969,24448,10,2,2,64,-1,46835,46835,2374001,4748002,145,50,2.000000,772,27
BCSR GPU,O2,525108.526194,0.525109,0.000525,4748002,9.437224,11.256361,20.693585,24448,10,4,4,64,-1,46835,46835,2374001,4748002,145,50,2.000000,772,27
BCSR GPU,O2,929566.803272,0.929567,0.000930,4748002,5.139753,11.430625,16.570378,24448,10,16,16,64,-1,46835,46835,2374001,4748002,145,50,2.000000,772,27
BCSR GPU,O2,1024992.917907,1.024993,0.001025,4748002,4.635829,11.243571,15.879400,48896,10,2,2,128,-1,46835,46835,2374001,4748002,145,50,2.000000,772,27
BCSR GPU,O2,603714.811496,0.603715,0.000604,4748002,8.597432,11.189015,19.786447,48896,10,4,4,128,-1,46835,46835,2374001,4748002,145,50,2.000000,772,27
BCSR GPU,O2,862125.942722,0.862126,0.000862,4748002,5.565254,11.449312,17.014565,48896,10,16,16,128,-1,46835,46835,2374001,4748002,145,50,2.000000,772,27
