Name,-O,FLOPS,MFLOPS,GFLOPS,FOP Count,Avg Run Time (s),Format Time (s),Total Time (s),Verification,Iters,Block Row,Block Col,K-Bound,Threads,Rows,Cols,NNZ,NNZ*2,Max Cols,Avg Cols,Col Ratio,Variance,Std Deviation
COO OMP,O2,412209122.838716,412.209123,0.412209,4748002,0.019966,3.388238,3.408204,0,10,1,1,16,8,46835,46835,2374001,4748002,145,50,2.000000,772,27
COO OMP,O2,266043421.860586,266.043422,0.266043,4748002,0.027233,3.332611,3.359844,64,10,1,1,64,8,46835,46835,2374001,4748002,145,50,2.000000,772,27
COO OMP,O2,180415794.955331,180.415795,0.180416,4748002,0.033054,3.358056,3.391110,0,10,1,1,128,8,46835,46835,2374001,4748002,145,50,2.000000,772,27
COO OMP,O2,696006377.614782,696.006378,0.696006,4748002,0.016109,3.373656,3.389765,0,10,1,1,16,16,46835,46835,2374001,4748002,145,50,2.000000,772,27
COO OMP,O2,259039252.617560,259.039253,0.259039,4748002,0.027474,3.374024,3.401498,0,10,1,1,64,16,46835,46835,2374001,4748002,145,50,2.000000,772,27
COO OMP,O2,140227029.728348,140.227030,0.140227,4748002,0.041278,3.385461,3.426739,0,10,1,1,128,16,46835,46835,2374001,4748002,145,50,2.000000,772,27
COO OMP,O2,496802502.042251,496.802502,0.496803,4748002,0.017584,3.335108,3.352692,0,10,1,1,16,32,46835,46835,2374001,4748002,145,50,2.000000,772,27
COO OMP,O2,209563830.649500,209.563831,0.209564,4748002,0.030019,3.322028,3.352047,0,10,1,1,64,32,46835,46835,2374001,4748002,145,50,2.000000,772,27
COO OMP,O2,159771186.082397,159.771186,0.159771,4748002,0.035887,3.327037,3.362923,0,10,1,1,128,32,46835,46835,2374001,4748002,145,50,2.000000,772,27
