Name,-O,FLOPS,MFLOPS,GFLOPS,FOP Count,Avg Run Time (s),Format Time (s),Total Time (s),Verification,Iters,Block Row,Block Col,K-Bound,Threads,Rows,Cols,NNZ,NNZ*2,Max Cols,Avg Cols,Col Ratio,Variance,Std Deviation
ELL OMP,O2,239536200.528373,239.536201,0.239536,4748002,0.029145,11.293269,11.322414,0,10,1,1,16,8,46835,46835,2374001,4748002,145,50,2.000000,772,27
ELL OMP,O2,169865489.247431,169.865489,0.169865,4748002,0.043022,11.294428,11.337450,0,10,1,1,64,8,46835,46835,2374001,4748002,145,50,2.000000,772,27
ELL OMP,O2,117244864.271507,117.244864,0.117245,4748002,0.043300,11.310803,11.354103,0,10,1,1,128,8,46835,46835,2374001,4748002,145,50,2.000000,772,27
ELL OMP,O2,402575865.012171,402.575865,0.402576,4748002,0.027955,11.287290,11.315245,0,10,1,1,16,16,46835,46835,2374001,4748002,145,50,2.000000,772,27
ELL OMP,O2,194236331.844353,194.236332,0.194236,4748002,0.029087,11.300773,11.329860,0,10,1,1,64,16,46835,46835,2374001,4748002,145,50,2.000000,772,27
ELL OMP,O2,123051356.912910,123.051357,0.123051,4748002,0.048514,11.354672,11.403186,0,10,1,1,128,16,46835,46835,2374001,4748002,145,50,2.000000,772,27
ELL OMP,O2,484484421.584204,484.484422,0.484484,4748002,0.024884,11.292850,11.317734,0,10,1,1,16,32,46835,46835,2374001,4748002,145,50,2.000000,772,27
ELL OMP,O2,168716503.996507,168.716504,0.168717,4748002,0.030853,11.309375,11.340228,0,10,1,1,64,32,46835,46835,2374001,4748002,145,50,2.000000,772,27
ELL OMP,O2,118390017.377633,118.390017,0.118390,4748002,0.041213,11.421709,11.462922,0,10,1,1,128,32,46835,46835,2374001,4748002,145,50,2.000000,772,27
