Name,-O,FLOPS,MFLOPS,GFLOPS,FOP Count,Avg Run Time (s),Format Time (s),Total Time (s),Verification,Iters,Block Row,Block Col,K-Bound,Threads,Rows,Cols,NNZ,NNZ*2,Max Cols,Avg Cols,Col Ratio,Variance,Std Deviation
BCSR OMP,O2,385348296.678310,385.348297,0.385348,37984016,0.103469,3.599456,3.702926,3056,10,4,4,8,32,46835,46835,2374001,4748002,145,50,2.000000,772,27
BCSR OMP,O2,751573897.512927,751.573898,0.751574,75968032,0.105903,3.611624,3.717527,6112,10,4,4,16,32,46835,46835,2374001,4748002,145,50,2.000000,772,27
BCSR OMP,O2,2483488374.026839,2483.488374,2.483488,303872128,0.132849,3.600597,3.733446,24448,10,4,4,64,32,46835,46835,2374001,4748002,145,50,2.000000,772,27
BCSR OMP,O2,4587915297.718927,4587.915298,4.587915,607744256,0.138572,3.592552,3.731124,48896,10,4,4,128,32,46835,46835,2374001,4748002,145,50,2.000000,772,27
BCSR OMP,O2,6293183707.096188,6293.183707,6.293184,1215488512,0.204837,3.597598,3.802435,97792,10,4,4,256,32,46835,46835,2374001,4748002,145,50,2.000000,772,27
BCSR OMP,O2,9009846369.276806,9009.846369,9.009846,2430977024,0.275072,3.614001,3.889073,195584,10,4,4,512,32,46835,46835,2374001,4748002,145,50,2.000000,772,27
BCSR OMP,O2,12078456069.362429,12078.456069,12.078456,4880946056,0.407170,3.642304,4.049474,392696,10,4,4,1028,32,46835,46835,2374001,4748002,145,50,2.000000,772,27
