Name,-O,FLOPS,MFLOPS,GFLOPS,FOP Count,Avg Run Time (s),Format Time (s),Total Time (s),Verification,Iters,Block Row,Block Col,K-Bound,Threads,Rows,Cols,NNZ,NNZ*2,Max Cols,Avg Cols,Col Ratio,Variance,Std Deviation
COO GPU,O2,2599248524.449878,2599.248524,2.599249,75968032,0.035863,11.100708,11.136571,0,10,1,1,16,-1,46835,46835,2374001,4748002,145,50,2.000000,772,27
COO GPU,O2,39058804303.049667,39058.804303,39.058804,303872128,0.016567,11.126672,11.143239,0,10,1,1,64,-1,46835,46835,2374001,4748002,145,50,2.000000,772,27
COO GPU,O2,15373060572.001328,15373.060572,15.373061,607744256,0.043912,11.100028,11.143940,0,10,1,1,128,-1,46835,46835,2374001,4748002,145,50,2.000000,772,27
