Name,-O,FLOPS,MFLOPS,GFLOPS,FOP Count,Avg Run Time (s),Format Time (s),Total Time (s),Verification,Iters,Block Row,Block Col,K-Bound,Threads,Rows,Cols,NNZ,NNZ*2,Max Cols,Avg Cols,Col Ratio,Variance,Std Deviation
ELL OMP Transpose,O2,5471219088.152826,5471.219088,5.471219,607744256,0.127602,11.546658,11.674260,0,10,1,1,128,8,46835,46835,2374001,4748002,145,50,2.000000,772,27
ELL OMP Transpose,O2,10842528901.574226,10842.528902,10.842529,607744256,0.063370,11.490503,11.553873,0,10,1,1,128,16,46835,46835,2374001,4748002,145,50,2.000000,772,27
ELL OMP Transpose,O2,16191409400.594360,16191.409401,16.191409,607744256,0.041267,11.511029,11.552296,0,10,1,1,128,32,46835,46835,2374001,4748002,145,50,2.000000,772,27
