Name,-O,FLOPS,MFLOPS,GFLOPS,FOP Count,Avg Run Time (s),Format Time (s),Total Time (s),Verification,Iters,Block Row,Block Col,K-Bound,Threads,Rows,Cols,NNZ,NNZ*2,Max Cols,Avg Cols,Col Ratio,Variance,Std Deviation
COO OMP,O2,191868266.372308,191.868266,0.191868,4748002,0.033871,10.969312,11.003182,0,10,1,1,16,8,46835,46835,2374001,4748002,145,50,2.000000,772,27
COO OMP,O2,134091062.929087,134.091063,0.134091,4748002,0.041979,11.118114,11.160093,0,10,1,1,64,8,46835,46835,2374001,4748002,145,50,2.000000,772,27
COO OMP,O2,208872387.145381,208.872387,0.208872,4748002,0.048525,11.002202,11.050727,0,10,1,1,128,8,46835,46835,2374001,4748002,145,50,2.000000,772,27
COO OMP,O2,567040177.104393,567.040177,0.567040,4748002,0.033773,11.081623,11.115396,0,10,1,1,16,16,46835,46835,2374001,4748002,145,50,2.000000,772,27
COO OMP,O2,134803421.499252,134.803421,0.134803,4748002,0.039297,11.060302,11.099599,0,10,1,1,64,16,46835,46835,2374001,4748002,145,50,2.000000,772,27
COO OMP,O2,132911167.378938,132.911167,0.132911,4748002,0.040670,11.065263,11.105933,0,10,1,1,128,16,46835,46835,2374001,4748002,145,50,2.000000,772,27
COO OMP,O2,276077610.501462,276.077611,0.276078,4748002,0.036534,11.110321,11.146855,0,10,1,1,16,32,46835,46835,2374001,4748002,145,50,2.000000,772,27
COO OMP,O2,179404015.775987,179.404016,0.179404,4748002,0.033869,11.125737,11.159607,0,10,1,1,64,32,46835,46835,2374001,4748002,145,50,2.000000,772,27
COO OMP,O2,146658500.811212,146.658501,0.146659,4748002,0.039723,11.097083,11.136806,0,10,1,1,128,32,46835,46835,2374001,4748002,145,50,2.000000,772,27
