Name,-O,FLOPS,MFLOPS,GFLOPS,FOP Count,Avg Run Time (s),Format Time (s),Total Time (s),Verification,Iters,Block Row,Block Col,K-Bound,Threads,Rows,Cols,NNZ,NNZ*2,Max Cols,Avg Cols,Col Ratio,Variance,Std Deviation
COO Serial,O2,204144582.264748,204.144582,0.204145,4748002,0.023259,10.948941,10.972200,0,10,1,1,16,-1,46835,46835,2374001,4748002,145,50,2.000000,772,27
COO Serial,O2,91512770.355914,91.512770,0.091513,4748002,0.051932,10.973938,11.025870,0,10,1,1,64,-1,46835,46835,2374001,4748002,145,50,2.000000,772,27
COO Serial,O2,62470007.376187,62.470007,0.062470,4748002,0.076033,10.898170,10.974203,0,10,1,1,128,-1,46835,46835,2374001,4748002,145,50,2.000000,772,27
