Name,-O,FLOPS,MFLOPS,GFLOPS,FOP Count,Avg Run Time (s),Format Time (s),Total Time (s),Verification,Iters,Block Row,Block Col,K-Bound,Threads,Rows,Cols,NNZ,NNZ*2,Max Cols,Avg Cols,Col Ratio,Variance,Std Deviation
BCSR OMP,O2,inf,inf,inf,37984016,0.000000,3.652770,3.652770,374680,10,4,4,8,32,46835,46835,2374001,4748002,145,50,2.000000,772,27
BCSR OMP,O2,664832918.200528,664.832918,0.664833,75968032,0.117027,3.590412,3.707439,6112,10,4,4,16,32,46835,46835,2374001,4748002,145,50,2.000000,772,27
BCSR OMP,O2,2822489714.913720,2822.489715,2.822490,303872128,0.113929,3.584080,3.698009,24448,10,4,4,64,32,46835,46835,2374001,4748002,145,50,2.000000,772,27
BCSR OMP,O2,5330773885.638670,5330.773886,5.330774,607744256,0.123366,3.571329,3.694695,48896,10,4,4,128,32,46835,46835,2374001,4748002,145,50,2.000000,772,27
BCSR OMP,O2,inf,inf,inf,1215488512,0.000000,3.595322,3.595322,11989760,10,4,4,256,32,46835,46835,2374001,4748002,145,50,2.000000,772,27
BCSR OMP,O2,inf,inf,inf,2430977024,0.000000,3.673548,3.673548,23979520,10,4,4,512,32,46835,46835,2374001,4748002,145,50,2.000000,772,27
BCSR OMP,O2,inf,inf,inf,4880946056,0.000000,3.643157,3.643157,48146380,10,4,4,1028,32,46835,46835,2374001,4748002,145,50,2.000000,772,27
