Name,-O,FLOPS,MFLOPS,GFLOPS,FOP Count,Avg Run Time (s),Format Time (s),Total Time (s),Verification,Iters,Block Row,Block Col,K-Bound,Threads,Rows,Cols,NNZ,NNZ*2,Max Cols,Avg Cols,Col Ratio,Variance,Std Deviation
BCSR Serial,O2,148834292.532769,148.834293,0.148834,4748002,0.031902,11.070485,11.102387,6112,10,2,2,16,-1,46835,46835,2374001,4748002,145,50,2.000000,772,27
BCSR Serial,O2,127239778.930468,127.239779,0.127240,4748002,0.037333,11.182195,11.219528,6112,10,4,4,16,-1,46835,46835,2374001,4748002,145,50,2.000000,772,27
BCSR Serial,O2,64825999.762219,64.826000,0.064826,4748002,0.073259,11.320555,11.393814,6112,10,16,16,16,-1,46835,46835,2374001,4748002,145,50,2.000000,772,27
BCSR Serial,O2,70419180.569269,70.419181,0.070419,4748002,0.067447,11.176425,11.243872,24448,10,2,2,64,-1,46835,46835,2374001,4748002,145,50,2.000000,772,27
BCSR Serial,O2,55642287.004309,55.642287,0.055642,4748002,0.085353,11.157264,11.242617,24448,10,4,4,64,-1,46835,46835,2374001,4748002,145,50,2.000000,772,27
BCSR Serial,O2,26479483.265942,26.479483,0.026479,4748002,0.179321,11.330911,11.510232,24448,10,16,16,64,-1,46835,46835,2374001,4748002,145,50,2.000000,772,27
BCSR Serial,O2,45670117.717582,45.670118,0.045670,4748002,0.103986,11.124264,11.228250,48896,10,2,2,128,-1,46835,46835,2374001,4748002,145,50,2.000000,772,27
BCSR Serial,O2,35925427.289075,35.925427,0.035925,4748002,0.132173,11.182247,11.314420,48896,10,4,4,128,-1,46835,46835,2374001,4748002,145,50,2.000000,772,27
BCSR Serial,O2,14642486.079370,14.642486,0.014642,4748002,0.324267,11.339473,11.663740,48896,10,16,16,128,-1,46835,46835,2374001,4748002,145,50,2.000000,772,27
