Name,-O,FLOPS,MFLOPS,GFLOPS,FOP Count,Avg Run Time (s),Format Time (s),Total Time (s),Verification,Iters,Block Row,Block Col,K-Bound,Threads,Rows,Cols,NNZ,NNZ*2,Max Cols,Avg Cols,Col Ratio,Variance,Std Deviation
COO GPU Transpose,O2,9728940.573095,9.728941,0.009729,4748002,0.488647,3.391841,3.880488,0,10,1,1,16,-1,46835,46835,2374001,4748002,145,50,2.000000,772,27
COO GPU Transpose,O2,9376463.121746,9.376463,0.009376,4748002,0.507570,3.336127,3.843697,0,10,1,1,64,-1,46835,46835,2374001,4748002,145,50,2.000000,772,27
COO GPU Transpose,O2,9389296.596602,9.389297,0.009389,4748002,0.506511,3.363176,3.869687,0,10,1,1,128,-1,46835,46835,2374001,4748002,145,50,2.000000,772,27
