Name,-O,FLOPS,MFLOPS,GFLOPS,FOP Count,Avg Run Time (s),Format Time (s),Total Time (s),Verification,Iters,Block Row,Block Col,K-Bound,Threads,Rows,Cols,NNZ,NNZ*2,Max Cols,Avg Cols,Col Ratio,Variance,Std Deviation
CSR OMP,O2,271917504.749121,271.917505,0.271918,4748002,0.022446,10.936712,10.959158,0,10,1,1,16,8,46835,46835,2374001,4748002,145,50,2.000000,772,27
CSR OMP,O2,255487432.140286,255.487432,0.255487,4748002,0.028909,10.977792,11.006701,0,10,1,1,64,8,46835,46835,2374001,4748002,145,50,2.000000,772,27
CSR OMP,O2,205222910.044615,205.222910,0.205223,4748002,0.036352,10.925610,10.961962,0,10,1,1,128,8,46835,46835,2374001,4748002,145,50,2.000000,772,27
CSR OMP,O2,184056512.297133,184.056512,0.184057,4748002,0.032617,10.920915,10.953532,0,10,1,1,16,16,46835,46835,2374001,4748002,145,50,2.000000,772,27
CSR OMP,O2,353491663.561069,353.491664,0.353492,4748002,0.023805,10.912428,10.936233,0,10,1,1,64,16,46835,46835,2374001,4748002,145,50,2.000000,772,27
CSR OMP,O2,175829700.655042,175.829701,0.175830,4748002,0.039331,10.926239,10.965570,0,10,1,1,128,16,46835,46835,2374001,4748002,145,50,2.000000,772,27
CSR OMP,O2,178890869.637354,178.890870,0.178891,4748002,0.030994,10.898603,10.929597,0,10,1,1,16,32,46835,46835,2374001,4748002,145,50,2.000000,772,27
CSR OMP,O2,294128084.590994,294.128085,0.294128,4748002,0.024665,10.920200,10.944865,0,10,1,1,64,32,46835,46835,2374001,4748002,145,50,2.000000,772,27
CSR OMP,O2,240690267.989352,240.690268,0.240690,4748002,0.032232,10.924308,10.956541,0,10,1,1,128,32,46835,46835,2374001,4748002,145,50,2.000000,772,27
