Name,-O,FLOPS,MFLOPS,GFLOPS,FOP Count,Avg Run Time (s),Format Time (s),Total Time (s),Verification,Iters,Block Row,Block Col,K-Bound,Threads,Rows,Cols,NNZ,NNZ*2,Max Cols,Avg Cols,Col Ratio,Variance,Std Deviation
COO Serial,O2,2612720545.874295,2612.720546,2.612721,75968032,0.029188,11.068743,11.097931,0,10,1,1,16,-1,46835,46835,2374001,4748002,145,50,2.000000,772,27
COO Serial,O2,6843646058.159817,6843.646058,6.843646,303872128,0.044426,11.060844,11.105270,0,10,1,1,64,-1,46835,46835,2374001,4748002,145,50,2.000000,772,27
COO Serial,O2,8755321367.012732,8755.321367,8.755321,607744256,0.069431,11.037551,11.106982,0,10,1,1,128,-1,46835,46835,2374001,4748002,145,50,2.000000,772,27
