Name,-O,FLOPS,MFLOPS,GFLOPS,FOP Count,Avg Run Time (s),Format Time (s),Total Time (s),Verification,Iters,Block Row,Block Col,K-Bound,Threads,Rows,Cols,NNZ,NNZ*2,Max Cols,Avg Cols,Col Ratio,Variance,Std Deviation
CSR OMP,O2,759771948.371407,759.771948,0.759772,4748002,0.006847,11.048578,11.055425,0,10,1,1,16,8,46835,46835,2374001,4748002,145,50,2.000000,772,27
CSR OMP,O2,280859891.163630,280.859891,0.280860,4748002,0.023383,10.998526,11.021909,0,10,1,1,64,8,46835,46835,2374001,4748002,145,50,2.000000,772,27
CSR OMP,O2,183766663.473340,183.766663,0.183767,4748002,0.037919,10.956737,10.994656,0,10,1,1,128,8,46835,46835,2374001,4748002,145,50,2.000000,772,27
CSR OMP,O2,367642065.485592,367.642065,0.367642,4748002,0.018793,10.938728,10.957521,0,10,1,1,16,16,46835,46835,2374001,4748002,145,50,2.000000,772,27
CSR OMP,O2,245835812.291497,245.835812,0.245836,4748002,0.026241,10.969545,10.995786,0,10,1,1,64,16,46835,46835,2374001,4748002,145,50,2.000000,772,27
CSR OMP,O2,202517517.543971,202.517518,0.202518,4748002,0.036410,10.953029,10.989438,0,10,1,1,128,16,46835,46835,2374001,4748002,145,50,2.000000,772,27
CSR OMP,O2,887178383.403520,887.178383,0.887178,4748002,0.018341,10.947555,10.965896,0,10,1,1,16,32,46835,46835,2374001,4748002,145,50,2.000000,772,27
CSR OMP,O2,356466191.006217,356.466191,0.356466,4748002,0.021517,10.955445,10.976962,0,10,1,1,64,32,46835,46835,2374001,4748002,145,50,2.000000,772,27
CSR OMP,O2,270199776.424787,270.199776,0.270200,4748002,0.025766,10.942523,10.968289,0,10,1,1,128,32,46835,46835,2374001,4748002,145,50,2.000000,772,27
