Name,-O,FLOPS,MFLOPS,GFLOPS,FOP Count,Avg Run Time (s),Format Time (s),Total Time (s),Verification,Iters,Block Row,Block Col,K-Bound,Threads,Rows,Cols,NNZ,NNZ*2,Max Cols,Avg Cols,Col Ratio,Variance,Std Deviation
ELL OMP,O2,314496425.129058,314.496425,0.314496,4748002,0.021803,3.679814,3.701617,0,10,1,1,16,8,46835,46835,2374001,4748002,145,50,2.000000,772,27
ELL OMP,O2,76694375.268268,76.694375,0.076694,4748002,0.071159,3.742381,3.813540,0,10,1,1,64,8,46835,46835,2374001,4748002,145,50,2.000000,772,27
ELL OMP,O2,43832539.762263,43.832540,0.043833,4748002,0.110816,3.772156,3.882972,0,10,1,1,128,8,46835,46835,2374001,4748002,145,50,2.000000,772,27
ELL OMP,O2,319554545.479539,319.554545,0.319555,4748002,0.024657,3.775901,3.800558,0,10,1,1,16,16,46835,46835,2374001,4748002,145,50,2.000000,772,27
ELL OMP,O2,199158704.330704,199.158704,0.199159,4748002,0.032672,3.765171,3.797843,0,10,1,1,64,16,46835,46835,2374001,4748002,145,50,2.000000,772,27
ELL OMP,O2,66693489.120976,66.693489,0.066693,4748002,0.075875,3.697500,3.773375,0,10,1,1,128,16,46835,46835,2374001,4748002,145,50,2.000000,772,27
ELL OMP,O2,392822820.453290,392.822820,0.392823,4748002,0.021649,3.641663,3.663312,0,10,1,1,16,32,46835,46835,2374001,4748002,145,50,2.000000,772,27
ELL OMP,O2,88312326.250056,88.312326,0.088312,4748002,0.054846,3.794785,3.849631,0,10,1,1,64,32,46835,46835,2374001,4748002,145,50,2.000000,772,27
ELL OMP,O2,76129133.171347,76.129133,0.076129,4748002,0.063852,3.730929,3.794780,0,10,1,1,128,32,46835,46835,2374001,4748002,145,50,2.000000,772,27
