Name,-O,FLOPS,MFLOPS,GFLOPS,FOP Count,Avg Run Time (s),Format Time (s),Total Time (s),Verification,Iters,Block Row,Block Col,K-Bound,Threads,Rows,Cols,NNZ,NNZ*2,Max Cols,Avg Cols,Col Ratio,Variance,Std Deviation
COO OMP,O2,1155500064.150698,1155.500064,1.155500,4748002,0.030259,10.940763,10.971022,0,10,1,1,16,8,46835,46835,2374001,4748002,145,50,2.000000,772,27
COO OMP,O2,395146206.797900,395.146207,0.395146,4748002,0.035415,10.968431,11.003846,0,10,1,1,64,8,46835,46835,2374001,4748002,145,50,2.000000,772,27
COO OMP,O2,142722257.904056,142.722258,0.142722,4748002,0.045150,10.925680,10.970830,0,10,1,1,128,8,46835,46835,2374001,4748002,145,50,2.000000,772,27
COO OMP,O2,432287060.202552,432.287060,0.432287,4748002,0.037616,10.917588,10.955204,0,10,1,1,16,16,46835,46835,2374001,4748002,145,50,2.000000,772,27
COO OMP,O2,185654974.701613,185.654975,0.185655,4748002,0.035001,10.929410,10.964411,0,10,1,1,64,16,46835,46835,2374001,4748002,145,50,2.000000,772,27
COO OMP,O2,163387121.813742,163.387122,0.163387,4748002,0.045455,11.023609,11.069064,0,10,1,1,128,16,46835,46835,2374001,4748002,145,50,2.000000,772,27
COO OMP,O2,123140569.044077,123.140569,0.123141,4748002,0.042009,10.942246,10.984255,0,10,1,1,16,32,46835,46835,2374001,4748002,145,50,2.000000,772,27
COO OMP,O2,167385459.758031,167.385460,0.167385,4748002,0.036341,10.964272,11.000613,0,10,1,1,64,32,46835,46835,2374001,4748002,145,50,2.000000,772,27
COO OMP,O2,107498033.641884,107.498034,0.107498,4748002,0.047890,10.958047,11.005937,0,10,1,1,128,32,46835,46835,2374001,4748002,145,50,2.000000,772,27
