Name,-O,FLOPS,MFLOPS,GFLOPS,FOP Count,Avg Run Time (s),Format Time (s),Total Time (s),Verification,Iters,Block Row,Block Col,K-Bound,Threads,Rows,Cols,NNZ,NNZ*2,Max Cols,Avg Cols,Col Ratio,Variance,Std Deviation
COO OMP,O2,inf,inf,inf,37984016,0.000000,11.100991,11.100991,374680,10,1,1,8,32,46835,46835,2374001,4748002,145,50,2.000000,772,27
COO OMP,O2,18595069499.312450,18595.069499,18.595069,75968032,0.017704,11.068443,11.086147,0,10,1,1,16,32,46835,46835,2374001,4748002,145,50,2.000000,772,27
COO OMP,O2,15906705855.384567,15906.705855,15.906706,303872128,0.033356,11.117599,11.150955,0,10,1,1,64,32,46835,46835,2374001,4748002,145,50,2.000000,772,27
COO OMP,O2,22956904326.643742,22956.904327,22.956904,607744256,0.036939,11.113413,11.150351,0,10,1,1,128,32,46835,46835,2374001,4748002,145,50,2.000000,772,27
COO OMP,O2,inf,inf,inf,1215488512,0.000000,11.123362,11.123362,11989760,10,1,1,256,32,46835,46835,2374001,4748002,145,50,2.000000,772,27
COO OMP,O2,inf,inf,inf,2430977024,0.000000,11.119155,11.119155,23979520,10,1,1,512,32,46835,46835,2374001,4748002,145,50,2.000000,772,27
COO OMP,O2,inf,inf,inf,4880946056,0.000000,11.098246,11.098246,48146380,10,1,1,1028,32,46835,46835,2374001,4748002,145,50,2.000000,772,27
