Name,-O,FLOPS,MFLOPS,GFLOPS,FOP Count,Avg Run Time (s),Format Time (s),Total Time (s),Verification,Iters,Block Row,Block Col,K-Bound,Threads,Rows,Cols,NNZ,NNZ*2,Max Cols,Avg Cols,Col Ratio,Variance,Std Deviation
BCSR OMP Transpose,O2,4161375315.853892,4161.375316,4.161375,607744256,0.146180,3.579226,3.725406,48896,10,2,2,128,8,46835,46835,2374001,4748002,145,50,2.000000,772,27
BCSR OMP Transpose,O2,3550626914.948531,3550.626915,3.550627,607744256,0.171286,3.501498,3.672784,48896,10,4,4,128,8,46835,46835,2374001,4748002,145,50,2.000000,772,27
BCSR OMP Transpose,O2,2069811205.830595,2069.811206,2.069811,607744256,0.293731,3.765328,4.059059,48896,10,16,16,128,8,46835,46835,2374001,4748002,145,50,2.000000,772,27
BCSR OMP Transpose,O2,4976131287.457766,4976.131287,4.976131,607744256,0.122198,3.483636,3.605834,48896,10,2,2,128,16,46835,46835,2374001,4748002,145,50,2.000000,772,27
BCSR OMP Transpose,O2,4708105052.347101,4708.105052,4.708105,607744256,0.129246,3.609217,3.738463,48896,10,4,4,128,16,46835,46835,2374001,4748002,145,50,2.000000,772,27
BCSR OMP Transpose,O2,3222586266.267519,3222.586266,3.222586,607744256,0.188762,3.754645,3.943407,48896,10,16,16,128,16,46835,46835,2374001,4748002,145,50,2.000000,772,27
BCSR OMP Transpose,O2,7004274623.721646,7004.274624,7.004275,607744256,0.087169,3.466672,3.553841,48896,10,2,2,128,32,46835,46835,2374001,4748002,145,50,2.000000,772,27
BCSR OMP Transpose,O2,5667268219.637854,5667.268220,5.667268,607744256,0.107373,3.617629,3.725002,48896,10,4,4,128,32,46835,46835,2374001,4748002,145,50,2.000000,772,27
BCSR OMP Transpose,O2,4403305632.607279,4403.305633,4.403306,607744256,0.138129,3.731846,3.869975,48896,10,16,16,128,32,46835,46835,2374001,4748002,145,50,2.000000,772,27
