Name,-O,FLOPS,MFLOPS,GFLOPS,FOP Count,Avg Run Time (s),Format Time (s),Total Time (s),Verification,Iters,Block Row,Block Col,K-Bound,Threads,Rows,Cols,NNZ,NNZ*2,Max Cols,Avg Cols,Col Ratio,Variance,Std Deviation
ELL Serial,O2,43935150.692375,43.935151,0.043935,409600,0.009383,8.314066,8.323449,0,10,1,1,16,-1,81920,81920,204800,409600,4,2,2.000000,0,0
ELL Serial,O2,17385475.039039,17.385475,0.017385,409600,0.023575,8.130612,8.154187,0,10,1,1,64,-1,81920,81920,204800,409600,4,2,2.000000,0,0
ELL Serial,O2,13320931.942395,13.320932,0.013321,409600,0.030757,8.296373,8.327130,0,10,1,1,128,-1,81920,81920,204800,409600,4,2,2.000000,0,0
