Name,-O,FLOPS,MFLOPS,GFLOPS,FOP Count,Avg Run Time (s),Format Time (s),Total Time (s),Verification,Iters,Block Row,Block Col,K-Bound,Threads,Rows,Cols,NNZ,NNZ*2,Max Cols,Avg Cols,Col Ratio,Variance,Std Deviation
BCSR THREADS,O2,91608868.253873,91.608868,0.091609,409600,0.005251,32.449139,32.454390,0,5,2,2,16,72,81920,81920,204800,409600,4,2,2.000000,0,0
BCSR THREADS,O2,61454940.341586,61.454940,0.061455,409600,0.022013,32.411377,32.433390,0,5,4,4,16,8,81920,81920,204800,409600,4,2,2.000000,0,0
BCSR THREADS,O2,55688848.356664,55.688848,0.055689,409600,0.008538,32.546554,32.555092,0,5,16,16,16,48,81920,81920,204800,409600,4,2,2.000000,0,0
BCSR THREADS,O2,38201078.910230,38.201079,0.038201,409600,0.010829,32.512365,32.523194,0,5,2,2,64,64,81920,81920,204800,409600,4,2,2.000000,0,0
BCSR THREADS,O2,41993968.936140,41.993969,0.041994,409600,0.009802,32.491573,32.501375,0,5,4,4,64,16,81920,81920,204800,409600,4,2,2.000000,0,0
BCSR THREADS,O2,34861205.633627,34.861206,0.034861,409600,0.011880,32.476080,32.487960,0,5,16,16,64,72,81920,81920,204800,409600,4,2,2.000000,0,0
BCSR THREADS,O2,39657508.233571,39.657508,0.039658,409600,0.010491,32.563269,32.573760,0,5,2,2,128,32,81920,81920,204800,409600,4,2,2.000000,0,0
BCSR THREADS,O2,37044652.122058,37.044652,0.037045,409600,0.011102,32.510291,32.521393,0,5,4,4,128,16,81920,81920,204800,409600,4,2,2.000000,0,0
BCSR THREADS,O2,26897374.372081,26.897374,0.026897,409600,0.015519,32.694445,32.709964,0,5,16,16,128,72,81920,81920,204800,409600,4,2,2.000000,0,0
