Name,-O,FLOPS,MFLOPS,GFLOPS,FOP Count,Avg Run Time (s),Format Time (s),Total Time (s),Verification,Iters,Block Row,Block Col,K-Bound,Threads,Rows,Cols,NNZ,NNZ*2,Max Cols,Avg Cols,Col Ratio,Variance,Std Deviation
CSR OMP,O2,46587039.844124,46.587040,0.046587,409600,0.009798,7.914511,7.924309,0,10,1,1,16,8,81920,81920,204800,409600,4,2,2.000000,0,0
CSR OMP,O2,19289348.947052,19.289349,0.019289,409600,0.021639,7.993668,8.015307,0,10,1,1,64,8,81920,81920,204800,409600,4,2,2.000000,0,0
CSR OMP,O2,15163075.376537,15.163075,0.015163,409600,0.027541,7.968626,7.996167,0,10,1,1,128,8,81920,81920,204800,409600,4,2,2.000000,0,0
CSR OMP,O2,82698815.223662,82.698815,0.082699,409600,0.006229,8.021723,8.027952,0,10,1,1,16,16,81920,81920,204800,409600,4,2,2.000000,0,0
CSR OMP,O2,33560684.611792,33.560685,0.033561,409600,0.013169,7.947545,7.960714,0,10,1,1,64,16,81920,81920,204800,409600,4,2,2.000000,0,0
CSR OMP,O2,21004526.572598,21.004527,0.021005,409600,0.020194,8.023914,8.044108,0,10,1,1,128,16,81920,81920,204800,409600,4,2,2.000000,0,0
CSR OMP,O2,88745972.798674,88.745973,0.088746,409600,0.008018,7.989206,7.997224,0,10,1,1,16,32,81920,81920,204800,409600,4,2,2.000000,0,0
CSR OMP,O2,42150258.686442,42.150259,0.042150,409600,0.011717,8.000237,8.011954,0,10,1,1,64,32,81920,81920,204800,409600,4,2,2.000000,0,0
CSR OMP,O2,31982336.694129,31.982337,0.031982,409600,0.014787,8.016596,8.031383,0,10,1,1,128,32,81920,81920,204800,409600,4,2,2.000000,0,0
