Name,-O,FLOPS,MFLOPS,GFLOPS,FOP Count,Avg Run Time (s),Format Time (s),Total Time (s),Verification,Iters,Block Row,Block Col,K-Bound,Threads,Rows,Cols,NNZ,NNZ*2,Max Cols,Avg Cols,Col Ratio,Variance,Std Deviation
CSR Serial,O2,43983179.127637,43.983179,0.043983,409600,0.009318,8.052265,8.061583,0,10,1,1,16,-1,81920,81920,204800,409600,4,2,2.000000,0,0
CSR Serial,O2,23282557.130571,23.282557,0.023283,409600,0.017635,7.973088,7.990723,0,10,1,1,64,-1,81920,81920,204800,409600,4,2,2.000000,0,0
CSR Serial,O2,14499991.231025,14.499991,0.014500,409600,0.028274,8.076785,8.105058,0,10,1,1,128,-1,81920,81920,204800,409600,4,2,2.000000,0,0
