Name,-O,FLOPS,MFLOPS,GFLOPS,FOP Count,Avg Run Time (s),Format Time (s),Total Time (s),Verification,Iters,Block Row,Block Col,K-Bound,Threads,Rows,Cols,NNZ,NNZ*2,Max Cols,Avg Cols,Col Ratio,Variance,Std Deviation
CSR OMP,O2,inf,inf,inf,3276800,0.000000,7.998167,7.998167,655359,10,1,1,8,32,81920,81920,204800,409600,4,2,2.000000,0,0
CSR OMP,O2,1455452924.350207,1455.452924,1.455453,6553600,0.007609,7.826427,7.834036,0,10,1,1,16,32,81920,81920,204800,409600,4,2,2.000000,0,0
CSR OMP,O2,3128942834.473583,3128.942834,3.128943,26214400,0.010784,7.863242,7.874026,0,10,1,1,64,32,81920,81920,204800,409600,4,2,2.000000,0,0
CSR OMP,O2,3855953857.286386,3855.953857,3.855954,52428800,0.015639,7.851266,7.866905,0,10,1,1,128,32,81920,81920,204800,409600,4,2,2.000000,0,0
CSR OMP,O2,inf,inf,inf,104857600,0.000000,7.834999,7.834999,20971519,10,1,1,256,32,81920,81920,204800,409600,4,2,2.000000,0,0
CSR OMP,O2,inf,inf,inf,209715200,0.000000,7.746362,7.746362,41943039,10,1,1,512,32,81920,81920,204800,409600,4,2,2.000000,0,0
CSR OMP,O2,inf,inf,inf,421068800,0.000000,8.110298,8.110298,84213759,10,1,1,1028,32,81920,81920,204800,409600,4,2,2.000000,0,0
