Name,-O,FLOPS,MFLOPS,GFLOPS,FOP Count,Avg Run Time (s),Format Time (s),Total Time (s),Verification,Iters,Block Row,Block Col,K-Bound,Threads,Rows,Cols,NNZ,NNZ*2,Max Cols,Avg Cols,Col Ratio,Variance,Std Deviation
COO OMP Transpose,O2,1559870491.145957,1559.870491,1.559870,52428800,0.047275,33.110936,33.158211,0,10,1,1,128,8,81920,81920,204800,409600,4,2,2.000000,0,0
COO OMP Transpose,O2,1833517087.541363,1833.517088,1.833517,52428800,0.049563,32.944274,32.993837,0,10,1,1,128,16,81920,81920,204800,409600,4,2,2.000000,0,0
COO OMP Transpose,O2,2601834017.043495,2601.834017,2.601834,52428800,0.035788,33.148670,33.184458,0,10,1,1,128,32,81920,81920,204800,409600,4,2,2.000000,0,0
