Name,-O,FLOPS,MFLOPS,GFLOPS,FOP Count,Avg Run Time (s),Format Time (s),Total Time (s),Verification,Iters,Block Row,Block Col,K-Bound,Threads,Rows,Cols,NNZ,NNZ*2,Max Cols,Avg Cols,Col Ratio,Variance,Std Deviation
BCSR Serial Transpose,O2,24292.786541,0.024293,0.000024,902400,37.146846,8.039808,45.186654,0,10,2,2,16,-1,81920,81920,204800,409600,4,2,2.000000,0,0
BCSR Serial Transpose,O2,45125.014502,0.045125,0.000045,1638400,36.308117,8.109832,44.417949,0,10,4,4,16,-1,81920,81920,204800,409600,4,2,2.000000,0,0
BCSR Serial Transpose,O2,175929.761219,0.175930,0.000176,6553600,37.251801,8.195150,45.446951,0,10,16,16,16,-1,81920,81920,204800,409600,4,2,2.000000,0,0
BCSR Serial Transpose,O2,24898.984928,0.024899,0.000025,902400,36.242448,8.052360,44.294809,0,10,2,2,64,-1,81920,81920,204800,409600,4,2,2.000000,0,0
BCSR Serial Transpose,O2,45266.757233,0.045267,0.000045,1638400,36.194334,7.981600,44.175934,0,10,4,4,64,-1,81920,81920,204800,409600,4,2,2.000000,0,0
BCSR Serial Transpose,O2,178077.739817,0.178078,0.000178,6553600,36.801910,8.219962,45.021872,0,10,16,16,64,-1,81920,81920,204800,409600,4,2,2.000000,0,0
BCSR Serial Transpose,O2,24682.502474,0.024683,0.000025,902400,36.560324,8.018476,44.578800,0,10,2,2,128,-1,81920,81920,204800,409600,4,2,2.000000,0,0
BCSR Serial Transpose,O2,43469.888923,0.043470,0.000043,1638400,37.690579,8.069658,45.760237,0,10,4,4,128,-1,81920,81920,204800,409600,4,2,2.000000,0,0
BCSR Serial Transpose,O2,169751.519518,0.169752,0.000170,6553600,38.607526,8.215747,46.823273,0,10,16,16,128,-1,81920,81920,204800,409600,4,2,2.000000,0,0
