Name,-O,FLOPS,MFLOPS,GFLOPS,FOP Count,Avg Run Time (s),Format Time (s),Total Time (s),Verification,Iters,Block Row,Block Col,K-Bound,Threads,Rows,Cols,NNZ,NNZ*2,Max Cols,Avg Cols,Col Ratio,Variance,Std Deviation
ELL OMP Transpose,O2,937100208.687026,937.100209,0.937100,52428800,0.078659,33.342538,33.421197,0,10,1,1,128,8,81920,81920,204800,409600,4,2,2.000000,0,0
ELL OMP Transpose,O2,1316287953.765257,1316.287954,1.316288,52428800,0.055300,33.297863,33.353163,0,10,1,1,128,16,81920,81920,204800,409600,4,2,2.000000,0,0
ELL OMP Transpose,O2,2029011312.735124,2029.011313,2.029011,52428800,0.039382,33.275773,33.315155,0,10,1,1,128,32,81920,81920,204800,409600,4,2,2.000000,0,0
