Name,-O,FLOPS,MFLOPS,GFLOPS,FOP Count,Avg Run Time (s),Format Time (s),Total Time (s),Verification,Iters,Block Row,Block Col,K-Bound,Threads,Rows,Cols,NNZ,NNZ*2,Max Cols,Avg Cols,Col Ratio,Variance,Std Deviation
COO Serial Transpose,O2,8283.062013,0.008283,0.000008,409600,49.606434,31.662799,81.269233,0,10,1,1,16,-1,81920,81920,204800,409600,4,2,2.000000,0,0
COO Serial Transpose,O2,7334.918240,0.007335,0.000007,409600,56.853445,32.141388,88.994833,0,10,1,1,64,-1,81920,81920,204800,409600,4,2,2.000000,0,0
COO Serial Transpose,O2,6990.691977,0.006991,0.000007,409600,59.255381,31.972241,91.227622,0,10,1,1,128,-1,81920,81920,204800,409600,4,2,2.000000,0,0
