Name,-O,FLOPS,MFLOPS,GFLOPS,FOP Count,Avg Run Time (s),Format Time (s),Total Time (s),Verification,Iters,Block Row,Block Col,K-Bound,Threads,Rows,Cols,NNZ,NNZ*2,Max Cols,Avg Cols,Col Ratio,Variance,Std Deviation
BCSR OMP,O2,62043608.899077,62.043609,0.062044,6553600,0.141668,33.048741,33.190410,0,10,4,4,16,8,81920,81920,204800,409600,4,2,2.000000,0,0
BCSR OMP,O2,222052319.954144,222.052320,0.222052,26214400,0.146604,32.988132,33.134736,0,10,4,4,64,8,81920,81920,204800,409600,4,2,2.000000,0,0
BCSR OMP,O2,381923242.101800,381.923242,0.381923,52428800,0.204307,33.000119,33.204426,0,10,4,4,128,8,81920,81920,204800,409600,4,2,2.000000,0,0
BCSR OMP,O2,44618716.115607,44.618716,0.044619,6553600,0.175169,33.099423,33.274592,0,10,4,4,16,16,81920,81920,204800,409600,4,2,2.000000,0,0
BCSR OMP,O2,153427907.060542,153.427907,0.153428,26214400,0.289700,33.108462,33.398162,0,10,4,4,64,16,81920,81920,204800,409600,4,2,2.000000,0,0
BCSR OMP,O2,249085099.514470,249.085100,0.249085,52428800,0.253496,33.022569,33.276065,0,10,4,4,128,16,81920,81920,204800,409600,4,2,2.000000,0,0
BCSR OMP,O2,33932714.454563,33.932714,0.033933,6553600,0.265941,33.144628,33.410569,0,10,4,4,16,32,81920,81920,204800,409600,4,2,2.000000,0,0
BCSR OMP,O2,146917450.487369,146.917450,0.146917,26214400,0.318423,33.123504,33.441927,0,10,4,4,64,32,81920,81920,204800,409600,4,2,2.000000,0,0
BCSR OMP,O2,236790334.994731,236.790335,0.236790,52428800,0.271753,33.052698,33.324451,0,10,4,4,128,32,81920,81920,204800,409600,4,2,2.000000,0,0
