Name,-O,FLOPS,MFLOPS,GFLOPS,FOP Count,Avg Run Time (s),Format Time (s),Total Time (s),Verification,Iters,Block Row,Block Col,K-Bound,Threads,Rows,Cols,NNZ,NNZ*2,Max Cols,Avg Cols,Col Ratio,Variance,Std Deviation
ELL THREADS,O2,82049557.450991,82.049557,0.082050,409600,0.005037,8.055177,8.060214,0,5,1,1,16,72,81920,81920,204800,409600,4,2,2.000000,0,0
ELL THREADS,O2,36845953.140035,36.845953,0.036846,409600,0.011488,8.104634,8.116122,0,5,1,1,64,64,81920,81920,204800,409600,4,2,2.000000,0,0
ELL THREADS,O2,24957914.009132,24.957914,0.024958,409600,0.016799,8.047885,8.064684,0,5,1,1,128,72,81920,81920,204800,409600,4,2,2.000000,0,0
