Name,-O,FLOPS,MFLOPS,GFLOPS,FOP Count,Avg Run Time (s),Format Time (s),Total Time (s),Verification,Iters,Block Row,Block Col,K-Bound,Threads,Rows,Cols,NNZ,NNZ*2,Max Cols,Avg Cols,Col Ratio,Variance,Std Deviation
CSR Serial,O2,18505325.856306,18.505326,0.018505,409600,0.039627,32.349457,32.389084,0,10,1,1,16,-1,81920,81920,204800,409600,4,2,2.000000,0,0
CSR Serial,O2,8563688.912991,8.563689,0.008564,409600,0.068718,32.065875,32.134593,0,10,1,1,64,-1,81920,81920,204800,409600,4,2,2.000000,0,0
CSR Serial,O2,7465722.030814,7.465722,0.007466,409600,0.070390,32.383879,32.454269,0,10,1,1,128,-1,81920,81920,204800,409600,4,2,2.000000,0,0
