Name,-O,FLOPS,MFLOPS,GFLOPS,FOP Count,Avg Run Time (s),Format Time (s),Total Time (s),Verification,Iters,Block Row,Block Col,K-Bound,Threads,Rows,Cols,NNZ,NNZ*2,Max Cols,Avg Cols,Col Ratio,Variance,Std Deviation
BCSR Serial Transpose,O2,201511931.425408,201.511931,0.201512,52428800,0.264531,33.262373,33.526904,0,10,2,2,128,-1,81920,81920,204800,409600,4,2,2.000000,0,0
BCSR Serial Transpose,O2,121671822.976683,121.671823,0.121672,52428800,0.435348,33.249845,33.685193,0,10,4,4,128,-1,81920,81920,204800,409600,4,2,2.000000,0,0
BCSR Serial Transpose,O2,32228632.387901,32.228632,0.032229,52428800,1.633927,33.395588,35.029515,0,10,16,16,128,-1,81920,81920,204800,409600,4,2,2.000000,0,0
