Name,-O,FLOPS,MFLOPS,GFLOPS,FOP Count,Avg Run Time (s),Format Time (s),Total Time (s),Verification,Iters,Block Row,Block Col,K-Bound,Threads,Rows,Cols,NNZ,NNZ*2,Max Cols,Avg Cols,Col Ratio,Variance,Std Deviation
BCSR Serial,O2,717638396.805964,717.638397,0.717638,6553600,0.009226,8.079116,8.088342,0,10,2,2,16,-1,81920,81920,204800,409600,4,2,2.000000,0,0
BCSR Serial,O2,212344468.762960,212.344469,0.212344,6553600,0.030888,8.055494,8.086382,0,10,16,16,16,-1,81920,81920,204800,409600,4,2,2.000000,0,0
BCSR Serial,O2,1131189706.779983,1131.189707,1.131190,26214400,0.023207,8.001586,8.024793,0,10,2,2,64,-1,81920,81920,204800,409600,4,2,2.000000,0,0
BCSR Serial,O2,391529323.017990,391.529323,0.391529,26214400,0.066974,8.023769,8.090742,0,10,16,16,64,-1,81920,81920,204800,409600,4,2,2.000000,0,0
BCSR Serial,O2,1448498782.969764,1448.498783,1.448499,52428800,0.036218,8.123395,8.159613,0,10,2,2,128,-1,81920,81920,204800,409600,4,2,2.000000,0,0
BCSR Serial,O2,471179949.011756,471.179949,0.471180,52428800,0.111313,8.085253,8.196566,0,10,16,16,128,-1,81920,81920,204800,409600,4,2,2.000000,0,0
