Name,-O,FLOPS,MFLOPS,GFLOPS,FOP Count,Avg Run Time (s),Format Time (s),Total Time (s),Verification,Iters,Block Row,Block Col,K-Bound,Threads,Rows,Cols,NNZ,NNZ*2,Max Cols,Avg Cols,Col Ratio,Variance,Std Deviation
CSR OMP Transpose,O2,980552481.516485,980.552482,0.980552,52428800,0.092343,33.223635,33.315978,0,10,1,1,128,8,81920,81920,204800,409600,4,2,2.000000,0,0
CSR OMP Transpose,O2,1808886430.273417,1808.886430,1.808886,52428800,0.040494,33.095647,33.136142,0,10,1,1,128,16,81920,81920,204800,409600,4,2,2.000000,0,0
CSR OMP Transpose,O2,2141236686.125938,2141.236686,2.141237,52428800,0.036045,33.088417,33.124462,0,10,1,1,128,32,81920,81920,204800,409600,4,2,2.000000,0,0
