Name,-O,FLOPS,MFLOPS,GFLOPS,FOP Count,Avg Run Time (s),Format Time (s),Total Time (s),Verification,Iters,Block Row,Block Col,K-Bound,Threads,Rows,Cols,NNZ,NNZ*2,Max Cols,Avg Cols,Col Ratio,Variance,Std Deviation
COO Serial,O2,827894897.660021,827.894898,0.827895,6553600,0.007937,7.905644,7.913581,0,10,1,1,16,-1,81920,81920,204800,409600,4,2,2.000000,0,0
COO Serial,O2,1320704961.914315,1320.704962,1.320705,26214400,0.019881,7.912615,7.932496,0,10,1,1,64,-1,81920,81920,204800,409600,4,2,2.000000,0,0
COO Serial,O2,1785337284.763543,1785.337285,1.785337,52428800,0.029406,7.940496,7.969902,0,10,1,1,128,-1,81920,81920,204800,409600,4,2,2.000000,0,0
