Name,-O,FLOPS,MFLOPS,GFLOPS,FOP Count,Avg Run Time (s),Format Time (s),Total Time (s),Verification,Iters,Block Row,Block Col,K-Bound,Threads,Rows,Cols,NNZ,NNZ*2,Max Cols,Avg Cols,Col Ratio,Variance,Std Deviation
CSR GPU Transpose,O2,10688.283098,0.010688,0.000011,409600,38.322964,8.127578,46.450542,0,10,1,1,16,-1,81920,81920,204800,409600,4,2,2.000000,0,0
CSR GPU Transpose,O2,10998.404837,0.010998,0.000011,409600,37.248130,8.137982,45.386112,0,10,1,1,64,-1,81920,81920,204800,409600,4,2,2.000000,0,0
CSR GPU Transpose,O2,10986.270789,0.010986,0.000011,409600,37.289576,8.141584,45.431160,0,10,1,1,128,-1,81920,81920,204800,409600,4,2,2.000000,0,0
