Name,-O,FLOPS,MFLOPS,GFLOPS,FOP Count,Avg Run Time (s),Format Time (s),Total Time (s),Verification,Iters,Block Row,Block Col,K-Bound,Threads,Rows,Cols,NNZ,NNZ*2,Max Cols,Avg Cols,Col Ratio,Variance,Std Deviation
CSR THREADS,O2,77909008.418066,77.909008,0.077909,409600,0.008824,32.306531,32.315355,0,5,1,1,16,48,81920,81920,204800,409600,4,2,2.000000,0,0
CSR THREADS,O2,47711528.600524,47.711529,0.047712,409600,0.008860,32.459792,32.468652,0,5,1,1,64,48,81920,81920,204800,409600,4,2,2.000000,0,0
CSR THREADS,O2,36261824.372367,36.261824,0.036262,409600,0.011610,32.462770,32.474380,0,5,1,1,128,16,81920,81920,204800,409600,4,2,2.000000,0,0
