Name,-O,FLOPS,MFLOPS,GFLOPS,FOP Count,Avg Run Time (s),Format Time (s),Total Time (s),Verification,Iters,Block Row,Block Col,K-Bound,Threads,Rows,Cols,NNZ,NNZ*2,Max Cols,Avg Cols,Col Ratio,Variance,Std Deviation
BCSR OMP,O2,20895457.028281,20.895457,0.020895,3276800,0.161046,7.902845,8.063891,0,10,4,4,8,32,81920,81920,204800,409600,4,2,2.000000,0,0
BCSR OMP,O2,41284082.503092,41.284083,0.041284,6553600,0.162514,7.883810,8.046324,0,10,4,4,16,32,81920,81920,204800,409600,4,2,2.000000,0,0
BCSR OMP,O2,149664462.589144,149.664463,0.149664,26214400,0.176632,7.893334,8.069967,0,10,4,4,64,32,81920,81920,204800,409600,4,2,2.000000,0,0
BCSR OMP,O2,325427667.861840,325.427668,0.325428,52428800,0.162584,7.884176,8.046760,0,10,4,4,128,32,81920,81920,204800,409600,4,2,2.000000,0,0
BCSR OMP,O2,658416708.472079,658.416708,0.658417,104857600,0.164265,7.898510,8.062775,0,10,4,4,256,32,81920,81920,204800,409600,4,2,2.000000,0,0
BCSR OMP,O2,1087796587.653634,1087.796588,1.087797,209715200,0.193864,7.884940,8.078804,0,10,4,4,512,32,81920,81920,204800,409600,4,2,2.000000,0,0
BCSR OMP,O2,1839937841.314289,1839.937841,1.839938,421068800,0.229596,7.867934,8.097530,0,10,4,4,1028,32,81920,81920,204800,409600,4,2,2.000000,0,0
