Name,-O,FLOPS,MFLOPS,GFLOPS,FOP Count,Avg Run Time (s),Format Time (s),Total Time (s),Verification,Iters,Block Row,Block Col,K-Bound,Threads,Rows,Cols,NNZ,NNZ*2,Max Cols,Avg Cols,Col Ratio,Variance,Std Deviation
ELL OMP,O2,inf,inf,inf,3276800,0.000000,32.227868,32.227868,655359,10,1,1,8,32,81920,81920,204800,409600,4,2,2.000000,0,0
ELL OMP,O2,325268032.310108,325.268032,0.325268,6553600,0.046271,32.421662,32.467933,0,10,1,1,16,32,81920,81920,204800,409600,4,2,2.000000,0,0
ELL OMP,O2,870963513.110197,870.963513,0.870964,26214400,0.046138,33.246624,33.292762,0,10,1,1,64,32,81920,81920,204800,409600,4,2,2.000000,0,0
ELL OMP,O2,2040794119.951429,2040.794120,2.040794,52428800,0.049965,32.287895,32.337860,0,10,1,1,128,32,81920,81920,204800,409600,4,2,2.000000,0,0
ELL OMP,O2,inf,inf,inf,104857600,0.000000,32.460951,32.460951,20971519,10,1,1,256,32,81920,81920,204800,409600,4,2,2.000000,0,0
ELL OMP,O2,inf,inf,inf,209715200,0.000000,32.289400,32.289400,41943039,10,1,1,512,32,81920,81920,204800,409600,4,2,2.000000,0,0
ELL OMP,O2,inf,inf,inf,421068800,0.000000,32.256771,32.256771,84213759,10,1,1,1028,32,81920,81920,204800,409600,4,2,2.000000,0,0
