Name,-O,FLOPS,MFLOPS,GFLOPS,FOP Count,Avg Run Time (s),Format Time (s),Total Time (s),Verification,Iters,Block Row,Block Col,K-Bound,Threads,Rows,Cols,NNZ,NNZ*2,Max Cols,Avg Cols,Col Ratio,Variance,Std Deviation
ELL Serial,O2,306346559.715789,306.346560,0.306347,6553600,0.026529,32.902855,32.929384,0,10,1,1,16,-1,81920,81920,204800,409600,4,2,2.000000,0,0
ELL Serial,O2,945393219.788808,945.393220,0.945393,26214400,0.029723,32.963011,32.992734,0,10,1,1,64,-1,81920,81920,204800,409600,4,2,2.000000,0,0
ELL Serial,O2,1369128191.738162,1369.128192,1.369128,52428800,0.041116,33.049499,33.090615,0,10,1,1,128,-1,81920,81920,204800,409600,4,2,2.000000,0,0
