Name,-O,FLOPS,MFLOPS,GFLOPS,FOP Count,Avg Run Time (s),Format Time (s),Total Time (s),Verification,Iters,Block Row,Block Col,K-Bound,Threads,Rows,Cols,NNZ,NNZ*2,Max Cols,Avg Cols,Col Ratio,Variance,Std Deviation
BCSR Serial,O2,282642197.577964,282.642198,0.282642,6553600,0.027878,32.986960,33.014838,0,10,4,4,16,-1,81920,81920,204800,409600,4,2,2.000000,0,0
BCSR Serial,O2,813847033.402694,813.847033,0.813847,26214400,0.035963,32.866955,32.902918,0,10,4,4,64,-1,81920,81920,204800,409600,4,2,2.000000,0,0
BCSR Serial,O2,1195682888.408180,1195.682888,1.195683,52428800,0.044949,33.034574,33.079523,0,10,4,4,128,-1,81920,81920,204800,409600,4,2,2.000000,0,0
