Name,-O,FLOPS,MFLOPS,GFLOPS,FOP Count,Avg Run Time (s),Format Time (s),Total Time (s),Verification,Iters,Block Row,Block Col,K-Bound,Threads,Rows,Cols,NNZ,NNZ*2,Max Cols,Avg Cols,Col Ratio,Variance,Std Deviation
CSR OMP,O2,355460003.284690,355.460003,0.355460,3276800,0.041740,31.963812,32.005552,0,10,1,1,8,32,81920,81920,204800,409600,4,2,2.000000,0,0
CSR OMP,O2,364474660.175022,364.474660,0.364475,6553600,0.051130,32.158632,32.209762,0,10,1,1,16,32,81920,81920,204800,409600,4,2,2.000000,0,0
CSR OMP,O2,1089615408.533844,1089.615409,1.089615,26214400,0.040758,32.209608,32.250366,0,10,1,1,64,32,81920,81920,204800,409600,4,2,2.000000,0,0
CSR OMP,O2,1530899233.921670,1530.899234,1.530899,52428800,0.044095,31.924257,31.968352,0,10,1,1,128,32,81920,81920,204800,409600,4,2,2.000000,0,0
CSR OMP,O2,2376525990.289325,2376.525990,2.376526,104857600,0.050587,32.070491,32.121078,0,10,1,1,256,32,81920,81920,204800,409600,4,2,2.000000,0,0
CSR OMP,O2,3278730516.919245,3278.730517,3.278731,209715200,0.084757,31.947783,32.032540,0,10,1,1,512,32,81920,81920,204800,409600,4,2,2.000000,0,0
CSR OMP,O2,3700156693.805548,3700.156694,3.700157,421068800,0.144988,31.886188,32.031177,0,10,1,1,1028,32,81920,81920,204800,409600,4,2,2.000000,0,0
