Name,-O,FLOPS,MFLOPS,GFLOPS,FOP Count,Avg Run Time (s),Format Time (s),Total Time (s),Verification,Iters,Block Row,Block Col,K-Bound,Threads,Rows,Cols,NNZ,NNZ*2,Max Cols,Avg Cols,Col Ratio,Variance,Std Deviation
BCSR OMP Transpose,O2,687673577.208263,687.673577,0.687674,52428800,0.076330,7.808985,7.885315,0,10,2,2,128,8,81920,81920,204800,409600,4,2,2.000000,0,0
BCSR OMP Transpose,O2,533693855.090278,533.693855,0.533694,52428800,0.098320,7.603821,7.702141,0,10,4,4,128,8,81920,81920,204800,409600,4,2,2.000000,0,0
BCSR OMP Transpose,O2,285025607.882789,285.025608,0.285026,52428800,0.184031,8.048464,8.232495,0,10,16,16,128,8,81920,81920,204800,409600,4,2,2.000000,0,0
BCSR OMP Transpose,O2,895246006.249471,895.246006,0.895246,52428800,0.058647,7.972200,8.030847,0,10,2,2,128,16,81920,81920,204800,409600,4,2,2.000000,0,0
BCSR OMP Transpose,O2,700970150.169804,700.970150,0.700970,52428800,0.074839,7.957041,8.031880,0,10,4,4,128,16,81920,81920,204800,409600,4,2,2.000000,0,0
BCSR OMP Transpose,O2,382737133.451889,382.737133,0.382737,52428800,0.137040,7.634929,7.771969,0,10,16,16,128,16,81920,81920,204800,409600,4,2,2.000000,0,0
BCSR OMP Transpose,O2,1162328778.904366,1162.328779,1.162329,52428800,0.045589,8.037539,8.083128,0,10,2,2,128,32,81920,81920,204800,409600,4,2,2.000000,0,0
BCSR OMP Transpose,O2,894121090.035566,894.121090,0.894121,52428800,0.059133,7.654413,7.713546,0,10,4,4,128,32,81920,81920,204800,409600,4,2,2.000000,0,0
BCSR OMP Transpose,O2,496713757.325184,496.713757,0.496714,52428800,0.105954,8.027454,8.133408,0,10,16,16,128,32,81920,81920,204800,409600,4,2,2.000000,0,0
