Name,-O,FLOPS,MFLOPS,GFLOPS,FOP Count,Avg Run Time (s),Format Time (s),Total Time (s),Verification,Iters,Block Row,Block Col,K-Bound,Threads,Rows,Cols,NNZ,NNZ*2,Max Cols,Avg Cols,Col Ratio,Variance,Std Deviation
CSR OMP Transpose,O2,10665.079672,0.010665,0.000011,409600,38.405805,8.065287,46.471092,0,10,1,1,16,8,81920,81920,204800,409600,4,2,2.000000,0,0
CSR OMP Transpose,O2,10944.124552,0.010944,0.000011,409600,37.429255,8.072879,45.502133,0,10,1,1,64,8,81920,81920,204800,409600,4,2,2.000000,0,0
CSR OMP Transpose,O2,11003.482113,0.011003,0.000011,409600,37.228238,8.061438,45.289676,0,10,1,1,128,8,81920,81920,204800,409600,4,2,2.000000,0,0
CSR OMP Transpose,O2,11008.619348,0.011009,0.000011,409600,37.210430,8.059475,45.269905,0,10,1,1,16,16,81920,81920,204800,409600,4,2,2.000000,0,0
CSR OMP Transpose,O2,10707.283470,0.010707,0.000011,409600,38.254351,8.056027,46.310377,0,10,1,1,64,16,81920,81920,204800,409600,4,2,2.000000,0,0
CSR OMP Transpose,O2,10997.490529,0.010997,0.000011,409600,37.248212,8.071899,45.320111,0,10,1,1,128,16,81920,81920,204800,409600,4,2,2.000000,0,0
CSR OMP Transpose,O2,10718.232641,0.010718,0.000011,409600,38.215305,8.018755,46.234060,0,10,1,1,16,32,81920,81920,204800,409600,4,2,2.000000,0,0
CSR OMP Transpose,O2,11012.062288,0.011012,0.000011,409600,37.198751,8.060546,45.259297,0,10,1,1,64,32,81920,81920,204800,409600,4,2,2.000000,0,0
CSR OMP Transpose,O2,11009.416772,0.011009,0.000011,409600,37.208506,8.084026,45.292532,0,10,1,1,128,32,81920,81920,204800,409600,4,2,2.000000,0,0
