Name,-O,FLOPS,MFLOPS,GFLOPS,FOP Count,Avg Run Time (s),Format Time (s),Total Time (s),Verification,Iters,Block Row,Block Col,K-Bound,Threads,Rows,Cols,NNZ,NNZ*2,Max Cols,Avg Cols,Col Ratio,Variance,Std Deviation
ELL OMP,O2,inf,inf,inf,3276800,0.000000,7.965250,7.965250,655359,10,1,1,8,32,81920,81920,204800,409600,4,2,2.000000,0,0
ELL OMP,O2,973788960.313419,973.788960,0.973789,6553600,0.009186,7.811653,7.820839,0,10,1,1,16,32,81920,81920,204800,409600,4,2,2.000000,0,0
ELL OMP,O2,2310861736.631549,2310.861737,2.310862,26214400,0.013947,7.801858,7.815805,0,10,1,1,64,32,81920,81920,204800,409600,4,2,2.000000,0,0
ELL OMP,O2,3363346981.754176,3363.346982,3.363347,52428800,0.018026,7.788487,7.806513,0,10,1,1,128,32,81920,81920,204800,409600,4,2,2.000000,0,0
ELL OMP,O2,inf,inf,inf,104857600,0.000000,7.774143,7.774143,20971519,10,1,1,256,32,81920,81920,204800,409600,4,2,2.000000,0,0
ELL OMP,O2,inf,inf,inf,209715200,0.000000,7.954368,7.954368,41943039,10,1,1,512,32,81920,81920,204800,409600,4,2,2.000000,0,0
ELL OMP,O2,inf,inf,inf,421068800,0.000000,7.785463,7.785463,84213759,10,1,1,1028,32,81920,81920,204800,409600,4,2,2.000000,0,0
