Name,-O,FLOPS,MFLOPS,GFLOPS,FOP Count,Avg Run Time (s),Format Time (s),Total Time (s),Verification,Iters,Block Row,Block Col,K-Bound,Threads,Rows,Cols,NNZ,NNZ*2,Max Cols,Avg Cols,Col Ratio,Variance,Std Deviation
CSR OMP,O2,949415038.572507,949.415039,0.949415,3276800,0.006062,8.054799,8.060861,0,10,1,1,8,32,81920,81920,204800,409600,4,2,2.000000,0,0
CSR OMP,O2,1185203182.506059,1185.203183,1.185203,6553600,0.009053,8.053108,8.062161,0,10,1,1,16,32,81920,81920,204800,409600,4,2,2.000000,0,0
CSR OMP,O2,2789522012.000491,2789.522012,2.789522,26214400,0.011813,8.043397,8.055210,0,10,1,1,64,32,81920,81920,204800,409600,4,2,2.000000,0,0
CSR OMP,O2,4324333929.810163,4324.333930,4.324334,52428800,0.014706,8.086662,8.101368,0,10,1,1,128,32,81920,81920,204800,409600,4,2,2.000000,0,0
CSR OMP,O2,4968137805.126087,4968.137805,4.968138,104857600,0.023290,8.059870,8.083160,0,10,1,1,256,32,81920,81920,204800,409600,4,2,2.000000,0,0
CSR OMP,O2,7013220047.903506,7013.220048,7.013220,209715200,0.031755,8.058589,8.090344,0,10,1,1,512,32,81920,81920,204800,409600,4,2,2.000000,0,0
CSR OMP,O2,10786910638.108997,10786.910638,10.786911,421068800,0.041144,8.052762,8.093906,0,10,1,1,1028,32,81920,81920,204800,409600,4,2,2.000000,0,0
