Name,-O,FLOPS,MFLOPS,GFLOPS,FOP Count,Avg Run Time (s),Format Time (s),Total Time (s),Verification,Iters,Block Row,Block Col,K-Bound,Threads,Rows,Cols,NNZ,NNZ*2,Max Cols,Avg Cols,Col Ratio,Variance,Std Deviation
ELL Serial,O2,65198755.961990,65.198756,0.065199,655360,0.010069,8.037126,8.047195,0,10,1,1,16,-1,81920,81920,204800,409600,4,2,2.000000,0,0
ELL Serial,O2,28154621.076770,28.154621,0.028155,655360,0.023366,8.131059,8.154425,0,10,1,1,64,-1,81920,81920,204800,409600,4,2,2.000000,0,0
ELL Serial,O2,21013021.687999,21.013022,0.021013,655360,0.031202,7.913021,7.944223,0,10,1,1,128,-1,81920,81920,204800,409600,4,2,2.000000,0,0
