Name,-O,FLOPS,MFLOPS,GFLOPS,FOP Count,Avg Run Time (s),Format Time (s),Total Time (s),Verification,Iters,Block Row,Block Col,K-Bound,Threads,Rows,Cols,NNZ,NNZ*2,Max Cols,Avg Cols,Col Ratio,Variance,Std Deviation
COO OMP,O2,1009656312.003636,1009.656312,1.009656,3276800,0.006567,7.891775,7.898342,0,10,1,1,8,32,81920,81920,204800,409600,4,2,2.000000,0,0
COO OMP,O2,1372546954.346351,1372.546954,1.372547,6553600,0.007987,7.901468,7.909455,0,10,1,1,16,32,81920,81920,204800,409600,4,2,2.000000,0,0
COO OMP,O2,2734030050.341033,2734.030050,2.734030,26214400,0.012005,7.933822,7.945827,0,10,1,1,64,32,81920,81920,204800,409600,4,2,2.000000,0,0
COO OMP,O2,3951415928.650045,3951.415929,3.951416,52428800,0.015867,7.908877,7.924745,0,10,1,1,128,32,81920,81920,204800,409600,4,2,2.000000,0,0
COO OMP,O2,5482013834.227331,5482.013834,5.482014,104857600,0.021175,7.858310,7.879485,0,10,1,1,256,32,81920,81920,204800,409600,4,2,2.000000,0,0
COO OMP,O2,7658761118.550713,7658.761119,7.658761,209715200,0.029549,7.942242,7.971791,0,10,1,1,512,32,81920,81920,204800,409600,4,2,2.000000,0,0
COO OMP,O2,11268609883.997576,11268.609884,11.268610,421068800,0.038805,7.904680,7.943485,0,10,1,1,1028,32,81920,81920,204800,409600,4,2,2.000000,0,0
