Name,-O,FLOPS,MFLOPS,GFLOPS,FOP Count,Avg Run Time (s),Format Time (s),Total Time (s),Verification,Iters,Block Row,Block Col,K-Bound,Threads,Rows,Cols,NNZ,NNZ*2,Max Cols,Avg Cols,Col Ratio,Variance,Std Deviation
COO OMP,O2,17519406.148085,17.519406,0.017519,409600,0.045100,31.814899,31.859999,0,10,1,1,16,8,81920,81920,204800,409600,4,2,2.000000,0,0
COO OMP,O2,12611283.616177,12.611284,0.012611,409600,0.046103,31.767055,31.813158,0,10,1,1,64,8,81920,81920,204800,409600,4,2,2.000000,0,0
COO OMP,O2,11655177.760229,11.655178,0.011655,409600,0.046816,31.742956,31.789772,0,10,1,1,128,8,81920,81920,204800,409600,4,2,2.000000,0,0
COO OMP,O2,21356771.181901,21.356771,0.021357,409600,0.041520,31.725755,31.767275,0,10,1,1,16,16,81920,81920,204800,409600,4,2,2.000000,0,0
COO OMP,O2,12877440.580878,12.877441,0.012877,409600,0.049845,31.988652,32.038497,0,10,1,1,64,16,81920,81920,204800,409600,4,2,2.000000,0,0
COO OMP,O2,20550973.194082,20.550973,0.020551,409600,0.035648,31.769778,31.805426,0,10,1,1,128,16,81920,81920,204800,409600,4,2,2.000000,0,0
COO OMP,O2,9087959.102465,9.087959,0.009088,409600,0.050202,31.669473,31.719675,0,10,1,1,16,32,81920,81920,204800,409600,4,2,2.000000,0,0
COO OMP,O2,7544249.852006,7.544250,0.007544,409600,0.056984,31.821125,31.878109,0,10,1,1,64,32,81920,81920,204800,409600,4,2,2.000000,0,0
COO OMP,O2,12058377.485618,12.058377,0.012058,409600,0.049007,31.697211,31.746218,0,10,1,1,128,32,81920,81920,204800,409600,4,2,2.000000,0,0
