Name,-O,FLOPS,MFLOPS,GFLOPS,FOP Count,Avg Run Time (s),Format Time (s),Total Time (s),Verification,Iters,Block Row,Block Col,K-Bound,Threads,Rows,Cols,NNZ,NNZ*2,Max Cols,Avg Cols,Col Ratio,Variance,Std Deviation
COO OMP,O2,18297098.293453,18.297098,0.018297,409600,0.032810,69.852933,69.885743,0,10,1,1,16,8,81920,81920,204800,409600,4,2,2.000000,0,0
COO OMP,O2,23171502.267829,23.171502,0.023172,409600,0.028411,69.761317,69.789728,0,10,1,1,64,8,81920,81920,204800,409600,4,2,2.000000,0,0
COO OMP,O2,12637465.142910,12.637465,0.012637,409600,0.038218,73.016918,73.055136,0,10,1,1,128,8,81920,81920,204800,409600,4,2,2.000000,0,0
COO OMP,O2,16972879.393465,16.972879,0.016973,409600,0.032359,69.676730,69.709089,0,10,1,1,16,16,81920,81920,204800,409600,4,2,2.000000,0,0
COO OMP,O2,20280725.899032,20.280726,0.020281,409600,0.029000,69.439035,69.468035,0,10,1,1,64,16,81920,81920,204800,409600,4,2,2.000000,0,0
COO OMP,O2,16708771.233335,16.708771,0.016709,409600,0.029659,69.737839,69.767498,0,10,1,1,128,16,81920,81920,204800,409600,4,2,2.000000,0,0
COO OMP,O2,16721027.512446,16.721028,0.016721,409600,0.034383,69.832223,69.866606,0,10,1,1,16,32,81920,81920,204800,409600,4,2,2.000000,0,0
COO OMP,O2,19869881.568740,19.869882,0.019870,409600,0.027053,69.717332,69.744385,0,10,1,1,64,32,81920,81920,204800,409600,4,2,2.000000,0,0
COO OMP,O2,18071655.937288,18.071656,0.018072,409600,0.029671,72.991922,73.021593,0,10,1,1,128,32,81920,81920,204800,409600,4,2,2.000000,0,0
