Name,-O,FLOPS,MFLOPS,GFLOPS,FOP Count,Avg Run Time (s),Format Time (s),Total Time (s),Verification,Iters,Block Row,Block Col,K-Bound,Threads,Rows,Cols,NNZ,NNZ*2,Max Cols,Avg Cols,Col Ratio,Variance,Std Deviation
COO Serial,O2,44146980.847552,44.146981,0.044147,409600,0.009283,8.033550,8.042833,0,10,1,1,16,-1,81920,81920,204800,409600,4,2,2.000000,0,0
COO Serial,O2,22780892.179202,22.780892,0.022781,409600,0.018027,7.966690,7.984717,0,10,1,1,64,-1,81920,81920,204800,409600,4,2,2.000000,0,0
COO Serial,O2,14275411.281475,14.275411,0.014275,409600,0.028729,7.826354,7.855083,0,10,1,1,128,-1,81920,81920,204800,409600,4,2,2.000000,0,0
