Name,-O,FLOPS,MFLOPS,GFLOPS,FOP Count,Avg Run Time (s),Format Time (s),Total Time (s),Verification,Iters,Block Row,Block Col,K-Bound,Threads,Rows,Cols,NNZ,NNZ*2,Max Cols,Avg Cols,Col Ratio,Variance,Std Deviation
COO OMP Transpose,O2,32620.083208,0.032620,0.000033,409600,12.567055,8.226977,20.794032,0,10,1,1,16,8,81920,81920,204800,409600,4,2,2.000000,0,0
COO OMP Transpose,O2,32076.997134,0.032077,0.000032,409600,12.770638,8.212934,20.983572,0,10,1,1,64,8,81920,81920,204800,409600,4,2,2.000000,0,0
COO OMP Transpose,O2,33365.138368,0.033365,0.000033,409600,12.276785,8.242949,20.519734,0,10,1,1,128,8,81920,81920,204800,409600,4,2,2.000000,0,0
COO OMP Transpose,O2,61372.188277,0.061372,0.000061,409600,6.676813,8.214811,14.891624,0,10,1,1,16,16,81920,81920,204800,409600,4,2,2.000000,0,0
COO OMP Transpose,O2,64976.288536,0.064976,0.000065,409600,6.305976,8.211809,14.517785,0,10,1,1,64,16,81920,81920,204800,409600,4,2,2.000000,0,0
COO OMP Transpose,O2,63413.628568,0.063414,0.000063,409600,6.461205,8.215722,14.676927,0,10,1,1,128,16,81920,81920,204800,409600,4,2,2.000000,0,0
COO OMP Transpose,O2,117947.062731,0.117947,0.000118,409600,3.475273,8.241697,11.716970,0,10,1,1,16,32,81920,81920,204800,409600,4,2,2.000000,0,0
COO OMP Transpose,O2,112957.887513,0.112958,0.000113,409600,3.629984,8.232051,11.862035,0,10,1,1,64,32,81920,81920,204800,409600,4,2,2.000000,0,0
COO OMP Transpose,O2,112871.609725,0.112872,0.000113,409600,3.631049,8.204045,11.835094,0,10,1,1,128,32,81920,81920,204800,409600,4,2,2.000000,0,0
