Name,-O,FLOPS,MFLOPS,GFLOPS,FOP Count,Avg Run Time (s),Format Time (s),Total Time (s),Verification,Iters,Block Row,Block Col,K-Bound,Threads,Rows,Cols,NNZ,NNZ*2,Max Cols,Avg Cols,Col Ratio,Variance,Std Deviation
COO OMP,O2,inf,inf,inf,3276800,0.000000,33.262932,33.262932,655359,10,1,1,8,32,81920,81920,204800,409600,4,2,2.000000,0,0
COO OMP,O2,491447008.691493,491.447009,0.491447,6553600,0.039420,33.229107,33.268527,0,10,1,1,16,32,81920,81920,204800,409600,4,2,2.000000,0,0
COO OMP,O2,1088786517.972152,1088.786518,1.088787,26214400,0.047437,33.256742,33.304179,0,10,1,1,64,32,81920,81920,204800,409600,4,2,2.000000,0,0
COO OMP,O2,2152014614.199203,2152.014614,2.152015,52428800,0.049679,33.033623,33.083302,0,10,1,1,128,32,81920,81920,204800,409600,4,2,2.000000,0,0
COO OMP,O2,inf,inf,inf,104857600,0.000000,33.101167,33.101167,20971519,10,1,1,256,32,81920,81920,204800,409600,4,2,2.000000,0,0
COO OMP,O2,inf,inf,inf,209715200,0.000000,33.591918,33.591918,41943039,10,1,1,512,32,81920,81920,204800,409600,4,2,2.000000,0,0
COO OMP,O2,inf,inf,inf,421068800,0.000000,33.288993,33.288993,84213759,10,1,1,1028,32,81920,81920,204800,409600,4,2,2.000000,0,0
