Name,-O,FLOPS,MFLOPS,GFLOPS,FOP Count,Avg Run Time (s),Format Time (s),Total Time (s),Verification,Iters,Block Row,Block Col,K-Bound,Threads,Rows,Cols,NNZ,NNZ*2,Max Cols,Avg Cols,Col Ratio,Variance,Std Deviation
COO Serial,O2,325121030.373961,325.121030,0.325121,6553600,0.022724,32.974930,32.997654,0,10,1,1,16,-1,81920,81920,204800,409600,4,2,2.000000,0,0
COO Serial,O2,1149592672.677063,1149.592673,1.149593,26214400,0.028578,33.071462,33.100040,0,10,1,1,64,-1,81920,81920,204800,409600,4,2,2.000000,0,0
COO Serial,O2,1794871671.785748,1794.871672,1.794872,52428800,0.031049,32.997015,33.028064,0,10,1,1,128,-1,81920,81920,204800,409600,4,2,2.000000,0,0
