Name,-O,FLOPS,MFLOPS,GFLOPS,FOP Count,Avg Run Time (s),Format Time (s),Total Time (s),Verification,Iters,Block Row,Block Col,K-Bound,Threads,Rows,Cols,NNZ,NNZ*2,Max Cols,Avg Cols,Col Ratio,Variance,Std Deviation
ELL OMP Transpose,O2,34539.403384,0.034539,0.000035,409600,11.894025,8.207499,20.101524,0,10,1,1,16,8,81920,81920,204800,409600,4,2,2.000000,0,0
ELL OMP Transpose,O2,32748.593664,0.032749,0.000033,409600,12.564984,8.036152,20.601136,0,10,1,1,64,8,81920,81920,204800,409600,4,2,2.000000,0,0
ELL OMP Transpose,O2,33523.361812,0.033523,0.000034,409600,12.220852,8.045495,20.266347,0,10,1,1,128,8,81920,81920,204800,409600,4,2,2.000000,0,0
ELL OMP Transpose,O2,61828.173503,0.061828,0.000062,409600,6.627130,8.017975,14.645105,0,10,1,1,16,16,81920,81920,204800,409600,4,2,2.000000,0,0
ELL OMP Transpose,O2,64846.224384,0.064846,0.000065,409600,6.317803,8.030208,14.348011,0,10,1,1,64,16,81920,81920,204800,409600,4,2,2.000000,0,0
ELL OMP Transpose,O2,64614.634873,0.064615,0.000065,409600,6.351906,8.025303,14.377209,0,10,1,1,128,16,81920,81920,204800,409600,4,2,2.000000,0,0
ELL OMP Transpose,O2,109293.059195,0.109293,0.000109,409600,3.823663,8.061876,11.885539,0,10,1,1,16,32,81920,81920,204800,409600,4,2,2.000000,0,0
ELL OMP Transpose,O2,116409.027751,0.116409,0.000116,409600,3.555517,8.070830,11.626348,0,10,1,1,64,32,81920,81920,204800,409600,4,2,2.000000,0,0
ELL OMP Transpose,O2,113113.657224,0.113114,0.000113,409600,3.623850,8.041799,11.665648,0,10,1,1,128,32,81920,81920,204800,409600,4,2,2.000000,0,0
