Name,-O,FLOPS,MFLOPS,GFLOPS,FOP Count,Avg Run Time (s),Format Time (s),Total Time (s),Verification,Iters,Block Row,Block Col,K-Bound,Threads,Rows,Cols,NNZ,NNZ*2,Max Cols,Avg Cols,Col Ratio,Variance,Std Deviation
ELL OMP,O2,46567826.165797,46.567826,0.046568,409600,0.027908,32.593841,32.621749,0,10,1,1,16,8,81920,81920,204800,409600,4,2,2.000000,0,0
ELL OMP,O2,24455642.146309,24.455642,0.024456,409600,0.040635,32.541832,32.582467,0,10,1,1,64,8,81920,81920,204800,409600,4,2,2.000000,0,0
ELL OMP,O2,25032331.403201,25.032331,0.025032,409600,0.029974,32.476474,32.506448,0,10,1,1,128,8,81920,81920,204800,409600,4,2,2.000000,0,0
ELL OMP,O2,32033105.946925,32.033106,0.032033,409600,0.039090,32.635394,32.674484,0,10,1,1,16,16,81920,81920,204800,409600,4,2,2.000000,0,0
ELL OMP,O2,18758655.896963,18.758656,0.018759,409600,0.045094,32.534225,32.579319,0,10,1,1,64,16,81920,81920,204800,409600,4,2,2.000000,0,0
ELL OMP,O2,22270987.253485,22.270987,0.022271,409600,0.039259,32.484751,32.524010,0,10,1,1,128,16,81920,81920,204800,409600,4,2,2.000000,0,0
ELL OMP,O2,72356793.575153,72.356794,0.072357,409600,0.037956,32.564650,32.602606,0,10,1,1,16,32,81920,81920,204800,409600,4,2,2.000000,0,0
ELL OMP,O2,21017246.441824,21.017246,0.021017,409600,0.036485,32.540366,32.576851,0,10,1,1,64,32,81920,81920,204800,409600,4,2,2.000000,0,0
ELL OMP,O2,22311082.626481,22.311083,0.022311,409600,0.032314,32.757107,32.789421,0,10,1,1,128,32,81920,81920,204800,409600,4,2,2.000000,0,0
