Name,-O,FLOPS,MFLOPS,GFLOPS,FOP Count,Avg Run Time (s),Format Time (s),Total Time (s),Verification,Iters,Block Row,Block Col,K-Bound,Threads,Rows,Cols,NNZ,NNZ*2,Max Cols,Avg Cols,Col Ratio,Variance,Std Deviation
COO Serial,O2,28073754.713937,28.073755,0.028074,409600,0.036754,31.638284,31.675038,0,10,1,1,16,-1,81920,81920,204800,409600,4,2,2.000000,0,0
COO Serial,O2,11635392.505420,11.635393,0.011635,409600,0.055106,31.590689,31.645795,0,10,1,1,64,-1,81920,81920,204800,409600,4,2,2.000000,0,0
COO Serial,O2,11301098.622855,11.301099,0.011301,409600,0.041793,31.623153,31.664946,0,10,1,1,128,-1,81920,81920,204800,409600,4,2,2.000000,0,0
