Name,-O,FLOPS,MFLOPS,GFLOPS,FOP Count,Avg Run Time (s),Format Time (s),Total Time (s),Verification,Iters,Block Row,Block Col,K-Bound,Threads,Rows,Cols,NNZ,NNZ*2,Max Cols,Avg Cols,Col Ratio,Variance,Std Deviation
BCSR GPU,O2,101052573.434143,101.052573,0.101053,902400,0.014420,7.954627,7.969047,0,10,2,2,16,-1,81920,81920,204800,409600,4,2,2.000000,0,0
BCSR GPU,O2,120844777.284197,120.844777,0.120845,1638400,0.017781,8.022699,8.040480,0,10,4,4,16,-1,81920,81920,204800,409600,4,2,2.000000,0,0
BCSR GPU,O2,219937866.537410,219.937867,0.219938,6553600,0.033823,8.100338,8.134161,0,10,16,16,16,-1,81920,81920,204800,409600,4,2,2.000000,0,0
BCSR GPU,O2,54686600.613223,54.686601,0.054687,902400,0.021361,8.061417,8.082778,0,10,2,2,64,-1,81920,81920,204800,409600,4,2,2.000000,0,0
BCSR GPU,O2,71193354.757611,71.193355,0.071193,1638400,0.028166,8.071207,8.099373,0,10,4,4,64,-1,81920,81920,204800,409600,4,2,2.000000,0,0
BCSR GPU,O2,155044442.250307,155.044442,0.155044,6553600,0.046554,8.127979,8.174533,0,10,16,16,64,-1,81920,81920,204800,409600,4,2,2.000000,0,0
BCSR GPU,O2,40685799.092048,40.685799,0.040686,902400,0.028604,8.129045,8.157649,0,10,2,2,128,-1,81920,81920,204800,409600,4,2,2.000000,0,0
BCSR GPU,O2,56820847.310538,56.820847,0.056821,1638400,0.034570,8.125639,8.160209,0,10,4,4,128,-1,81920,81920,204800,409600,4,2,2.000000,0,0
BCSR GPU,O2,126961836.885376,126.961837,0.126962,6553600,0.055592,8.209437,8.265029,0,10,16,16,128,-1,81920,81920,204800,409600,4,2,2.000000,0,0
