Name,-O,FLOPS,MFLOPS,GFLOPS,FOP Count,Avg Run Time (s),Format Time (s),Total Time (s),Verification,Iters,Block Row,Block Col,K-Bound,Threads,Rows,Cols,NNZ,NNZ*2,Max Cols,Avg Cols,Col Ratio,Variance,Std Deviation
COO OMP,O2,inf,inf,inf,3276800,0.000000,8.018966,8.018966,655359,10,1,1,8,32,81920,81920,204800,409600,4,2,2.000000,0,0
COO OMP,O2,1415819623.655874,1415.819624,1.415820,6553600,0.007199,7.762265,7.769464,0,10,1,1,16,32,81920,81920,204800,409600,4,2,2.000000,0,0
COO OMP,O2,2670335390.640794,2670.335391,2.670335,26214400,0.012750,7.958680,7.971430,0,10,1,1,64,32,81920,81920,204800,409600,4,2,2.000000,0,0
COO OMP,O2,3804042568.894082,3804.042569,3.804043,52428800,0.016497,7.966064,7.982561,0,10,1,1,128,32,81920,81920,204800,409600,4,2,2.000000,0,0
COO OMP,O2,inf,inf,inf,104857600,0.000000,7.937405,7.937405,20971519,10,1,1,256,32,81920,81920,204800,409600,4,2,2.000000,0,0
COO OMP,O2,inf,inf,inf,209715200,0.000000,7.747782,7.747782,41943039,10,1,1,512,32,81920,81920,204800,409600,4,2,2.000000,0,0
COO OMP,O2,inf,inf,inf,421068800,0.000000,7.900123,7.900123,84213759,10,1,1,1028,32,81920,81920,204800,409600,4,2,2.000000,0,0
