Name,-O,FLOPS,MFLOPS,GFLOPS,FOP Count,Avg Run Time (s),Format Time (s),Total Time (s),Verification,Iters,Block Row,Block Col,K-Bound,Threads,Rows,Cols,NNZ,NNZ*2,Max Cols,Avg Cols,Col Ratio,Variance,Std Deviation
COO OMP,O2,20175096.038586,20.175096,0.020175,409600,0.055569,32.765722,32.821291,0,10,1,1,16,8,81920,81920,204800,409600,4,2,2.000000,0,0
COO OMP,O2,7757955.666029,7.757956,0.007758,409600,0.056933,32.747336,32.804269,0,10,1,1,64,8,81920,81920,204800,409600,4,2,2.000000,0,0
COO OMP,O2,13968500.729323,13.968501,0.013969,409600,0.053310,32.672695,32.726005,0,10,1,1,128,8,81920,81920,204800,409600,4,2,2.000000,0,0
COO OMP,O2,11298352.818319,11.298353,0.011298,409600,0.056089,32.436009,32.492098,0,10,1,1,16,16,81920,81920,204800,409600,4,2,2.000000,0,0
COO OMP,O2,9631232.114294,9.631232,0.009631,409600,0.061779,32.638901,32.700680,0,10,1,1,64,16,81920,81920,204800,409600,4,2,2.000000,0,0
COO OMP,O2,10392934.286451,10.392934,0.010393,409600,0.058077,32.547020,32.605097,0,10,1,1,128,16,81920,81920,204800,409600,4,2,2.000000,0,0
COO OMP,O2,11236822.527086,11.236823,0.011237,409600,0.055099,32.283920,32.339019,0,10,1,1,16,32,81920,81920,204800,409600,4,2,2.000000,0,0
COO OMP,O2,8350730.279263,8.350730,0.008351,409600,0.051670,32.262413,32.314083,0,10,1,1,64,32,81920,81920,204800,409600,4,2,2.000000,0,0
COO OMP,O2,12207015.085070,12.207015,0.012207,409600,0.049989,32.298111,32.348100,0,10,1,1,128,32,81920,81920,204800,409600,4,2,2.000000,0,0
