Name,-O,FLOPS,MFLOPS,GFLOPS,FOP Count,Avg Run Time (s),Format Time (s),Total Time (s),Verification,Iters,Block Row,Block Col,K-Bound,Threads,Rows,Cols,NNZ,NNZ*2,Max Cols,Avg Cols,Col Ratio,Variance,Std Deviation
CSR Serial Transpose,O2,8286.922590,0.008287,0.000008,409600,49.619451,31.983421,81.602872,0,10,1,1,16,-1,81920,81920,204800,409600,4,2,2.000000,0,0
CSR Serial Transpose,O2,8258.074537,0.008258,0.000008,409600,49.674014,31.920367,81.594381,0,10,1,1,64,-1,81920,81920,204800,409600,4,2,2.000000,0,0
CSR Serial Transpose,O2,8147.046226,0.008147,0.000008,409600,50.440456,32.006997,82.447453,0,10,1,1,128,-1,81920,81920,204800,409600,4,2,2.000000,0,0
