Name,-O,FLOPS,MFLOPS,GFLOPS,FOP Count,Avg Run Time (s),Format Time (s),Total Time (s),Verification,Iters,Block Row,Block Col,K-Bound,Threads,Rows,Cols,NNZ,NNZ*2,Max Cols,Avg Cols,Col Ratio,Variance,Std Deviation
ELL OMP,O2,914161659.294265,914.161659,0.914162,3276800,0.005784,7.929250,7.935034,0,10,1,1,8,32,81920,81920,204800,409600,4,2,2.000000,0,0
ELL OMP,O2,1342690461.135253,1342.690461,1.342690,6553600,0.007490,7.954850,7.962340,0,10,1,1,16,32,81920,81920,204800,409600,4,2,2.000000,0,0
ELL OMP,O2,2725946072.410370,2725.946072,2.725946,26214400,0.012353,7.949565,7.961918,0,10,1,1,64,32,81920,81920,204800,409600,4,2,2.000000,0,0
ELL OMP,O2,3090404485.237958,3090.404485,3.090404,52428800,0.019071,7.959823,7.978894,0,10,1,1,128,32,81920,81920,204800,409600,4,2,2.000000,0,0
ELL OMP,O2,4144229561.690926,4144.229562,4.144230,104857600,0.026940,8.009317,8.036257,0,10,1,1,256,32,81920,81920,204800,409600,4,2,2.000000,0,0
ELL OMP,O2,6441894708.760370,6441.894709,6.441895,209715200,0.034097,7.947953,7.982050,0,10,1,1,512,32,81920,81920,204800,409600,4,2,2.000000,0,0
ELL OMP,O2,9759708555.802120,9759.708556,9.759709,421068800,0.044226,7.930886,7.975111,0,10,1,1,1028,32,81920,81920,204800,409600,4,2,2.000000,0,0
