Name,-O,FLOPS,MFLOPS,GFLOPS,FOP Count,Avg Run Time (s),Format Time (s),Total Time (s),Verification,Iters,Block Row,Block Col,K-Bound,Threads,Rows,Cols,NNZ,NNZ*2,Max Cols,Avg Cols,Col Ratio,Variance,Std Deviation
ELL OMP,O2,40352921.006876,40.352921,0.040353,409600,0.045722,31.903748,31.949470,0,10,1,1,16,8,81920,81920,204800,409600,4,2,2.000000,0,0
ELL OMP,O2,24075771.738589,24.075772,0.024076,409600,0.032377,31.917096,31.949473,0,10,1,1,64,8,81920,81920,204800,409600,4,2,2.000000,0,0
ELL OMP,O2,15615247.837228,15.615248,0.015615,409600,0.043425,31.774077,31.817502,0,10,1,1,128,8,81920,81920,204800,409600,4,2,2.000000,0,0
ELL OMP,O2,29151184.141866,29.151184,0.029151,409600,0.044526,31.866734,31.911260,0,10,1,1,16,16,81920,81920,204800,409600,4,2,2.000000,0,0
ELL OMP,O2,16400312.467970,16.400312,0.016400,409600,0.047716,31.900826,31.948542,0,10,1,1,64,16,81920,81920,204800,409600,4,2,2.000000,0,0
ELL OMP,O2,27653528.307172,27.653528,0.027654,409600,0.032888,31.828046,31.860934,0,10,1,1,128,16,81920,81920,204800,409600,4,2,2.000000,0,0
ELL OMP,O2,52377562.661720,52.377563,0.052378,409600,0.034303,31.831050,31.865353,0,10,1,1,16,32,81920,81920,204800,409600,4,2,2.000000,0,0
ELL OMP,O2,27118669.755007,27.118670,0.027119,409600,0.037151,31.852135,31.889286,0,10,1,1,64,32,81920,81920,204800,409600,4,2,2.000000,0,0
ELL OMP,O2,24408193.418471,24.408193,0.024408,409600,0.031005,31.756160,31.787165,0,10,1,1,128,32,81920,81920,204800,409600,4,2,2.000000,0,0
