Name,-O,FLOPS,MFLOPS,GFLOPS,FOP Count,Avg Run Time (s),Format Time (s),Total Time (s),Verification,Iters,Block Row,Block Col,K-Bound,Threads,Rows,Cols,NNZ,NNZ*2,Max Cols,Avg Cols,Col Ratio,Variance,Std Deviation
BCSR Serial Transpose,O2,584611474.897058,584.611475,0.584611,52428800,0.089682,8.054316,8.143998,0,10,2,2,128,-1,81920,81920,204800,409600,4,2,2.000000,0,0
BCSR Serial Transpose,O2,360086391.453447,360.086391,0.360086,52428800,0.145601,8.065421,8.211022,0,10,4,4,128,-1,81920,81920,204800,409600,4,2,2.000000,0,0
BCSR Serial Transpose,O2,99791498.491303,99.791498,0.099791,52428800,0.525384,8.162604,8.687988,0,10,16,16,128,-1,81920,81920,204800,409600,4,2,2.000000,0,0
