Name,-O,FLOPS,MFLOPS,GFLOPS,FOP Count,Avg Run Time (s),Format Time (s),Total Time (s),Verification,Iters,Block Row,Block Col,K-Bound,Threads,Rows,Cols,NNZ,NNZ*2,Max Cols,Avg Cols,Col Ratio,Variance,Std Deviation
COO OMP Transpose,O2,980850345.990789,980.850346,0.980850,52428800,0.053500,7.911512,7.965013,0,10,1,1,128,8,81920,81920,204800,409600,4,2,2.000000,0,0
COO OMP Transpose,O2,1318685988.079945,1318.685988,1.318686,52428800,0.039841,7.932516,7.972357,0,10,1,1,128,16,81920,81920,204800,409600,4,2,2.000000,0,0
COO OMP Transpose,O2,1676429963.789511,1676.429964,1.676430,52428800,0.031633,7.912391,7.944024,0,10,1,1,128,32,81920,81920,204800,409600,4,2,2.000000,0,0
