Name,-O,FLOPS,MFLOPS,GFLOPS,FOP Count,Avg Run Time (s),Format Time (s),Total Time (s),Verification,Iters,Block Row,Block Col,K-Bound,Threads,Rows,Cols,NNZ,NNZ*2,Max Cols,Avg Cols,Col Ratio,Variance,Std Deviation
ELL OMP Transpose,O2,798448096.425586,798.448096,0.798448,52428800,0.065899,7.964176,8.030075,0,10,1,1,128,8,81920,81920,204800,409600,4,2,2.000000,0,0
ELL OMP Transpose,O2,1094443185.876904,1094.443186,1.094443,52428800,0.047935,8.163098,8.211033,0,10,1,1,128,16,81920,81920,204800,409600,4,2,2.000000,0,0
ELL OMP Transpose,O2,1279613777.352140,1279.613777,1.279614,52428800,0.041354,8.147691,8.189045,0,10,1,1,128,32,81920,81920,204800,409600,4,2,2.000000,0,0
