Name,-O,FLOPS,MFLOPS,GFLOPS,FOP Count,Avg Run Time (s),Format Time (s),Total Time (s),Verification,Iters,Block Row,Block Col,K-Bound,Threads,Rows,Cols,NNZ,NNZ*2,Max Cols,Avg Cols,Col Ratio,Variance,Std Deviation
ELL THREADS,O2,86544372.989097,86.544373,0.086544,409600,0.008525,32.546402,32.554927,0,5,1,1,16,48,81920,81920,204800,409600,4,2,2.000000,0,0
ELL THREADS,O2,49648163.072527,49.648163,0.049648,409600,0.009000,32.325256,32.334257,0,5,1,1,64,48,81920,81920,204800,409600,4,2,2.000000,0,0
ELL THREADS,O2,44315930.853448,44.315931,0.044316,409600,0.009500,32.099677,32.109177,0,5,1,1,128,16,81920,81920,204800,409600,4,2,2.000000,0,0
