Name,-O,FLOPS,MFLOPS,GFLOPS,FOP Count,Avg Run Time (s),Format Time (s),Total Time (s),Verification,Iters,Block Row,Block Col,K-Bound,Threads,Rows,Cols,NNZ,NNZ*2,Max Cols,Avg Cols,Col Ratio,Variance,Std Deviation
ELL Serial Transpose,O2,8259.778106,0.008260,0.000008,409600,49.746442,31.923582,81.670024,0,10,1,1,16,-1,81920,81920,204800,409600,4,2,2.000000,0,0
ELL Serial Transpose,O2,7379.183449,0.007379,0.000007,409600,56.839034,32.158546,88.997580,0,10,1,1,64,-1,81920,81920,204800,409600,4,2,2.000000,0,0
ELL Serial Transpose,O2,8295.412900,0.008295,0.000008,409600,49.497245,32.056380,81.553625,0,10,1,1,128,-1,81920,81920,204800,409600,4,2,2.000000,0,0
