Name,-O,FLOPS,MFLOPS,GFLOPS,FOP Count,Avg Run Time (s),Format Time (s),Total Time (s),Verification,Iters,Block Row,Block Col,K-Bound,Threads,Rows,Cols,NNZ,NNZ*2,Max Cols,Avg Cols,Col Ratio,Variance,Std Deviation
BCSR OMP,O2,inf,inf,inf,3276800,0.000000,7.942547,7.942547,655359,10,4,4,8,32,81920,81920,204800,409600,4,2,2.000000,0,0
BCSR OMP,O2,42015175.897675,42.015176,0.042015,6553600,0.159646,7.805544,7.965190,0,10,4,4,16,32,81920,81920,204800,409600,4,2,2.000000,0,0
BCSR OMP,O2,158685682.917956,158.685683,0.158686,26214400,0.166270,7.792360,7.958630,0,10,4,4,64,32,81920,81920,204800,409600,4,2,2.000000,0,0
BCSR OMP,O2,364025799.080094,364.025799,0.364026,52428800,0.147167,7.817038,7.964205,0,10,4,4,128,32,81920,81920,204800,409600,4,2,2.000000,0,0
BCSR OMP,O2,inf,inf,inf,104857600,0.000000,7.820358,7.820358,20971519,10,4,4,256,32,81920,81920,204800,409600,4,2,2.000000,0,0
BCSR OMP,O2,inf,inf,inf,209715200,0.000000,8.019385,8.019385,41943039,10,4,4,512,32,81920,81920,204800,409600,4,2,2.000000,0,0
BCSR OMP,O2,inf,inf,inf,421068800,0.000000,8.090947,8.090947,84213759,10,4,4,1028,32,81920,81920,204800,409600,4,2,2.000000,0,0
