Name,-O,FLOPS,MFLOPS,GFLOPS,FOP Count,Avg Run Time (s),Format Time (s),Total Time (s),Verification,Iters,Block Row,Block Col,K-Bound,Threads,Rows,Cols,NNZ,NNZ*2,Max Cols,Avg Cols,Col Ratio,Variance,Std Deviation
CSR OMP,O2,inf,inf,inf,3276800,0.000000,33.236566,33.236566,655359,10,1,1,8,32,81920,81920,204800,409600,4,2,2.000000,0,0
CSR OMP,O2,770153275.307168,770.153275,0.770153,6553600,0.046623,33.241234,33.287857,0,10,1,1,16,32,81920,81920,204800,409600,4,2,2.000000,0,0
CSR OMP,O2,1454734144.830512,1454.734145,1.454734,26214400,0.046822,33.147245,33.194067,0,10,1,1,64,32,81920,81920,204800,409600,4,2,2.000000,0,0
CSR OMP,O2,1514597333.784540,1514.597334,1.514597,52428800,0.045500,33.201275,33.246775,0,10,1,1,128,32,81920,81920,204800,409600,4,2,2.000000,0,0
CSR OMP,O2,inf,inf,inf,104857600,0.000000,33.177015,33.177015,20971519,10,1,1,256,32,81920,81920,204800,409600,4,2,2.000000,0,0
CSR OMP,O2,inf,inf,inf,209715200,0.000000,33.220211,33.220211,41943039,10,1,1,512,32,81920,81920,204800,409600,4,2,2.000000,0,0
CSR OMP,O2,inf,inf,inf,421068800,0.000000,33.237084,33.237084,84213759,10,1,1,1028,32,81920,81920,204800,409600,4,2,2.000000,0,0
