Name,-O,FLOPS,MFLOPS,GFLOPS,FOP Count,Avg Run Time (s),Format Time (s),Total Time (s),Verification,Iters,Block Row,Block Col,K-Bound,Threads,Rows,Cols,NNZ,NNZ*2,Max Cols,Avg Cols,Col Ratio,Variance,Std Deviation
BCSR Serial,O2,22325706.479568,22.325706,0.022326,409600,0.019497,31.791140,31.810637,0,10,2,2,16,-1,81920,81920,204800,409600,4,2,2.000000,0,0
BCSR Serial,O2,23985123.999511,23.985124,0.023985,409600,0.018613,31.982645,32.001258,0,10,4,4,16,-1,81920,81920,204800,409600,4,2,2.000000,0,0
BCSR Serial,O2,7611191.896122,7.611192,0.007611,409600,0.067523,31.774348,31.841871,0,10,16,16,16,-1,81920,81920,204800,409600,4,2,2.000000,0,0
BCSR Serial,O2,8269938.948854,8.269939,0.008270,409600,0.065001,31.662343,31.727344,0,10,2,2,64,-1,81920,81920,204800,409600,4,2,2.000000,0,0
BCSR Serial,O2,6920963.974743,6.920964,0.006921,409600,0.076339,31.316131,31.392470,0,10,4,4,64,-1,81920,81920,204800,409600,4,2,2.000000,0,0
BCSR Serial,O2,4913629.265571,4.913629,0.004914,409600,0.086426,31.767277,31.853703,0,10,16,16,64,-1,81920,81920,204800,409600,4,2,2.000000,0,0
BCSR Serial,O2,6411821.306560,6.411821,0.006412,409600,0.081439,31.717904,31.799344,0,10,2,2,128,-1,81920,81920,204800,409600,4,2,2.000000,0,0
BCSR Serial,O2,5814066.400976,5.814066,0.005814,409600,0.084585,31.646339,31.730924,0,10,4,4,128,-1,81920,81920,204800,409600,4,2,2.000000,0,0
BCSR Serial,O2,3386400.004342,3.386400,0.003386,409600,0.121312,31.779199,31.900511,0,10,16,16,128,-1,81920,81920,204800,409600,4,2,2.000000,0,0
