Name,-O,FLOPS,MFLOPS,GFLOPS,FOP Count,Avg Run Time (s),Format Time (s),Total Time (s),Verification,Iters,Block Row,Block Col,K-Bound,Threads,Rows,Cols,NNZ,NNZ*2,Max Cols,Avg Cols,Col Ratio,Variance,Std Deviation
CSR OMP Transpose,O2,965936864.330147,965.936864,0.965937,52428800,0.054368,7.931084,7.985452,0,10,1,1,128,8,81920,81920,204800,409600,4,2,2.000000,0,0
CSR OMP Transpose,O2,1289984999.665172,1289.985000,1.289985,52428800,0.040747,7.894903,7.935649,0,10,1,1,128,16,81920,81920,204800,409600,4,2,2.000000,0,0
CSR OMP Transpose,O2,1605382307.579507,1605.382308,1.605382,52428800,0.033009,8.011197,8.044206,0,10,1,1,128,32,81920,81920,204800,409600,4,2,2.000000,0,0
