Name,-O,FLOPS,MFLOPS,GFLOPS,FOP Count,Avg Run Time (s),Format Time (s),Total Time (s),Verification,Iters,Block Row,Block Col,K-Bound,Threads,Rows,Cols,NNZ,NNZ*2,Max Cols,Avg Cols,Col Ratio,Variance,Std Deviation
CSR THREADS,O2,88940772.276427,88.940772,0.088941,409600,0.004813,7.744730,7.749543,0,5,1,1,16,72,81920,81920,204800,409600,4,2,2.000000,0,0
CSR THREADS,O2,41813353.965234,41.813354,0.041813,409600,0.010177,7.937225,7.947402,0,5,1,1,64,72,81920,81920,204800,409600,4,2,2.000000,0,0
CSR THREADS,O2,30670440.335807,30.670440,0.030670,409600,0.014565,7.922038,7.936603,0,5,1,1,128,72,81920,81920,204800,409600,4,2,2.000000,0,0
