Name,-O,FLOPS,MFLOPS,GFLOPS,FOP Count,Avg Run Time (s),Format Time (s),Total Time (s),Verification,Iters,Block Row,Block Col,K-Bound,Threads,Rows,Cols,NNZ,NNZ*2,Max Cols,Avg Cols,Col Ratio,Variance,Std Deviation
CSR Serial,O2,345765864.220789,345.765864,0.345766,6553600,0.025864,32.793824,32.819688,0,10,1,1,16,-1,81920,81920,204800,409600,4,2,2.000000,0,0
CSR Serial,O2,1438430507.950192,1438.430508,1.438431,26214400,0.020907,32.918286,32.939193,0,10,1,1,64,-1,81920,81920,204800,409600,4,2,2.000000,0,0
CSR Serial,O2,1644493344.846335,1644.493345,1.644493,52428800,0.034691,32.864299,32.898990,0,10,1,1,128,-1,81920,81920,204800,409600,4,2,2.000000,0,0
