Name,-O,FLOPS,MFLOPS,GFLOPS,FOP Count,Avg Run Time (s),Format Time (s),Total Time (s),Verification,Iters,Block Row,Block Col,K-Bound,Threads,Rows,Cols,NNZ,NNZ*2,Max Cols,Avg Cols,Col Ratio,Variance,Std Deviation
CSR OMP,O2,57831887.105635,57.831887,0.057832,409600,0.032823,31.766135,31.798958,0,10,1,1,16,8,81920,81920,204800,409600,4,2,2.000000,0,0
CSR OMP,O2,26515765.572049,26.515766,0.026516,409600,0.042757,31.895809,31.938567,0,10,1,1,64,8,81920,81920,204800,409600,4,2,2.000000,0,0
CSR OMP,O2,17609441.841621,17.609442,0.017609,409600,0.042516,31.756266,31.798783,0,10,1,1,128,8,81920,81920,204800,409600,4,2,2.000000,0,0
CSR OMP,O2,39628150.582538,39.628151,0.039628,409600,0.041125,31.645771,31.686896,0,10,1,1,16,16,81920,81920,204800,409600,4,2,2.000000,0,0
CSR OMP,O2,20679185.599469,20.679186,0.020679,409600,0.043476,31.730551,31.774027,0,10,1,1,64,16,81920,81920,204800,409600,4,2,2.000000,0,0
CSR OMP,O2,26782768.290476,26.782768,0.026783,409600,0.031891,32.088642,32.120533,0,10,1,1,128,16,81920,81920,204800,409600,4,2,2.000000,0,0
CSR OMP,O2,28314260.294317,28.314260,0.028314,409600,0.046771,31.814628,31.861399,0,10,1,1,16,32,81920,81920,204800,409600,4,2,2.000000,0,0
CSR OMP,O2,18909062.577518,18.909063,0.018909,409600,0.042916,31.905467,31.948383,0,10,1,1,64,32,81920,81920,204800,409600,4,2,2.000000,0,0
CSR OMP,O2,13587483.498568,13.587483,0.013587,409600,0.044021,32.062636,32.106657,0,10,1,1,128,32,81920,81920,204800,409600,4,2,2.000000,0,0
