Name,-O,FLOPS,MFLOPS,GFLOPS,FOP Count,Avg Run Time (s),Format Time (s),Total Time (s),Verification,Iters,Block Row,Block Col,K-Bound,Threads,Rows,Cols,NNZ,NNZ*2,Max Cols,Avg Cols,Col Ratio,Variance,Std Deviation
BCSR OMP,O2,15328158.443867,15.328158,0.015328,3276800,0.263111,33.593216,33.856327,0,10,4,4,8,32,81920,81920,204800,409600,4,2,2.000000,0,0
BCSR OMP,O2,42378796.902053,42.378797,0.042379,6553600,0.222035,33.594155,33.816190,0,10,4,4,16,32,81920,81920,204800,409600,4,2,2.000000,0,0
BCSR OMP,O2,126473502.246859,126.473502,0.126474,26214400,0.280292,33.415672,33.695964,0,10,4,4,64,32,81920,81920,204800,409600,4,2,2.000000,0,0
BCSR OMP,O2,249464752.716827,249.464753,0.249465,52428800,0.284535,33.431534,33.716069,0,10,4,4,128,32,81920,81920,204800,409600,4,2,2.000000,0,0
BCSR OMP,O2,461028567.518097,461.028568,0.461029,104857600,0.266667,33.421153,33.687820,0,10,4,4,256,32,81920,81920,204800,409600,4,2,2.000000,0,0
BCSR OMP,O2,672020309.703249,672.020310,0.672020,209715200,0.402630,33.426112,33.828742,0,10,4,4,512,32,81920,81920,204800,409600,4,2,2.000000,0,0
BCSR OMP,O2,1405924547.638502,1405.924548,1.405925,421068800,0.396016,33.483960,33.879976,0,10,4,4,1028,32,81920,81920,204800,409600,4,2,2.000000,0,0
