Name,-O,FLOPS,MFLOPS,GFLOPS,FOP Count,Avg Run Time (s),Format Time (s),Total Time (s),Verification,Iters,Block Row,Block Col,K-Bound,Threads,Rows,Cols,NNZ,NNZ*2,Max Cols,Avg Cols,Col Ratio,Variance,Std Deviation
COO OMP Transpose,O2,177094.653127,0.177095,0.000177,409600,2.313254,8.187266,10.500520,0,10,1,1,16,8,81920,81920,204800,409600,4,2,2.000000,0,0
COO OMP Transpose,O2,175854.526570,0.175855,0.000176,409600,2.329753,8.006381,10.336134,0,10,1,1,64,8,81920,81920,204800,409600,4,2,2.000000,0,0
COO OMP Transpose,O2,174622.403856,0.174622,0.000175,409600,2.345838,8.032042,10.377880,0,10,1,1,128,8,81920,81920,204800,409600,4,2,2.000000,0,0
COO OMP Transpose,O2,174225.233776,0.174225,0.000174,409600,2.351631,8.064424,10.416055,0,10,1,1,16,16,81920,81920,204800,409600,4,2,2.000000,0,0
COO OMP Transpose,O2,175887.345367,0.175887,0.000176,409600,2.328960,8.022082,10.351043,0,10,1,1,64,16,81920,81920,204800,409600,4,2,2.000000,0,0
COO OMP Transpose,O2,176338.223433,0.176338,0.000176,409600,2.323347,8.032229,10.355576,0,10,1,1,128,16,81920,81920,204800,409600,4,2,2.000000,0,0
COO OMP Transpose,O2,174823.861417,0.174824,0.000175,409600,2.343457,8.015380,10.358837,0,10,1,1,16,32,81920,81920,204800,409600,4,2,2.000000,0,0
COO OMP Transpose,O2,173846.509880,0.173847,0.000174,409600,2.356647,8.046944,10.403591,0,10,1,1,64,32,81920,81920,204800,409600,4,2,2.000000,0,0
COO OMP Transpose,O2,175327.939869,0.175328,0.000175,409600,2.336973,8.117658,10.454631,0,10,1,1,128,32,81920,81920,204800,409600,4,2,2.000000,0,0
