Name,-O,FLOPS,MFLOPS,GFLOPS,FOP Count,Avg Run Time (s),Format Time (s),Total Time (s),Verification,Iters,Block Row,Block Col,K-Bound,Threads,Rows,Cols,NNZ,NNZ*2,Max Cols,Avg Cols,Col Ratio,Variance,Std Deviation
CSR OMP,O2,54684826.596432,54.684827,0.054685,409600,0.033844,32.376440,32.410284,0,10,1,1,16,8,81920,81920,204800,409600,4,2,2.000000,0,0
CSR OMP,O2,26383914.016609,26.383914,0.026384,409600,0.043505,32.061155,32.104660,0,10,1,1,64,8,81920,81920,204800,409600,4,2,2.000000,0,0
CSR OMP,O2,20198733.586332,20.198734,0.020199,409600,0.041794,32.361862,32.403656,0,10,1,1,128,8,81920,81920,204800,409600,4,2,2.000000,0,0
CSR OMP,O2,52135953.742584,52.135954,0.052136,409600,0.036961,32.405725,32.442686,0,10,1,1,16,16,81920,81920,204800,409600,4,2,2.000000,0,0
CSR OMP,O2,29261662.547600,29.261663,0.029262,409600,0.041483,32.648280,32.689763,0,10,1,1,64,16,81920,81920,204800,409600,4,2,2.000000,0,0
CSR OMP,O2,15625161.622905,15.625162,0.015625,409600,0.047717,32.415788,32.463505,0,10,1,1,128,16,81920,81920,204800,409600,4,2,2.000000,0,0
CSR OMP,O2,53477154.133797,53.477154,0.053477,409600,0.034367,32.351506,32.385873,0,10,1,1,16,32,81920,81920,204800,409600,4,2,2.000000,0,0
CSR OMP,O2,16820422.301910,16.820422,0.016820,409600,0.041317,32.508342,32.549659,0,10,1,1,64,32,81920,81920,204800,409600,4,2,2.000000,0,0
CSR OMP,O2,10588560.497989,10.588560,0.010589,409600,0.048394,32.509492,32.557886,0,10,1,1,128,32,81920,81920,204800,409600,4,2,2.000000,0,0
