Name,-O,FLOPS,MFLOPS,GFLOPS,FOP Count,Avg Run Time (s),Format Time (s),Total Time (s),Verification,Iters,Block Row,Block Col,K-Bound,Threads,Rows,Cols,NNZ,NNZ*2,Max Cols,Avg Cols,Col Ratio,Variance,Std Deviation
COO THREADS,O2,102948683.385811,102.948683,0.102949,409600,0.005644,32.340114,32.345758,0,5,1,1,16,32,81920,81920,204800,409600,4,2,2.000000,0,0
COO THREADS,O2,49254687.028204,49.254687,0.049255,409600,0.008616,32.463292,32.471908,0,5,1,1,64,48,81920,81920,204800,409600,4,2,2.000000,0,0
COO THREADS,O2,34526807.267370,34.526807,0.034527,409600,0.015959,32.319172,32.335132,0,5,1,1,128,72,81920,81920,204800,409600,4,2,2.000000,0,0
