Name,-O,FLOPS,MFLOPS,GFLOPS,FOP Count,Avg Run Time (s),Format Time (s),Total Time (s),Verification,Iters,Block Row,Block Col,K-Bound,Threads,Rows,Cols,NNZ,NNZ*2,Max Cols,Avg Cols,Col Ratio,Variance,Std Deviation
COO OMP,O2,813194266.574763,813.194267,0.813194,6553600,0.008942,7.801363,7.810305,0,10,1,1,16,8,81920,81920,204800,409600,4,2,2.000000,0,0
COO OMP,O2,1373565207.451090,1373.565207,1.373565,26214400,0.019662,7.777418,7.797080,0,10,1,1,64,8,81920,81920,204800,409600,4,2,2.000000,0,0
COO OMP,O2,2032037642.647470,2032.037643,2.032038,52428800,0.026142,7.793548,7.819690,0,10,1,1,128,8,81920,81920,204800,409600,4,2,2.000000,0,0
COO OMP,O2,1239300420.854770,1239.300421,1.239300,6553600,0.006531,7.807574,7.814105,0,10,1,1,16,16,81920,81920,204800,409600,4,2,2.000000,0,0
COO OMP,O2,2232658953.195045,2232.658953,2.232659,26214400,0.012730,7.766845,7.779575,0,10,1,1,64,16,81920,81920,204800,409600,4,2,2.000000,0,0
COO OMP,O2,2852308422.039307,2852.308422,2.852308,52428800,0.019001,7.810137,7.829138,0,10,1,1,128,16,81920,81920,204800,409600,4,2,2.000000,0,0
COO OMP,O2,1591780864.560461,1591.780865,1.591781,6553600,0.007086,7.796900,7.803986,0,10,1,1,16,32,81920,81920,204800,409600,4,2,2.000000,0,0
COO OMP,O2,2703428674.793193,2703.428675,2.703429,26214400,0.012055,7.794288,7.806343,0,10,1,1,64,32,81920,81920,204800,409600,4,2,2.000000,0,0
COO OMP,O2,4180225713.650198,4180.225714,4.180226,52428800,0.014524,7.802169,7.816693,0,10,1,1,128,32,81920,81920,204800,409600,4,2,2.000000,0,0
