Name,-O,FLOPS,MFLOPS,GFLOPS,FOP Count,Avg Run Time (s),Format Time (s),Total Time (s),Verification,Iters,Block Row,Block Col,K-Bound,Threads,Rows,Cols,NNZ,NNZ*2,Max Cols,Avg Cols,Col Ratio,Variance,Std Deviation
CSR OMP Transpose,O2,33535.247584,0.033535,0.000034,409600,12.215891,7.971028,20.186919,0,10,1,1,16,8,81920,81920,204800,409600,4,2,2.000000,0,0
CSR OMP Transpose,O2,33311.215774,0.033311,0.000033,409600,12.297168,8.181660,20.478828,0,10,1,1,64,8,81920,81920,204800,409600,4,2,2.000000,0,0
CSR OMP Transpose,O2,30933.224467,0.030933,0.000031,409600,13.246111,8.167483,21.413594,0,10,1,1,128,8,81920,81920,204800,409600,4,2,2.000000,0,0
CSR OMP Transpose,O2,64896.483579,0.064896,0.000065,409600,6.312302,8.161394,14.473696,0,10,1,1,16,16,81920,81920,204800,409600,4,2,2.000000,0,0
CSR OMP Transpose,O2,62081.539081,0.062082,0.000062,409600,6.598704,8.189603,14.788307,0,10,1,1,64,16,81920,81920,204800,409600,4,2,2.000000,0,0
CSR OMP Transpose,O2,67780.024599,0.067780,0.000068,409600,6.044819,8.064588,14.109407,0,10,1,1,128,16,81920,81920,204800,409600,4,2,2.000000,0,0
CSR OMP Transpose,O2,116421.364732,0.116421,0.000116,409600,3.519233,8.174066,11.693299,0,10,1,1,16,32,81920,81920,204800,409600,4,2,2.000000,0,0
CSR OMP Transpose,O2,113472.740001,0.113473,0.000113,409600,3.610445,8.134888,11.745333,0,10,1,1,64,32,81920,81920,204800,409600,4,2,2.000000,0,0
CSR OMP Transpose,O2,117676.213740,0.117676,0.000118,409600,3.482536,7.843710,11.326246,0,10,1,1,128,32,81920,81920,204800,409600,4,2,2.000000,0,0
