Name,-O,FLOPS,MFLOPS,GFLOPS,FOP Count,Avg Run Time (s),Format Time (s),Total Time (s),Verification,Iters,Block Row,Block Col,K-Bound,Threads,Rows,Cols,NNZ,NNZ*2,Max Cols,Avg Cols,Col Ratio,Variance,Std Deviation
BCSR OMP Transpose,O2,862366307.711629,862.366308,0.862366,52428800,0.081809,33.335110,33.416919,0,10,2,2,128,8,81920,81920,204800,409600,4,2,2.000000,0,0
BCSR OMP Transpose,O2,703221646.028981,703.221646,0.703222,52428800,0.076056,33.261170,33.337226,0,10,4,4,128,8,81920,81920,204800,409600,4,2,2.000000,0,0
BCSR OMP Transpose,O2,184853151.189287,184.853151,0.184853,52428800,0.295457,33.460627,33.756084,0,10,16,16,128,8,81920,81920,204800,409600,4,2,2.000000,0,0
BCSR OMP Transpose,O2,1287649960.406114,1287.649960,1.287650,52428800,0.056282,33.564281,33.620563,0,10,2,2,128,16,81920,81920,204800,409600,4,2,2.000000,0,0
BCSR OMP Transpose,O2,875136597.217816,875.136597,0.875137,52428800,0.083538,33.429483,33.513021,0,10,4,4,128,16,81920,81920,204800,409600,4,2,2.000000,0,0
BCSR OMP Transpose,O2,401453887.113766,401.453887,0.401454,52428800,0.138471,33.360255,33.498726,0,10,16,16,128,16,81920,81920,204800,409600,4,2,2.000000,0,0
BCSR OMP Transpose,O2,2066423581.630367,2066.423582,2.066424,52428800,0.037699,33.449959,33.487658,0,10,2,2,128,32,81920,81920,204800,409600,4,2,2.000000,0,0
BCSR OMP Transpose,O2,1403033172.139522,1403.033172,1.403033,52428800,0.047189,33.292739,33.339928,0,10,4,4,128,32,81920,81920,204800,409600,4,2,2.000000,0,0
BCSR OMP Transpose,O2,702061560.925617,702.061561,0.702062,52428800,0.079283,33.362092,33.441375,0,10,16,16,128,32,81920,81920,204800,409600,4,2,2.000000,0,0
