Name,-O,FLOPS,MFLOPS,GFLOPS,FOP Count,Avg Run Time (s),Format Time (s),Total Time (s),Verification,Iters,Block Row,Block Col,K-Bound,Threads,Rows,Cols,NNZ,NNZ*2,Max Cols,Avg Cols,Col Ratio,Variance,Std Deviation
COO THREADS,O2,138959133.090112,138.959133,0.138959,409600,0.003647,32.534301,32.537948,0,5,1,1,16,16,81920,81920,204800,409600,4,2,2.000000,0,0
COO THREADS,O2,52736814.365585,52.736814,0.052737,409600,0.013110,32.304730,32.317840,0,5,1,1,64,48,81920,81920,204800,409600,4,2,2.000000,0,0
COO THREADS,O2,41815027.620623,41.815028,0.041815,409600,0.010207,32.041582,32.051789,0,5,1,1,128,32,81920,81920,204800,409600,4,2,2.000000,0,0
