Name,-O,FLOPS,MFLOPS,GFLOPS,FOP Count,Avg Run Time (s),Format Time (s),Total Time (s),Verification,Iters,Block Row,Block Col,K-Bound,Threads,Rows,Cols,NNZ,NNZ*2,Max Cols,Avg Cols,Col Ratio,Variance,Std Deviation
ELL OMP,O2,37485242.138707,37.485242,0.037485,409600,0.011278,8.133042,8.144320,0,10,1,1,16,8,81920,81920,204800,409600,4,2,2.000000,0,0
ELL OMP,O2,18247854.686216,18.247855,0.018248,409600,0.023052,8.212762,8.235814,0,10,1,1,64,8,81920,81920,204800,409600,4,2,2.000000,0,0
ELL OMP,O2,14374575.043207,14.374575,0.014375,409600,0.029140,8.114743,8.143883,0,10,1,1,128,8,81920,81920,204800,409600,4,2,2.000000,0,0
ELL OMP,O2,62769377.649231,62.769378,0.062769,409600,0.007464,8.137409,8.144873,0,10,1,1,16,16,81920,81920,204800,409600,4,2,2.000000,0,0
ELL OMP,O2,25006548.370668,25.006548,0.025007,409600,0.017071,8.141069,8.158140,0,10,1,1,64,16,81920,81920,204800,409600,4,2,2.000000,0,0
ELL OMP,O2,18352950.856010,18.352951,0.018353,409600,0.023363,8.031682,8.055045,0,10,1,1,128,16,81920,81920,204800,409600,4,2,2.000000,0,0
ELL OMP,O2,67281453.693392,67.281454,0.067281,409600,0.008598,8.154354,8.162952,0,10,1,1,16,32,81920,81920,204800,409600,4,2,2.000000,0,0
ELL OMP,O2,32644823.904759,32.644824,0.032645,409600,0.014882,8.086966,8.101848,0,10,1,1,64,32,81920,81920,204800,409600,4,2,2.000000,0,0
ELL OMP,O2,25220468.782137,25.220469,0.025220,409600,0.018030,8.090394,8.108424,0,10,1,1,128,32,81920,81920,204800,409600,4,2,2.000000,0,0
