Name,-O,FLOPS,MFLOPS,GFLOPS,FOP Count,Avg Run Time (s),Format Time (s),Total Time (s),Verification,Iters,Block Row,Block Col,K-Bound,Threads,Rows,Cols,NNZ,NNZ*2,Max Cols,Avg Cols,Col Ratio,Variance,Std Deviation
COO OMP,O2,167262659.692370,167.262660,0.167263,3276800,0.059756,33.269886,33.329642,0,10,1,1,8,32,81920,81920,204800,409600,4,2,2.000000,0,0
COO OMP,O2,304999490.208981,304.999490,0.304999,6553600,0.046871,33.294109,33.340980,0,10,1,1,16,32,81920,81920,204800,409600,4,2,2.000000,0,0
COO OMP,O2,1028927802.616688,1028.927803,1.028928,26214400,0.047630,33.350743,33.398373,0,10,1,1,64,32,81920,81920,204800,409600,4,2,2.000000,0,0
COO OMP,O2,2175520790.022372,2175.520790,2.175521,52428800,0.040456,33.380144,33.420600,0,10,1,1,128,32,81920,81920,204800,409600,4,2,2.000000,0,0
COO OMP,O2,3269505737.185520,3269.505737,3.269506,104857600,0.048330,33.249283,33.297613,0,10,1,1,256,32,81920,81920,204800,409600,4,2,2.000000,0,0
COO OMP,O2,3220383807.092146,3220.383807,3.220384,209715200,0.089953,33.265637,33.355590,0,10,1,1,512,32,81920,81920,204800,409600,4,2,2.000000,0,0
COO OMP,O2,3793594491.957088,3793.594492,3.793594,421068800,0.152916,33.294167,33.447083,0,10,1,1,1028,32,81920,81920,204800,409600,4,2,2.000000,0,0
