Name,-O,FLOPS,MFLOPS,GFLOPS,FOP Count,Avg Run Time (s),Format Time (s),Total Time (s),Verification,Iters,Block Row,Block Col,K-Bound,Threads,Rows,Cols,NNZ,NNZ*2,Max Cols,Avg Cols,Col Ratio,Variance,Std Deviation
ELL Serial Transpose,O2,10923.715287,0.010924,0.000011,409600,37.496427,8.030154,45.526581,0,10,1,1,16,-1,81920,81920,204800,409600,4,2,2.000000,0,0
ELL Serial Transpose,O2,10626.475819,0.010626,0.000011,409600,38.545329,8.070071,46.615400,0,10,1,1,64,-1,81920,81920,204800,409600,4,2,2.000000,0,0
ELL Serial Transpose,O2,10567.146120,0.010567,0.000011,409600,38.761663,8.084418,46.846081,0,10,1,1,128,-1,81920,81920,204800,409600,4,2,2.000000,0,0
