Name,-O,FLOPS,MFLOPS,GFLOPS,FOP Count,Avg Run Time (s),Format Time (s),Total Time (s),Verification,Iters,Block Row,Block Col,K-Bound,Threads,Rows,Cols,NNZ,NNZ*2,Max Cols,Avg Cols,Col Ratio,Variance,Std Deviation
BCSR OMP,O2,inf,inf,inf,3276800,0.000000,33.275787,33.275787,655359,10,4,4,8,32,81920,81920,204800,409600,4,2,2.000000,0,0
BCSR OMP,O2,36956823.923106,36.956824,0.036957,6553600,0.241909,34.063866,34.305775,0,10,4,4,16,32,81920,81920,204800,409600,4,2,2.000000,0,0
BCSR OMP,O2,135494342.962535,135.494343,0.135494,26214400,0.236715,32.291250,32.527965,0,10,4,4,64,32,81920,81920,204800,409600,4,2,2.000000,0,0
BCSR OMP,O2,225879390.905803,225.879391,0.225879,52428800,0.312217,34.286713,34.598930,0,10,4,4,128,32,81920,81920,204800,409600,4,2,2.000000,0,0
BCSR OMP,O2,inf,inf,inf,104857600,0.000000,33.580038,33.580038,20971519,10,4,4,256,32,81920,81920,204800,409600,4,2,2.000000,0,0
BCSR OMP,O2,inf,inf,inf,209715200,0.000000,33.695022,33.695022,41943039,10,4,4,512,32,81920,81920,204800,409600,4,2,2.000000,0,0
BCSR OMP,O2,inf,inf,inf,421068800,0.000000,32.333718,32.333718,84213759,10,4,4,1028,32,81920,81920,204800,409600,4,2,2.000000,0,0
