Name,-O,FLOPS,MFLOPS,GFLOPS,FOP Count,Avg Run Time (s),Format Time (s),Total Time (s),Verification,Iters,Block Row,Block Col,K-Bound,Threads,Rows,Cols,NNZ,NNZ*2,Max Cols,Avg Cols,Col Ratio,Variance,Std Deviation
COO Serial Transpose,O2,10604.162353,0.010604,0.000011,409600,38.626376,8.102472,46.728848,0,10,1,1,16,-1,81920,81920,204800,409600,4,2,2.000000,0,0
COO Serial Transpose,O2,10594.787663,0.010595,0.000011,409600,38.660528,8.126494,46.787022,0,10,1,1,64,-1,81920,81920,204800,409600,4,2,2.000000,0,0
COO Serial Transpose,O2,10559.685648,0.010560,0.000011,409600,38.789078,8.135031,46.924109,0,10,1,1,128,-1,81920,81920,204800,409600,4,2,2.000000,0,0
