Name,-O,FLOPS,MFLOPS,GFLOPS,FOP Count,Avg Run Time (s),Format Time (s),Total Time (s),Verification,Iters,Block Row,Block Col,K-Bound,Threads,Rows,Cols,NNZ,NNZ*2,Max Cols,Avg Cols,Col Ratio,Variance,Std Deviation
CSR Serial,O2,21773459.237287,21.773459,0.021773,409600,0.034810,31.632103,31.666913,0,10,1,1,16,-1,81920,81920,204800,409600,4,2,2.000000,0,0
CSR Serial,O2,10415325.004937,10.415325,0.010415,409600,0.058152,31.688728,31.746880,0,10,1,1,64,-1,81920,81920,204800,409600,4,2,2.000000,0,0
CSR Serial,O2,11424002.931394,11.424003,0.011424,409600,0.036506,31.637934,31.674440,0,10,1,1,128,-1,81920,81920,204800,409600,4,2,2.000000,0,0
