,Name,-O,FLOPS,MFLOPS,GFLOPS,FOP Count,Avg Run Time (s),Format Time (s),Total Time (s),Verification,Iters,Block Row,Block Col,K-Bound,Threads,Rows,Cols,NNZ,NNZ*2,Max Cols,Avg Cols,Col Ratio,Variance,Std Deviation
0,BCSR Serial,O2,282642197.577964,282.642198,0.282642,6553600,0.027878,32.98696,33.014838,0,10,4,4,16,-1,81920,81920,204800,409600,4,2,2.0,0,0
1,BCSR Serial,O2,813847033.402694,813.847033,0.813847,26214400,0.035963,32.866955,32.902918,0,10,4,4,64,-1,81920,81920,204800,409600,4,2,2.0,0,0
2,BCSR Serial,O2,1195682888.40818,1195.682888,1.195683,52428800,0.044949,33.034574,33.079523,0,10,4,4,128,-1,81920,81920,204800,409600,4,2,2.0,0,0
3,BCSR Serial,O2,436673874.379587,436.673874,0.436674,6553600,0.020643,32.913393,32.934036,0,10,2,2,16,-1,81920,81920,204800,409600,4,2,2.0,0,0
4,BCSR Serial,O2,145649075.787942,145.649076,0.145649,6553600,0.046823,32.948114,32.994937,0,10,16,16,16,-1,81920,81920,204800,409600,4,2,2.0,0,0
5,BCSR Serial,O2,1131575220.26117,1131.57522,1.131575,26214400,0.025579,32.871742,32.897321,0,10,2,2,64,-1,81920,81920,204800,409600,4,2,2.0,0,0
6,BCSR Serial,O2,438502779.065389,438.502779,0.438503,26214400,0.060591,32.978366,33.038957,0,10,16,16,64,-1,81920,81920,204800,409600,4,2,2.0,0,0
7,BCSR Serial,O2,1621703228.471454,1621.703228,1.621703,52428800,0.034331,32.85856,32.892891,0,10,2,2,128,-1,81920,81920,204800,409600,4,2,2.0,0,0
8,BCSR Serial,O2,546665629.538375,546.66563,0.546666,52428800,0.09666,32.888076,32.984736,0,10,16,16,128,-1,81920,81920,204800,409600,4,2,2.0,0,0
