Name,-O,FLOPS,MFLOPS,GFLOPS,FOP Count,Avg Run Time (s),Format Time (s),Total Time (s),Verification,Iters,Block Row,Block Col,K-Bound,Threads,Rows,Cols,NNZ,NNZ*2,Max Cols,Avg Cols,Col Ratio,Variance,Std Deviation
CSR OMP,O2,62260353.207926,62.260353,0.062260,409600,0.008145,7.876454,7.884598,0,10,1,1,16,8,81920,81920,204800,409600,4,2,2.000000,0,0
CSR OMP,O2,29259271.452932,29.259271,0.029259,409600,0.016863,7.878445,7.895308,0,10,1,1,64,8,81920,81920,204800,409600,4,2,2.000000,0,0
CSR OMP,O2,18880685.868473,18.880686,0.018881,409600,0.023486,7.843205,7.866691,0,10,1,1,128,8,81920,81920,204800,409600,4,2,2.000000,0,0
CSR OMP,O2,91312477.984404,91.312478,0.091312,409600,0.006046,7.902475,7.908521,0,10,1,1,16,16,81920,81920,204800,409600,4,2,2.000000,0,0
CSR OMP,O2,37834640.155932,37.834640,0.037835,409600,0.012319,7.895845,7.908164,0,10,1,1,64,16,81920,81920,204800,409600,4,2,2.000000,0,0
CSR OMP,O2,23526921.971333,23.526922,0.023527,409600,0.018277,7.873844,7.892120,0,10,1,1,128,16,81920,81920,204800,409600,4,2,2.000000,0,0
CSR OMP,O2,93724038.420281,93.724038,0.093724,409600,0.007160,7.961316,7.968476,0,10,1,1,16,32,81920,81920,204800,409600,4,2,2.000000,0,0
CSR OMP,O2,43409232.484805,43.409232,0.043409,409600,0.012408,7.897172,7.909580,0,10,1,1,64,32,81920,81920,204800,409600,4,2,2.000000,0,0
CSR OMP,O2,27169794.073024,27.169794,0.027170,409600,0.017271,7.915847,7.933118,0,10,1,1,128,32,81920,81920,204800,409600,4,2,2.000000,0,0
