Name,-O,FLOPS,MFLOPS,GFLOPS,FOP Count,Avg Run Time (s),Format Time (s),Total Time (s),Verification,Iters,Block Row,Block Col,K-Bound,Threads,Rows,Cols,NNZ,NNZ*2,Max Cols,Avg Cols,Col Ratio,Variance,Std Deviation
ELL THREADS,O2,75348509.520534,75.348510,0.075349,409600,0.007580,32.474967,32.482547,0,5,1,1,16,32,81920,81920,204800,409600,4,2,2.000000,0,0
ELL THREADS,O2,40208463.631167,40.208464,0.040208,409600,0.010286,32.502127,32.512413,0,5,1,1,64,32,81920,81920,204800,409600,4,2,2.000000,0,0
ELL THREADS,O2,30661417.644134,30.661418,0.030661,409600,0.014425,32.431288,32.445713,0,5,1,1,128,32,81920,81920,204800,409600,4,2,2.000000,0,0
