Name,-O,FLOPS,MFLOPS,GFLOPS,FOP Count,Avg Run Time (s),Format Time (s),Total Time (s),Verification,Iters,Block Row,Block Col,K-Bound,Threads,Rows,Cols,NNZ,NNZ*2,Max Cols,Avg Cols,Col Ratio,Variance,Std Deviation
ELL OMP,O2,283684025.339849,283.684025,0.283684,3276800,0.049051,33.326564,33.375615,0,10,1,1,8,32,81920,81920,204800,409600,4,2,2.000000,0,0
ELL OMP,O2,608044121.072243,608.044121,0.608044,6553600,0.039625,33.481717,33.521341,0,10,1,1,16,32,81920,81920,204800,409600,4,2,2.000000,0,0
ELL OMP,O2,1109017311.801417,1109.017312,1.109017,26214400,0.037965,33.421682,33.459647,0,10,1,1,64,32,81920,81920,204800,409600,4,2,2.000000,0,0
ELL OMP,O2,2296299751.947383,2296.299752,2.296300,52428800,0.042847,33.417470,33.460317,0,10,1,1,128,32,81920,81920,204800,409600,4,2,2.000000,0,0
ELL OMP,O2,3837870772.712007,3837.870773,3.837871,104857600,0.045133,33.492904,33.538037,0,10,1,1,256,32,81920,81920,204800,409600,4,2,2.000000,0,0
ELL OMP,O2,3421319218.469162,3421.319218,3.421319,209715200,0.089601,33.592662,33.682263,0,10,1,1,512,32,81920,81920,204800,409600,4,2,2.000000,0,0
ELL OMP,O2,4675484212.996218,4675.484213,4.675484,421068800,0.139132,33.627326,33.766458,0,10,1,1,1028,32,81920,81920,204800,409600,4,2,2.000000,0,0
