Name,-O,FLOPS,MFLOPS,GFLOPS,FOP Count,Avg Run Time (s),Format Time (s),Total Time (s),Verification,Iters,Block Row,Block Col,K-Bound,Threads,Rows,Cols,NNZ,NNZ*2,Max Cols,Avg Cols,Col Ratio,Variance,Std Deviation
COO OMP,O2,44334113.932458,44.334114,0.044334,409600,0.018509,7.745194,7.763703,0,10,1,1,16,8,81920,81920,204800,409600,4,2,2.000000,0,0
COO OMP,O2,29113010.834439,29.113011,0.029113,409600,0.021132,7.788465,7.809597,0,10,1,1,64,8,81920,81920,204800,409600,4,2,2.000000,0,0
COO OMP,O2,25000407.728013,25.000408,0.025000,409600,0.022732,7.795725,7.818457,0,10,1,1,128,8,81920,81920,204800,409600,4,2,2.000000,0,0
COO OMP,O2,30947624.148344,30.947624,0.030948,409600,0.021224,7.816308,7.837532,0,10,1,1,16,16,81920,81920,204800,409600,4,2,2.000000,0,0
COO OMP,O2,27093501.554080,27.093502,0.027094,409600,0.021464,7.928676,7.950140,0,10,1,1,64,16,81920,81920,204800,409600,4,2,2.000000,0,0
COO OMP,O2,19007361.929905,19.007362,0.019007,409600,0.026224,7.886591,7.912815,0,10,1,1,128,16,81920,81920,204800,409600,4,2,2.000000,0,0
COO OMP,O2,47091440.911285,47.091441,0.047091,409600,0.015785,7.910327,7.926112,0,10,1,1,16,32,81920,81920,204800,409600,4,2,2.000000,0,0
COO OMP,O2,35784392.807422,35.784393,0.035784,409600,0.017823,7.859272,7.877095,0,10,1,1,64,32,81920,81920,204800,409600,4,2,2.000000,0,0
COO OMP,O2,28023424.076542,28.023424,0.028023,409600,0.019760,7.908570,7.928330,0,10,1,1,128,32,81920,81920,204800,409600,4,2,2.000000,0,0
