Name,-O,FLOPS,MFLOPS,GFLOPS,FOP Count,Avg Run Time (s),Format Time (s),Total Time (s),Verification,Iters,Block Row,Block Col,K-Bound,Threads,Rows,Cols,NNZ,NNZ*2,Max Cols,Avg Cols,Col Ratio,Variance,Std Deviation
CSR Serial Transpose,O2,11070.798658,0.011071,0.000011,409600,36.998262,7.933458,44.931720,0,10,1,1,16,-1,81920,81920,204800,409600,4,2,2.000000,0,0
CSR Serial Transpose,O2,10964.563813,0.010965,0.000011,409600,37.356710,7.996898,45.353608,0,10,1,1,64,-1,81920,81920,204800,409600,4,2,2.000000,0,0
CSR Serial Transpose,O2,11018.361759,0.011018,0.000011,409600,37.174321,7.943794,45.118115,0,10,1,1,128,-1,81920,81920,204800,409600,4,2,2.000000,0,0
