Name,-O,FLOPS,MFLOPS,GFLOPS,FOP Count,Avg Run Time (s),Format Time (s),Total Time (s),Verification,Iters,Block Row,Block Col,K-Bound,Threads,Rows,Cols,NNZ,NNZ*2,Max Cols,Avg Cols,Col Ratio,Variance,Std Deviation
BCSR OMP,O2,inf,inf,inf,136264000,0.000000,84.708701,84.708701,929264,10,4,4,8,32,116158,116158,8516500,17033000,3263,73,44.000000,176054,419
BCSR OMP,O2,1154753294.607023,1154.753295,1.154753,272528000,0.320928,83.172625,83.493553,1447056,10,4,4,16,32,116158,116158,8516500,17033000,3263,73,44.000000,176054,419
BCSR OMP,O2,5064778706.877794,5064.778707,5.064779,1090112000,0.261274,85.106146,85.367420,5788224,10,4,4,64,32,116158,116158,8516500,17033000,3263,73,44.000000,176054,419
BCSR OMP,O2,7350278638.242670,7350.278638,7.350279,2180224000,0.340500,84.753345,85.093845,11576448,10,4,4,128,32,116158,116158,8516500,17033000,3263,73,44.000000,176054,419
BCSR OMP,O2,inf,inf,inf,4360448000,0.000000,85.142236,85.142236,29736448,10,4,4,256,32,116158,116158,8516500,17033000,3263,73,44.000000,176054,419
BCSR OMP,O2,inf,inf,inf,8720896000,0.000000,84.964216,84.964216,59472896,10,4,4,512,32,116158,116158,8516500,17033000,3263,73,44.000000,176054,419
BCSR OMP,O2,inf,inf,inf,17509924000,0.000000,84.401313,84.401313,119410424,10,4,4,1028,32,116158,116158,8516500,17033000,3263,73,44.000000,176054,419
