Name,-O,FLOPS,MFLOPS,GFLOPS,FOP Count,Avg Run Time (s),Format Time (s),Total Time (s),Verification,Iters,Block Row,Block Col,K-Bound,Threads,Rows,Cols,NNZ,NNZ*2,Max Cols,Avg Cols,Col Ratio,Variance,Std Deviation
COO OMP,O2,223773758.337753,223.773758,0.223774,17033000,0.076479,18.470350,18.546829,0,10,1,1,16,8,116158,116158,8516500,17033000,3263,73,44.000000,176054,419
COO OMP,O2,109030501.369360,109.030501,0.109031,17033000,0.156751,18.435681,18.592432,0,10,1,1,64,8,116158,116158,8516500,17033000,3263,73,44.000000,176054,419
COO OMP,O2,74029330.980056,74.029331,0.074029,17033000,0.231098,18.471465,18.702563,0,10,1,1,128,8,116158,116158,8516500,17033000,3263,73,44.000000,176054,419
COO OMP,O2,318217403.237689,318.217403,0.318217,17033000,0.054158,18.483952,18.538110,0,10,1,1,16,16,116158,116158,8516500,17033000,3263,73,44.000000,176054,419
COO OMP,O2,154451871.936342,154.451872,0.154452,17033000,0.110484,18.411333,18.521817,0,10,1,1,64,16,116158,116158,8516500,17033000,3263,73,44.000000,176054,419
COO OMP,O2,116237126.575148,116.237127,0.116237,17033000,0.146776,18.479184,18.625961,0,10,1,1,128,16,116158,116158,8516500,17033000,3263,73,44.000000,176054,419
COO OMP,O2,415174195.830770,415.174196,0.415174,17033000,0.042623,18.458809,18.501432,0,10,1,1,16,32,116158,116158,8516500,17033000,3263,73,44.000000,176054,419
COO OMP,O2,195674229.304659,195.674229,0.195674,17033000,0.087915,18.434389,18.522304,0,10,1,1,64,32,116158,116158,8516500,17033000,3263,73,44.000000,176054,419
COO OMP,O2,150159984.762475,150.159985,0.150160,17033000,0.114040,18.438866,18.552906,0,10,1,1,128,32,116158,116158,8516500,17033000,3263,73,44.000000,176054,419
