Name,-O,FLOPS,MFLOPS,GFLOPS,FOP Count,Avg Run Time (s),Format Time (s),Total Time (s),Verification,Iters,Block Row,Block Col,K-Bound,Threads,Rows,Cols,NNZ,NNZ*2,Max Cols,Avg Cols,Col Ratio,Variance,Std Deviation
COO OMP,O2,inf,inf,inf,136264000,0.000000,18.547109,18.547109,929264,10,1,1,8,32,116158,116158,8516500,17033000,3263,73,44.000000,176054,419
COO OMP,O2,5638836626.954142,5638.836627,5.638837,272528000,0.050004,18.824781,18.874785,0,10,1,1,16,32,116158,116158,8516500,17033000,3263,73,44.000000,176054,419
COO OMP,O2,13397274682.990952,13397.274683,13.397275,1090112000,0.082265,18.901642,18.983907,0,10,1,1,64,32,116158,116158,8516500,17033000,3263,73,44.000000,176054,419
COO OMP,O2,18389537787.292175,18389.537787,18.389538,2180224000,0.119105,18.913484,19.032589,0,10,1,1,128,32,116158,116158,8516500,17033000,3263,73,44.000000,176054,419
COO OMP,O2,inf,inf,inf,4360448000,0.000000,18.996048,18.996048,29736448,10,1,1,256,32,116158,116158,8516500,17033000,3263,73,44.000000,176054,419
COO OMP,O2,inf,inf,inf,8720896000,0.000000,18.526617,18.526617,59472896,10,1,1,512,32,116158,116158,8516500,17033000,3263,73,44.000000,176054,419
COO OMP,O2,inf,inf,inf,17509924000,0.000000,19.049924,19.049924,119410424,10,1,1,1028,32,116158,116158,8516500,17033000,3263,73,44.000000,176054,419
