Name,-O,FLOPS,MFLOPS,GFLOPS,FOP Count,Avg Run Time (s),Format Time (s),Total Time (s),Verification,Iters,Block Row,Block Col,K-Bound,Threads,Rows,Cols,NNZ,NNZ*2,Max Cols,Avg Cols,Col Ratio,Variance,Std Deviation
CSR OMP Transpose,O2,224769.717142,0.224770,0.000225,17033000,75.779853,19.046628,94.826481,0,10,1,1,16,8,116158,116158,8516500,17033000,3263,73,44.000000,176054,419
CSR OMP Transpose,O2,231259.453590,0.231259,0.000231,17033000,73.661769,19.140671,92.802440,0,10,1,1,64,8,116158,116158,8516500,17033000,3263,73,44.000000,176054,419
CSR OMP Transpose,O2,230522.290151,0.230522,0.000231,17033000,73.895441,19.060460,92.955901,0,10,1,1,128,8,116158,116158,8516500,17033000,3263,73,44.000000,176054,419
CSR OMP Transpose,O2,232384.628233,0.232385,0.000232,17033000,73.305134,19.135010,92.440144,0,10,1,1,16,16,116158,116158,8516500,17033000,3263,73,44.000000,176054,419
CSR OMP Transpose,O2,231481.988651,0.231482,0.000231,17033000,73.591798,19.153635,92.745433,0,10,1,1,64,16,116158,116158,8516500,17033000,3263,73,44.000000,176054,419
CSR OMP Transpose,O2,231981.258695,0.231981,0.000232,17033000,73.433798,18.769303,92.203101,0,10,1,1,128,16,116158,116158,8516500,17033000,3263,73,44.000000,176054,419
CSR OMP Transpose,O2,230920.020165,0.230920,0.000231,17033000,73.769426,18.738393,92.507819,0,10,1,1,16,32,116158,116158,8516500,17033000,3263,73,44.000000,176054,419
CSR OMP Transpose,O2,232456.233066,0.232456,0.000232,17033000,73.283237,18.650982,91.934219,0,10,1,1,64,32,116158,116158,8516500,17033000,3263,73,44.000000,176054,419
CSR OMP Transpose,O2,223945.670289,0.223946,0.000224,17033000,76.058740,18.722514,94.781254,0,10,1,1,128,32,116158,116158,8516500,17033000,3263,73,44.000000,176054,419
