Name,-O,FLOPS,MFLOPS,GFLOPS,FOP Count,Avg Run Time (s),Format Time (s),Total Time (s),Verification,Iters,Block Row,Block Col,K-Bound,Threads,Rows,Cols,NNZ,NNZ*2,Max Cols,Avg Cols,Col Ratio,Variance,Std Deviation
ELL OMP,O2,inf,inf,inf,136264000,0.000000,21.930433,21.930433,929264,10,1,1,8,32,116158,116158,8516500,17033000,3263,73,44.000000,176054,419
ELL OMP,O2,1258319924.992529,1258.319925,1.258320,272528000,0.216781,21.703186,21.919967,0,10,1,1,16,32,116158,116158,8516500,17033000,3263,73,44.000000,176054,419
ELL OMP,O2,1770952875.920008,1770.952876,1.770953,1090112000,0.619133,21.685844,22.304977,0,10,1,1,64,32,116158,116158,8516500,17033000,3263,73,44.000000,176054,419
ELL OMP,O2,2565014000.419875,2565.014000,2.565014,2180224000,0.863710,21.711538,22.575248,0,10,1,1,128,32,116158,116158,8516500,17033000,3263,73,44.000000,176054,419
ELL OMP,O2,inf,inf,inf,4360448000,0.000000,21.675137,21.675137,29736448,10,1,1,256,32,116158,116158,8516500,17033000,3263,73,44.000000,176054,419
ELL OMP,O2,inf,inf,inf,8720896000,0.000000,21.679311,21.679311,59472896,10,1,1,512,32,116158,116158,8516500,17033000,3263,73,44.000000,176054,419
ELL OMP,O2,inf,inf,inf,17509924000,0.000000,21.600032,21.600032,119410424,10,1,1,1028,32,116158,116158,8516500,17033000,3263,73,44.000000,176054,419
