Name,-O,FLOPS,MFLOPS,GFLOPS,FOP Count,Avg Run Time (s),Format Time (s),Total Time (s),Verification,Iters,Block Row,Block Col,K-Bound,Threads,Rows,Cols,NNZ,NNZ*2,Max Cols,Avg Cols,Col Ratio,Variance,Std Deviation
CSR OMP Transpose,O2,5494194839.317015,5494.194839,5.494195,2180224000,0.401142,82.792138,83.193280,0,10,1,1,128,8,116158,116158,8516500,17033000,3263,73,44.000000,176054,419
CSR OMP Transpose,O2,10453905688.807148,10453.905689,10.453906,2180224000,0.219072,82.731995,82.951066,0,10,1,1,128,16,116158,116158,8516500,17033000,3263,73,44.000000,176054,419
CSR OMP Transpose,O2,9553504855.337452,9553.504855,9.553505,2180224000,0.237890,82.994957,83.232847,0,10,1,1,128,32,116158,116158,8516500,17033000,3263,73,44.000000,176054,419
