Name,-O,FLOPS,MFLOPS,GFLOPS,FOP Count,Avg Run Time (s),Format Time (s),Total Time (s),Verification,Iters,Block Row,Block Col,K-Bound,Threads,Rows,Cols,NNZ,NNZ*2,Max Cols,Avg Cols,Col Ratio,Variance,Std Deviation
ELL THREADS,O2,82693422.422450,82.693422,0.082693,17033000,0.213412,82.923399,83.136811,0,5,1,1,16,72,116158,116158,8516500,17033000,3263,73,44.000000,176054,419
ELL THREADS,O2,55950481.222984,55.950481,0.055950,17033000,0.304530,82.539487,82.844017,0,5,1,1,64,72,116158,116158,8516500,17033000,3263,73,44.000000,176054,419
ELL THREADS,O2,32302419.629525,32.302420,0.032302,17033000,0.535021,82.722296,83.257317,0,5,1,1,128,72,116158,116158,8516500,17033000,3263,73,44.000000,176054,419
