Name,-O,FLOPS,MFLOPS,GFLOPS,FOP Count,Avg Run Time (s),Format Time (s),Total Time (s),Verification,Iters,Block Row,Block Col,K-Bound,Threads,Rows,Cols,NNZ,NNZ*2,Max Cols,Avg Cols,Col Ratio,Variance,Std Deviation
COO OMP Transpose,O2,3721324.508624,3.721325,0.003721,17033000,4.577238,18.772977,23.350215,0,10,1,1,16,8,116158,116158,8516500,17033000,3263,73,44.000000,176054,419
COO OMP Transpose,O2,3639671.990545,3.639672,0.003640,17033000,4.680133,19.138817,23.818950,0,10,1,1,64,8,116158,116158,8516500,17033000,3263,73,44.000000,176054,419
COO OMP Transpose,O2,3603787.889039,3.603788,0.003604,17033000,4.726643,19.332402,24.059045,0,10,1,1,128,8,116158,116158,8516500,17033000,3263,73,44.000000,176054,419
COO OMP Transpose,O2,3683029.439935,3.683029,0.003683,17033000,4.624863,19.216886,23.841749,0,10,1,1,16,16,116158,116158,8516500,17033000,3263,73,44.000000,176054,419
COO OMP Transpose,O2,3624615.003964,3.624615,0.003625,17033000,4.699582,19.260292,23.959874,0,10,1,1,64,16,116158,116158,8516500,17033000,3263,73,44.000000,176054,419
COO OMP Transpose,O2,3601086.617915,3.601087,0.003601,17033000,4.730287,18.903604,23.633891,0,10,1,1,128,16,116158,116158,8516500,17033000,3263,73,44.000000,176054,419
COO OMP Transpose,O2,3681773.555873,3.681774,0.003682,17033000,4.626390,19.238188,23.864578,0,10,1,1,16,32,116158,116158,8516500,17033000,3263,73,44.000000,176054,419
COO OMP Transpose,O2,3607084.141878,3.607084,0.003607,17033000,4.722564,18.675768,23.398332,0,10,1,1,64,32,116158,116158,8516500,17033000,3263,73,44.000000,176054,419
COO OMP Transpose,O2,3589512.050878,3.589512,0.003590,17033000,4.748679,19.270304,24.018983,0,10,1,1,128,32,116158,116158,8516500,17033000,3263,73,44.000000,176054,419
