Name,-O,FLOPS,MFLOPS,GFLOPS,FOP Count,Avg Run Time (s),Format Time (s),Total Time (s),Verification,Iters,Block Row,Block Col,K-Bound,Threads,Rows,Cols,NNZ,NNZ*2,Max Cols,Avg Cols,Col Ratio,Variance,Std Deviation
COO THREADS,O2,1043378501.484995,1043.378501,1.043379,17033000,0.019441,76.809921,76.829362,0,5,1,1,16,48,116158,116158,8516500,17033000,3263,73,44.000000,176054,419
COO THREADS,O2,859203896.732238,859.203897,0.859204,17033000,0.020251,75.961503,75.981754,0,5,1,1,64,48,116158,116158,8516500,17033000,3263,73,44.000000,176054,419
COO THREADS,O2,722716557.168063,722.716557,0.722717,17033000,0.024341,76.953746,76.978087,0,5,1,1,128,72,116158,116158,8516500,17033000,3263,73,44.000000,176054,419
