Name,-O,FLOPS,MFLOPS,GFLOPS,FOP Count,Avg Run Time (s),Format Time (s),Total Time (s),Verification,Iters,Block Row,Block Col,K-Bound,Threads,Rows,Cols,NNZ,NNZ*2,Max Cols,Avg Cols,Col Ratio,Variance,Std Deviation
CSR OMP,O2,11207917343.396122,11207.917343,11.207917,136264000,0.021897,80.921992,80.943889,0,10,1,1,8,32,116158,116158,8516500,17033000,3263,73,44.000000,176054,419
CSR OMP,O2,17090321117.357351,17090.321117,17.090321,272528000,0.016487,81.341813,81.358300,0,10,1,1,16,32,116158,116158,8516500,17033000,3263,73,44.000000,176054,419
CSR OMP,O2,32982064256.123360,32982.064256,32.982064,1090112000,0.042184,81.287591,81.329775,0,10,1,1,64,32,116158,116158,8516500,17033000,3263,73,44.000000,176054,419
CSR OMP,O2,53836327573.435432,53836.327573,53.836328,2180224000,0.045856,81.260062,81.305918,0,10,1,1,128,32,116158,116158,8516500,17033000,3263,73,44.000000,176054,419
CSR OMP,O2,58115608769.052895,58115.608769,58.115609,4360448000,0.082125,81.153569,81.235694,0,10,1,1,256,32,116158,116158,8516500,17033000,3263,73,44.000000,176054,419
CSR OMP,O2,51294683382.768784,51294.683383,51.294683,8720896000,0.178240,81.139951,81.318191,0,10,1,1,512,32,116158,116158,8516500,17033000,3263,73,44.000000,176054,419
CSR OMP,O2,17936429251.950382,17936.429252,17.936429,17509924000,0.983471,81.183891,82.167362,0,10,1,1,1028,32,116158,116158,8516500,17033000,3263,73,44.000000,176054,419
