Name,-O,FLOPS,MFLOPS,GFLOPS,FOP Count,Avg Run Time (s),Format Time (s),Total Time (s),Verification,Iters,Block Row,Block Col,K-Bound,Threads,Rows,Cols,NNZ,NNZ*2,Max Cols,Avg Cols,Col Ratio,Variance,Std Deviation
COO OMP,O2,428454233.470804,428.454233,0.428454,17033000,0.098256,73.050203,73.148459,0,10,1,1,16,8,116158,116158,8516500,17033000,3263,73,44.000000,176054,419
COO OMP,O2,643657170.771345,643.657171,0.643657,17033000,0.057537,73.519557,73.577094,0,10,1,1,64,8,116158,116158,8516500,17033000,3263,73,44.000000,176054,419
COO OMP,O2,450383357.997989,450.383358,0.450383,17033000,0.070633,73.539110,73.609743,0,10,1,1,128,8,116158,116158,8516500,17033000,3263,73,44.000000,176054,419
COO OMP,O2,990937889.158213,990.937889,0.990938,17033000,0.027359,73.767641,73.795000,0,10,1,1,16,16,116158,116158,8516500,17033000,3263,73,44.000000,176054,419
COO OMP,O2,498327834.626738,498.327835,0.498328,17033000,0.063346,74.536118,74.599464,0,10,1,1,64,16,116158,116158,8516500,17033000,3263,73,44.000000,176054,419
COO OMP,O2,309232268.892070,309.232269,0.309232,17033000,0.125348,70.705951,70.831299,12,10,1,1,128,16,116158,116158,8516500,17033000,3263,73,44.000000,176054,419
COO OMP,O2,368493712.767003,368.493713,0.368494,17033000,0.104449,76.012890,76.117339,0,10,1,1,16,32,116158,116158,8516500,17033000,3263,73,44.000000,176054,419
COO OMP,O2,312943300.621728,312.943301,0.312943,17033000,0.115296,70.354934,70.470230,0,10,1,1,64,32,116158,116158,8516500,17033000,3263,73,44.000000,176054,419
COO OMP,O2,540872229.602776,540.872230,0.540872,17033000,0.034089,73.709734,73.743823,0,10,1,1,128,32,116158,116158,8516500,17033000,3263,73,44.000000,176054,419
