Name,-O,FLOPS,MFLOPS,GFLOPS,FOP Count,Avg Run Time (s),Format Time (s),Total Time (s),Verification,Iters,Block Row,Block Col,K-Bound,Threads,Rows,Cols,NNZ,NNZ*2,Max Cols,Avg Cols,Col Ratio,Variance,Std Deviation
CSR GPU Transpose,O2,234323.766186,0.234324,0.000234,17033000,72.711112,19.182624,91.893736,0,10,1,1,16,-1,116158,116158,8516500,17033000,3263,73,44.000000,176054,419
CSR GPU Transpose,O2,230092.798272,0.230093,0.000230,17033000,74.037295,19.314394,93.351689,0,10,1,1,64,-1,116158,116158,8516500,17033000,3263,73,44.000000,176054,419
CSR GPU Transpose,O2,230757.263629,0.230757,0.000231,17033000,73.826442,19.136716,92.963157,0,10,1,1,128,-1,116158,116158,8516500,17033000,3263,73,44.000000,176054,419
