,Name,-O,FLOPS,MFLOPS,GFLOPS,FOP Count,Avg Run Time (s),Format Time (s),Total Time (s),Verification,Iters,Block Row,Block Col,K-Bound,Threads,Rows,Cols,NNZ,NNZ*2,Max Cols,Avg Cols,Col Ratio,Variance,Std Deviation
0,BCSR Serial,O2,1890188297.654981,1890.188298,1.890188,272528000,0.144181,78.494734,78.638915,1447056,10,4,4,16,-1,116158,116158,8516500,17033000,3263,73,44.0,176054,419
1,BCSR Serial,O2,4597517485.507734,4597.517486,4.597517,1090112000,0.237329,78.58573,78.823059,5788224,10,4,4,64,-1,116158,116158,8516500,17033000,3263,73,44.0,176054,419
2,BCSR Serial,O2,5850360254.29209,5850.360254,5.85036,2180224000,0.372827,78.712892,79.085719,11576448,10,4,4,128,-1,116158,116158,8516500,17033000,3263,73,44.0,176054,419
3,BCSR Serial,O2,2120735693.524058,2120.735694,2.120736,272528000,0.128526,78.565258,78.693784,1447056,10,2,2,16,-1,116158,116158,8516500,17033000,3263,73,44.0,176054,419
4,BCSR Serial,O2,881558343.629537,881.558344,0.881558,272528000,0.309185,79.0001,79.309285,1447056,10,16,16,16,-1,116158,116158,8516500,17033000,3263,73,44.0,176054,419
5,BCSR Serial,O2,4080686527.898862,4080.686528,4.080687,1090112000,0.269957,77.794168,78.064125,5788224,10,2,2,64,-1,116158,116158,8516500,17033000,3263,73,44.0,176054,419
6,BCSR Serial,O2,2133529262.671921,2133.529263,2.133529,1090112000,0.511101,78.989219,79.50032,5788224,10,16,16,64,-1,116158,116158,8516500,17033000,3263,73,44.0,176054,419
7,BCSR Serial,O2,6603898014.760621,6603.898015,6.603898,2180224000,0.330179,78.72414,79.054319,11576448,10,2,2,128,-1,116158,116158,8516500,17033000,3263,73,44.0,176054,419
8,BCSR Serial,O2,2589229915.064784,2589.229915,2.58923,2180224000,0.84347,78.903322,79.746792,11576448,10,16,16,128,-1,116158,116158,8516500,17033000,3263,73,44.0,176054,419
