Name,-O,FLOPS,MFLOPS,GFLOPS,FOP Count,Avg Run Time (s),Format Time (s),Total Time (s),Verification,Iters,Block Row,Block Col,K-Bound,Threads,Rows,Cols,NNZ,NNZ*2,Max Cols,Avg Cols,Col Ratio,Variance,Std Deviation
ELL OMP Transpose,O2,431257084.023784,431.257084,0.431257,2180224000,5.204952,90.542927,95.747879,0,10,1,1,128,8,116158,116158,8516500,17033000,3263,73,44.000000,176054,419
ELL OMP Transpose,O2,906964124.483649,906.964124,0.906964,2180224000,2.528724,90.316601,92.845325,0,10,1,1,128,16,116158,116158,8516500,17033000,3263,73,44.000000,176054,419
ELL OMP Transpose,O2,1370380294.686384,1370.380295,1.370380,2180224000,1.685258,90.957237,92.642495,0,10,1,1,128,32,116158,116158,8516500,17033000,3263,73,44.000000,176054,419
