Name,-O,FLOPS,MFLOPS,GFLOPS,FOP Count,Avg Run Time (s),Format Time (s),Total Time (s),Verification,Iters,Block Row,Block Col,K-Bound,Threads,Rows,Cols,NNZ,NNZ*2,Max Cols,Avg Cols,Col Ratio,Variance,Std Deviation
BCSR Serial,O2,3139928565.953075,3139.928566,3.139929,272528000,0.086803,19.795298,19.882101,1447056,10,2,2,16,-1,116158,116158,8516500,17033000,3263,73,44.000000,176054,419
BCSR Serial,O2,1497507355.338803,1497.507355,1.497507,272528000,0.181991,20.120520,20.302511,1447056,10,16,16,16,-1,116158,116158,8516500,17033000,3263,73,44.000000,176054,419
BCSR Serial,O2,4310878114.438970,4310.878114,4.310878,1090112000,0.252880,19.753977,20.006857,5788224,10,2,2,64,-1,116158,116158,8516500,17033000,3263,73,44.000000,176054,419
BCSR Serial,O2,2183385958.536601,2183.385959,2.183386,1090112000,0.499278,19.896929,20.396207,5788224,10,16,16,64,-1,116158,116158,8516500,17033000,3263,73,44.000000,176054,419
BCSR Serial,O2,5222031387.668527,5222.031388,5.222031,2180224000,0.417506,19.681974,20.099480,11576448,10,2,2,128,-1,116158,116158,8516500,17033000,3263,73,44.000000,176054,419
BCSR Serial,O2,2692577925.682548,2692.577926,2.692578,2180224000,0.809717,19.951058,20.760775,11576448,10,16,16,128,-1,116158,116158,8516500,17033000,3263,73,44.000000,176054,419
