Name,-O,FLOPS,MFLOPS,GFLOPS,FOP Count,Avg Run Time (s),Format Time (s),Total Time (s),Verification,Iters,Block Row,Block Col,K-Bound,Threads,Rows,Cols,NNZ,NNZ*2,Max Cols,Avg Cols,Col Ratio,Variance,Std Deviation
COO OMP Transpose,O2,6195863740.420324,6195.863740,6.195864,2180224000,0.351914,18.341070,18.692984,0,10,1,1,128,8,116158,116158,8516500,17033000,3263,73,44.000000,176054,419
COO OMP Transpose,O2,9420217904.414536,9420.217904,9.420218,2180224000,0.231526,19.211467,19.442993,0,10,1,1,128,16,116158,116158,8516500,17033000,3263,73,44.000000,176054,419
COO OMP Transpose,O2,13669506688.976078,13669.506689,13.669507,2180224000,0.159601,18.343945,18.503546,0,10,1,1,128,32,116158,116158,8516500,17033000,3263,73,44.000000,176054,419
