Name,-O,FLOPS,MFLOPS,GFLOPS,FOP Count,Avg Run Time (s),Format Time (s),Total Time (s),Verification,Iters,Block Row,Block Col,K-Bound,Threads,Rows,Cols,NNZ,NNZ*2,Max Cols,Avg Cols,Col Ratio,Variance,Std Deviation
ELL OMP,O2,687531444.106390,687.531444,0.687531,136264000,0.198652,92.182088,92.380740,0,10,1,1,8,32,116158,116158,8516500,17033000,3263,73,44.000000,176054,419
ELL OMP,O2,1305855872.333685,1305.855872,1.305856,272528000,0.211718,92.007255,92.218973,0,10,1,1,16,32,116158,116158,8516500,17033000,3263,73,44.000000,176054,419
ELL OMP,O2,3185001224.661510,3185.001225,3.185001,1090112000,0.344168,91.846000,92.190168,0,10,1,1,64,32,116158,116158,8516500,17033000,3263,73,44.000000,176054,419
ELL OMP,O2,4281523001.530294,4281.523002,4.281523,2180224000,0.515151,92.755143,93.270294,0,10,1,1,128,32,116158,116158,8516500,17033000,3263,73,44.000000,176054,419
ELL OMP,O2,4627495709.637030,4627.495710,4.627496,4360448000,0.947716,92.001410,92.949126,0,10,1,1,256,32,116158,116158,8516500,17033000,3263,73,44.000000,176054,419
ELL OMP,O2,4610015213.568495,4610.015214,4.610015,8720896000,1.914307,92.514967,94.429274,0,10,1,1,512,32,116158,116158,8516500,17033000,3263,73,44.000000,176054,419
ELL OMP,O2,1305578927.010428,1305.578927,1.305579,17509924000,14.342979,92.259903,106.602882,0,10,1,1,1028,32,116158,116158,8516500,17033000,3263,73,44.000000,176054,419
