Name,-O,FLOPS,MFLOPS,GFLOPS,FOP Count,Avg Run Time (s),Format Time (s),Total Time (s),Verification,Iters,Block Row,Block Col,K-Bound,Threads,Rows,Cols,NNZ,NNZ*2,Max Cols,Avg Cols,Col Ratio,Variance,Std Deviation
CSR OMP Transpose,O2,5072323897.899712,5072.323898,5.072324,2180224000,0.429874,18.820759,19.250633,0,10,1,1,128,8,116158,116158,8516500,17033000,3263,73,44.000000,176054,419
CSR OMP Transpose,O2,7692279213.275493,7692.279213,7.692279,2180224000,0.283459,18.838687,19.122146,0,10,1,1,128,16,116158,116158,8516500,17033000,3263,73,44.000000,176054,419
CSR OMP Transpose,O2,9320967699.802311,9320.967700,9.320968,2180224000,0.234004,18.877667,19.111671,0,10,1,1,128,32,116158,116158,8516500,17033000,3263,73,44.000000,176054,419
