Name,-O,FLOPS,MFLOPS,GFLOPS,FOP Count,Avg Run Time (s),Format Time (s),Total Time (s),Verification,Iters,Block Row,Block Col,K-Bound,Threads,Rows,Cols,NNZ,NNZ*2,Max Cols,Avg Cols,Col Ratio,Variance,Std Deviation
ELL OMP,O2,22437587.826592,22.437588,0.022438,17033000,0.829011,82.681184,83.510195,0,10,1,1,16,8,116158,116158,8516500,17033000,3263,73,44.000000,176054,419
ELL OMP,O2,11981100.808452,11.981101,0.011981,17033000,1.426067,82.942983,84.369050,0,10,1,1,64,8,116158,116158,8516500,17033000,3263,73,44.000000,176054,419
ELL OMP,O2,7968672.415655,7.968672,0.007969,17033000,2.140583,82.909989,85.050572,0,10,1,1,128,8,116158,116158,8516500,17033000,3263,73,44.000000,176054,419
ELL OMP,O2,49225213.359138,49.225213,0.049225,17033000,0.362663,82.721077,83.083740,0,10,1,1,16,16,116158,116158,8516500,17033000,3263,73,44.000000,176054,419
ELL OMP,O2,19805809.705032,19.805810,0.019806,17033000,0.863246,82.930584,83.793830,0,10,1,1,64,16,116158,116158,8516500,17033000,3263,73,44.000000,176054,419
ELL OMP,O2,15968974.315264,15.968974,0.015969,17033000,1.072166,82.971381,84.043547,0,10,1,1,128,16,116158,116158,8516500,17033000,3263,73,44.000000,176054,419
ELL OMP,O2,57716335.828418,57.716336,0.057716,17033000,0.346117,76.947788,77.293905,0,10,1,1,16,32,116158,116158,8516500,17033000,3263,73,44.000000,176054,419
ELL OMP,O2,35051620.682296,35.051621,0.035052,17033000,0.493193,83.125737,83.618930,0,10,1,1,64,32,116158,116158,8516500,17033000,3263,73,44.000000,176054,419
ELL OMP,O2,22727379.221504,22.727379,0.022727,17033000,0.804124,72.643279,73.447403,0,10,1,1,128,32,116158,116158,8516500,17033000,3263,73,44.000000,176054,419
