Name,-O,FLOPS,MFLOPS,GFLOPS,FOP Count,Avg Run Time (s),Format Time (s),Total Time (s),Verification,Iters,Block Row,Block Col,K-Bound,Threads,Rows,Cols,NNZ,NNZ*2,Max Cols,Avg Cols,Col Ratio,Variance,Std Deviation
ELL OMP Transpose,O2,588338307.381052,588.338307,0.588338,2180224000,3.705748,22.252970,25.958718,0,10,1,1,128,8,116158,116158,8516500,17033000,3263,73,44.000000,176054,419
ELL OMP Transpose,O2,1112285964.361089,1112.285964,1.112286,2180224000,1.960137,21.393004,23.353141,0,10,1,1,128,16,116158,116158,8516500,17033000,3263,73,44.000000,176054,419
ELL OMP Transpose,O2,1726180899.154416,1726.180899,1.726181,2180224000,1.263066,22.317732,23.580798,0,10,1,1,128,32,116158,116158,8516500,17033000,3263,73,44.000000,176054,419
