Name,-O,FLOPS,MFLOPS,GFLOPS,FOP Count,Avg Run Time (s),Format Time (s),Total Time (s),Verification,Iters,Block Row,Block Col,K-Bound,Threads,Rows,Cols,NNZ,NNZ*2,Max Cols,Avg Cols,Col Ratio,Variance,Std Deviation
COO Serial,O2,2219735768.325110,2219.735768,2.219736,272528000,0.122776,18.892822,19.015598,0,10,1,1,16,-1,116158,116158,8516500,17033000,3263,73,44.000000,176054,419
COO Serial,O2,2951884553.196356,2951.884553,2.951885,1090112000,0.369294,18.830761,19.200055,0,10,1,1,64,-1,116158,116158,8516500,17033000,3263,73,44.000000,176054,419
COO Serial,O2,2963756506.775100,2963.756507,2.963757,2180224000,0.735630,18.846399,19.582029,0,10,1,1,128,-1,116158,116158,8516500,17033000,3263,73,44.000000,176054,419
