Name,-O,FLOPS,MFLOPS,GFLOPS,FOP Count,Avg Run Time (s),Format Time (s),Total Time (s),Verification,Iters,Block Row,Block Col,K-Bound,Threads,Rows,Cols,NNZ,NNZ*2,Max Cols,Avg Cols,Col Ratio,Variance,Std Deviation
CSR OMP,O2,inf,inf,inf,136264000,0.000000,18.770373,18.770373,929264,10,1,1,8,32,116158,116158,8516500,17033000,3263,73,44.000000,176054,419
CSR OMP,O2,4766918079.341230,4766.918079,4.766918,272528000,0.060122,19.143084,19.203206,0,10,1,1,16,32,116158,116158,8516500,17033000,3263,73,44.000000,176054,419
CSR OMP,O2,9101096075.235615,9101.096075,9.101096,1090112000,0.123166,19.145761,19.268927,0,10,1,1,64,32,116158,116158,8516500,17033000,3263,73,44.000000,176054,419
CSR OMP,O2,13917452941.187435,13917.452941,13.917453,2180224000,0.158167,19.095466,19.253633,0,10,1,1,128,32,116158,116158,8516500,17033000,3263,73,44.000000,176054,419
CSR OMP,O2,inf,inf,inf,4360448000,0.000000,19.081033,19.081033,29736448,10,1,1,256,32,116158,116158,8516500,17033000,3263,73,44.000000,176054,419
CSR OMP,O2,inf,inf,inf,8720896000,0.000000,18.857990,18.857990,59472896,10,1,1,512,32,116158,116158,8516500,17033000,3263,73,44.000000,176054,419
CSR OMP,O2,inf,inf,inf,17509924000,0.000000,18.725687,18.725687,119410424,10,1,1,1028,32,116158,116158,8516500,17033000,3263,73,44.000000,176054,419
