Name,-O,FLOPS,MFLOPS,GFLOPS,FOP Count,Avg Run Time (s),Format Time (s),Total Time (s),Verification,Iters,Block Row,Block Col,K-Bound,Threads,Rows,Cols,NNZ,NNZ*2,Max Cols,Avg Cols,Col Ratio,Variance,Std Deviation
BCSR THREADS,O2,779073549.903709,779.073550,0.779074,17033000,0.022615,69.848695,69.871310,1447056,5,2,2,16,32,116158,116158,8516500,17033000,3263,73,44.000000,176054,419
BCSR THREADS,O2,898065064.428271,898.065064,0.898065,17033000,0.019001,79.912494,79.931495,1447056,5,4,4,16,32,116158,116158,8516500,17033000,3263,73,44.000000,176054,419
BCSR THREADS,O2,650662937.106770,650.662937,0.650663,17033000,0.026429,81.516874,81.543303,1447056,5,16,16,16,64,116158,116158,8516500,17033000,3263,73,44.000000,176054,419
BCSR THREADS,O2,499190777.456920,499.190777,0.499191,17033000,0.035096,81.101007,81.136103,5788224,5,2,2,64,32,116158,116158,8516500,17033000,3263,73,44.000000,176054,419
BCSR THREADS,O2,532925591.154984,532.925591,0.532926,17033000,0.032214,78.902423,78.934637,5788224,5,4,4,64,48,116158,116158,8516500,17033000,3263,73,44.000000,176054,419
BCSR THREADS,O2,421525424.638506,421.525425,0.421525,17033000,0.040412,81.936964,81.977376,5788224,5,16,16,64,48,116158,116158,8516500,17033000,3263,73,44.000000,176054,419
BCSR THREADS,O2,398820959.592534,398.820960,0.398821,17033000,0.042782,81.440542,81.483324,11576448,5,2,2,128,32,116158,116158,8516500,17033000,3263,73,44.000000,176054,419
BCSR THREADS,O2,