Name,-O,FLOPS,MFLOPS,GFLOPS,FOP Count,Avg Run Time (s),Format Time (s),Total Time (s),Verification,Iters,Block Row,Block Col,K-Bound,Threads,Rows,Cols,NNZ,NNZ*2,Max Cols,Avg Cols,Col Ratio,Variance,Std Deviation
COO GPU,O2,426010718.659626,426.010719,0.426011,17033000,0.043836,18.762540,18.806376,0,10,1,1,16,-1,116158,116158,8516500,17033000,3263,73,44.000000,176054,419
COO GPU,O2,235184867.973666,235.184868,0.235185,17033000,0.075419,18.777333,18.852753,0,10,1,1,64,-1,116158,116158,8516500,17033000,3263,73,44.000000,176054,419
COO GPU,O2,194304855.119758,194.304855,0.194305,17033000,0.091427,18.663604,18.755031,0,10,1,1,128,-1,116158,116158,8516500,17033000,3263,73,44.000000,176054,419
