Name,-O,FLOPS,MFLOPS,GFLOPS,FOP Count,Avg Run Time (s),Format Time (s),Total Time (s),Verification,Iters,Block Row,Block Col,K-Bound,Threads,Rows,Cols,NNZ,NNZ*2,Max Cols,Avg Cols,Col Ratio,Variance,Std Deviation
BCSR Serial Transpose,O2,3051412690.904272,3051.412691,3.051413,2180224000,0.714504,19.593649,20.308153,11576448,10,2,2,128,-1,116158,116158,8516500,17033000,3263,73,44.000000,176054,419
BCSR Serial Transpose,O2,2031765236.649276,2031.765237,2.031765,2180224000,1.073071,19.645010,20.718081,11576448,10,4,4,128,-1,116158,116158,8516500,17033000,3263,73,44.000000,176054,419
BCSR Serial Transpose,O2,917009934.859605,917.009935,0.917010,2180224000,2.377538,19.822877,22.200415,11576448,10,16,16,128,-1,116158,116158,8516500,17033000,3263,73,44.000000,176054,419
