Name,-O,FLOPS,MFLOPS,GFLOPS,FOP Count,Avg Run Time (s),Format Time (s),Total Time (s),Verification,Iters,Block Row,Block Col,K-Bound,Threads,Rows,Cols,NNZ,NNZ*2,Max Cols,Avg Cols,Col Ratio,Variance,Std Deviation
CSR OMP,O2,406607673.973971,406.607674,0.406608,17033000,0.042471,76.246261,76.288732,0,10,1,1,16,8,116158,116158,8516500,17033000,3263,73,44.000000,176054,419
CSR OMP,O2,281051496.184168,281.051496,0.281051,17033000,0.061285,76.106960,76.168245,0,10,1,1,64,8,116158,116158,8516500,17033000,3263,73,44.000000,176054,419
CSR OMP,O2,193284347.159969,193.284347,0.193284,17033000,0.089620,76.001563,76.091183,0,10,1,1,128,8,116158,116158,8516500,17033000,3263,73,44.000000,176054,419
CSR OMP,O2,783074508.771900,783.074509,0.783075,17033000,0.022680,76.303148,76.325828,0,10,1,1,16,16,116158,116158,8516500,17033000,3263,73,44.000000,176054,419
CSR OMP,O2,465004206.333973,465.004206,0.465004,17033000,0.037563,75.959705,75.997267,0,10,1,1,64,16,116158,116158,8516500,17033000,3263,73,44.000000,176054,419
CSR OMP,O2,314667730.675738,314.667731,0.314668,17033000,0.056452,75.681085,75.737537,0,10,1,1,128,16,116158,116158,8516500,17033000,3263,73,44.000000,176054,419
CSR OMP,O2,919577510.027963,919.577510,0.919578,17033000,0.018789,76.046348,76.065137,0,10,1,1,16,32,116158,116158,8516500,17033000,3263,73,44.000000,176054,419
CSR OMP,O2,552154188.819427,552.154189,0.552154,17033000,0.031529,76.356996,76.388525,0,10,1,1,64,32,116158,116158,8516500,17033000,3263,73,44.000000,176054,419
CSR OMP,O2,360029899.654320,360.029900,0.360030,17033000,0.056301,76.089532,76.145833,0,10,1,1,128,32,116158,116158,8516500,17033000,3263,73,44.000000,176054,419
