Name,-O,FLOPS,MFLOPS,GFLOPS,FOP Count,Avg Run Time (s),Format Time (s),Total Time (s),Verification,Iters,Block Row,Block Col,K-Bound,Threads,Rows,Cols,NNZ,NNZ*2,Max Cols,Avg Cols,Col Ratio,Variance,Std Deviation
CSR THREADS,O2,692154052.444547,692.154052,0.692154,17033000,0.026931,76.067448,76.094379,0,5,1,1,16,72,116158,116158,8516500,17033000,3263,73,44.000000,176054,419
CSR THREADS,O2,483335037.910836,483.335038,0.483335,17033000,0.036238,68.127604,68.163842,0,5,1,1,64,48,116158,116158,8516500,17033000,3263,73,44.000000,176054,419
CSR THREADS,O2,445963900.821436,445.963901,0.445964,17033000,0.038205,76.026912,76.065117,0,5,1,1,128,32,116158,116158,8516500,17033000,3263,73,44.000000,176054,419
