Name,-O,FLOPS,MFLOPS,GFLOPS,FOP Count,Avg Run Time (s),Format Time (s),Total Time (s),Verification,Iters,Block Row,Block Col,K-Bound,Threads,Rows,Cols,NNZ,NNZ*2,Max Cols,Avg Cols,Col Ratio,Variance,Std Deviation
ELL Serial,O2,6052097.732852,6.052098,0.006052,17033000,2.814398,22.547259,25.361656,0,10,1,1,16,-1,116158,116158,8516500,17033000,3263,73,44.000000,176054,419
ELL Serial,O2,2377527.588173,2.377528,0.002378,17033000,7.164166,22.318971,29.483137,0,10,1,1,64,-1,116158,116158,8516500,17033000,3263,73,44.000000,176054,419
ELL Serial,O2,1220339.464804,1.220339,0.001220,17033000,13.957593,22.225288,36.182880,0,10,1,1,128,-1,116158,116158,8516500,17033000,3263,73,44.000000,176054,419
