Name,-O,FLOPS,MFLOPS,GFLOPS,FOP Count,Avg Run Time (s),Format Time (s),Total Time (s),Verification,Iters,Block Row,Block Col,K-Bound,Threads,Rows,Cols,NNZ,NNZ*2,Max Cols,Avg Cols,Col Ratio,Variance,Std Deviation
CSR OMP,O2,3417560666.169660,3417.560666,3.417561,136264000,0.042479,18.792237,18.834716,0,10,1,1,8,32,116158,116158,8516500,17033000,3263,73,44.000000,176054,419
CSR OMP,O2,4538608236.820392,4538.608237,4.538608,272528000,0.062613,18.721281,18.783894,0,10,1,1,16,32,116158,116158,8516500,17033000,3263,73,44.000000,176054,419
CSR OMP,O2,9058549513.428865,9058.549513,9.058550,1090112000,0.122629,19.065047,19.187676,0,10,1,1,64,32,116158,116158,8516500,17033000,3263,73,44.000000,176054,419
CSR OMP,O2,15075739955.587133,15075.739956,15.075740,2180224000,0.146667,19.144265,19.290932,0,10,1,1,128,32,116158,116158,8516500,17033000,3263,73,44.000000,176054,419
CSR OMP,O2,26773319642.961739,26773.319643,26.773320,4360448000,0.164438,19.086488,19.250926,0,10,1,1,256,32,116158,116158,8516500,17033000,3263,73,44.000000,176054,419
CSR OMP,O2,42905681819.632347,42905.681820,42.905682,8720896000,0.204724,19.149731,19.354455,0,10,1,1,512,32,116158,116158,8516500,17033000,3263,73,44.000000,176054,419
CSR OMP,O2,50489878082.533798,50489.878083,50.489878,17509924000,0.346899,19.053442,19.400341,0,10,1,1,1028,32,116158,116158,8516500,17033000,3263,73,44.000000,176054,419
