Name,-O,FLOPS,MFLOPS,GFLOPS,FOP Count,Avg Run Time (s),Format Time (s),Total Time (s),Verification,Iters,Block Row,Block Col,K-Bound,Threads,Rows,Cols,NNZ,NNZ*2,Max Cols,Avg Cols,Col Ratio,Variance,Std Deviation
COO GPU Transpose,O2,3670804.170858,3.670804,0.003671,17033000,4.640261,18.624666,23.264927,0,10,1,1,16,-1,116158,116158,8516500,17033000,3263,73,44.000000,176054,419
COO GPU Transpose,O2,3639044.910907,3.639045,0.003639,17033000,4.680897,18.820107,23.501004,0,10,1,1,64,-1,116158,116158,8516500,17033000,3263,73,44.000000,176054,419
COO GPU Transpose,O2,3575556.287272,3.575556,0.003576,17033000,4.764065,18.758875,23.522940,0,10,1,1,128,-1,116158,116158,8516500,17033000,3263,73,44.000000,176054,419
