Name,-O,FLOPS,MFLOPS,GFLOPS,FOP Count,Avg Run Time (s),Format Time (s),Total Time (s),Verification,Iters,Block Row,Block Col,K-Bound,Threads,Rows,Cols,NNZ,NNZ*2,Max Cols,Avg Cols,Col Ratio,Variance,Std Deviation
COO OMP,O2,423702558.492934,423.702558,0.423703,17033000,0.043487,18.924065,18.967552,0,10,1,1,16,8,116158,116158,8516500,17033000,3263,73,44.000000,176054,419
COO OMP,O2,252678055.869305,252.678056,0.252678,17033000,0.070202,18.803817,18.874019,0,10,1,1,64,8,116158,116158,8516500,17033000,3263,73,44.000000,176054,419
COO OMP,O2,201759072.402146,201.759072,0.201759,17033000,0.087112,18.964878,19.051990,0,10,1,1,128,8,116158,116158,8516500,17033000,3263,73,44.000000,176054,419
COO OMP,O2,431275250.476620,431.275250,0.431275,17033000,0.042320,18.883194,18.925514,0,10,1,1,16,16,116158,116158,8516500,17033000,3263,73,44.000000,176054,419
COO OMP,O2,249367921.677149,249.367922,0.249368,17033000,0.071297,18.946523,19.017820,0,10,1,1,64,16,116158,116158,8516500,17033000,3263,73,44.000000,176054,419
COO OMP,O2,188428507.644887,188.428508,0.188429,17033000,0.092767,18.987681,19.080448,0,10,1,1,128,16,116158,116158,8516500,17033000,3263,73,44.000000,176054,419
COO OMP,O2,386835533.250235,386.835533,0.386836,17033000,0.048121,18.998798,19.046919,0,10,1,1,16,32,116158,116158,8516500,17033000,3263,73,44.000000,176054,419
COO OMP,O2,228804111.078862,228.804111,0.228804,17033000,0.077611,19.013330,19.090941,0,10,1,1,64,32,116158,116158,8516500,17033000,3263,73,44.000000,176054,419
COO OMP,O2,191736002.596873,191.736003,0.191736,17033000,0.091159,19.147792,19.238951,0,10,1,1,128,32,116158,116158,8516500,17033000,3263,73,44.000000,176054,419
