Name,-O,FLOPS,MFLOPS,GFLOPS,FOP Count,Avg Run Time (s),Format Time (s),Total Time (s),Verification,Iters,Block Row,Block Col,K-Bound,Threads,Rows,Cols,NNZ,NNZ*2,Max Cols,Avg Cols,Col Ratio,Variance,Std Deviation
BCSR Serial Transpose,O2,257279.404695,0.257279,0.000257,18790736,73.036330,20.099445,93.135775,1447056,10,2,2,16,-1,116158,116158,8516500,17033000,3263,73,44.000000,176054,419
BCSR Serial Transpose,O2,311594.443508,0.311594,0.000312,23166624,74.349235,20.036921,94.386156,1447056,10,4,4,16,-1,116158,116158,8516500,17033000,3263,73,44.000000,176054,419
BCSR Serial Transpose,O2,671511.077051,0.671511,0.000672,52307456,77.895185,20.371147,98.266332,1447056,10,16,16,16,-1,116158,116158,8516500,17033000,3263,73,44.000000,176054,419
BCSR Serial Transpose,O2,252491.927429,0.252492,0.000252,18790736,74.421138,20.028834,94.449973,5788224,10,2,2,64,-1,116158,116158,8516500,17033000,3263,73,44.000000,176054,419
BCSR Serial Transpose,O2,309398.416895,0.309398,0.000309,23166624,74.876354,19.868527,94.744881,5788224,10,4,4,64,-1,116158,116158,8516500,17033000,3263,73,44.000000,176054,419
BCSR Serial Transpose,O2,668374.945945,0.668375,0.000668,52307456,78.260741,20.389464,98.650205,5788224,10,16,16,64,-1,116158,116158,8516500,17033000,3263,73,44.000000,176054,419
BCSR Serial Transpose,O2,