Name,-O,FLOPS,MFLOPS,GFLOPS,FOP Count,Avg Run Time (s),Format Time (s),Total Time (s),Verification,Iters,Block Row,Block Col,K-Bound,Threads,Rows,Cols,NNZ,NNZ*2,Max Cols,Avg Cols,Col Ratio,Variance,Std Deviation
BCSR OMP,O2,747997654.645540,747.997655,0.747998,136264000,0.231733,85.968775,86.200508,723528,10,4,4,8,32,116158,116158,8516500,17033000,3263,73,44.000000,176054,419
BCSR OMP,O2,1422661626.113501,1422.661626,1.422662,272528000,0.239819,84.886195,85.126014,1447056,10,4,4,16,32,116158,116158,8516500,17033000,3263,73,44.000000,176054,419
BCSR OMP,O2,5151591682.307551,5151.591682,5.151592,1090112000,0.275368,85.320587,85.595955,5788224,10,4,4,64,32,116158,116158,8516500,17033000,3263,73,44.000000,176054,419
BCSR OMP,O2,5740029997.630743,5740.029998,5.740030,2180224000,0.395504,80.792411,81.187915,11576448,10,4,4,128,32,116158,116158,8516500,17033000,3263,73,44.000000,176054,419
BCSR OMP,O2,10039146263.934944,10039.146264,10.039146,4360448000,0.466137,85.731493,86.197630,23152896,10,4,4,256,32,116158,116158,8516500,17033000,3263,73,44.000000,176054,419
BCSR OMP,O2,12280637716.380520,12280.637716,12.280638,8720896000,0.722479,85.486514,86.208994,46305792,10,4,4,512,32,116158,116158,8516500,17033000,3263,73,44.000000,176054,419
BCSR OMP,O2,9707378755.186380,9707.378755,9.707379,17509924000,1.833160,84.760516,86.593676,92973348,10,4,4,1028,32,116158,116158,8516500,17033000,3263,73,44.000000,176054,419
