Name,-O,FLOPS,MFLOPS,GFLOPS,FOP Count,Avg Run Time (s),Format Time (s),Total Time (s),Verification,Iters,Block Row,Block Col,K-Bound,Threads,Rows,Cols,NNZ,NNZ*2,Max Cols,Avg Cols,Col Ratio,Variance,Std Deviation
CSR OMP Transpose,O2,854141.631378,0.854142,0.000854,17033000,19.958095,18.849191,38.807286,0,10,1,1,16,8,116158,116158,8516500,17033000,3263,73,44.000000,176054,419
CSR OMP Transpose,O2,852441.881211,0.852442,0.000852,17033000,19.997121,18.621110,38.618231,0,10,1,1,64,8,116158,116158,8516500,17033000,3263,73,44.000000,176054,419
CSR OMP Transpose,O2,866916.102805,0.866916,0.000867,17033000,19.653885,18.917076,38.570961,0,10,1,1,128,8,116158,116158,8516500,17033000,3263,73,44.000000,176054,419
CSR OMP Transpose,O2,1547300.429043,1.547300,0.001547,17033000,11.010011,19.014201,30.024212,0,10,1,1,16,16,116158,116158,8516500,17033000,3263,73,44.000000,176054,419
CSR OMP Transpose,O2,1541477.811835,1.541478,0.001541,17033000,11.059293,19.022076,30.081369,0,10,1,1,64,16,116158,116158,8516500,17033000,3263,73,44.000000,176054,419
CSR OMP Transpose,O2,1523379.114588,1.523379,0.001523,17033000,11.203692,18.941073,30.144764,0,10,1,1,128,16,116158,116158,8516500,17033000,3263,73,44.000000,176054,419
CSR OMP Transpose,O2,2617619.305723,2.617619,0.002618,17033000,6.508288,18.885154,25.393442,0,10,1,1,16,32,116158,116158,8516500,17033000,3263,73,44.000000,176054,419
CSR OMP Transpose,O2,2625233.158169,2.625233,0.002625,17033000,6.489262,18.913926,25.403188,0,10,1,1,64,32,116158,116158,8516500,17033000,3263,73,44.000000,176054,419
CSR OMP Transpose,O2,2530737.613842,2.530738,0.002531,17033000,6.733027,18.951347,25.684374,0,10,1,1,128,32,116158,116158,8516500,17033000,3263,73,44.000000,176054,419
