Name,-O,FLOPS,MFLOPS,GFLOPS,FOP Count,Avg Run Time (s),Format Time (s),Total Time (s),Verification,Iters,Block Row,Block Col,K-Bound,Threads,Rows,Cols,NNZ,NNZ*2,Max Cols,Avg Cols,Col Ratio,Variance,Std Deviation
ELL Serial,O2,65592760.146635,65.592760,0.065593,272528000,4.156213,84.386729,88.542942,0,10,1,1,16,-1,116158,116158,8516500,17033000,3263,73,44.000000,176054,419
ELL Serial,O2,117222159.180990,117.222159,0.117222,1090112000,9.320417,84.514801,93.835218,0,10,1,1,64,-1,116158,116158,8516500,17033000,3263,73,44.000000,176054,419
ELL Serial,O2,201582484.940130,201.582485,0.201582,2180224000,10.848907,84.656840,95.505746,0,10,1,1,128,-1,116158,116158,8516500,17033000,3263,73,44.000000,176054,419
