Name,-O,FLOPS,MFLOPS,GFLOPS,FOP Count,Avg Run Time (s),Format Time (s),Total Time (s),Verification,Iters,Block Row,Block Col,K-Bound,Threads,Rows,Cols,NNZ,NNZ*2,Max Cols,Avg Cols,Col Ratio,Variance,Std Deviation
BCSR GPU,O2,267452744.015225,267.452744,0.267453,17033000,0.067152,19.556081,19.623233,1447056,10,2,2,16,-1,116158,116158,8516500,17033000,3263,73,44.000000,176054,419
BCSR GPU,O2,285672372.913391,285.672373,0.285672,17033000,0.064635,19.687188,19.751823,1447056,10,4,4,16,-1,116158,116158,8516500,17033000,3263,73,44.000000,176054,419
BCSR GPU,O2,218051122.013796,218.051122,0.218051,17033000,0.081040,20.013991,20.095031,1447056,10,16,16,16,-1,116158,116158,8516500,17033000,3263,73,44.000000,176054,419
BCSR GPU,O2,192465524.040165,192.465524,0.192466,17033000,0.092383,19.529097,19.621480,5788224,10,2,2,64,-1,116158,116158,8516500,17033000,3263,73,44.000000,176054,419
BCSR GPU,O2,177626878.535027,177.626879,0.177627,17033000,0.099732,19.597941,19.697673,5788224,10,4,4,64,-1,116158,116158,8516500,17033000,3263,73,44.000000,176054,419
BCSR GPU,O2,167175400.837115,167.175401,0.167175,17033000,0.105053,19.962650,20.067703,5788224,10,16,16,64,-1,116158,116158,8516500,17033000,3263,73,44.000000,176054,419
BCSR GPU,O2,134710977.387629,134.710977,0.134711,17033000,0.133231,19.709506,19.842737,11576448,10,2,2,128,-1,116158,116158,8516500,17033000,3263,73,44.000000,176054,419
BCSR GPU,O2,131853357.367742,131.853357,0.131853,17033000,0.132947,19.677130,19.810077,11576448,10,4,4,128,-1,116158,116158,8516500,17033000,3263,73,44.000000,176054,419
BCSR GPU,O2,120667102.555787,120.667103,0.120667,17033000,0.142751,19.941985,20.084736,11576448,10,16,16,128,-1,116158,116158,8516500,17033000,3263,73,44.000000,176054,419
