Name,-O,FLOPS,MFLOPS,GFLOPS,FOP Count,Avg Run Time (s),Format Time (s),Total Time (s),Verification,Iters,Block Row,Block Col,K-Bound,Threads,Rows,Cols,NNZ,NNZ*2,Max Cols,Avg Cols,Col Ratio,Variance,Std Deviation
BCSR Serial,O2,1890188297.654981,1890.188298,1.890188,272528000,0.144181,78.494734,78.638915,1447056,10,4,4,16,-1,116158,116158,8516500,17033000,3263,73,44.000000,176054,419
BCSR Serial,O2,4597517485.507734,4597.517486,4.597517,1090112000,0.237329,78.585730,78.823059,5788224,10,4,4,64,-1,116158,116158,8516500,17033000,3263,73,44.000000,176054,419
BCSR Serial,O2,5850360254.292090,5850.360254,5.850360,2180224000,0.372827,78.712892,79.085719,11576448,10,4,4,128,-1,116158,116158,8516500,17033000,3263,73,44.000000,176054,419
