Name,-O,FLOPS,MFLOPS,GFLOPS,FOP Count,Avg Run Time (s),Format Time (s),Total Time (s),Verification,Iters,Block Row,Block Col,K-Bound,Threads,Rows,Cols,NNZ,NNZ*2,Max Cols,Avg Cols,Col Ratio,Variance,Std Deviation
ELL OMP,O2,516132949.211390,516.132949,0.516133,272528000,0.529158,84.747583,85.276741,0,10,1,1,16,8,116158,116158,8516500,17033000,3263,73,44.000000,176054,419
ELL OMP,O2,936163559.037912,936.163559,0.936164,1090112000,1.191599,85.019092,86.210691,0,10,1,1,64,8,116158,116158,8516500,17033000,3263,73,44.000000,176054,419
ELL OMP,O2,1367437331.283672,1367.437331,1.367437,2180224000,1.600573,84.896649,86.497222,0,10,1,1,128,8,116158,116158,8516500,17033000,3263,73,44.000000,176054,419
ELL OMP,O2,939286676.080293,939.286676,0.939287,272528000,0.301981,84.917719,85.219700,0,10,1,1,16,16,116158,116158,8516500,17033000,3263,73,44.000000,176054,419
ELL OMP,O2,1661985463.099220,1661.985463,1.661985,1090112000,0.673402,84.919098,85.592500,0,10,1,1,64,16,116158,116158,8516500,17033000,3263,73,44.000000,176054,419
ELL OMP,O2,2645772835.507020,2645.772836,2.645773,2180224000,0.831751,84.731682,85.563433,0,10,1,1,128,16,116158,116158,8516500,17033000,3263,73,44.000000,176054,419
ELL OMP,O2,945916209.832620,945.916210,0.945916,272528000,0.288929,84.608869,84.897798,0,10,1,1,16,32,116158,116158,8516500,17033000,3263,73,44.000000,176054,419
ELL OMP,O2,2883271714.062518,2883.271714,2.883272,1090112000,0.388858,83.821462,84.210320,0,10,1,1,64,32,116158,116158,8516500,17033000,3263,73,44.000000,176054,419
ELL OMP,O2,3915903742.397333,3915.903742,3.915904,2180224000,0.566077,84.644491,85.210568,0,10,1,1,128,32,116158,116158,8516500,17033000,3263,73,44.000000,176054,419
