Name,-O,FLOPS,MFLOPS,GFLOPS,FOP Count,Avg Run Time (s),Format Time (s),Total Time (s),Verification,Iters,Block Row,Block Col,K-Bound,Threads,Rows,Cols,NNZ,NNZ*2,Max Cols,Avg Cols,Col Ratio,Variance,Std Deviation
COO OMP,O2,1205848817.751776,1205.848818,1.205849,17033000,0.021515,75.385752,75.407267,0,10,1,1,16,8,116158,116158,8516500,17033000,3263,73,44.000000,176054,419
COO OMP,O2,676917555.925956,676.917556,0.676918,17033000,0.054667,76.473311,76.527978,0,10,1,1,64,8,116158,116158,8516500,17033000,3263,73,44.000000,176054,419
COO OMP,O2,485801828.035119,485.801828,0.485802,17033000,0.048594,76.925821,76.974415,0,10,1,1,128,8,116158,116158,8516500,17033000,3263,73,44.000000,176054,419
COO OMP,O2,713318659.680057,713.318660,0.713319,17033000,0.080456,76.952910,77.033366,0,10,1,1,16,16,116158,116158,8516500,17033000,3263,73,44.000000,176054,419
COO OMP,O2,828934688.287595,828.934688,0.828935,17033000,0.024251,76.138400,76.162652,0,10,1,1,64,16,116158,116158,8516500,17033000,3263,73,44.000000,176054,419
COO OMP,O2,563718142.973121,563.718143,0.563718,17033000,0.033069,76.898240,76.931309,0,10,1,1,128,16,116158,116158,8516500,17033000,3263,73,44.000000,176054,419
COO OMP,O2,735579909.844389,735.579910,0.735580,17033000,0.086466,76.613682,76.700148,0,10,1,1,16,32,116158,116158,8516500,17033000,3263,73,44.000000,176054,419
COO OMP,O2,688121528.582963,688.121529,0.688122,17033000,0.074241,76.379452,76.453693,0,10,1,1,64,32,116158,116158,8516500,17033000,3263,73,44.000000,176054,419
COO OMP,O2,404952897.573716,404.952898,0.404953,17033000,0.082390,76.705911,76.788301,0,10,1,1,128,32,116158,116158,8516500,17033000,3263,73,44.000000,176054,419
