Name,-O,FLOPS,MFLOPS,GFLOPS,FOP Count,Avg Run Time (s),Format Time (s),Total Time (s),Verification,Iters,Block Row,Block Col,K-Bound,Threads,Rows,Cols,NNZ,NNZ*2,Max Cols,Avg Cols,Col Ratio,Variance,Std Deviation
BCSR OMP Transpose,O2,9064590882.519680,9064.590883,9.064591,2180224000,0.240660,18.846507,19.087167,11576448,10,2,2,128,8,116158,116158,8516500,17033000,3263,73,44.000000,176054,419
BCSR OMP Transpose,O2,7353177271.733736,7353.177272,7.353177,2180224000,0.296662,19.798671,20.095333,11576448,10,4,4,128,8,116158,116158,8516500,17033000,3263,73,44.000000,176054,419
BCSR OMP Transpose,O2,5483956889.925055,5483.956890,5.483957,2180224000,0.397641,19.131587,19.529228,11576448,10,16,16,128,8,116158,116158,8516500,17033000,3263,73,44.000000,176054,419
BCSR OMP Transpose,O2,12401236535.800606,12401.236536,12.401237,2180224000,0.175909,19.575752,19.751661,11576448,10,2,2,128,16,116158,116158,8516500,17033000,3263,73,44.000000,176054,419
BCSR OMP Transpose,O2,10321427469.670572,10321.427470,10.321427,2180224000,0.211399,18.899426,19.110825,11576448,10,4,4,128,16,116158,116158,8516500,17033000,3263,73,44.000000,176054,419
BCSR OMP Transpose,O2,7420103823.586528,7420.103824,7.420104,2180224000,0.293863,19.933908,20.227771,11576448,10,16,16,128,16,116158,116158,8516500,17033000,3263,73,44.000000,176054,419
BCSR OMP Transpose,O2,12269711422.378809,12269.711422,12.269711,2180224000,0.177819,19.644595,19.822414,11576448,10,2,2,128,32,116158,116158,8516500,17033000,3263,73,44.000000,176054,419
BCSR OMP Transpose,O2,12149884894.460230,12149.884894,12.149885,2180224000,0.179783,18.893115,19.072898,11576448,10,4,4,128,32,116158,116158,8516500,17033000,3263,73,44.000000,176054,419
BCSR OMP Transpose,O2,10828155728.346655,10828.155728,10.828156,2180224000,0.201626,19.944858,20.146484,11576448,10,16,16,128,32,116158,116158,8516500,17033000,3263,73,44.000000,176054,419
