Name,-O,FLOPS,MFLOPS,GFLOPS,FOP Count,Avg Run Time (s),Format Time (s),Total Time (s),Verification,Iters,Block Row,Block Col,K-Bound,Threads,Rows,Cols,NNZ,NNZ*2,Max Cols,Avg Cols,Col Ratio,Variance,Std Deviation
ELL OMP,O2,909000024.492327,909.000024,0.909000,136264000,0.150404,22.081738,22.232142,0,10,1,1,8,32,116158,116158,8516500,17033000,3263,73,44.000000,176054,419
ELL OMP,O2,1233148958.356045,1233.148958,1.233149,272528000,0.221280,22.158257,22.379537,0,10,1,1,16,32,116158,116158,8516500,17033000,3263,73,44.000000,176054,419
ELL OMP,O2,1642458372.598910,1642.458373,1.642458,1090112000,0.672271,22.030833,22.703104,0,10,1,1,64,32,116158,116158,8516500,17033000,3263,73,44.000000,176054,419
ELL OMP,O2,2574731608.062530,2574.731608,2.574732,2180224000,0.853139,21.806991,22.660130,0,10,1,1,128,32,116158,116158,8516500,17033000,3263,73,44.000000,176054,419
ELL OMP,O2,3309060222.201054,3309.060222,3.309060,4360448000,1.319364,21.916181,23.235545,0,10,1,1,256,32,116158,116158,8516500,17033000,3263,73,44.000000,176054,419
ELL OMP,O2,3737042114.967109,3737.042115,3.737042,8720896000,2.334851,21.845498,24.180349,0,10,1,1,512,32,116158,116158,8516500,17033000,3263,73,44.000000,176054,419
ELL OMP,O2,3755797545.009789,3755.797545,3.755798,17509924000,4.671852,21.881374,26.553226,0,10,1,1,1028,32,116158,116158,8516500,17033000,3263,73,44.000000,176054,419
