Name,-O,FLOPS,MFLOPS,GFLOPS,FOP Count,Avg Run Time (s),Format Time (s),Total Time (s),Verification,Iters,Block Row,Block Col,K-Bound,Threads,Rows,Cols,NNZ,NNZ*2,Max Cols,Avg Cols,Col Ratio,Variance,Std Deviation
COO OMP,O2,3962099605.372266,3962.099605,3.962100,136264000,0.036451,19.017223,19.053674,0,10,1,1,8,32,116158,116158,8516500,17033000,3263,73,44.000000,176054,419
COO OMP,O2,5804216730.471502,5804.216730,5.804217,272528000,0.047895,18.864626,18.912521,0,10,1,1,16,32,116158,116158,8516500,17033000,3263,73,44.000000,176054,419
COO OMP,O2,12824985589.840382,12824.985590,12.824986,1090112000,0.085530,18.910396,18.995926,0,10,1,1,64,32,116158,116158,8516500,17033000,3263,73,44.000000,176054,419
COO OMP,O2,19785205771.496738,19785.205771,19.785206,2180224000,0.110580,18.891936,19.002516,0,10,1,1,128,32,116158,116158,8516500,17033000,3263,73,44.000000,176054,419
COO OMP,O2,29718220661.819130,29718.220662,29.718221,4360448000,0.146871,18.850053,18.996923,0,10,1,1,256,32,116158,116158,8516500,17033000,3263,73,44.000000,176054,419
COO OMP,O2,47259146532.256149,47259.146532,47.259147,8720896000,0.184760,18.870858,19.055618,0,10,1,1,512,32,116158,116158,8516500,17033000,3263,73,44.000000,176054,419
COO OMP,O2,69187449162.787140,69187.449163,69.187449,17509924000,0.253684,18.857139,19.110823,0,10,1,1,1028,32,116158,116158,8516500,17033000,3263,73,44.000000,176054,419
