Name,-O,FLOPS,MFLOPS,GFLOPS,FOP Count,Avg Run Time (s),Format Time (s),Total Time (s),Verification,Iters,Block Row,Block Col,K-Bound,Threads,Rows,Cols,NNZ,NNZ*2,Max Cols,Avg Cols,Col Ratio,Variance,Std Deviation
COO OMP Transpose,O2,9303211076.443935,9303.211076,9.303211,2180224000,0.243940,82.094523,82.338463,0,10,1,1,128,8,116158,116158,8516500,17033000,3263,73,44.000000,176054,419
COO OMP Transpose,O2,13031103030.295101,13031.103030,13.031103,2180224000,0.197194,83.332421,83.529616,0,10,1,1,128,16,116158,116158,8516500,17033000,3263,73,44.000000,176054,419
COO OMP Transpose,O2,15224014784.511112,15224.014785,15.224015,2180224000,0.166253,80.981823,81.148076,0,10,1,1,128,32,116158,116158,8516500,17033000,3263,73,44.000000,176054,419
