Name,-O,FLOPS,MFLOPS,GFLOPS,FOP Count,Avg Run Time (s),Format Time (s),Total Time (s),Verification,Iters,Block Row,Block Col,K-Bound,Threads,Rows,Cols,NNZ,NNZ*2,Max Cols,Avg Cols,Col Ratio,Variance,Std Deviation
BCSR Serial,O2,2120735693.524058,2120.735694,2.120736,272528000,0.128526,78.565258,78.693784,1447056,10,2,2,16,-1,116158,116158,8516500,17033000,3263,73,44.000000,176054,419
BCSR Serial,O2,881558343.629537,881.558344,0.881558,272528000,0.309185,79.000100,79.309285,1447056,10,16,16,16,-1,116158,116158,8516500,17033000,3263,73,44.000000,176054,419
BCSR Serial,O2,4080686527.898862,4080.686528,4.080687,1090112000,0.269957,77.794168,78.064125,5788224,10,2,2,64,-1,116158,116158,8516500,17033000,3263,73,44.000000,176054,419
BCSR Serial,O2,2133529262.671921,2133.529263,2.133529,1090112000,0.511101,78.989219,79.500320,5788224,10,16,16,64,-1,116158,116158,8516500,17033000,3263,73,44.000000,176054,419
BCSR Serial,O2,6603898014.760621,6603.898015,6.603898,2180224000,0.330179,78.724140,79.054319,11576448,10,2,2,128,-1,116158,116158,8516500,17033000,3263,73,44.000000,176054,419
BCSR Serial,O2,2589229915.064784,2589.229915,2.589230,2180224000,0.843470,78.903322,79.746792,11576448,10,16,16,128,-1,116158,116158,8516500,17033000,3263,73,44.000000,176054,419
