Name,-O,FLOPS,MFLOPS,GFLOPS,FOP Count,Avg Run Time (s),Format Time (s),Total Time (s),Verification,Iters,Block Row,Block Col,K-Bound,Threads,Rows,Cols,NNZ,NNZ*2,Max Cols,Avg Cols,Col Ratio,Variance,Std Deviation
CSR OMP,O2,214593905.110441,214.593905,0.214594,17033000,0.115682,156.003441,156.119123,0,10,1,1,16,8,116158,116158,8516500,17033000,3263,73,44.000000,176054,419
CSR OMP,O2,120053144.980321,120.053145,0.120053,17033000,0.163618,152.904132,153.067750,0,10,1,1,64,8,116158,116158,8516500,17033000,3263,73,44.000000,176054,419
CSR OMP,O2,83647749.264055,83.647749,0.083648,17033000,0.221813,159.423296,159.645109,0,10,1,1,128,8,116158,116158,8516500,17033000,3263,73,44.000000,176054,419
CSR OMP,O2,398154820.867804,398.154821,0.398155,17033000,0.075756,152.905737,152.981493,0,10,1,1,16,16,116158,116158,8516500,17033000,3263,73,44.000000,176054,419
CSR OMP,O2,220487535.772322,220.487536,0.220488,17033000,0.090424,160.083929,160.174353,0,10,1,1,64,16,116158,116158,8516500,17033000,3263,73,44.000000,176054,419
CSR OMP,O2,132828956.514753,132.828957,0.132829,17033000,0.145620,155.641034,155.786654,0,10,1,1,128,16,116158,116158,8516500,17033000,3263,73,44.000000,176054,419
CSR OMP,O2,353116219.968004,353.116220,0.353116,17033000,0.068840,151.709094,151.777934,0,10,1,1,16,32,116158,116158,8516500,17033000,3263,73,44.000000,176054,419
CSR OMP,O2,270937464.707146,270.937465,0.270937,17033000,0.073438,156.646671,156.720109,0,10,1,1,64,32,116158,116158,8516500,17033000,3263,73,44.000000,176054,419
CSR OMP,O2,182236086.285202,182.236086,0.182236,17033000,0.102833,159.488509,159.591342,0,10,1,1,128,32,116158,116158,8516500,17033000,3263,73,44.000000,176054,419
