Name,-O,FLOPS,MFLOPS,GFLOPS,FOP Count,Avg Run Time (s),Format Time (s),Total Time (s),Verification,Iters,Block Row,Block Col,K-Bound,Threads,Rows,Cols,NNZ,NNZ*2,Max Cols,Avg Cols,Col Ratio,Variance,Std Deviation
COO OMP,O2,7872926362.750003,7872.926363,7.872926,136264000,0.029888,83.184557,83.214445,0,10,1,1,8,32,116158,116158,8516500,17033000,3263,73,44.000000,176054,419
COO OMP,O2,14693668169.638784,14693.668170,14.693668,272528000,0.041174,81.216879,81.258053,0,10,1,1,16,32,116158,116158,8516500,17033000,3263,73,44.000000,176054,419
COO OMP,O2,48011667220.201698,48011.667220,48.011667,1090112000,0.030183,83.357491,83.387674,0,10,1,1,64,32,116158,116158,8516500,17033000,3263,73,44.000000,176054,419
COO OMP,O2,38389954690.239273,38389.954690,38.389955,2180224000,0.073189,83.031907,83.105096,0,10,1,1,128,32,116158,116158,8516500,17033000,3263,73,44.000000,176054,419
COO OMP,O2,58685316026.379601,58685.316026,58.685316,4360448000,0.090693,84.020737,84.111430,0,10,1,1,256,32,116158,116158,8516500,17033000,3263,73,44.000000,176054,419
COO OMP,O2,38311408780.269653,38311.408780,38.311409,8720896000,0.237127,83.439468,83.676595,0,10,1,1,512,32,116158,116158,8516500,17033000,3263,73,44.000000,176054,419
COO OMP,O2,10781834320.800964,10781.834321,10.781834,17509924000,1.637680,83.407215,85.044895,0,10,1,1,1028,32,116158,116158,8516500,17033000,3263,73,44.000000,176054,419
