Name,-O,FLOPS,MFLOPS,GFLOPS,FOP Count,Avg Run Time (s),Format Time (s),Total Time (s),Verification,Iters,Block Row,Block Col,K-Bound,Threads,Rows,Cols,NNZ,NNZ*2,Max Cols,Avg Cols,Col Ratio,Variance,Std Deviation
BCSR Serial Transpose,O2,310995.387781,0.310995,0.000311,17033000,57.202051,79.043602,136.245653,1447056,10,2,2,16,-1,116158,116158,8516500,17033000,3263,73,44.000000,176054,419
BCSR Serial Transpose,O2,286696.881138,0.286697,0.000287,17033000,61.537033,78.050526,139.587559,1447056,10,4,4,16,-1,116158,116158,8516500,17033000,3263,73,44.000000,176054,419
BCSR Serial Transpose,O2,315556.613865,0.315557,0.000316,17033000,56.093702,80.058357,136.152059,1447056,10,16,16,16,-1,116158,116158,8516500,17033000,3263,73,44.000000,176054,419
BCSR Serial Transpose,O2,308778.598934,0.308779,0.000309,17033000,58.660004,80.043918,138.703923,5788224,10,2,2,64,-1,116158,116158,8516500,17033000,3263,73,44.000000,176054,419
BCSR Serial Transpose,O2,326702.886669,0.326703,0.000327,17033000,55.040310,80.540296,135.580606,5788224,10,4,4,64,-1,116158,116158,8516500,17033000,3263,73,44.000000,176054,419
BCSR Serial Transpose,O2,311119.493133,0.311119,0.000311,17033000,56.492424,80.029990,136.522414,5788224,10,16,16,64,-1,116158,116158,8516500,17033000,3263,73,44.000000,176054,419
BCSR Serial Transpose,O2,359860.238385,0.359860,0.000360,17033000,48.159963,78.545590,126.705553,11576448,10,2,2,128,-1,116158,116158,8516500,17033000,3263,73,44.000000,176054,419
BCSR Serial Transpose,O2,299906.787963,0.299907,0.000300,17033000,59.833126,79.563647,139.396773,11576448,10,4,4,128,-1,116158,116158,8516500,17033000,3263,73,44.000000,176054,419
BCSR Serial Transpose,O2,305210.963389,0.305211,0.000305,17033000,58.309038,79.098109,137.407147,11576448,10,16,16,128,-1,116158,116158,8516500,17033000,3263,73,44.000000,176054,419
