Name,-O,FLOPS,MFLOPS,GFLOPS,FOP Count,Avg Run Time (s),Format Time (s),Total Time (s),Verification,Iters,Block Row,Block Col,K-Bound,Threads,Rows,Cols,NNZ,NNZ*2,Max Cols,Avg Cols,Col Ratio,Variance,Std Deviation
BCSR OMP Transpose,O2,12320439667.365437,12320.439667,12.320440,2180224000,0.181101,86.218795,86.399895,11576448,10,2,2,128,8,116158,116158,8516500,17033000,3263,73,44.000000,176054,419
BCSR OMP Transpose,O2,9841116717.275112,9841.116717,9.841117,2180224000,0.230156,84.975886,85.206042,11576448,10,4,4,128,8,116158,116158,8516500,17033000,3263,73,44.000000,176054,419
BCSR OMP Transpose,O2,5160165060.868916,5160.165061,5.160165,2180224000,0.432310,84.577041,85.009351,11576448,10,16,16,128,8,116158,116158,8516500,17033000,3263,73,44.000000,176054,419
BCSR OMP Transpose,O2,19605579565.078468,19605.579565,19.605580,2180224000,0.126439,84.143827,84.270266,11576448,10,2,2,128,16,116158,116158,8516500,17033000,3263,73,44.000000,176054,419
BCSR OMP Transpose,O2,16733487018.270329,16733.487018,16.733487,2180224000,0.150487,86.081038,86.231525,11576448,10,4,4,128,16,116158,116158,8516500,17033000,3263,73,44.000000,176054,419
BCSR OMP Transpose,O2,10536815484.142498,10536.815484,10.536815,2180224000,0.212519,84.945051,85.157570,11576448,10,16,16,128,16,116158,116158,8516500,17033000,3263,73,44.000000,176054,419
BCSR OMP Transpose,O2,18409798092.679737,18409.798093,18.409798,2180224000,0.121851,84.174803,84.296654,11576448,10,2,2,128,32,116158,116158,8516500,17033000,3263,73,44.000000,176054,419
BCSR OMP Transpose,O2,22050264758.163097,22050.264758,22.050265,2180224000,0.104147,85.032338,85.136485,11576448,10,4,4,128,32,116158,116158,8516500,17033000,3263,73,44.000000,176054,419
BCSR OMP Transpose,O2,10365260794.165890,10365.260794,10.365261,2180224000,0.219500,85.217265,85.436765,11576448,10,16,16,128,32,116158,116158,8516500,17033000,3263,73,44.000000,176054,419
