Name,-O,FLOPS,MFLOPS,GFLOPS,FOP Count,Avg Run Time (s),Format Time (s),Total Time (s),Verification,Iters,Block Row,Block Col,K-Bound,Threads,Rows,Cols,NNZ,NNZ*2,Max Cols,Avg Cols,Col Ratio,Variance,Std Deviation
CSR OMP,O2,501823588.741062,501.823589,0.501824,17033000,0.034835,75.798756,75.833591,0,10,1,1,16,8,116158,116158,8516500,17033000,3263,73,44.000000,176054,419
CSR OMP,O2,206989802.115233,206.989802,0.206990,17033000,0.094416,68.085610,68.180026,0,10,1,1,64,8,116158,116158,8516500,17033000,3263,73,44.000000,176054,419
CSR OMP,O2,198286557.211437,198.286557,0.198287,17033000,0.087311,76.213819,76.301130,0,10,1,1,128,8,116158,116158,8516500,17033000,3263,73,44.000000,176054,419
CSR OMP,O2,702131599.733034,702.131600,0.702132,17033000,0.029994,76.228627,76.258621,0,10,1,1,16,16,116158,116158,8516500,17033000,3263,73,44.000000,176054,419
CSR OMP,O2,447953754.883055,447.953755,0.447954,17033000,0.038926,76.020496,76.059422,0,10,1,1,64,16,116158,116158,8516500,17033000,3263,73,44.000000,176054,419
CSR OMP,O2,299053868.975982,299.053869,0.299054,17033000,0.058992,76.388711,76.447703,0,10,1,1,128,16,116158,116158,8516500,17033000,3263,73,44.000000,176054,419
CSR OMP,O2,911972901.922902,911.972902,0.911973,17033000,0.019915,76.085087,76.105002,0,10,1,1,16,32,116158,116158,8516500,17033000,3263,73,44.000000,176054,419
CSR OMP,O2,327057202.618342,327.057203,0.327057,17033000,0.078317,67.981028,68.059345,0,10,1,1,64,32,116158,116158,8516500,17033000,3263,73,44.000000,176054,419
CSR OMP,O2,413345222.625103,413.345223,0.413345,17033000,0.042661,76.241753,76.284414,0,10,1,1,128,32,116158,116158,8516500,17033000,3263,73,44.000000,176054,419
