Name,-O,FLOPS,MFLOPS,GFLOPS,FOP Count,Avg Run Time (s),Format Time (s),Total Time (s),Verification,Iters,Block Row,Block Col,K-Bound,Threads,Rows,Cols,NNZ,NNZ*2,Max Cols,Avg Cols,Col Ratio,Variance,Std Deviation
CSR Serial Transpose,O2,313118.697534,0.313119,0.000313,17033000,56.933075,76.378340,133.311415,0,10,1,1,16,-1,116158,116158,8516500,17033000,3263,73,44.000000,176054,419
CSR Serial Transpose,O2,317149.287048,0.317149,0.000317,17033000,55.462874,76.929487,132.392361,0,10,1,1,64,-1,116158,116158,8516500,17033000,3263,73,44.000000,176054,419
CSR Serial Transpose,O2,356014.191598,0.356014,0.000356,17033000,51.013602,76.289743,127.303345,0,10,1,1,128,-1,116158,116158,8516500,17033000,3263,73,44.000000,176054,419
