Name,-O,FLOPS,MFLOPS,GFLOPS,FOP Count,Avg Run Time (s),Format Time (s),Total Time (s),Verification,Iters,Block Row,Block Col,K-Bound,Threads,Rows,Cols,NNZ,NNZ*2,Max Cols,Avg Cols,Col Ratio,Variance,Std Deviation
ELL THREADS,O2,94526534.720635,94.526535,0.094527,17033000,0.184346,86.747986,86.932332,0,5,1,1,16,72,116158,116158,8516500,17033000,3263,73,44.000000,176054,419
ELL THREADS,O2,45458173.785231,45.458174,0.045458,17033000,0.377203,87.132257,87.509460,0,5,1,1,64,64,116158,116158,8516500,17033000,3263,73,44.000000,176054,419
ELL THREADS,O2,33259208.420804,33.259208,0.033259,17033000,0.513671,87.580796,88.094467,0,5,1,1,128,72,116158,116158,8516500,17033000,3263,73,44.000000,176054,419
