Name,-O,FLOPS,MFLOPS,GFLOPS,FOP Count,Avg Run Time (s),Format Time (s),Total Time (s),Verification,Iters,Block Row,Block Col,K-Bound,Threads,Rows,Cols,NNZ,NNZ*2,Max Cols,Avg Cols,Col Ratio,Variance,Std Deviation
ELL OMP,O2,inf,inf,inf,136264000,0.000000,89.362572,89.362572,929264,10,1,1,8,32,116158,116158,8516500,17033000,3263,73,44.000000,176054,419
ELL OMP,O2,1282222952.918454,1282.222953,1.282223,272528000,0.214956,91.354283,91.569239,0,10,1,1,16,32,116158,116158,8516500,17033000,3263,73,44.000000,176054,419
ELL OMP,O2,2127594332.186864,2127.594332,2.127594,1090112000,0.570510,87.028321,87.598831,0,10,1,1,64,32,116158,116158,8516500,17033000,3263,73,44.000000,176054,419
ELL OMP,O2,4355827686.360886,4355.827686,4.355828,2180224000,0.511149,87.680919,88.192068,0,10,1,1,128,32,116158,116158,8516500,17033000,3263,73,44.000000,176054,419
ELL OMP,O2,inf,inf,inf,4360448000,0.000000,87.931666,87.931666,29736448,10,1,1,256,32,116158,116158,8516500,17033000,3263,73,44.000000,176054,419
ELL OMP,O2,inf,inf,inf,8720896000,0.000000,90.067316,90.067316,59472896,10,1,1,512,32,116158,116158,8516500,17033000,3263,73,44.000000,176054,419
ELL OMP,O2,inf,inf,inf,17509924000,0.000000,89.582793,89.582793,119410424,10,1,1,1028,32,116158,116158,8516500,17033000,3263,73,44.000000,176054,419
