Name,-O,FLOPS,MFLOPS,GFLOPS,FOP Count,Avg Run Time (s),Format Time (s),Total Time (s),Verification,Iters,Block Row,Block Col,K-Bound,Threads,Rows,Cols,NNZ,NNZ*2,Max Cols,Avg Cols,Col Ratio,Variance,Std Deviation
ELL Serial,O2,3996588.605174,3.996589,0.003997,17033000,4.275765,83.356790,87.632555,0,10,1,1,16,-1,116158,116158,8516500,17033000,3263,73,44.000000,176054,419
ELL Serial,O2,1419808.072074,1.419808,0.001420,17033000,12.188797,83.843171,96.031968,0,10,1,1,64,-1,116158,116158,8516500,17033000,3263,73,44.000000,176054,419
ELL Serial,O2,948805.071305,0.948805,0.000949,17033000,17.991352,84.081795,102.073147,0,10,1,1,128,-1,116158,116158,8516500,17033000,3263,73,44.000000,176054,419
