Name,-O,FLOPS,MFLOPS,GFLOPS,FOP Count,Avg Run Time (s),Format Time (s),Total Time (s),Verification,Iters,Block Row,Block Col,K-Bound,Threads,Rows,Cols,NNZ,NNZ*2,Max Cols,Avg Cols,Col Ratio,Variance,Std Deviation
CSR OMP,O2,5505825184.602551,5505.825185,5.505825,272528000,0.084464,77.800841,77.885305,0,10,1,1,16,8,116158,116158,8516500,17033000,3263,73,44.000000,176054,419
CSR OMP,O2,18596142448.058208,18596.142448,18.596142,1090112000,0.067701,78.011886,78.079587,0,10,1,1,64,8,116158,116158,8516500,17033000,3263,73,44.000000,176054,419
CSR OMP,O2,20145331430.470894,20145.331430,20.145331,2180224000,0.125726,77.183963,77.309688,0,10,1,1,128,8,116158,116158,8516500,17033000,3263,73,44.000000,176054,419
CSR OMP,O2,12914778187.680426,12914.778188,12.914778,272528000,0.022326,68.571592,68.593918,0,10,1,1,16,16,116158,116158,8516500,17033000,3263,73,44.000000,176054,419
CSR OMP,O2,16923430553.461803,16923.430553,16.923431,1090112000,0.090100,76.829125,76.919225,0,10,1,1,64,16,116158,116158,8516500,17033000,3263,73,44.000000,176054,419
CSR OMP,O2,40438645651.686790,40438.645652,40.438646,2180224000,0.064556,77.861791,77.926347,0,10,1,1,128,16,116158,116158,8516500,17033000,3263,73,44.000000,176054,419
CSR OMP,O2,10605063961.736084,10605.063962,10.605064,272528000,0.033749,78.034745,78.068494,0,10,1,1,16,32,116158,116158,8516500,17033000,3263,73,44.000000,176054,419
CSR OMP,O2,33553147928.653637,33553.147929,33.553148,1090112000,0.041945,77.849676,77.891621,0,10,1,1,64,32,116158,116158,8516500,17033000,3263,73,44.000000,176054,419
CSR OMP,O2,52711330822.901581,52711.330823,52.711331,2180224000,0.045591,77.793071,77.838662,0,10,1,1,128,32,116158,116158,8516500,17033000,3263,73,44.000000,176054,419
