Name,-O,FLOPS,MFLOPS,GFLOPS,FOP Count,Avg Run Time (s),Format Time (s),Total Time (s),Verification,Iters,Block Row,Block Col,K-Bound,Threads,Rows,Cols,NNZ,NNZ*2,Max Cols,Avg Cols,Col Ratio,Variance,Std Deviation
CSR OMP,O2,189744480.051178,189.744480,0.189744,17033000,0.090586,19.077513,19.168099,0,10,1,1,16,8,116158,116158,8516500,17033000,3263,73,44.000000,176054,419
CSR OMP,O2,100215369.625063,100.215370,0.100215,17033000,0.171335,19.073826,19.245160,0,10,1,1,64,8,116158,116158,8516500,17033000,3263,73,44.000000,176054,419
CSR OMP,O2,71552238.999225,71.552239,0.071552,17033000,0.238764,19.101745,19.340508,0,10,1,1,128,8,116158,116158,8516500,17033000,3263,73,44.000000,176054,419
CSR OMP,O2,257648222.435619,257.648222,0.257648,17033000,0.067760,19.125026,19.192786,0,10,1,1,16,16,116158,116158,8516500,17033000,3263,73,44.000000,176054,419
CSR OMP,O2,135801628.863602,135.801629,0.135802,17033000,0.125640,19.099447,19.225087,0,10,1,1,64,16,116158,116158,8516500,17033000,3263,73,44.000000,176054,419
CSR OMP,O2,98744064.152748,98.744064,0.098744,17033000,0.173229,19.135178,19.308407,0,10,1,1,128,16,116158,116158,8516500,17033000,3263,73,44.000000,176054,419
CSR OMP,O2,296770284.497126,296.770284,0.296770,17033000,0.058941,19.038464,19.097405,0,10,1,1,16,32,116158,116158,8516500,17033000,3263,73,44.000000,176054,419
CSR OMP,O2,143062228.188202,143.062228,0.143062,17033000,0.120358,19.101968,19.222326,0,10,1,1,64,32,116158,116158,8516500,17033000,3263,73,44.000000,176054,419
CSR OMP,O2,119106352.016424,119.106352,0.119106,17033000,0.144443,19.084968,19.229411,0,10,1,1,128,32,116158,116158,8516500,17033000,3263,73,44.000000,176054,419
