Name,-O,FLOPS,MFLOPS,GFLOPS,FOP Count,Avg Run Time (s),Format Time (s),Total Time (s),Verification,Iters,Block Row,Block Col,K-Bound,Threads,Rows,Cols,NNZ,NNZ*2,Max Cols,Avg Cols,Col Ratio,Variance,Std Deviation
BCSR OMP,O2,663595071.279227,663.595071,0.663595,136264000,0.206249,19.678940,19.885189,723528,10,4,4,8,32,116158,116158,8516500,17033000,3263,73,44.000000,176054,419
BCSR OMP,O2,1303890568.815831,1303.890569,1.303891,272528000,0.209583,19.457921,19.667504,1447056,10,4,4,16,32,116158,116158,8516500,17033000,3263,73,44.000000,176054,419
BCSR OMP,O2,4204111251.336066,4204.111251,4.204111,1090112000,0.259691,19.402729,19.662420,5788224,10,4,4,64,32,116158,116158,8516500,17033000,3263,73,44.000000,176054,419
BCSR OMP,O2,7705646697.553621,7705.646698,7.705647,2180224000,0.283563,19.469907,19.753470,11576448,10,4,4,128,32,116158,116158,8516500,17033000,3263,73,44.000000,176054,419
BCSR OMP,O2,10265393150.065220,10265.393150,10.265393,4360448000,0.424849,19.419958,19.844807,23152896,10,4,4,256,32,116158,116158,8516500,17033000,3263,73,44.000000,176054,419
BCSR OMP,O2,12339541419.674942,12339.541420,12.339541,8720896000,0.706839,20.261401,20.968240,46305792,10,4,4,512,32,116158,116158,8516500,17033000,3263,73,44.000000,176054,419
BCSR OMP,O2,16108616993.867365,16108.616994,16.108617,17509924000,1.087039,19.434572,20.521611,92973348,10,4,4,1028,32,116158,116158,8516500,17033000,3263,73,44.000000,176054,419
