Name,-O,FLOPS,MFLOPS,GFLOPS,FOP Count,Avg Run Time (s),Format Time (s),Total Time (s),Verification,Iters,Block Row,Block Col,K-Bound,Threads,Rows,Cols,NNZ,NNZ*2,Max Cols,Avg Cols,Col Ratio,Variance,Std Deviation
COO Serial,O2,122190250.506162,122.190251,0.122190,17033000,0.144406,74.849311,74.993717,0,10,1,1,16,-1,116158,116158,8516500,17033000,3263,73,44.000000,176054,419
COO Serial,O2,50991388.631253,50.991389,0.050991,17033000,0.334049,73.584790,73.918839,0,10,1,1,64,-1,116158,116158,8516500,17033000,3263,73,44.000000,176054,419
COO Serial,O2,29502024.973304,29.502025,0.029502,17033000,0.577816,73.000486,73.578302,0,10,1,1,128,-1,116158,116158,8516500,17033000,3263,73,44.000000,176054,419
