Name,-O,FLOPS,MFLOPS,GFLOPS,FOP Count,Avg Run Time (s),Format Time (s),Total Time (s),Verification,Iters,Block Row,Block Col,K-Bound,Threads,Rows,Cols,NNZ,NNZ*2,Max Cols,Avg Cols,Col Ratio,Variance,Std Deviation
BCSR OMP,O2,inf,inf,inf,136264000,0.000000,20.069890,20.069890,929264,10,4,4,8,32,116158,116158,8516500,17033000,3263,73,44.000000,176054,419
BCSR OMP,O2,1308946344.624563,1308.946345,1.308946,272528000,0.208878,19.243203,19.452081,1447056,10,4,4,16,32,116158,116158,8516500,17033000,3263,73,44.000000,176054,419
BCSR OMP,O2,4086592262.186959,4086.592262,4.086592,1090112000,0.267173,19.229569,19.496742,5788224,10,4,4,64,32,116158,116158,8516500,17033000,3263,73,44.000000,176054,419
BCSR OMP,O2,7547581751.498041,7547.581751,7.547582,2180224000,0.289713,19.261838,19.551551,11576448,10,4,4,128,32,116158,116158,8516500,17033000,3263,73,44.000000,176054,419
BCSR OMP,O2,inf,inf,inf,4360448000,0.000000,19.266660,19.266660,29736448,10,4,4,256,32,116158,116158,8516500,17033000,3263,73,44.000000,176054,419
BCSR OMP,O2,inf,inf,inf,8720896000,0.000000,19.745643,19.745643,59472896,10,4,4,512,32,116158,116158,8516500,17033000,3263,73,44.000000,176054,419
BCSR OMP,O2,inf,inf,inf,17509924000,0.000000,19.218524,19.218524,119410424,10,4,4,1028,32,116158,116158,8516500,17033000,3263,73,44.000000,176054,419
