Name,-O,FLOPS,MFLOPS,GFLOPS,FOP Count,Avg Run Time (s),Format Time (s),Total Time (s),Verification,Iters,Block Row,Block Col,K-Bound,Threads,Rows,Cols,NNZ,NNZ*2,Max Cols,Avg Cols,Col Ratio,Variance,Std Deviation
BCSR OMP,O2,2730366908.786893,2730.366909,2.730367,272528000,0.125131,78.974380,79.099511,1447056,10,4,4,16,8,116158,116158,8516500,17033000,3263,73,44.000000,176054,419
BCSR OMP,O2,7371818065.787241,7371.818066,7.371818,1090112000,0.163775,79.218207,79.381982,5788224,10,4,4,64,8,116158,116158,8516500,17033000,3263,73,44.000000,176054,419
BCSR OMP,O2,10937132186.220753,10937.132186,10.937132,2180224000,0.216374,79.220438,79.436812,11576448,10,4,4,128,8,116158,116158,8516500,17033000,3263,73,44.000000,176054,419
BCSR OMP,O2,2053040076.842896,2053.040077,2.053040,272528000,0.163303,79.407364,79.570667,1447056,10,4,4,16,16,116158,116158,8516500,17033000,3263,73,44.000000,176054,419
BCSR OMP,O2,5992762798.495555,5992.762798,5.992763,1090112000,0.213351,79.246084,79.459435,5788224,10,4,4,64,16,116158,116158,8516500,17033000,3263,73,44.000000,176054,419
BCSR OMP,O2,8465260441.826634,8465.260442,8.465260,2180224000,0.277439,79.300563,79.578002,11576448,10,4,4,128,16,116158,116158,8516500,17033000,3263,73,44.000000,176054,419
BCSR OMP,O2,1495094504.346734,1495.094504,1.495095,272528000,0.263906,79.164808,79.428714,1447056,10,4,4,16,32,116158,116158,8516500,17033000,3263,73,44.000000,176054,419
BCSR OMP,O2,3719854954.656456,3719.854955,3.719855,1090112000,0.338655,78.622310,78.960965,5788224,10,4,4,64,32,116158,116158,8516500,17033000,3263,73,44.000000,176054,419
BCSR OMP,O2,7634302714.363329,7634.302714,7.634303,2180224000,0.324528,78.832415,79.156943,11576448,10,4,4,128,32,116158,116158,8516500,17033000,3263,73,44.000000,176054,419
