Name,-O,FLOPS,MFLOPS,GFLOPS,FOP Count,Avg Run Time (s),Format Time (s),Total Time (s),Verification,Iters,Block Row,Block Col,K-Bound,Threads,Rows,Cols,NNZ,NNZ*2,Max Cols,Avg Cols,Col Ratio,Variance,Std Deviation
COO OMP,O2,7072518624.913068,7072.518625,7.072519,272528000,0.046203,75.446882,75.493085,0,10,1,1,16,8,116158,116158,8516500,17033000,3263,73,44.000000,176054,419
COO OMP,O2,23495188335.601021,23495.188336,23.495188,1090112000,0.047779,75.773888,75.821667,0,10,1,1,64,8,116158,116158,8516500,17033000,3263,73,44.000000,176054,419
COO OMP,O2,32145028539.130615,32145.028539,32.145029,2180224000,0.079956,75.771519,75.851475,0,10,1,1,128,8,116158,116158,8516500,17033000,3263,73,44.000000,176054,419
COO OMP,O2,10780610390.658678,10780.610391,10.780610,272528000,0.028084,75.899440,75.927524,0,10,1,1,16,16,116158,116158,8516500,17033000,3263,73,44.000000,176054,419
COO OMP,O2,35805401621.947670,35805.401622,35.805402,1090112000,0.032798,75.788854,75.821653,0,10,1,1,64,16,116158,116158,8516500,17033000,3263,73,44.000000,176054,419
COO OMP,O2,46889131563.054672,46889.131563,46.889132,2180224000,0.057575,75.716032,75.773607,0,10,1,1,128,16,116158,116158,8516500,17033000,3263,73,44.000000,176054,419
COO OMP,O2,14897103647.054031,14897.103647,14.897104,272528000,0.031522,75.724518,75.756040,0,10,1,1,16,32,116158,116158,8516500,17033000,3263,73,44.000000,176054,419
COO OMP,O2,48312105062.915398,48312.105063,48.312105,1090112000,0.028481,75.726114,75.754595,0,10,1,1,64,32,116158,116158,8516500,17033000,3263,73,44.000000,176054,419
COO OMP,O2,36437125013.540512,36437.125014,36.437125,2180224000,0.100509,75.780308,75.880817,0,10,1,1,128,32,116158,116158,8516500,17033000,3263,73,44.000000,176054,419
