Name,-O,FLOPS,MFLOPS,GFLOPS,FOP Count,Avg Run Time (s),Format Time (s),Total Time (s),Verification,Iters,Block Row,Block Col,K-Bound,Threads,Rows,Cols,NNZ,NNZ*2,Max Cols,Avg Cols,Col Ratio,Variance,Std Deviation
CSR OMP,O2,inf,inf,inf,136264000,0.000000,81.596523,81.596523,929264,10,1,1,8,32,116158,116158,8516500,17033000,3263,73,44.000000,176054,419
CSR OMP,O2,8940256352.355162,8940.256352,8.940256,272528000,0.041243,83.506481,83.547724,0,10,1,1,16,32,116158,116158,8516500,17033000,3263,73,44.000000,176054,419
CSR OMP,O2,32396415770.265564,32396.415770,32.396416,1090112000,0.048508,83.392495,83.441003,0,10,1,1,64,32,116158,116158,8516500,17033000,3263,73,44.000000,176054,419
CSR OMP,O2,43129299822.130669,43129.299822,43.129300,2180224000,0.061815,82.980011,83.041826,0,10,1,1,128,32,116158,116158,8516500,17033000,3263,73,44.000000,176054,419
CSR OMP,O2,inf,inf,inf,4360448000,0.000000,83.108158,83.108158,29736448,10,1,1,256,32,116158,116158,8516500,17033000,3263,73,44.000000,176054,419
CSR OMP,O2,inf,inf,inf,8720896000,0.000000,83.379991,83.379991,59472896,10,1,1,512,32,116158,116158,8516500,17033000,3263,73,44.000000,176054,419
CSR OMP,O2,inf,inf,inf,17509924000,0.000000,83.054322,83.054322,119410424,10,1,1,1028,32,116158,116158,8516500,17033000,3263,73,44.000000,176054,419
