Name,-O,FLOPS,MFLOPS,GFLOPS,FOP Count,Avg Run Time (s),Format Time (s),Total Time (s),Verification,Iters,Block Row,Block Col,K-Bound,Threads,Rows,Cols,NNZ,NNZ*2,Max Cols,Avg Cols,Col Ratio,Variance,Std Deviation
COO OMP,O2,inf,inf,inf,136264000,0.000000,83.757845,83.757845,929264,10,1,1,8,32,116158,116158,8516500,17033000,3263,73,44.000000,176054,419
COO OMP,O2,13628168215.774740,13628.168216,13.628168,272528000,0.029149,82.995479,83.024628,0,10,1,1,16,32,116158,116158,8516500,17033000,3263,73,44.000000,176054,419
COO OMP,O2,39026057409.526520,39026.057410,39.026057,1090112000,0.045382,83.365534,83.410916,0,10,1,1,64,32,116158,116158,8516500,17033000,3263,73,44.000000,176054,419
COO OMP,O2,47338025320.872971,47338.025321,47.338025,2180224000,0.062396,83.333163,83.395559,0,10,1,1,128,32,116158,116158,8516500,17033000,3263,73,44.000000,176054,419
COO OMP,O2,inf,inf,inf,4360448000,0.000000,83.368558,83.368558,29736448,10,1,1,256,32,116158,116158,8516500,17033000,3263,73,44.000000,176054,419
COO OMP,O2,inf,inf,inf,8720896000,0.000000,83.121344,83.121344,59472896,10,1,1,512,32,116158,116158,8516500,17033000,3263,73,44.000000,176054,419
COO OMP,O2,inf,inf,inf,17509924000,0.000000,81.255312,81.255312,119410424,10,1,1,1028,32,116158,116158,8516500,17033000,3263,73,44.000000,176054,419
