Name,-O,FLOPS,MFLOPS,GFLOPS,FOP Count,Avg Run Time (s),Format Time (s),Total Time (s),Verification,Iters,Block Row,Block Col,K-Bound,Threads,Rows,Cols,NNZ,NNZ*2,Max Cols,Avg Cols,Col Ratio,Variance,Std Deviation
COO OMP,O2,678262188.746632,678.262189,0.678262,17033000,0.026141,75.739510,75.765651,0,10,1,1,16,8,116158,116158,8516500,17033000,3263,73,44.000000,176054,419
COO OMP,O2,347890112.760952,347.890113,0.347890,17033000,0.049781,75.983974,76.033755,0,10,1,1,64,8,116158,116158,8516500,17033000,3263,73,44.000000,176054,419
COO OMP,O2,238588074.810998,238.588075,0.238588,17033000,0.072843,76.361906,76.434749,0,10,1,1,128,8,116158,116158,8516500,17033000,3263,73,44.000000,176054,419
COO OMP,O2,694790664.442920,694.790664,0.694791,17033000,0.024679,76.376471,76.401150,0,10,1,1,16,16,116158,116158,8516500,17033000,3263,73,44.000000,176054,419
COO OMP,O2,468694899.295723,468.694899,0.468695,17033000,0.036719,76.148200,76.184919,0,10,1,1,64,16,116158,116158,8516500,17033000,3263,73,44.000000,176054,419
COO OMP,O2,360503342.596899,360.503343,0.360503,17033000,0.048926,76.175967,76.224893,0,10,1,1,128,16,116158,116158,8516500,17033000,3263,73,44.000000,176054,419
COO OMP,O2,573806730.754822,573.806731,0.573807,17033000,0.085160,68.559314,68.644474,0,10,1,1,16,32,116158,116158,8516500,17033000,3263,73,44.000000,176054,419
COO OMP,O2,652438500.315992,652.438500,0.652439,17033000,0.029081,75.788024,75.817105,0,10,1,1,64,32,116158,116158,8516500,17033000,3263,73,44.000000,176054,419
COO OMP,O2,567181172.989374,567.181173,0.567181,17033000,0.033295,76.394970,76.428264,0,10,1,1,128,32,116158,116158,8516500,17033000,3263,73,44.000000,176054,419
