Name,-O,FLOPS,MFLOPS,GFLOPS,FOP Count,Avg Run Time (s),Format Time (s),Total Time (s),Verification,Iters,Block Row,Block Col,K-Bound,Threads,Rows,Cols,NNZ,NNZ*2,Max Cols,Avg Cols,Col Ratio,Variance,Std Deviation
ELL OMP,O2,25236951.759747,25.236952,0.025237,17033000,0.683700,82.513527,83.197227,0,10,1,1,16,8,116158,116158,8516500,17033000,3263,73,44.000000,176054,419
ELL OMP,O2,11407241.921011,11.407242,0.011407,17033000,1.496235,83.125183,84.621418,0,10,1,1,64,8,116158,116158,8516500,17033000,3263,73,44.000000,176054,419
ELL OMP,O2,7564058.092041,7.564058,0.007564,17033000,2.253241,82.993432,85.246673,0,10,1,1,128,8,116158,116158,8516500,17033000,3263,73,44.000000,176054,419
ELL OMP,O2,30548139.784542,30.548140,0.030548,17033000,0.640886,83.352286,83.993173,0,10,1,1,16,16,116158,116158,8516500,17033000,3263,73,44.000000,176054,419
ELL OMP,O2,22421958.907731,22.421959,0.022422,17033000,0.763722,82.283370,83.047092,0,10,1,1,64,16,116158,116158,8516500,17033000,3263,73,44.000000,176054,419
ELL OMP,O2,14279654.245532,14.279654,0.014280,17033000,1.226633,82.072068,83.298701,0,10,1,1,128,16,116158,116158,8516500,17033000,3263,73,44.000000,176054,419
ELL OMP,O2,56523981.139008,56.523981,0.056524,17033000,0.316074,82.789870,83.105944,0,10,1,1,16,32,116158,116158,8516500,17033000,3263,73,44.000000,176054,419
ELL OMP,O2,29323715.952844,29.323716,0.029324,17033000,0.593990,83.626996,84.220986,0,10,1,1,64,32,116158,116158,8516500,17033000,3263,73,44.000000,176054,419
ELL OMP,O2,22078625.450191,22.078625,0.022079,17033000,0.828413,73.150023,73.978436,0,10,1,1,128,32,116158,116158,8516500,17033000,3263,73,44.000000,176054,419
