Name,-O,FLOPS,MFLOPS,GFLOPS,FOP Count,Avg Run Time (s),Format Time (s),Total Time (s),Verification,Iters,Block Row,Block Col,K-Bound,Threads,Rows,Cols,NNZ,NNZ*2,Max Cols,Avg Cols,Col Ratio,Variance,Std Deviation
ELL OMP,O2,30676028.809624,30.676029,0.030676,17033000,0.559679,22.719692,23.279371,0,10,1,1,16,8,116158,116158,8516500,17033000,3263,73,44.000000,176054,419
ELL OMP,O2,11562190.196843,11.562190,0.011562,17033000,1.500613,22.424834,23.925447,0,10,1,1,64,8,116158,116158,8516500,17033000,3263,73,44.000000,176054,419
ELL OMP,O2,7508463.326814,7.508463,0.007508,17033000,2.272311,22.358914,24.631225,0,10,1,1,128,8,116158,116158,8516500,17033000,3263,73,44.000000,176054,419
ELL OMP,O2,47842912.027250,47.842912,0.047843,17033000,0.357022,22.143216,22.500239,0,10,1,1,16,16,116158,116158,8516500,17033000,3263,73,44.000000,176054,419
ELL OMP,O2,21543346.931633,21.543347,0.021543,17033000,0.802801,22.114960,22.917761,0,10,1,1,64,16,116158,116158,8516500,17033000,3263,73,44.000000,176054,419
ELL OMP,O2,13909098.719961,13.909099,0.013909,17033000,1.226355,22.234239,23.460594,0,10,1,1,128,16,116158,116158,8516500,17033000,3263,73,44.000000,176054,419
ELL OMP,O2,75843579.479297,75.843579,0.075844,17033000,0.225185,22.018063,22.243248,0,10,1,1,16,32,116158,116158,8516500,17033000,3263,73,44.000000,176054,419
ELL OMP,O2,32119541.860980,32.119542,0.032120,17033000,0.536647,22.648041,23.184688,0,10,1,1,64,32,116158,116158,8516500,17033000,3263,73,44.000000,176054,419
ELL OMP,O2,21421972.095025,21.421972,0.021422,17033000,0.801752,22.061720,22.863472,0,10,1,1,128,32,116158,116158,8516500,17033000,3263,73,44.000000,176054,419
