Name,-O,FLOPS,MFLOPS,GFLOPS,FOP Count,Avg Run Time (s),Format Time (s),Total Time (s),Verification,Iters,Block Row,Block Col,K-Bound,Threads,Rows,Cols,NNZ,NNZ*2,Max Cols,Avg Cols,Col Ratio,Variance,Std Deviation
CSR Serial,O2,109255017.385409,109.255017,0.109255,17033000,0.166358,76.850172,77.016530,0,10,1,1,16,-1,116158,116158,8516500,17033000,3263,73,44.000000,176054,419
CSR Serial,O2,49400315.998109,49.400316,0.049400,17033000,0.350675,77.555141,77.905816,0,10,1,1,64,-1,116158,116158,8516500,17033000,3263,73,44.000000,176054,419
CSR Serial,O2,33425782.632295,33.425783,0.033426,17033000,0.514190,77.793916,78.308106,0,10,1,1,128,-1,116158,116158,8516500,17033000,3263,73,44.000000,176054,419
