Name,-O,FLOPS,MFLOPS,GFLOPS,FOP Count,Avg Run Time (s),Format Time (s),Total Time (s),Verification,Iters,Block Row,Block Col,K-Bound,Threads,Rows,Cols,NNZ,NNZ*2,Max Cols,Avg Cols,Col Ratio,Variance,Std Deviation
ELL GPU,O2,4346577841.572402,4346.577842,4.346578,758047108,0.179310,21.964751,22.144061,0,10,1,1,16,-1,116158,116158,8516500,17033000,3263,73,44.000000,176054,419
ELL GPU,O2,2435785780.030637,2435.785780,2.435786,758047108,0.314892,21.919174,22.234066,0,10,1,1,64,-1,116158,116158,8516500,17033000,3263,73,44.000000,176054,419
ELL GPU,O2,1547532372.336012,1547.532372,1.547532,758047108,0.491775,21.911014,22.402789,0,10,1,1,128,-1,116158,116158,8516500,17033000,3263,73,44.000000,176054,419
