Name,-O,FLOPS,MFLOPS,GFLOPS,FOP Count,Avg Run Time (s),Format Time (s),Total Time (s),Verification,Iters,Block Row,Block Col,K-Bound,Threads,Rows,Cols,NNZ,NNZ*2,Max Cols,Avg Cols,Col Ratio,Variance,Std Deviation
BCSR Serial,O2,193960272.046364,193.960272,0.193960,17033000,0.087822,19.415267,19.503089,1447056,10,2,2,16,-1,116158,116158,8516500,17033000,3263,73,44.000000,176054,419
BCSR Serial,O2,168642653.817138,168.642654,0.168643,17033000,0.101007,19.800358,19.901365,1447056,10,4,4,16,-1,116158,116158,8516500,17033000,3263,73,44.000000,176054,419
BCSR Serial,O2,86294062.916375,86.294063,0.086294,17033000,0.197385,19.953594,20.150979,1447056,10,16,16,16,-1,116158,116158,8516500,17033000,3263,73,44.000000,176054,419
BCSR Serial,O2,83008795.119463,83.008795,0.083009,17033000,0.205204,19.803578,20.008782,5788224,10,2,2,64,-1,116158,116158,8516500,17033000,3263,73,44.000000,176054,419
BCSR Serial,O2,70958389.154424,70.958389,0.070958,17033000,0.240060,19.751922,19.991982,5788224,10,4,4,64,-1,116158,116158,8516500,17033000,3263,73,44.000000,176054,419
BCSR Serial,O2,35346369.283729,35.346369,0.035346,17033000,0.481894,20.051618,20.533512,5788224,10,16,16,64,-1,116158,116158,8516500,17033000,3263,73,44.000000,176054,419
BCSR Serial,O2,42115790.604640,42.115791,0.042116,17033000,0.404433,19.569777,19.974210,11576448,10,2,2,128,-1,116158,116158,8516500,17033000,3263,73,44.000000,176054,419
BCSR Serial,O2,38372706.033647,38.372706,0.038373,17033000,0.443883,19.685900,20.129783,11576448,10,4,4,128,-1,116158,116158,8516500,17033000,3263,73,44.000000,176054,419
BCSR Serial,O2,19204989.160397,19.204989,0.019205,17033000,0.886906,20.113277,21.000183,11576448,10,16,16,128,-1,116158,116158,8516500,17033000,3263,73,44.000000,176054,419
