Name,-O,FLOPS,MFLOPS,GFLOPS,FOP Count,Avg Run Time (s),Format Time (s),Total Time (s),Verification,Iters,Block Row,Block Col,K-Bound,Threads,Rows,Cols,NNZ,NNZ*2,Max Cols,Avg Cols,Col Ratio,Variance,Std Deviation
ELL OMP,O2,115925167.482477,115.925167,0.115925,10276008,0.088913,16.539341,16.628254,0,10,1,1,16,8,108384,108384,5138004,10276008,204,47,4.000000,313,17
ELL OMP,O2,68192082.978382,68.192083,0.068192,10276008,0.150872,16.439881,16.590753,0,10,1,1,64,8,108384,108384,5138004,10276008,204,47,4.000000,313,17
ELL OMP,O2,49662506.965093,49.662507,0.049663,10276008,0.207056,16.461310,16.668365,0,10,1,1,128,8,108384,108384,5138004,10276008,204,47,4.000000,313,17
ELL OMP,O2,151660812.767999,151.660813,0.151661,10276008,0.068217,16.391369,16.459586,0,10,1,1,16,16,108384,108384,5138004,10276008,204,47,4.000000,313,17
ELL OMP,O2,91302077.729601,91.302078,0.091302,10276008,0.113079,16.387491,16.500570,0,10,1,1,64,16,108384,108384,5138004,10276008,204,47,4.000000,313,17
ELL OMP,O2,67940518.888294,67.940519,0.067941,10276008,0.151625,16.387459,16.539084,0,10,1,1,128,16,108384,108384,5138004,10276008,204,47,4.000000,313,17
ELL OMP,O2,192278878.497884,192.278878,0.192279,10276008,0.055413,16.385719,16.441132,0,10,1,1,16,32,108384,108384,5138004,10276008,204,47,4.000000,313,17
ELL OMP,O2,116283682.591377,116.283683,0.116284,10276008,0.089053,16.305415,16.394468,0,10,1,1,64,32,108384,108384,5138004,10276008,204,47,4.000000,313,17
ELL OMP,O2,90020180.305629,90.020180,0.090020,10276008,0.115231,16.467348,16.582579,0,10,1,1,128,32,108384,108384,5138004,10276008,204,47,4.000000,313,17
