Name,-O,FLOPS,MFLOPS,GFLOPS,FOP Count,Avg Run Time (s),Format Time (s),Total Time (s),Verification,Iters,Block Row,Block Col,K-Bound,Threads,Rows,Cols,NNZ,NNZ*2,Max Cols,Avg Cols,Col Ratio,Variance,Std Deviation
CSR OMP,O2,inf,inf,inf,82208064,0.000000,15.623129,15.623129,867071,10,1,1,8,32,108384,108384,5138004,10276008,204,47,4.000000,313,17
CSR OMP,O2,5637329352.289070,5637.329352,5.637329,164416128,0.030481,15.375616,15.406097,0,10,1,1,16,32,108384,108384,5138004,10276008,204,47,4.000000,313,17
CSR OMP,O2,14316813730.953480,14316.813731,14.316814,657664512,0.047388,15.360230,15.407618,0,10,1,1,64,32,108384,108384,5138004,10276008,204,47,4.000000,313,17
CSR OMP,O2,21998542261.945946,21998.542262,21.998542,1315329024,0.060929,15.537316,15.598245,0,10,1,1,128,32,108384,108384,5138004,10276008,204,47,4.000000,313,17
CSR OMP,O2,inf,inf,inf,2630658048,0.000000,15.385109,15.385109,27746303,10,1,1,256,32,108384,108384,5138004,10276008,204,47,4.000000,313,17
CSR OMP,O2,inf,inf,inf,5261316096,0.000000,15.525250,15.525250,55492607,10,1,1,512,32,108384,108384,5138004,10276008,204,47,4.000000,313,17
CSR OMP,O2,inf,inf,inf,10563736224,0.000000,15.358689,15.358689,111418751,10,1,1,1028,32,108384,108384,5138004,10276008,204,47,4.000000,313,17
