Name,-O,FLOPS,MFLOPS,GFLOPS,FOP Count,Avg Run Time (s),Format Time (s),Total Time (s),Verification,Iters,Block Row,Block Col,K-Bound,Threads,Rows,Cols,NNZ,NNZ*2,Max Cols,Avg Cols,Col Ratio,Variance,Std Deviation
CSR GPU Transpose,O2,160578.827029,0.160579,0.000161,10276008,64.007565,15.540119,79.547684,0,10,1,1,16,-1,108384,108384,5138004,10276008,204,47,4.000000,313,17
CSR GPU Transpose,O2,155854.668777,0.155855,0.000156,10276008,65.939929,15.641491,81.581420,0,10,1,1,64,-1,108384,108384,5138004,10276008,204,47,4.000000,313,17
CSR GPU Transpose,O2,159873.735677,0.159874,0.000160,10276008,64.313654,15.658145,79.971799,0,10,1,1,128,-1,108384,108384,5138004,10276008,204,47,4.000000,313,17
