,Name,-O,FLOPS,MFLOPS,GFLOPS,FOP Count,Avg Run Time (s),Format Time (s),Total Time (s),Verification,Iters,Block Row,Block Col,K-Bound,Threads,Rows,Cols,NNZ,NNZ*2,Max Cols,Avg Cols,Col Ratio,Variance,Std Deviation
0,BCSR Serial,O2,2456865575.769321,2456.865576,2.456866,164416128,0.066922,64.727985,64.794907,224,10,4,4,16,-1,108384,108384,5138004,10276008,204,47,4.0,313,17
1,BCSR Serial,O2,5155541915.934206,5155.541916,5.155542,657664512,0.1276,64.310573,64.438173,896,10,4,4,64,-1,108384,108384,5138004,10276008,204,47,4.0,313,17
2,BCSR Serial,O2,6283822535.108397,6283.822535,6.283823,1315329024,0.209329,64.303304,64.512633,1792,10,4,4,128,-1,108384,108384,5138004,10276008,204,47,4.0,313,17
3,BCSR Serial,O2,3155811139.086956,3155.811139,3.155811,164416128,0.052101,64.157353,64.209454,224,10,2,2,16,-1,108384,108384,5138004,10276008,204,47,4.0,313,17
4,BCSR Serial,O2,607772518.596986,607.772519,0.607773,164416128,0.270653,64.941917,65.21257,224,10,16,16,16,-1,108384,108384,5138004,10276008,204,47,4.0,313,17
5,BCSR Serial,O2,7117574078.853544,7117.574079,7.117574,657664512,0.092577,64.33575,64.428327,896,10,2,2,64,-1,108384,108384,5138004,10276008,204,47,4.0,313,17
6,BCSR Serial,O2,2150560177.772329,2150.560178,2.15056,657664512,0.305812,64.634181,64.939993,896,10,16,16,64,-1,108384,108384,5138004,10276008,204,47,4.0,313,17
7,BCSR Serial,O2,7995203195.808609,7995.203196,7.995203,1315329024,0.164533,63.91924,64.083773,1792,10,2,2,128,-1,108384,108384,5138004,10276008,204,47,4.0,313,17
8,BCSR Serial,O2,2536215408.283561,2536.215408,2.536215,1315329024,0.518631,64.608935,65.127566,1792,10,16,16,128,-1,108384,108384,5138004,10276008,204,47,4.0,313,17
