Name,-O,FLOPS,MFLOPS,GFLOPS,FOP Count,Avg Run Time (s),Format Time (s),Total Time (s),Verification,Iters,Block Row,Block Col,K-Bound,Threads,Rows,Cols,NNZ,NNZ*2,Max Cols,Avg Cols,Col Ratio,Variance,Std Deviation
BCSR Serial Transpose,O2,2405518735.531125,2405.518736,2.405519,1315329024,0.553223,68.321191,68.874414,1792,10,2,2,128,-1,108384,108384,5138004,10276008,204,47,4.000000,313,17
BCSR Serial Transpose,O2,1821650032.976593,1821.650033,1.821650,1315329024,0.723814,68.289047,69.012861,1792,10,4,4,128,-1,108384,108384,5138004,10276008,204,47,4.000000,313,17
BCSR Serial Transpose,O2,801783386.170657,801.783386,0.801783,1315329024,1.640769,69.884106,71.524875,1792,10,16,16,128,-1,108384,108384,5138004,10276008,204,47,4.000000,313,17
