Name,-O,FLOPS,MFLOPS,GFLOPS,FOP Count,Avg Run Time (s),Format Time (s),Total Time (s),Verification,Iters,Block Row,Block Col,K-Bound,Threads,Rows,Cols,NNZ,NNZ*2,Max Cols,Avg Cols,Col Ratio,Variance,Std Deviation
CSR OMP,O2,inf,inf,inf,82208064,0.000000,67.241900,67.241900,867071,10,1,1,8,32,108384,108384,5138004,10276008,204,47,4.000000,313,17
CSR OMP,O2,9367315925.098700,9367.315925,9.367316,164416128,0.037369,67.630559,67.667928,0,10,1,1,16,32,108384,108384,5138004,10276008,204,47,4.000000,313,17
CSR OMP,O2,37752570731.667526,37752.570732,37.752571,657664512,0.027086,67.184558,67.211644,0,10,1,1,64,32,108384,108384,5138004,10276008,204,47,4.000000,313,17
CSR OMP,O2,46940169856.201118,46940.169856,46.940170,1315329024,0.043887,67.575519,67.619406,0,10,1,1,128,32,108384,108384,5138004,10276008,204,47,4.000000,313,17
CSR OMP,O2,inf,inf,inf,2630658048,0.000000,67.043057,67.043057,27746303,10,1,1,256,32,108384,108384,5138004,10276008,204,47,4.000000,313,17
CSR OMP,O2,inf,inf,inf,5261316096,0.000000,67.589936,67.589936,55492607,10,1,1,512,32,108384,108384,5138004,10276008,204,47,4.000000,313,17
CSR OMP,O2,inf,inf,inf,10563736224,0.000000,67.388383,67.388383,111418751,10,1,1,1028,32,108384,108384,5138004,10276008,204,47,4.000000,313,17
