Name,-O,FLOPS,MFLOPS,GFLOPS,FOP Count,Avg Run Time (s),Format Time (s),Total Time (s),Verification,Iters,Block Row,Block Col,K-Bound,Threads,Rows,Cols,NNZ,NNZ*2,Max Cols,Avg Cols,Col Ratio,Variance,Std Deviation
CSR OMP Transpose,O2,7097026082.987079,7097.026083,7.097026,1315329024,0.185422,15.583862,15.769284,0,10,1,1,128,8,108384,108384,5138004,10276008,204,47,4.000000,313,17
CSR OMP Transpose,O2,10352013931.971569,10352.013932,10.352014,1315329024,0.127134,15.429176,15.556310,0,10,1,1,128,16,108384,108384,5138004,10276008,204,47,4.000000,313,17
CSR OMP Transpose,O2,13441233398.094074,13441.233398,13.441233,1315329024,0.097993,15.425853,15.523846,0,10,1,1,128,32,108384,108384,5138004,10276008,204,47,4.000000,313,17
