Name,-O,FLOPS,MFLOPS,GFLOPS,FOP Count,Avg Run Time (s),Format Time (s),Total Time (s),Verification,Iters,Block Row,Block Col,K-Bound,Threads,Rows,Cols,NNZ,NNZ*2,Max Cols,Avg Cols,Col Ratio,Variance,Std Deviation
ELL OMP,O2,inf,inf,inf,82208064,0.000000,16.066523,16.066523,867071,10,1,1,8,32,108384,108384,5138004,10276008,204,47,4.000000,313,17
ELL OMP,O2,3009977013.788848,3009.977014,3.009977,164416128,0.056218,16.738502,16.794720,0,10,1,1,16,32,108384,108384,5138004,10276008,204,47,4.000000,313,17
ELL OMP,O2,7318421365.177928,7318.421365,7.318421,657664512,0.091024,16.672238,16.763262,0,10,1,1,64,32,108384,108384,5138004,10276008,204,47,4.000000,313,17
ELL OMP,O2,11580977082.547802,11580.977083,11.580977,1315329024,0.114161,16.742121,16.856282,0,10,1,1,128,32,108384,108384,5138004,10276008,204,47,4.000000,313,17
ELL OMP,O2,inf,inf,inf,2630658048,0.000000,16.692800,16.692800,27746303,10,1,1,256,32,108384,108384,5138004,10276008,204,47,4.000000,313,17
ELL OMP,O2,inf,inf,inf,5261316096,0.000000,16.042859,16.042859,55492607,10,1,1,512,32,108384,108384,5138004,10276008,204,47,4.000000,313,17
ELL OMP,O2,inf,inf,inf,10563736224,0.000000,15.945851,15.945851,111418751,10,1,1,1028,32,108384,108384,5138004,10276008,204,47,4.000000,313,17
