Name,-O,FLOPS,MFLOPS,GFLOPS,FOP Count,Avg Run Time (s),Format Time (s),Total Time (s),Verification,Iters,Block Row,Block Col,K-Bound,Threads,Rows,Cols,NNZ,NNZ*2,Max Cols,Avg Cols,Col Ratio,Variance,Std Deviation
COO Serial Transpose,O2,208777.933527,0.208778,0.000209,10276008,50.100964,61.951793,112.052757,0,10,1,1,16,-1,108384,108384,5138004,10276008,204,47,4.000000,313,17
COO Serial Transpose,O2,196885.144063,0.196885,0.000197,10276008,54.136757,62.996254,117.133011,0,10,1,1,64,-1,108384,108384,5138004,10276008,204,47,4.000000,313,17
COO Serial Transpose,O2,205867.195667,0.205867,0.000206,10276008,50.650627,61.954148,112.604775,0,10,1,1,128,-1,108384,108384,5138004,10276008,204,47,4.000000,313,17
