Name,-O,FLOPS,MFLOPS,GFLOPS,FOP Count,Avg Run Time (s),Format Time (s),Total Time (s),Verification,Iters,Block Row,Block Col,K-Bound,Threads,Rows,Cols,NNZ,NNZ*2,Max Cols,Avg Cols,Col Ratio,Variance,Std Deviation
ELL OMP,O2,1966089734.025731,1966.089734,1.966090,82208064,0.043418,16.374049,16.417467,0,10,1,1,8,32,108384,108384,5138004,10276008,204,47,4.000000,313,17
ELL OMP,O2,3030606086.746808,3030.606087,3.030606,164416128,0.056014,16.208616,16.264630,0,10,1,1,16,32,108384,108384,5138004,10276008,204,47,4.000000,313,17
ELL OMP,O2,7400690439.475142,7400.690439,7.400690,657664512,0.090122,16.171435,16.261557,0,10,1,1,64,32,108384,108384,5138004,10276008,204,47,4.000000,313,17
ELL OMP,O2,11819679926.195974,11819.679926,11.819680,1315329024,0.112425,16.227383,16.339808,0,10,1,1,128,32,108384,108384,5138004,10276008,204,47,4.000000,313,17
ELL OMP,O2,17545631871.926338,17545.631872,17.545632,2630658048,0.150258,16.219854,16.370112,0,10,1,1,256,32,108384,108384,5138004,10276008,204,47,4.000000,313,17
ELL OMP,O2,22867232959.152802,22867.232959,22.867233,5261316096,0.230268,16.188170,16.418438,0,10,1,1,512,32,108384,108384,5138004,10276008,204,47,4.000000,313,17
ELL OMP,O2,24111116937.119621,24111.116937,24.111117,10563736224,0.440972,16.224216,16.665188,0,10,1,1,1028,32,108384,108384,5138004,10276008,204,47,4.000000,313,17
