Name,-O,FLOPS,MFLOPS,GFLOPS,FOP Count,Avg Run Time (s),Format Time (s),Total Time (s),Verification,Iters,Block Row,Block Col,K-Bound,Threads,Rows,Cols,NNZ,NNZ*2,Max Cols,Avg Cols,Col Ratio,Variance,Std Deviation
COO OMP,O2,755676376.679127,755.676377,0.755676,10276008,0.021447,59.448765,59.470212,0,10,1,1,16,8,108384,108384,5138004,10276008,204,47,4.000000,313,17
COO OMP,O2,618230807.267999,618.230807,0.618231,10276008,0.018138,59.364737,59.382875,0,10,1,1,64,8,108384,108384,5138004,10276008,204,47,4.000000,313,17
COO OMP,O2,345096575.819578,345.096576,0.345097,10276008,0.031195,59.151315,59.182509,0,10,1,1,128,8,108384,108384,5138004,10276008,204,47,4.000000,313,17
COO OMP,O2,1034812437.736587,1034.812438,1.034812,10276008,0.013737,59.387084,59.400821,0,10,1,1,16,16,108384,108384,5138004,10276008,204,47,4.000000,313,17
COO OMP,O2,488204134.239568,488.204134,0.488204,10276008,0.039464,59.434751,59.474215,0,10,1,1,64,16,108384,108384,5138004,10276008,204,47,4.000000,313,17
COO OMP,O2,375491578.586564,375.491579,0.375492,10276008,0.028582,59.402033,59.430615,0,10,1,1,128,16,108384,108384,5138004,10276008,204,47,4.000000,313,17
COO OMP,O2,845847147.400447,845.847147,0.845847,10276008,0.029698,59.219681,59.249379,0,10,1,1,16,32,108384,108384,5138004,10276008,204,47,4.000000,313,17
COO OMP,O2,492876893.439171,492.876893,0.492877,10276008,0.026350,59.295731,59.322081,0,10,1,1,64,32,108384,108384,5138004,10276008,204,47,4.000000,313,17
COO OMP,O2,287167612.600658,287.167613,0.287168,10276008,0.054997,59.230510,59.285507,0,10,1,1,128,32,108384,108384,5138004,10276008,204,47,4.000000,313,17
