Name,-O,FLOPS,MFLOPS,GFLOPS,FOP Count,Avg Run Time (s),Format Time (s),Total Time (s),Verification,Iters,Block Row,Block Col,K-Bound,Threads,Rows,Cols,NNZ,NNZ*2,Max Cols,Avg Cols,Col Ratio,Variance,Std Deviation
COO OMP,O2,12040629059.619028,12040.629060,12.040629,82208064,0.013881,65.073728,65.087609,0,10,1,1,8,32,108384,108384,5138004,10276008,204,47,4.000000,313,17
COO OMP,O2,12613998640.643944,12613.998641,12.613999,164416128,0.028508,67.329652,67.358160,0,10,1,1,16,32,108384,108384,5138004,10276008,204,47,4.000000,313,17
COO OMP,O2,56397577021.894974,56397.577022,56.397577,657664512,0.022223,65.529055,65.551278,0,10,1,1,64,32,108384,108384,5138004,10276008,204,47,4.000000,313,17
COO OMP,O2,51161700752.403000,51161.700752,51.161701,1315329024,0.043123,67.306402,67.349525,0,10,1,1,128,32,108384,108384,5138004,10276008,204,47,4.000000,313,17
COO OMP,O2,55273006124.017799,55273.006124,55.273006,2630658048,0.064574,67.413908,67.478482,0,10,1,1,256,32,108384,108384,5138004,10276008,204,47,4.000000,313,17
COO OMP,O2,96819710322.677460,96819.710323,96.819710,5261316096,0.067822,65.355908,65.423730,0,10,1,1,512,32,108384,108384,5138004,10276008,204,47,4.000000,313,17
COO OMP,O2,94586053692.229538,94586.053692,94.586054,10563736224,0.144901,67.371094,67.515995,0,10,1,1,1028,32,108384,108384,5138004,10276008,204,47,4.000000,313,17
