Name,-O,FLOPS,MFLOPS,GFLOPS,FOP Count,Avg Run Time (s),Format Time (s),Total Time (s),Verification,Iters,Block Row,Block Col,K-Bound,Threads,Rows,Cols,NNZ,NNZ*2,Max Cols,Avg Cols,Col Ratio,Variance,Std Deviation
CSR OMP,O2,632587649.685640,632.587650,0.632588,10276008,0.016869,61.859744,61.876612,0,10,1,1,16,8,108384,108384,5138004,10276008,204,47,4.000000,313,17
CSR OMP,O2,306475430.618889,306.475431,0.306475,10276008,0.041025,62.208412,62.249437,0,10,1,1,64,8,108384,108384,5138004,10276008,204,47,4.000000,313,17
CSR OMP,O2,243350857.933214,243.350858,0.243351,10276008,0.044248,62.072921,62.117169,0,10,1,1,128,8,108384,108384,5138004,10276008,204,47,4.000000,313,17
CSR OMP,O2,776414354.935482,776.414355,0.776414,10276008,0.018370,62.064719,62.083089,0,10,1,1,16,16,108384,108384,5138004,10276008,204,47,4.000000,313,17
CSR OMP,O2,429036830.484879,429.036830,0.429037,10276008,0.033129,62.257296,62.290425,0,10,1,1,64,16,108384,108384,5138004,10276008,204,47,4.000000,313,17
CSR OMP,O2,366236513.290774,366.236513,0.366237,10276008,0.030898,62.232775,62.263673,0,10,1,1,128,16,108384,108384,5138004,10276008,204,47,4.000000,313,17
CSR OMP,O2,886280898.465704,886.280898,0.886281,10276008,0.016422,61.983271,61.999693,0,10,1,1,16,32,108384,108384,5138004,10276008,204,47,4.000000,313,17
CSR OMP,O2,636351433.080579,636.351433,0.636351,10276008,0.019375,62.023316,62.042691,0,10,1,1,64,32,108384,108384,5138004,10276008,204,47,4.000000,313,17
CSR OMP,O2,515442370.046515,515.442370,0.515442,10276008,0.021089,61.963645,61.984734,0,10,1,1,128,32,108384,108384,5138004,10276008,204,47,4.000000,313,17
