Name,-O,FLOPS,MFLOPS,GFLOPS,FOP Count,Avg Run Time (s),Format Time (s),Total Time (s),Verification,Iters,Block Row,Block Col,K-Bound,Threads,Rows,Cols,NNZ,NNZ*2,Max Cols,Avg Cols,Col Ratio,Variance,Std Deviation
COO THREADS,O2,947239760.869067,947.239761,0.947240,10276008,0.011235,61.926596,61.937831,0,5,1,1,16,48,108384,108384,5138004,10276008,204,47,4.000000,313,17
COO THREADS,O2,792438141.506809,792.438142,0.792438,10276008,0.015120,64.716079,64.731199,0,5,1,1,64,64,108384,108384,5138004,10276008,204,47,4.000000,313,17
COO THREADS,O2,603713285.671237,603.713286,0.603713,10276008,0.017311,61.937973,61.955284,0,5,1,1,128,72,108384,108384,5138004,10276008,204,47,4.000000,313,17
