Name,-O,FLOPS,MFLOPS,GFLOPS,FOP Count,Avg Run Time (s),Format Time (s),Total Time (s),Verification,Iters,Block Row,Block Col,K-Bound,Threads,Rows,Cols,NNZ,NNZ*2,Max Cols,Avg Cols,Col Ratio,Variance,Std Deviation
CSR OMP,O2,11671085008.233597,11671.085008,11.671085,82208064,0.022220,65.267685,65.289905,0,10,1,1,8,32,108384,108384,5138004,10276008,204,47,4.000000,313,17
CSR OMP,O2,14313055151.895487,14313.055152,14.313055,164416128,0.024272,65.583694,65.607967,0,10,1,1,16,32,108384,108384,5138004,10276008,204,47,4.000000,313,17
CSR OMP,O2,40532200573.940605,40532.200574,40.532201,657664512,0.033344,65.497671,65.531014,0,10,1,1,64,32,108384,108384,5138004,10276008,204,47,4.000000,313,17
CSR OMP,O2,71723586159.652252,71723.586160,71.723586,1315329024,0.018934,65.459861,65.478795,0,10,1,1,128,32,108384,108384,5138004,10276008,204,47,4.000000,313,17
CSR OMP,O2,86833251487.523514,86833.251488,86.833251,2630658048,0.034703,65.504001,65.538704,0,10,1,1,256,32,108384,108384,5138004,10276008,204,47,4.000000,313,17
CSR OMP,O2,100584336428.359207,100584.336428,100.584336,5261316096,0.067337,65.399760,65.467097,0,10,1,1,512,32,108384,108384,5138004,10276008,204,47,4.000000,313,17
CSR OMP,O2,103824084971.336044,103824.084971,103.824085,10563736224,0.126272,65.471057,65.597329,0,10,1,1,1028,32,108384,108384,5138004,10276008,204,47,4.000000,313,17
