Name,-O,FLOPS,MFLOPS,GFLOPS,FOP Count,Avg Run Time (s),Format Time (s),Total Time (s),Verification,Iters,Block Row,Block Col,K-Bound,Threads,Rows,Cols,NNZ,NNZ*2,Max Cols,Avg Cols,Col Ratio,Variance,Std Deviation
BCSR OMP,O2,inf,inf,inf,82208064,0.000000,68.415088,68.415088,867071,10,4,4,8,32,108384,108384,5138004,10276008,204,47,4.000000,313,17
BCSR OMP,O2,658076584.077633,658.076584,0.658077,164416128,0.313089,68.278413,68.591502,224,10,4,4,16,32,108384,108384,5138004,10276008,204,47,4.000000,313,17
BCSR OMP,O2,3377361355.042581,3377.361355,3.377361,657664512,0.268096,68.686784,68.954880,896,10,4,4,64,32,108384,108384,5138004,10276008,204,47,4.000000,313,17
BCSR OMP,O2,5459362108.503912,5459.362109,5.459362,1315329024,0.330830,68.133583,68.464413,1792,10,4,4,128,32,108384,108384,5138004,10276008,204,47,4.000000,313,17
BCSR OMP,O2,inf,inf,inf,2630658048,0.000000,68.081398,68.081398,27746303,10,4,4,256,32,108384,108384,5138004,10276008,204,47,4.000000,313,17
BCSR OMP,O2,inf,inf,inf,5261316096,0.000000,69.186813,69.186813,55492607,10,4,4,512,32,108384,108384,5138004,10276008,204,47,4.000000,313,17
BCSR OMP,O2,inf,inf,inf,10563736224,0.000000,68.375901,68.375901,111418751,10,4,4,1028,32,108384,108384,5138004,10276008,204,47,4.000000,313,17
