Name,-O,FLOPS,MFLOPS,GFLOPS,FOP Count,Avg Run Time (s),Format Time (s),Total Time (s),Verification,Iters,Block Row,Block Col,K-Bound,Threads,Rows,Cols,NNZ,NNZ*2,Max Cols,Avg Cols,Col Ratio,Variance,Std Deviation
CSR OMP,O2,303999520.501980,303.999521,0.304000,10276008,0.062677,126.756267,126.818944,0,10,1,1,16,8,108384,108384,5138004,10276008,204,47,4.000000,313,17
CSR OMP,O2,201822246.864138,201.822247,0.201822,10276008,0.074788,132.761905,132.836692,0,10,1,1,64,8,108384,108384,5138004,10276008,204,47,4.000000,313,17
CSR OMP,O2,142607179.914719,142.607180,0.142607,10276008,0.104447,132.562228,132.666675,0,10,1,1,128,8,108384,108384,5138004,10276008,204,47,4.000000,313,17
CSR OMP,O2,463574341.943532,463.574342,0.463574,10276008,0.040136,132.739302,132.779438,0,10,1,1,16,16,108384,108384,5138004,10276008,204,47,4.000000,313,17
CSR OMP,O2,328081046.525143,328.081047,0.328081,10276008,0.050903,132.622675,132.673578,0,10,1,1,64,16,108384,108384,5138004,10276008,204,47,4.000000,313,17
CSR OMP,O2,247277899.189900,247.277899,0.247278,10276008,0.061792,129.535072,129.596864,0,10,1,1,128,16,108384,108384,5138004,10276008,204,47,4.000000,313,17
CSR OMP,O2,664411299.073683,664.411299,0.664411,10276008,0.021548,127.890038,127.911586,0,10,1,1,16,32,108384,108384,5138004,10276008,204,47,4.000000,313,17
CSR OMP,O2,488094686.778737,488.094687,0.488095,10276008,0.022591,126.271079,126.293670,0,10,1,1,64,32,108384,108384,5138004,10276008,204,47,4.000000,313,17
CSR OMP,O2,300054044.460568,300.054044,0.300054,10276008,0.048535,126.314163,126.362698,0,10,1,1,128,32,108384,108384,5138004,10276008,204,47,4.000000,313,17
