Name,-O,FLOPS,MFLOPS,GFLOPS,FOP Count,Avg Run Time (s),Format Time (s),Total Time (s),Verification,Iters,Block Row,Block Col,K-Bound,Threads,Rows,Cols,NNZ,NNZ*2,Max Cols,Avg Cols,Col Ratio,Variance,Std Deviation
BCSR OMP Transpose,O2,12456877409.240908,12456.877409,12.456877,1315329024,0.123658,68.409523,68.533181,1792,10,2,2,128,8,108384,108384,5138004,10276008,204,47,4.000000,313,17
BCSR OMP Transpose,O2,9431338771.629480,9431.338772,9.431339,1315329024,0.165016,68.846224,69.011240,1792,10,4,4,128,8,108384,108384,5138004,10276008,204,47,4.000000,313,17
BCSR OMP Transpose,O2,4936525038.927082,4936.525039,4.936525,1315329024,0.267591,68.724154,68.991745,1792,10,16,16,128,8,108384,108384,5138004,10276008,204,47,4.000000,313,17
BCSR OMP Transpose,O2,24939474105.591618,24939.474106,24.939474,1315329024,0.059047,68.125997,68.185044,1792,10,2,2,128,16,108384,108384,5138004,10276008,204,47,4.000000,313,17
BCSR OMP Transpose,O2,19903522383.359329,19903.522383,19.903522,1315329024,0.078137,68.332805,68.410942,1792,10,4,4,128,16,108384,108384,5138004,10276008,204,47,4.000000,313,17
BCSR OMP Transpose,O2,8475845424.569525,8475.845425,8.475845,1315329024,0.160064,69.042103,69.202167,1792,10,16,16,128,16,108384,108384,5138004,10276008,204,47,4.000000,313,17
BCSR OMP Transpose,O2,32628753411.589317,32628.753412,32.628753,1315329024,0.050091,68.264919,68.315010,1792,10,2,2,128,32,108384,108384,5138004,10276008,204,47,4.000000,313,17
BCSR OMP Transpose,O2,18978743562.247665,18978.743562,18.978744,1315329024,0.079280,68.184053,68.263333,1792,10,4,4,128,32,108384,108384,5138004,10276008,204,47,4.000000,313,17
BCSR OMP Transpose,O2,10678922710.556705,10678.922711,10.678923,1315329024,0.128580,68.482476,68.611056,1792,10,16,16,128,32,108384,108384,5138004,10276008,204,47,4.000000,313,17
