Name,-O,FLOPS,MFLOPS,GFLOPS,FOP Count,Avg Run Time (s),Format Time (s),Total Time (s),Verification,Iters,Block Row,Block Col,K-Bound,Threads,Rows,Cols,NNZ,NNZ*2,Max Cols,Avg Cols,Col Ratio,Variance,Std Deviation
CSR Serial,O2,1911490674.037419,1911.490674,1.911491,164416128,0.086332,62.300213,62.386545,0,10,1,1,16,-1,108384,108384,5138004,10276008,204,47,4.000000,313,17
CSR Serial,O2,5044725230.577142,5044.725231,5.044725,657664512,0.130368,63.701042,63.831410,0,10,1,1,64,-1,108384,108384,5138004,10276008,204,47,4.000000,313,17
CSR Serial,O2,6621043243.887469,6621.043244,6.621043,1315329024,0.198669,63.865942,64.064611,0,10,1,1,128,-1,108384,108384,5138004,10276008,204,47,4.000000,313,17
