Name,-O,FLOPS,MFLOPS,GFLOPS,FOP Count,Avg Run Time (s),Format Time (s),Total Time (s),Verification,Iters,Block Row,Block Col,K-Bound,Threads,Rows,Cols,NNZ,NNZ*2,Max Cols,Avg Cols,Col Ratio,Variance,Std Deviation
BCSR Serial,O2,3582018673.527637,3582.018674,3.582019,164416128,0.045907,16.352445,16.398352,224,10,2,2,16,-1,108384,108384,5138004,10276008,204,47,4.000000,313,17
BCSR Serial,O2,1436872026.668882,1436.872027,1.436872,164416128,0.114429,16.474392,16.588821,224,10,16,16,16,-1,108384,108384,5138004,10276008,204,47,4.000000,313,17
BCSR Serial,O2,5930779317.107730,5930.779317,5.930779,657664512,0.110907,16.178744,16.289651,896,10,2,2,64,-1,108384,108384,5138004,10276008,204,47,4.000000,313,17
BCSR Serial,O2,2318310351.834205,2318.310352,2.318310,657664512,0.283688,15.921023,16.204711,896,10,16,16,64,-1,108384,108384,5138004,10276008,204,47,4.000000,313,17
BCSR Serial,O2,7579470763.028249,7579.470763,7.579471,1315329024,0.173547,16.068593,16.242140,1792,10,2,2,128,-1,108384,108384,5138004,10276008,204,47,4.000000,313,17
BCSR Serial,O2,2684605789.632874,2684.605790,2.684606,1315329024,0.489954,15.975877,16.465831,1792,10,16,16,128,-1,108384,108384,5138004,10276008,204,47,4.000000,313,17
