Name,-O,FLOPS,MFLOPS,GFLOPS,FOP Count,Avg Run Time (s),Format Time (s),Total Time (s),Verification,Iters,Block Row,Block Col,K-Bound,Threads,Rows,Cols,NNZ,NNZ*2,Max Cols,Avg Cols,Col Ratio,Variance,Std Deviation
COO OMP,O2,3164619881.451461,3164.619881,3.164620,82208064,0.027911,15.453841,15.481753,0,10,1,1,8,32,108384,108384,5138004,10276008,204,47,4.000000,313,17
COO OMP,O2,4601937152.959300,4601.937153,4.601937,164416128,0.037414,15.546351,15.583765,0,10,1,1,16,32,108384,108384,5138004,10276008,204,47,4.000000,313,17
COO OMP,O2,13829031630.396137,13829.031630,13.829032,657664512,0.048936,15.488722,15.537658,0,10,1,1,64,32,108384,108384,5138004,10276008,204,47,4.000000,313,17
COO OMP,O2,21483438768.428780,21483.438768,21.483439,1315329024,0.063233,15.537004,15.600237,0,10,1,1,128,32,108384,108384,5138004,10276008,204,47,4.000000,313,17
COO OMP,O2,32050481111.366871,32050.481111,32.050481,2630658048,0.083554,15.590591,15.674145,0,10,1,1,256,32,108384,108384,5138004,10276008,204,47,4.000000,313,17
COO OMP,O2,50270085052.572617,50270.085053,50.270085,5261316096,0.105389,15.889014,15.994403,0,10,1,1,512,32,108384,108384,5138004,10276008,204,47,4.000000,313,17
COO OMP,O2,72340899406.576111,72340.899407,72.340899,10563736224,0.146525,15.479927,15.626452,0,10,1,1,1028,32,108384,108384,5138004,10276008,204,47,4.000000,313,17
