Name,-O,FLOPS,MFLOPS,GFLOPS,FOP Count,Avg Run Time (s),Format Time (s),Total Time (s),Verification,Iters,Block Row,Block Col,K-Bound,Threads,Rows,Cols,NNZ,NNZ*2,Max Cols,Avg Cols,Col Ratio,Variance,Std Deviation
CSR OMP,O2,3664237495.207767,3664.237495,3.664237,82208064,0.024493,15.756169,15.780662,0,10,1,1,8,32,108384,108384,5138004,10276008,204,47,4.000000,313,17
CSR OMP,O2,5237168193.154857,5237.168193,5.237168,164416128,0.032802,15.729782,15.762584,0,10,1,1,16,32,108384,108384,5138004,10276008,204,47,4.000000,313,17
CSR OMP,O2,13594005492.275885,13594.005492,13.594005,657664512,0.049589,15.704063,15.753652,0,10,1,1,64,32,108384,108384,5138004,10276008,204,47,4.000000,313,17
CSR OMP,O2,22453681745.897594,22453.681746,22.453682,1315329024,0.060468,15.785703,15.846170,0,10,1,1,128,32,108384,108384,5138004,10276008,204,47,4.000000,313,17
CSR OMP,O2,32582224749.743294,32582.224750,32.582225,2630658048,0.082038,15.766071,15.848109,0,10,1,1,256,32,108384,108384,5138004,10276008,204,47,4.000000,313,17
CSR OMP,O2,47523896613.503021,47523.896614,47.523897,5261316096,0.111738,15.714938,15.826676,0,10,1,1,512,32,108384,108384,5138004,10276008,204,47,4.000000,313,17
CSR OMP,O2,72857157639.309631,72857.157639,72.857158,10563736224,0.146231,15.781831,15.928062,0,10,1,1,1028,32,108384,108384,5138004,10276008,204,47,4.000000,313,17
