Name,-O,FLOPS,MFLOPS,GFLOPS,FOP Count,Avg Run Time (s),Format Time (s),Total Time (s),Verification,Iters,Block Row,Block Col,K-Bound,Threads,Rows,Cols,NNZ,NNZ*2,Max Cols,Avg Cols,Col Ratio,Variance,Std Deviation
BCSR OMP,O2,466317990.379638,466.317990,0.466318,82208064,0.178999,15.879431,16.058430,112,10,4,4,8,32,108384,108384,5138004,10276008,204,47,4.000000,313,17
BCSR OMP,O2,910141169.032139,910.141169,0.910141,164416128,0.181234,15.890731,16.071965,224,10,4,4,16,32,108384,108384,5138004,10276008,204,47,4.000000,313,17
BCSR OMP,O2,3104015819.010201,3104.015819,3.104016,657664512,0.212280,15.867059,16.079339,896,10,4,4,64,32,108384,108384,5138004,10276008,204,47,4.000000,313,17
BCSR OMP,O2,5893959564.354262,5893.959564,5.893960,1315329024,0.223431,15.916673,16.140104,1792,10,4,4,128,32,108384,108384,5138004,10276008,204,47,4.000000,313,17
BCSR OMP,O2,9135724624.206470,9135.724624,9.135725,2630658048,0.288240,15.937239,16.225479,3584,10,4,4,256,32,108384,108384,5138004,10276008,204,47,4.000000,313,17
BCSR OMP,O2,11861257049.013638,11861.257049,11.861257,5261316096,0.443716,15.904036,16.347752,7168,10,4,4,512,32,108384,108384,5138004,10276008,204,47,4.000000,313,17
BCSR OMP,O2,15202154442.440441,15202.154442,15.202154,10563736224,0.695016,15.924173,16.619189,14392,10,4,4,1028,32,108384,108384,5138004,10276008,204,47,4.000000,313,17
