Name,-O,FLOPS,MFLOPS,GFLOPS,FOP Count,Avg Run Time (s),Format Time (s),Total Time (s),Verification,Iters,Block Row,Block Col,K-Bound,Threads,Rows,Cols,NNZ,NNZ*2,Max Cols,Avg Cols,Col Ratio,Variance,Std Deviation
COO THREADS,O2,1014816245.820587,1014.816246,1.014816,10276008,0.010421,60.414938,60.425359,0,5,1,1,16,32,108384,108384,5138004,10276008,204,47,4.000000,313,17
COO THREADS,O2,735397461.193605,735.397461,0.735397,10276008,0.015889,60.662233,60.678122,0,5,1,1,64,72,108384,108384,5138004,10276008,204,47,4.000000,313,17
COO THREADS,O2,525312731.205654,525.312731,0.525313,10276008,0.019719,64.466565,64.486284,0,5,1,1,128,48,108384,108384,5138004,10276008,204,47,4.000000,313,17
