Name,-O,FLOPS,MFLOPS,GFLOPS,FOP Count,Avg Run Time (s),Format Time (s),Total Time (s),Verification,Iters,Block Row,Block Col,K-Bound,Threads,Rows,Cols,NNZ,NNZ*2,Max Cols,Avg Cols,Col Ratio,Variance,Std Deviation
ELL OMP Transpose,O2,3971867292.173470,3971.867292,3.971867,1315329024,0.331207,16.690659,17.021866,0,10,1,1,128,8,108384,108384,5138004,10276008,204,47,4.000000,313,17
ELL OMP Transpose,O2,5191866965.578402,5191.866966,5.191867,1315329024,0.253420,15.739729,15.993149,0,10,1,1,128,16,108384,108384,5138004,10276008,204,47,4.000000,313,17
ELL OMP Transpose,O2,6933563550.146525,6933.563550,6.933564,1315329024,0.189823,16.607149,16.796972,0,10,1,1,128,32,108384,108384,5138004,10276008,204,47,4.000000,313,17
