Name,-O,FLOPS,MFLOPS,GFLOPS,FOP Count,Avg Run Time (s),Format Time (s),Total Time (s),Verification,Iters,Block Row,Block Col,K-Bound,Threads,Rows,Cols,NNZ,NNZ*2,Max Cols,Avg Cols,Col Ratio,Variance,Std Deviation
CSR Serial,O2,211661218.134871,211.661218,0.211661,10276008,0.048552,15.560338,15.608890,0,10,1,1,16,-1,108384,108384,5138004,10276008,204,47,4.000000,313,17
CSR Serial,O2,80864228.785308,80.864229,0.080864,10276008,0.127099,15.672065,15.799164,0,10,1,1,64,-1,108384,108384,5138004,10276008,204,47,4.000000,313,17
CSR Serial,O2,41795078.910163,41.795079,0.041795,10276008,0.245891,15.212095,15.457986,0,10,1,1,128,-1,108384,108384,5138004,10276008,204,47,4.000000,313,17
