Name,-O,FLOPS,MFLOPS,GFLOPS,FOP Count,Avg Run Time (s),Format Time (s),Total Time (s),Verification,Iters,Block Row,Block Col,K-Bound,Threads,Rows,Cols,NNZ,NNZ*2,Max Cols,Avg Cols,Col Ratio,Variance,Std Deviation
COO OMP,O2,860223678.738060,860.223679,0.860224,10276008,0.014735,134.438097,134.452832,0,10,1,1,16,8,108384,108384,5138004,10276008,204,47,4.000000,313,17
COO OMP,O2,446679528.674143,446.679529,0.446680,10276008,0.027517,126.896550,126.924067,0,10,1,1,64,8,108384,108384,5138004,10276008,204,47,4.000000,313,17
COO OMP,O2,393887404.245615,393.887404,0.393887,10276008,0.028507,126.837109,126.865616,0,10,1,1,128,8,108384,108384,5138004,10276008,204,47,4.000000,313,17
COO OMP,O2,628768803.114427,628.768803,0.628769,10276008,0.019845,126.959607,126.979452,0,10,1,1,16,16,108384,108384,5138004,10276008,204,47,4.000000,313,17
COO OMP,O2,470596859.129494,470.596859,0.470597,10276008,0.025205,127.037020,127.062225,0,10,1,1,64,16,108384,108384,5138004,10276008,204,47,4.000000,313,17
COO OMP,O2,374518274.323699,374.518274,0.374518,10276008,0.031708,127.146984,127.178692,0,10,1,1,128,16,108384,108384,5138004,10276008,204,47,4.000000,313,17
COO OMP,O2,659098286.800522,659.098287,0.659098,10276008,0.018600,126.897224,126.915824,0,10,1,1,16,32,108384,108384,5138004,10276008,204,47,4.000000,313,17
COO OMP,O2,352911093.703050,352.911094,0.352911,10276008,0.041978,125.792053,125.834031,0,10,1,1,64,32,108384,108384,5138004,10276008,204,47,4.000000,313,17
COO OMP,O2,213248766.241663,213.248766,0.213249,10276008,0.050991,123.461818,123.512809,0,10,1,1,128,32,108384,108384,5138004,10276008,204,47,4.000000,313,17
