Name,-O,FLOPS,MFLOPS,GFLOPS,FOP Count,Avg Run Time (s),Format Time (s),Total Time (s),Verification,Iters,Block Row,Block Col,K-Bound,Threads,Rows,Cols,NNZ,NNZ*2,Max Cols,Avg Cols,Col Ratio,Variance,Std Deviation
COO Serial,O2,3309136914.506807,3309.136915,3.309137,164416128,0.049691,15.546368,15.596059,0,10,1,1,16,-1,108384,108384,5138004,10276008,204,47,4.000000,313,17
COO Serial,O2,4777947432.581049,4777.947433,4.777947,657664512,0.137664,15.790665,15.928329,0,10,1,1,64,-1,108384,108384,5138004,10276008,204,47,4.000000,313,17
COO Serial,O2,5176201582.218058,5176.201582,5.176202,1315329024,0.254152,15.702686,15.956838,0,10,1,1,128,-1,108384,108384,5138004,10276008,204,47,4.000000,313,17
