Name,-O,FLOPS,MFLOPS,GFLOPS,FOP Count,Avg Run Time (s),Format Time (s),Total Time (s),Verification,Iters,Block Row,Block Col,K-Bound,Threads,Rows,Cols,NNZ,NNZ*2,Max Cols,Avg Cols,Col Ratio,Variance,Std Deviation
ELL THREADS,O2,501461833.100127,501.461833,0.501462,10276008,0.022164,63.827969,63.850133,0,5,1,1,16,72,108384,108384,5138004,10276008,204,47,4.000000,313,17
ELL THREADS,O2,472534645.626520,472.534646,0.472535,10276008,0.022824,63.177390,63.200215,0,5,1,1,64,72,108384,108384,5138004,10276008,204,47,4.000000,313,17
ELL THREADS,O2,284858856.676823,284.858857,0.284859,10276008,0.036253,63.333845,63.370098,0,5,1,1,128,48,108384,108384,5138004,10276008,204,47,4.000000,313,17
