Name,-O,FLOPS,MFLOPS,GFLOPS,FOP Count,Avg Run Time (s),Format Time (s),Total Time (s),Verification,Iters,Block Row,Block Col,K-Bound,Threads,Rows,Cols,NNZ,NNZ*2,Max Cols,Avg Cols,Col Ratio,Variance,Std Deviation
COO Serial Transpose,O2,159751.404396,0.159751,0.000160,10276008,64.325057,15.668379,79.993436,0,10,1,1,16,-1,108384,108384,5138004,10276008,204,47,4.000000,313,17
COO Serial Transpose,O2,158634.498589,0.158634,0.000159,10276008,64.777899,15.531171,80.309070,0,10,1,1,64,-1,108384,108384,5138004,10276008,204,47,4.000000,313,17
COO Serial Transpose,O2,155582.228994,0.155582,0.000156,10276008,66.055360,15.709968,81.765328,0,10,1,1,128,-1,108384,108384,5138004,10276008,204,47,4.000000,313,17
