Name,-O,FLOPS,MFLOPS,GFLOPS,FOP Count,Avg Run Time (s),Format Time (s),Total Time (s),Verification,Iters,Block Row,Block Col,K-Bound,Threads,Rows,Cols,NNZ,NNZ*2,Max Cols,Avg Cols,Col Ratio,Variance,Std Deviation
COO OMP Transpose,O2,2648052.509838,2.648053,0.002648,10276008,3.880647,15.900995,19.781642,0,10,1,1,16,8,108384,108384,5138004,10276008,204,47,4.000000,313,17
COO OMP Transpose,O2,2587037.419575,2.587037,0.002587,10276008,3.972249,15.926489,19.898738,0,10,1,1,64,8,108384,108384,5138004,10276008,204,47,4.000000,313,17
COO OMP Transpose,O2,2590144.154822,2.590144,0.002590,10276008,3.967538,15.903090,19.870628,0,10,1,1,128,8,108384,108384,5138004,10276008,204,47,4.000000,313,17
COO OMP Transpose,O2,2640800.976284,2.640801,0.002641,10276008,3.891397,15.773381,19.664778,0,10,1,1,16,16,108384,108384,5138004,10276008,204,47,4.000000,313,17
COO OMP Transpose,O2,2614485.746378,2.614486,0.002614,10276008,3.930514,15.787954,19.718468,0,10,1,1,64,16,108384,108384,5138004,10276008,204,47,4.000000,313,17
COO OMP Transpose,O2,2599613.034062,2.599613,0.002600,10276008,3.953023,15.775306,19.728329,0,10,1,1,128,16,108384,108384,5138004,10276008,204,47,4.000000,313,17
COO OMP Transpose,O2,2636170.742850,2.636171,0.002636,10276008,3.898277,15.716932,19.615209,0,10,1,1,16,32,108384,108384,5138004,10276008,204,47,4.000000,313,17
COO OMP Transpose,O2,2584390.333158,2.584390,0.002584,10276008,3.976415,15.640579,19.616994,0,10,1,1,64,32,108384,108384,5138004,10276008,204,47,4.000000,313,17
COO OMP Transpose,O2,2579989.720328,2.579990,0.002580,10276008,3.983237,15.702100,19.685337,0,10,1,1,128,32,108384,108384,5138004,10276008,204,47,4.000000,313,17
