Name,-O,FLOPS,MFLOPS,GFLOPS,FOP Count,Avg Run Time (s),Format Time (s),Total Time (s),Verification,Iters,Block Row,Block Col,K-Bound,Threads,Rows,Cols,NNZ,NNZ*2,Max Cols,Avg Cols,Col Ratio,Variance,Std Deviation
COO OMP Transpose,O2,14005680219.631214,14005.680220,14.005680,1315329024,0.110418,67.145905,67.256323,0,10,1,1,128,8,108384,108384,5138004,10276008,204,47,4.000000,313,17
COO OMP Transpose,O2,21958310783.617924,21958.310784,21.958311,1315329024,0.084297,66.549729,66.634026,0,10,1,1,128,16,108384,108384,5138004,10276008,204,47,4.000000,313,17
COO OMP Transpose,O2,22608518416.723194,22608.518417,22.608518,1315329024,0.068792,67.009879,67.078671,0,10,1,1,128,32,108384,108384,5138004,10276008,204,47,4.000000,313,17
