Name,-O,FLOPS,MFLOPS,GFLOPS,FOP Count,Avg Run Time (s),Format Time (s),Total Time (s),Verification,Iters,Block Row,Block Col,K-Bound,Threads,Rows,Cols,NNZ,NNZ*2,Max Cols,Avg Cols,Col Ratio,Variance,Std Deviation
BCSR Serial,O2,2456865575.769321,2456.865576,2.456866,164416128,0.066922,64.727985,64.794907,224,10,4,4,16,-1,108384,108384,5138004,10276008,204,47,4.000000,313,17
BCSR Serial,O2,5155541915.934206,5155.541916,5.155542,657664512,0.127600,64.310573,64.438173,896,10,4,4,64,-1,108384,108384,5138004,10276008,204,47,4.000000,313,17
BCSR Serial,O2,6283822535.108397,6283.822535,6.283823,1315329024,0.209329,64.303304,64.512633,1792,10,4,4,128,-1,108384,108384,5138004,10276008,204,47,4.000000,313,17
