Name,-O,FLOPS,MFLOPS,GFLOPS,FOP Count,Avg Run Time (s),Format Time (s),Total Time (s),Verification,Iters,Block Row,Block Col,K-Bound,Threads,Rows,Cols,NNZ,NNZ*2,Max Cols,Avg Cols,Col Ratio,Variance,Std Deviation
ELL Serial,O2,54390248.687960,54.390249,0.054390,10276008,0.190367,63.869804,64.060171,0,10,1,1,16,-1,108384,108384,5138004,10276008,204,47,4.000000,313,17
ELL Serial,O2,24282808.331780,24.282808,0.024283,10276008,0.423372,64.029839,64.453212,0,10,1,1,64,-1,108384,108384,5138004,10276008,204,47,4.000000,313,17
ELL Serial,O2,14398486.233478,14.398486,0.014398,10276008,0.713688,63.373076,64.086764,0,10,1,1,128,-1,108384,108384,5138004,10276008,204,47,4.000000,313,17
