Name,-O,FLOPS,MFLOPS,GFLOPS,FOP Count,Avg Run Time (s),Format Time (s),Total Time (s),Verification,Iters,Block Row,Block Col,K-Bound,Threads,Rows,Cols,NNZ,NNZ*2,Max Cols,Avg Cols,Col Ratio,Variance,Std Deviation
BCSR Serial,O2,3155811139.086956,3155.811139,3.155811,164416128,0.052101,64.157353,64.209454,224,10,2,2,16,-1,108384,108384,5138004,10276008,204,47,4.000000,313,17
BCSR Serial,O2,607772518.596986,607.772519,0.607773,164416128,0.270653,64.941917,65.212570,224,10,16,16,16,-1,108384,108384,5138004,10276008,204,47,4.000000,313,17
BCSR Serial,O2,7117574078.853544,7117.574079,7.117574,657664512,0.092577,64.335750,64.428327,896,10,2,2,64,-1,108384,108384,5138004,10276008,204,47,4.000000,313,17
BCSR Serial,O2,2150560177.772329,2150.560178,2.150560,657664512,0.305812,64.634181,64.939993,896,10,16,16,64,-1,108384,108384,5138004,10276008,204,47,4.000000,313,17
BCSR Serial,O2,7995203195.808609,7995.203196,7.995203,1315329024,0.164533,63.919240,64.083773,1792,10,2,2,128,-1,108384,108384,5138004,10276008,204,47,4.000000,313,17
BCSR Serial,O2,2536215408.283561,2536.215408,2.536215,1315329024,0.518631,64.608935,65.127566,1792,10,16,16,128,-1,108384,108384,5138004,10276008,204,47,4.000000,313,17
