Name,-O,FLOPS,MFLOPS,GFLOPS,FOP Count,Avg Run Time (s),Format Time (s),Total Time (s),Verification,Iters,Block Row,Block Col,K-Bound,Threads,Rows,Cols,NNZ,NNZ*2,Max Cols,Avg Cols,Col Ratio,Variance,Std Deviation
COO OMP,O2,750173479.071098,750.173479,0.750173,10276008,0.032697,62.509120,62.541817,0,10,1,1,16,8,108384,108384,5138004,10276008,204,47,4.000000,313,17
COO OMP,O2,577613208.289722,577.613208,0.577613,10276008,0.038407,61.898789,61.937196,0,10,1,1,64,8,108384,108384,5138004,10276008,204,47,4.000000,313,17
COO OMP,O2,426972329.533984,426.972330,0.426972,10276008,0.030258,61.788549,61.818807,0,10,1,1,128,8,108384,108384,5138004,10276008,204,47,4.000000,313,17
COO OMP,O2,690172197.509956,690.172198,0.690172,10276008,0.034036,62.653063,62.687099,0,10,1,1,16,16,108384,108384,5138004,10276008,204,47,4.000000,313,17
COO OMP,O2,568196437.921489,568.196438,0.568196,10276008,0.027741,62.881509,62.909250,0,10,1,1,64,16,108384,108384,5138004,10276008,204,47,4.000000,313,17
COO OMP,O2,316839501.619673,316.839502,0.316840,10276008,0.044620,62.827021,62.871642,0,10,1,1,128,16,108384,108384,5138004,10276008,204,47,4.000000,313,17
COO OMP,O2,829151232.013233,829.151232,0.829151,10276008,0.019617,62.163123,62.182740,0,10,1,1,16,32,108384,108384,5138004,10276008,204,47,4.000000,313,17
COO OMP,O2,683762326.826788,683.762327,0.683762,10276008,0.019819,61.756370,61.776189,0,10,1,1,64,32,108384,108384,5138004,10276008,204,47,4.000000,313,17
COO OMP,O2,327481164.168841,327.481164,0.327481,10276008,0.041175,62.357241,62.398416,0,10,1,1,128,32,108384,108384,5138004,10276008,204,47,4.000000,313,17
