Name,-O,FLOPS,MFLOPS,GFLOPS,FOP Count,Avg Run Time (s),Format Time (s),Total Time (s),Verification,Iters,Block Row,Block Col,K-Bound,Threads,Rows,Cols,NNZ,NNZ*2,Max Cols,Avg Cols,Col Ratio,Variance,Std Deviation
ELL THREADS,O2,222042894.145260,222.042894,0.222043,10276008,0.046903,16.388235,16.435138,0,5,1,1,16,72,108384,108384,5138004,10276008,204,47,4.000000,313,17
ELL THREADS,O2,133328160.956487,133.328161,0.133328,10276008,0.077592,16.340047,16.417639,0,5,1,1,64,48,108384,108384,5138004,10276008,204,47,4.000000,313,17
ELL THREADS,O2,105299337.140445,105.299337,0.105299,10276008,0.099476,16.384826,16.484302,0,5,1,1,128,72,108384,108384,5138004,10276008,204,47,4.000000,313,17
