Name,-O,FLOPS,MFLOPS,GFLOPS,FOP Count,Avg Run Time (s),Format Time (s),Total Time (s),Verification,Iters,Block Row,Block Col,K-Bound,Threads,Rows,Cols,NNZ,NNZ*2,Max Cols,Avg Cols,Col Ratio,Variance,Std Deviation
CSR Serial,O2,133748759.431308,133.748759,0.133749,10276008,0.102499,63.755383,63.857882,0,10,1,1,16,-1,108384,108384,5138004,10276008,204,47,4.000000,313,17
CSR Serial,O2,63960824.114398,63.960824,0.063961,10276008,0.166313,61.010721,61.177034,0,10,1,1,64,-1,108384,108384,5138004,10276008,204,47,4.000000,313,17
CSR Serial,O2,47016778.518182,47.016779,0.047017,10276008,0.235742,63.294928,63.530669,0,10,1,1,128,-1,108384,108384,5138004,10276008,204,47,4.000000,313,17
