Name,-O,FLOPS,MFLOPS,GFLOPS,FOP Count,Avg Run Time (s),Format Time (s),Total Time (s),Verification,Iters,Block Row,Block Col,K-Bound,Threads,Rows,Cols,NNZ,NNZ*2,Max Cols,Avg Cols,Col Ratio,Variance,Std Deviation
ELL OMP,O2,283383887.873321,283.383888,0.283384,10276008,0.042159,63.509590,63.551749,0,10,1,1,16,8,108384,108384,5138004,10276008,204,47,4.000000,313,17
ELL OMP,O2,126767377.305318,126.767377,0.126767,10276008,0.096738,58.403299,58.500038,0,10,1,1,64,8,108384,108384,5138004,10276008,204,47,4.000000,313,17
ELL OMP,O2,95744523.935583,95.744524,0.095745,10276008,0.110554,63.398340,63.508894,0,10,1,1,128,8,108384,108384,5138004,10276008,204,47,4.000000,313,17
ELL OMP,O2,357458255.827832,357.458256,0.357458,10276008,0.036029,65.392099,65.428128,0,10,1,1,16,16,108384,108384,5138004,10276008,204,47,4.000000,313,17
ELL OMP,O2,215757884.832876,215.757885,0.215758,10276008,0.049578,62.960056,63.009634,0,10,1,1,64,16,108384,108384,5138004,10276008,204,47,4.000000,313,17
ELL OMP,O2,171968563.632691,171.968564,0.171969,10276008,0.063079,62.780118,62.843197,0,10,1,1,128,16,108384,108384,5138004,10276008,204,47,4.000000,313,17
ELL OMP,O2,461286503.045528,461.286503,0.461287,10276008,0.024886,63.295451,63.320337,0,10,1,1,16,32,108384,108384,5138004,10276008,204,47,4.000000,313,17
ELL OMP,O2,328617275.241752,328.617275,0.328617,10276008,0.032611,63.392889,63.425500,0,10,1,1,64,32,108384,108384,5138004,10276008,204,47,4.000000,313,17
ELL OMP,O2,234538890.434451,234.538890,0.234539,10276008,0.044939,62.843667,62.888606,0,10,1,1,128,32,108384,108384,5138004,10276008,204,47,4.000000,313,17
