Name,-O,FLOPS,MFLOPS,GFLOPS,FOP Count,Avg Run Time (s),Format Time (s),Total Time (s),Verification,Iters,Block Row,Block Col,K-Bound,Threads,Rows,Cols,NNZ,NNZ*2,Max Cols,Avg Cols,Col Ratio,Variance,Std Deviation
COO OMP,O2,336787138.382704,336.787138,0.336787,10276008,0.034598,15.516231,15.550829,0,10,1,1,16,8,108384,108384,5138004,10276008,204,47,4.000000,313,17
COO OMP,O2,236251425.807635,236.251426,0.236251,10276008,0.047281,15.666644,15.713925,0,10,1,1,64,8,108384,108384,5138004,10276008,204,47,4.000000,313,17
COO OMP,O2,173243318.720243,173.243319,0.173243,10276008,0.062046,15.679878,15.741924,0,10,1,1,128,8,108384,108384,5138004,10276008,204,47,4.000000,313,17
COO OMP,O2,321810190.144285,321.810190,0.321810,10276008,0.037361,15.715254,15.752615,0,10,1,1,16,16,108384,108384,5138004,10276008,204,47,4.000000,313,17
COO OMP,O2,229930690.935878,229.930691,0.229931,10276008,0.047893,15.677466,15.725359,0,10,1,1,64,16,108384,108384,5138004,10276008,204,47,4.000000,313,17
COO OMP,O2,164988526.824818,164.988527,0.164989,10276008,0.064946,15.666558,15.731504,0,10,1,1,128,16,108384,108384,5138004,10276008,204,47,4.000000,313,17
COO OMP,O2,352057756.079752,352.057756,0.352058,10276008,0.034183,15.718307,15.752490,0,10,1,1,16,32,108384,108384,5138004,10276008,204,47,4.000000,313,17
COO OMP,O2,233862283.364089,233.862283,0.233862,10276008,0.047641,15.686620,15.734261,0,10,1,1,64,32,108384,108384,5138004,10276008,204,47,4.000000,313,17
COO OMP,O2,166918117.241159,166.918117,0.166918,10276008,0.065049,15.904255,15.969304,0,10,1,1,128,32,108384,108384,5138004,10276008,204,47,4.000000,313,17
