Name,-O,FLOPS,MFLOPS,GFLOPS,FOP Count,Avg Run Time (s),Format Time (s),Total Time (s),Verification,Iters,Block Row,Block Col,K-Bound,Threads,Rows,Cols,NNZ,NNZ*2,Max Cols,Avg Cols,Col Ratio,Variance,Std Deviation
CSR Serial Transpose,O2,201531.434504,0.201531,0.000202,10276008,51.865530,62.273398,114.138928,0,10,1,1,16,-1,108384,108384,5138004,10276008,204,47,4.000000,313,17
CSR Serial Transpose,O2,204531.453199,0.204531,0.000205,10276008,51.689464,63.249106,114.938570,0,10,1,1,64,-1,108384,108384,5138004,10276008,204,47,4.000000,313,17
CSR Serial Transpose,O2,202074.872399,0.202075,0.000202,10276008,51.432274,63.570191,115.002465,0,10,1,1,128,-1,108384,108384,5138004,10276008,204,47,4.000000,313,17
