Name,-O,FLOPS,MFLOPS,GFLOPS,FOP Count,Avg Run Time (s),Format Time (s),Total Time (s),Verification,Iters,Block Row,Block Col,K-Bound,Threads,Rows,Cols,NNZ,NNZ*2,Max Cols,Avg Cols,Col Ratio,Variance,Std Deviation
BCSR Serial Transpose,O2,2632211598.680969,2632.211599,2.632212,1315329024,0.499707,16.269388,16.769095,1792,10,2,2,128,-1,108384,108384,5138004,10276008,204,47,4.000000,313,17
BCSR Serial Transpose,O2,2348624337.871107,2348.624338,2.348624,1315329024,0.560044,16.252651,16.812695,1792,10,4,4,128,-1,108384,108384,5138004,10276008,204,47,4.000000,313,17
BCSR Serial Transpose,O2,786208383.272649,786.208383,0.786208,1315329024,1.673005,16.321275,17.994280,1792,10,16,16,128,-1,108384,108384,5138004,10276008,204,47,4.000000,313,17
