Name,-O,FLOPS,MFLOPS,GFLOPS,FOP Count,Avg Run Time (s),Format Time (s),Total Time (s),Verification,Iters,Block Row,Block Col,K-Bound,Threads,Rows,Cols,NNZ,NNZ*2,Max Cols,Avg Cols,Col Ratio,Variance,Std Deviation
ELL GPU,O2,198591426.008947,198.591426,0.198591,10276008,0.055842,16.322781,16.378623,0,10,1,1,16,-1,108384,108384,5138004,10276008,204,47,4.000000,313,17
ELL GPU,O2,123185706.314037,123.185706,0.123186,10276008,0.086447,16.325752,16.412199,0,10,1,1,64,-1,108384,108384,5138004,10276008,204,47,4.000000,313,17
ELL GPU,O2,104173107.011507,104.173107,0.104173,10276008,0.101148,16.265096,16.366244,0,10,1,1,128,-1,108384,108384,5138004,10276008,204,47,4.000000,313,17
