Name,-O,FLOPS,MFLOPS,GFLOPS,FOP Count,Avg Run Time (s),Format Time (s),Total Time (s),Verification,Iters,Block Row,Block Col,K-Bound,Threads,Rows,Cols,NNZ,NNZ*2,Max Cols,Avg Cols,Col Ratio,Variance,Std Deviation
BCSR OMP,O2,432057923.803893,432.057924,0.432058,82208064,0.223713,68.426178,68.649891,112,10,4,4,8,32,108384,108384,5138004,10276008,204,47,4.000000,313,17
BCSR OMP,O2,892707379.748345,892.707380,0.892707,164416128,0.233962,68.848198,69.082160,224,10,4,4,16,32,108384,108384,5138004,10276008,204,47,4.000000,313,17
BCSR OMP,O2,3477946465.225108,3477.946465,3.477946,657664512,0.237634,68.140800,68.378434,896,10,4,4,64,32,108384,108384,5138004,10276008,204,47,4.000000,313,17
BCSR OMP,O2,6582876045.432117,6582.876045,6.582876,1315329024,0.260046,68.502997,68.763043,1792,10,4,4,128,32,108384,108384,5138004,10276008,204,47,4.000000,313,17
BCSR OMP,O2,7871864210.007879,7871.864210,7.871864,2630658048,0.378639,68.702583,69.081222,3584,10,4,4,256,32,108384,108384,5138004,10276008,204,47,4.000000,313,17
BCSR OMP,O2,13181490144.877384,13181.490145,13.181490,5261316096,0.444779,68.168208,68.612987,7168,10,4,4,512,32,108384,108384,5138004,10276008,204,47,4.000000,313,17
BCSR OMP,O2,12759957580.284233,12759.957580,12.759958,10563736224,0.857986,68.321099,69.179085,14392,10,4,4,1028,32,108384,108384,5138004,10276008,204,47,4.000000,313,17
