Name,-O,FLOPS,MFLOPS,GFLOPS,FOP Count,Avg Run Time (s),Format Time (s),Total Time (s),Verification,Iters,Block Row,Block Col,K-Bound,Threads,Rows,Cols,NNZ,NNZ*2,Max Cols,Avg Cols,Col Ratio,Variance,Std Deviation
ELL Serial,O2,706345917.728131,706.345918,0.706346,164416128,0.232877,65.030531,65.263408,0,10,1,1,16,-1,108384,108384,5138004,10276008,204,47,4.000000,313,17
ELL Serial,O2,1963441830.482972,1963.441830,1.963442,657664512,0.334956,64.927963,65.262919,0,10,1,1,64,-1,108384,108384,5138004,10276008,204,47,4.000000,313,17
ELL Serial,O2,2189499246.080229,2189.499246,2.189499,1315329024,0.600748,64.885281,65.486028,0,10,1,1,128,-1,108384,108384,5138004,10276008,204,47,4.000000,313,17
