Name,-O,FLOPS,MFLOPS,GFLOPS,FOP Count,Avg Run Time (s),Format Time (s),Total Time (s),Verification,Iters,Block Row,Block Col,K-Bound,Threads,Rows,Cols,NNZ,NNZ*2,Max Cols,Avg Cols,Col Ratio,Variance,Std Deviation
COO OMP,O2,inf,inf,inf,82208064,0.000000,15.363654,15.363654,867071,10,1,1,8,32,108384,108384,5138004,10276008,204,47,4.000000,313,17
COO OMP,O2,4994169919.296347,4994.169919,4.994170,164416128,0.035009,15.901637,15.936646,0,10,1,1,16,32,108384,108384,5138004,10276008,204,47,4.000000,313,17
COO OMP,O2,14173853880.312185,14173.853880,14.173854,657664512,0.047921,15.362710,15.410631,0,10,1,1,64,32,108384,108384,5138004,10276008,204,47,4.000000,313,17
COO OMP,O2,21558361425.840523,21558.361426,21.558361,1315329024,0.062276,15.379518,15.441794,0,10,1,1,128,32,108384,108384,5138004,10276008,204,47,4.000000,313,17
COO OMP,O2,inf,inf,inf,2630658048,0.000000,15.307385,15.307385,27746303,10,1,1,256,32,108384,108384,5138004,10276008,204,47,4.000000,313,17
COO OMP,O2,inf,inf,inf,5261316096,0.000000,15.805345,15.805345,55492607,10,1,1,512,32,108384,108384,5138004,10276008,204,47,4.000000,313,17
COO OMP,O2,inf,inf,inf,10563736224,0.000000,15.305060,15.305060,111418751,10,1,1,1028,32,108384,108384,5138004,10276008,204,47,4.000000,313,17
