Name,-O,FLOPS,MFLOPS,GFLOPS,FOP Count,Avg Run Time (s),Format Time (s),Total Time (s),Verification,Iters,Block Row,Block Col,K-Bound,Threads,Rows,Cols,NNZ,NNZ*2,Max Cols,Avg Cols,Col Ratio,Variance,Std Deviation
ELL OMP,O2,310290972.138542,310.290972,0.310291,10276008,0.033737,63.335334,63.369071,0,10,1,1,16,8,108384,108384,5138004,10276008,204,47,4.000000,313,17
ELL OMP,O2,129183214.017045,129.183214,0.129183,10276008,0.083367,63.205271,63.288638,0,10,1,1,64,8,108384,108384,5138004,10276008,204,47,4.000000,313,17
ELL OMP,O2,95380347.767632,95.380348,0.095380,10276008,0.110591,63.170476,63.281067,0,10,1,1,128,8,108384,108384,5138004,10276008,204,47,4.000000,313,17
ELL OMP,O2,332513114.472844,332.513114,0.332513,10276008,0.034302,63.156353,63.190655,0,10,1,1,16,16,108384,108384,5138004,10276008,204,47,4.000000,313,17
ELL OMP,O2,222251783.626265,222.251784,0.222252,10276008,0.055141,63.345409,63.400550,0,10,1,1,64,16,108384,108384,5138004,10276008,204,47,4.000000,313,17
ELL OMP,O2,153329463.884343,153.329464,0.153329,10276008,0.069663,63.491064,63.560727,0,10,1,1,128,16,108384,108384,5138004,10276008,204,47,4.000000,313,17
ELL OMP,O2,488665058.747977,488.665059,0.488665,10276008,0.028749,63.095763,63.124512,0,10,1,1,16,32,108384,108384,5138004,10276008,204,47,4.000000,313,17
ELL OMP,O2,339636174.486183,339.636174,0.339636,10276008,0.033447,63.323438,63.356885,0,10,1,1,64,32,108384,108384,5138004,10276008,204,47,4.000000,313,17
ELL OMP,O2,249770865.864901,249.770866,0.249771,10276008,0.042873,63.198506,63.241379,0,10,1,1,128,32,108384,108384,5138004,10276008,204,47,4.000000,313,17
