Name,-O,FLOPS,MFLOPS,GFLOPS,FOP Count,Avg Run Time (s),Format Time (s),Total Time (s),Verification,Iters,Block Row,Block Col,K-Bound,Threads,Rows,Cols,NNZ,NNZ*2,Max Cols,Avg Cols,Col Ratio,Variance,Std Deviation
COO Serial,O2,144997611.769997,144.997612,0.144998,10276008,0.073850,59.032229,59.106079,0,10,1,1,16,-1,108384,108384,5138004,10276008,204,47,4.000000,313,17
COO Serial,O2,48252395.976042,48.252396,0.048252,10276008,0.216917,57.750532,57.967450,0,10,1,1,64,-1,108384,108384,5138004,10276008,204,47,4.000000,313,17
COO Serial,O2,45935159.440542,45.935159,0.045935,10276008,0.227565,57.407993,57.635558,0,10,1,1,128,-1,108384,108384,5138004,10276008,204,47,4.000000,313,17
