Name,-O,FLOPS,MFLOPS,GFLOPS,FOP Count,Avg Run Time (s),Format Time (s),Total Time (s),Verification,Iters,Block Row,Block Col,K-Bound,Threads,Rows,Cols,NNZ,NNZ*2,Max Cols,Avg Cols,Col Ratio,Variance,Std Deviation
BCSR OMP,O2,1874088226.700398,1874.088227,1.874088,164416128,0.109410,64.460271,64.569681,224,10,4,4,16,8,108384,108384,5138004,10276008,204,47,4.000000,313,17
BCSR OMP,O2,2175512824.663688,2175.512825,2.175513,657664512,0.317372,63.802079,64.119451,896,10,4,4,64,8,108384,108384,5138004,10276008,204,47,4.000000,313,17
BCSR OMP,O2,9136789009.508965,9136.789010,9.136789,1315329024,0.164073,64.810534,64.974607,1792,10,4,4,128,8,108384,108384,5138004,10276008,204,47,4.000000,313,17
BCSR OMP,O2,1450706113.149615,1450.706113,1.450706,164416128,0.134959,64.805322,64.940281,224,10,4,4,16,16,108384,108384,5138004,10276008,204,47,4.000000,313,17
BCSR OMP,O2,4761077776.644760,4761.077777,4.761078,657664512,0.183794,64.655778,64.839572,896,10,4,4,64,16,108384,108384,5138004,10276008,204,47,4.000000,313,17
BCSR OMP,O2,8390596433.880104,8390.596434,8.390596,1315329024,0.180022,65.080020,65.260042,1792,10,4,4,128,16,108384,108384,5138004,10276008,204,47,4.000000,313,17
BCSR OMP,O2,720622367.454503,720.622367,0.720622,164416128,0.277954,63.097335,63.375289,224,10,4,4,16,32,108384,108384,5138004,10276008,204,47,4.000000,313,17
BCSR OMP,O2,3538464432.755986,3538.464433,3.538464,657664512,0.239312,64.475690,64.715002,896,10,4,4,64,32,108384,108384,5138004,10276008,204,47,4.000000,313,17
BCSR OMP,O2,5808273128.039354,5808.273128,5.808273,1315329024,0.286733,64.557765,64.844498,1792,10,4,4,128,32,108384,108384,5138004,10276008,204,47,4.000000,313,17
