Name,-O,FLOPS,MFLOPS,GFLOPS,FOP Count,Avg Run Time (s),Format Time (s),Total Time (s),Verification,Iters,Block Row,Block Col,K-Bound,Threads,Rows,Cols,NNZ,NNZ*2,Max Cols,Avg Cols,Col Ratio,Variance,Std Deviation
CSR OMP Transpose,O2,154292.288479,0.154292,0.000154,10276008,66.601267,15.761440,82.362707,0,10,1,1,16,8,108384,108384,5138004,10276008,204,47,4.000000,313,17
CSR OMP Transpose,O2,154471.052274,0.154471,0.000154,10276008,66.523977,15.787649,82.311626,0,10,1,1,64,8,108384,108384,5138004,10276008,204,47,4.000000,313,17
CSR OMP Transpose,O2,159192.751111,0.159193,0.000159,10276008,64.557240,15.805062,80.362302,0,10,1,1,128,8,108384,108384,5138004,10276008,204,47,4.000000,313,17
CSR OMP Transpose,O2,160850.903335,0.160851,0.000161,10276008,63.892778,15.728938,79.621717,0,10,1,1,16,16,108384,108384,5138004,10276008,204,47,4.000000,313,17
CSR OMP Transpose,O2,160380.595181,0.160381,0.000160,10276008,64.080073,15.734505,79.814578,0,10,1,1,64,16,108384,108384,5138004,10276008,204,47,4.000000,313,17
CSR OMP Transpose,O2,160013.673604,0.160014,0.000160,10276008,64.226042,15.701286,79.927328,0,10,1,1,128,16,108384,108384,5138004,10276008,204,47,4.000000,313,17
CSR OMP Transpose,O2,153368.657119,0.153369,0.000153,10276008,67.002725,15.465193,82.467918,0,10,1,1,16,32,108384,108384,5138004,10276008,204,47,4.000000,313,17
CSR OMP Transpose,O2,160508.678575,0.160509,0.000161,10276008,64.027647,15.695238,79.722885,0,10,1,1,64,32,108384,108384,5138004,10276008,204,47,4.000000,313,17
CSR OMP Transpose,O2,155407.630259,0.155408,0.000155,10276008,66.123017,15.746349,81.869366,0,10,1,1,128,32,108384,108384,5138004,10276008,204,47,4.000000,313,17
