Name,-O,FLOPS,MFLOPS,GFLOPS,FOP Count,Avg Run Time (s),Format Time (s),Total Time (s),Verification,Iters,Block Row,Block Col,K-Bound,Threads,Rows,Cols,NNZ,NNZ*2,Max Cols,Avg Cols,Col Ratio,Variance,Std Deviation
CSR OMP Transpose,O2,14518849638.860229,14518.849639,14.518850,1315329024,0.101717,65.719408,65.821125,0,10,1,1,128,8,108384,108384,5138004,10276008,204,47,4.000000,313,17
CSR OMP Transpose,O2,21164406317.440056,21164.406317,21.164406,1315329024,0.082318,67.019437,67.101755,0,10,1,1,128,16,108384,108384,5138004,10276008,204,47,4.000000,313,17
CSR OMP Transpose,O2,28593920655.336647,28593.920655,28.593921,1315329024,0.061470,67.206058,67.267528,0,10,1,1,128,32,108384,108384,5138004,10276008,204,47,4.000000,313,17
