Name,-O,FLOPS,MFLOPS,GFLOPS,FOP Count,Avg Run Time (s),Format Time (s),Total Time (s),Verification,Iters,Block Row,Block Col,K-Bound,Threads,Rows,Cols,NNZ,NNZ*2,Max Cols,Avg Cols,Col Ratio,Variance,Std Deviation
ELL OMP,O2,116059062.481486,116.059062,0.116059,10276008,0.088938,16.403221,16.492159,0,10,1,1,16,8,108384,108384,5138004,10276008,204,47,4.000000,313,17
ELL OMP,O2,68054838.101513,68.054838,0.068055,10276008,0.151160,16.577043,16.728203,0,10,1,1,64,8,108384,108384,5138004,10276008,204,47,4.000000,313,17
ELL OMP,O2,52166619.807032,52.166620,0.052167,10276008,0.198065,16.588529,16.786594,0,10,1,1,128,8,108384,108384,5138004,10276008,204,47,4.000000,313,17
ELL OMP,O2,151977633.403947,151.977633,0.151978,10276008,0.068216,16.606980,16.675196,0,10,1,1,16,16,108384,108384,5138004,10276008,204,47,4.000000,313,17
ELL OMP,O2,90451691.810774,90.451692,0.090452,10276008,0.114038,16.563736,16.677774,0,10,1,1,64,16,108384,108384,5138004,10276008,204,47,4.000000,313,17
ELL OMP,O2,69170031.624678,69.170032,0.069170,10276008,0.148719,16.548635,16.697354,0,10,1,1,128,16,108384,108384,5138004,10276008,204,47,4.000000,313,17
ELL OMP,O2,180618063.101882,180.618063,0.180618,10276008,0.058143,16.567671,16.625814,0,10,1,1,16,32,108384,108384,5138004,10276008,204,47,4.000000,313,17
ELL OMP,O2,111184661.013137,111.184661,0.111185,10276008,0.093442,16.527451,16.620893,0,10,1,1,64,32,108384,108384,5138004,10276008,204,47,4.000000,313,17
ELL OMP,O2,89911525.039444,89.911525,0.089912,10276008,0.114880,16.570452,16.685332,0,10,1,1,128,32,108384,108384,5138004,10276008,204,47,4.000000,313,17
