Name,-O,FLOPS,MFLOPS,GFLOPS,FOP Count,Avg Run Time (s),Format Time (s),Total Time (s),Verification,Iters,Block Row,Block Col,K-Bound,Threads,Rows,Cols,NNZ,NNZ*2,Max Cols,Avg Cols,Col Ratio,Variance,Std Deviation
ELL OMP Transpose,O2,4228501508.123637,4228.501508,4.228502,1315329024,0.324357,68.974051,69.298408,0,10,1,1,128,8,108384,108384,5138004,10276008,204,47,4.000000,313,17
ELL OMP Transpose,O2,8113427203.939756,8113.427204,8.113427,1315329024,0.173919,68.826849,69.000768,0,10,1,1,128,16,108384,108384,5138004,10276008,204,47,4.000000,313,17
ELL OMP Transpose,O2,10848610537.189125,10848.610537,10.848611,1315329024,0.136933,68.691019,68.827952,0,10,1,1,128,32,108384,108384,5138004,10276008,204,47,4.000000,313,17
