Name,-O,FLOPS,MFLOPS,GFLOPS,FOP Count,Avg Run Time (s),Format Time (s),Total Time (s),Verification,Iters,Block Row,Block Col,K-Bound,Threads,Rows,Cols,NNZ,NNZ*2,Max Cols,Avg Cols,Col Ratio,Variance,Std Deviation
BCSR OMP,O2,394868744.518255,394.868745,0.394869,10276008,0.057071,58.728061,58.785132,224,10,2,2,16,8,108384,108384,5138004,10276008,204,47,4.000000,313,17
BCSR OMP,O2,563009494.337397,563.009494,0.563009,10276008,0.018961,62.952548,62.971508,224,10,4,4,16,8,108384,108384,5138004,10276008,204,47,4.000000,313,17
BCSR OMP,O2,324604888.213431,324.604888,0.324605,10276008,0.032969,62.866920,62.899889,224,10,16,16,16,8,108384,108384,5138004,10276008,204,47,4.000000,313,17
BCSR OMP,O2,369608736.022217,369.608736,0.369609,10276008,0.028692,62.707168,62.735860,896,10,2,2,64,8,108384,108384,5138004,10276008,204,47,4.000000,313,17
BCSR OMP,O2,265059123.099103,265.059123,0.265059,10276008,0.039825,62.255331,62.295156,896,10,4,4,64,8,108384,108384,5138004,10276008,204,47,4.000000,313,17
BCSR OMP,O2,