Name,-O,FLOPS,MFLOPS,GFLOPS,FOP Count,Avg Run Time (s),Format Time (s),Total Time (s),Verification,Iters,Block Row,Block Col,K-Bound,Threads,Rows,Cols,NNZ,NNZ*2,Max Cols,Avg Cols,Col Ratio,Variance,Std Deviation
COO OMP Transpose,O2,8389174903.491635,8389.174903,8.389175,1315329024,0.156811,15.850298,16.007109,0,10,1,1,128,8,108384,108384,5138004,10276008,204,47,4.000000,313,17
COO OMP Transpose,O2,11065921658.210135,11065.921658,11.065922,1315329024,0.118943,15.878126,15.997069,0,10,1,1,128,16,108384,108384,5138004,10276008,204,47,4.000000,313,17
COO OMP Transpose,O2,12854286676.537418,12854.286677,12.854287,1315329024,0.102727,15.398418,15.501145,0,10,1,1,128,32,108384,108384,5138004,10276008,204,47,4.000000,313,17
