Name,-O,FLOPS,MFLOPS,GFLOPS,FOP Count,Avg Run Time (s),Format Time (s),Total Time (s),Verification,Iters,Block Row,Block Col,K-Bound,Threads,Rows,Cols,NNZ,NNZ*2,Max Cols,Avg Cols,Col Ratio,Variance,Std Deviation
ELL OMP,O2,inf,inf,inf,82208064,0.000000,67.374891,67.374891,867071,10,1,1,8,32,108384,108384,5138004,10276008,204,47,4.000000,313,17
ELL OMP,O2,7811589344.024300,7811.589344,7.811589,164416128,0.030613,67.348434,67.379047,0,10,1,1,16,32,108384,108384,5138004,10276008,204,47,4.000000,313,17
ELL OMP,O2,20005075978.332623,20005.075978,20.005076,657664512,0.033900,67.416717,67.450617,0,10,1,1,64,32,108384,108384,5138004,10276008,204,47,4.000000,313,17
ELL OMP,O2,34913011260.441208,34913.011260,34.913011,1315329024,0.049743,67.212400,67.262143,0,10,1,1,128,32,108384,108384,5138004,10276008,204,47,4.000000,313,17
ELL OMP,O2,inf,inf,inf,2630658048,0.000000,67.345008,67.345008,27746303,10,1,1,256,32,108384,108384,5138004,10276008,204,47,4.000000,313,17
ELL OMP,O2,inf,inf,inf,5261316096,0.000000,67.598839,67.598839,55492607,10,1,1,512,32,108384,108384,5138004,10276008,204,47,4.000000,313,17
ELL OMP,O2,inf,inf,inf,10563736224,0.000000,67.400500,67.400500,111418751,10,1,1,1028,32,108384,108384,5138004,10276008,204,47,4.000000,313,17
