Name,-O,FLOPS,MFLOPS,GFLOPS,FOP Count,Avg Run Time (s),Format Time (s),Total Time (s),Verification,Iters,Block Row,Block Col,K-Bound,Threads,Rows,Cols,NNZ,NNZ*2,Max Cols,Avg Cols,Col Ratio,Variance,Std Deviation
CSR THREADS,O2,985776185.951715,985.776186,0.985776,10276008,0.014072,62.462230,62.476302,0,5,1,1,16,72,108384,108384,5138004,10276008,204,47,4.000000,313,17
CSR THREADS,O2,841314396.337894,841.314396,0.841314,10276008,0.012266,62.236846,62.249112,0,5,1,1,64,72,108384,108384,5138004,10276008,204,47,4.000000,313,17
CSR THREADS,O2,617253153.987072,617.253154,0.617253,10276008,0.016745,57.987515,58.004260,0,5,1,1,128,72,108384,108384,5138004,10276008,204,47,4.000000,313,17
