Name,-O,FLOPS,MFLOPS,GFLOPS,FOP Count,Avg Run Time (s),Format Time (s),Total Time (s),Verification,Iters,Block Row,Block Col,K-Bound,Threads,Rows,Cols,NNZ,NNZ*2,Max Cols,Avg Cols,Col Ratio,Variance,Std Deviation
CSR OMP,O2,576680180.624950,576.680181,0.576680,10276008,0.018183,62.438410,62.456593,0,10,1,1,16,8,108384,108384,5138004,10276008,204,47,4.000000,313,17
CSR OMP,O2,326882814.199034,326.882814,0.326883,10276008,0.031973,61.787123,61.819096,0,10,1,1,64,8,108384,108384,5138004,10276008,204,47,4.000000,313,17
CSR OMP,O2,232012593.237054,232.012593,0.232013,10276008,0.046990,62.788464,62.835454,0,10,1,1,128,8,108384,108384,5138004,10276008,204,47,4.000000,313,17
CSR OMP,O2,783658480.709493,783.658481,0.783658,10276008,0.018998,61.905964,61.924963,0,10,1,1,16,16,108384,108384,5138004,10276008,204,47,4.000000,313,17
CSR OMP,O2,508393138.957231,508.393139,0.508393,10276008,0.021018,62.047931,62.068949,0,10,1,1,64,16,108384,108384,5138004,10276008,204,47,4.000000,313,17
CSR OMP,O2,323823294.747992,323.823295,0.323823,10276008,0.035376,63.600900,63.636276,0,10,1,1,128,16,108384,108384,5138004,10276008,204,47,4.000000,313,17
CSR OMP,O2,1108464020.325081,1108.464020,1.108464,10276008,0.010256,61.948907,61.959163,0,10,1,1,16,32,108384,108384,5138004,10276008,204,47,4.000000,313,17
CSR OMP,O2,681039258.922841,681.039259,0.681039,10276008,0.015624,61.945135,61.960759,0,10,1,1,64,32,108384,108384,5138004,10276008,204,47,4.000000,313,17
CSR OMP,O2,482230896.974619,482.230897,0.482231,10276008,0.027760,62.296098,62.323858,0,10,1,1,128,32,108384,108384,5138004,10276008,204,47,4.000000,313,17
