Name,-O,FLOPS,MFLOPS,GFLOPS,FOP Count,Avg Run Time (s),Format Time (s),Total Time (s),Verification,Iters,Block Row,Block Col,K-Bound,Threads,Rows,Cols,NNZ,NNZ*2,Max Cols,Avg Cols,Col Ratio,Variance,Std Deviation
ELL OMP,O2,2509102357.519202,2509.102358,2.509102,82208064,0.048908,69.036297,69.085205,0,10,1,1,8,32,108384,108384,5138004,10276008,204,47,4.000000,313,17
ELL OMP,O2,6875913308.159029,6875.913308,6.875913,164416128,0.035687,69.153730,69.189418,0,10,1,1,16,32,108384,108384,5138004,10276008,204,47,4.000000,313,17
ELL OMP,O2,19379095141.386894,19379.095141,19.379095,657664512,0.044807,69.377496,69.422302,0,10,1,1,64,32,108384,108384,5138004,10276008,204,47,4.000000,313,17
ELL OMP,O2,15090604715.524805,15090.604716,15.090605,1315329024,0.105660,67.631094,67.736754,0,10,1,1,128,32,108384,108384,5138004,10276008,204,47,4.000000,313,17
ELL OMP,O2,27754209218.120117,27754.209218,27.754209,2630658048,0.108002,69.194769,69.302771,0,10,1,1,256,32,108384,108384,5138004,10276008,204,47,4.000000,313,17
ELL OMP,O2,33229064190.109459,33229.064190,33.229064,5261316096,0.175484,69.892485,70.067969,0,10,1,1,512,32,108384,108384,5138004,10276008,204,47,4.000000,313,17
ELL OMP,O2,27987700731.283318,27987.700731,27.987701,10563736224,0.386335,69.812824,70.199159,0,10,1,1,1028,32,108384,108384,5138004,10276008,204,47,4.000000,313,17
