Name,-O,FLOPS,MFLOPS,GFLOPS,FOP Count,Avg Run Time (s),Format Time (s),Total Time (s),Verification,Iters,Block Row,Block Col,K-Bound,Threads,Rows,Cols,NNZ,NNZ*2,Max Cols,Avg Cols,Col Ratio,Variance,Std Deviation
ELL OMP,O2,1837510978.927892,1837.510979,1.837511,164416128,0.122766,64.070755,64.193521,0,10,1,1,16,8,108384,108384,5138004,10276008,204,47,4.000000,313,17
ELL OMP,O2,10879001024.686380,10879.001025,10.879001,657664512,0.070742,65.062115,65.132857,0,10,1,1,64,8,108384,108384,5138004,10276008,204,47,4.000000,313,17
ELL OMP,O2,8493935121.499408,8493.935121,8.493935,1315329024,0.200424,64.063172,64.263596,0,10,1,1,128,8,108384,108384,5138004,10276008,204,47,4.000000,313,17
ELL OMP,O2,5864306609.707404,5864.306610,5.864307,164416128,0.036462,65.181680,65.218142,0,10,1,1,16,16,108384,108384,5138004,10276008,204,47,4.000000,313,17
ELL OMP,O2,15968339518.393915,15968.339518,15.968340,657664512,0.053671,64.722215,64.775886,0,10,1,1,64,16,108384,108384,5138004,10276008,204,47,4.000000,313,17
ELL OMP,O2,20378143919.093529,20378.143919,20.378144,1315329024,0.073986,64.787252,64.861238,0,10,1,1,128,16,108384,108384,5138004,10276008,204,47,4.000000,313,17
ELL OMP,O2,8276844309.053621,8276.844309,8.276844,164416128,0.026322,64.860909,64.887231,0,10,1,1,16,32,108384,108384,5138004,10276008,204,47,4.000000,313,17
ELL OMP,O2,23772100942.440010,23772.100942,23.772101,657664512,0.034279,65.007412,65.041691,0,10,1,1,64,32,108384,108384,5138004,10276008,204,47,4.000000,313,17
ELL OMP,O2,21033860063.788715,21033.860064,21.033860,1315329024,0.097014,59.445824,59.542838,0,10,1,1,128,32,108384,108384,5138004,10276008,204,47,4.000000,313,17
