Name,-O,FLOPS,MFLOPS,GFLOPS,FOP Count,Avg Run Time (s),Format Time (s),Total Time (s),Verification,Iters,Block Row,Block Col,K-Bound,Threads,Rows,Cols,NNZ,NNZ*2,Max Cols,Avg Cols,Col Ratio,Variance,Std Deviation
CSR OMP,O2,227536564.740465,227.536565,0.227537,10276008,0.045545,15.460861,15.506406,0,10,1,1,16,8,108384,108384,5138004,10276008,204,47,4.000000,313,17
CSR OMP,O2,128317938.530930,128.317939,0.128318,10276008,0.080579,15.438867,15.519446,0,10,1,1,64,8,108384,108384,5138004,10276008,204,47,4.000000,313,17
CSR OMP,O2,94469566.083475,94.469566,0.094470,10276008,0.109090,15.416930,15.526020,0,10,1,1,128,8,108384,108384,5138004,10276008,204,47,4.000000,313,17
CSR OMP,O2,281441187.741095,281.441188,0.281441,10276008,0.037466,15.457527,15.494993,0,10,1,1,16,16,108384,108384,5138004,10276008,204,47,4.000000,313,17
CSR OMP,O2,175977812.676906,175.977813,0.175978,10276008,0.059077,15.210204,15.269281,0,10,1,1,64,16,108384,108384,5138004,10276008,204,47,4.000000,313,17
CSR OMP,O2,129707923.982210,129.707924,0.129708,10276008,0.079686,15.522828,15.602514,0,10,1,1,128,16,108384,108384,5138004,10276008,204,47,4.000000,313,17
CSR OMP,O2,346505343.363067,346.505343,0.346505,10276008,0.031905,15.423089,15.454994,0,10,1,1,16,32,108384,108384,5138004,10276008,204,47,4.000000,313,17
CSR OMP,O2,215533058.723247,215.533059,0.215533,10276008,0.049004,15.435851,15.484855,0,10,1,1,64,32,108384,108384,5138004,10276008,204,47,4.000000,313,17
CSR OMP,O2,163890585.646047,163.890586,0.163891,10276008,0.063966,15.405873,15.469839,0,10,1,1,128,32,108384,108384,5138004,10276008,204,47,4.000000,313,17
