Name,-O,FLOPS,MFLOPS,GFLOPS,FOP Count,Avg Run Time (s),Format Time (s),Total Time (s),Verification,Iters,Block Row,Block Col,K-Bound,Threads,Rows,Cols,NNZ,NNZ*2,Max Cols,Avg Cols,Col Ratio,Variance,Std Deviation
CSR Serial,O2,129708968.771598,129.708969,0.129709,10276008,0.079689,61.978982,62.058671,0,10,1,1,16,-1,108384,108384,5138004,10276008,204,47,4.000000,313,17
CSR Serial,O2,71221738.560132,71.221739,0.071222,10276008,0.144324,62.289180,62.433504,0,10,1,1,64,-1,108384,108384,5138004,10276008,204,47,4.000000,313,17
CSR Serial,O2,53736449.247654,53.736449,0.053736,10276008,0.191234,63.653726,63.844960,0,10,1,1,128,-1,108384,108384,5138004,10276008,204,47,4.000000,313,17
