Name,-O,FLOPS,MFLOPS,GFLOPS,FOP Count,Avg Run Time (s),Format Time (s),Total Time (s),Verification,Iters,Block Row,Block Col,K-Bound,Threads,Rows,Cols,NNZ,NNZ*2,Max Cols,Avg Cols,Col Ratio,Variance,Std Deviation
COO OMP Transpose,O2,579446.736737,0.579447,0.000579,10276008,17.740931,15.650717,33.391648,0,10,1,1,16,8,108384,108384,5138004,10276008,204,47,4.000000,313,17
COO OMP Transpose,O2,583384.717134,0.583385,0.000583,10276008,17.616492,16.013260,33.629752,0,10,1,1,64,8,108384,108384,5138004,10276008,204,47,4.000000,313,17
COO OMP Transpose,O2,579706.482339,0.579706,0.000580,10276008,17.733921,15.951744,33.685665,0,10,1,1,128,8,108384,108384,5138004,10276008,204,47,4.000000,313,17
COO OMP Transpose,O2,1046432.777253,1.046433,0.001046,10276008,9.843401,16.010977,25.854378,0,10,1,1,16,16,108384,108384,5138004,10276008,204,47,4.000000,313,17
COO OMP Transpose,O2,1076114.542180,1.076115,0.001076,10276008,9.550967,16.043334,25.594301,0,10,1,1,64,16,108384,108384,5138004,10276008,204,47,4.000000,313,17
COO OMP Transpose,O2,1075241.257648,1.075241,0.001075,10276008,9.568510,15.968666,25.537176,0,10,1,1,128,16,108384,108384,5138004,10276008,204,47,4.000000,313,17
COO OMP Transpose,O2,1835060.541974,1.835061,0.001835,10276008,5.600132,15.991181,21.591313,0,10,1,1,16,32,108384,108384,5138004,10276008,204,47,4.000000,313,17
COO OMP Transpose,O2,1858500.570634,1.858501,0.001859,10276008,5.529533,15.565286,21.094819,0,10,1,1,64,32,108384,108384,5138004,10276008,204,47,4.000000,313,17
COO OMP Transpose,O2,1768052.603763,1.768053,0.001768,10276008,5.812750,15.975854,21.788604,0,10,1,1,128,32,108384,108384,5138004,10276008,204,47,4.000000,313,17
