Name,-O,FLOPS,MFLOPS,GFLOPS,FOP Count,Avg Run Time (s),Format Time (s),Total Time (s),Verification,Iters,Block Row,Block Col,K-Bound,Threads,Rows,Cols,NNZ,NNZ*2,Max Cols,Avg Cols,Col Ratio,Variance,Std Deviation
CSR OMP,O2,201269363.206755,201.269363,0.201269,10276008,0.051712,15.557628,15.609340,0,10,1,1,16,8,108384,108384,5138004,10276008,204,47,4.000000,313,17
CSR OMP,O2,122475178.757189,122.475179,0.122475,10276008,0.084570,15.742287,15.826857,0,10,1,1,64,8,108384,108384,5138004,10276008,204,47,4.000000,313,17
CSR OMP,O2,91815309.200740,91.815309,0.091815,10276008,0.112465,15.702581,15.815046,0,10,1,1,128,8,108384,108384,5138004,10276008,204,47,4.000000,313,17
CSR OMP,O2,255503020.399395,255.503020,0.255503,10276008,0.040760,15.764398,15.805158,0,10,1,1,16,16,108384,108384,5138004,10276008,204,47,4.000000,313,17
CSR OMP,O2,169437335.711492,169.437336,0.169437,10276008,0.060909,15.754630,15.815539,0,10,1,1,64,16,108384,108384,5138004,10276008,204,47,4.000000,313,17
CSR OMP,O2,116893987.018085,116.893987,0.116894,10276008,0.088259,15.685860,15.774119,0,10,1,1,128,16,108384,108384,5138004,10276008,204,47,4.000000,313,17
CSR OMP,O2,334230498.720017,334.230499,0.334230,10276008,0.032888,15.599536,15.632424,0,10,1,1,16,32,108384,108384,5138004,10276008,204,47,4.000000,313,17
CSR OMP,O2,211456619.400255,211.456619,0.211457,10276008,0.050376,15.584316,15.634692,0,10,1,1,64,32,108384,108384,5138004,10276008,204,47,4.000000,313,17
CSR OMP,O2,157939730.544799,157.939731,0.157940,10276008,0.066118,15.720680,15.786798,0,10,1,1,128,32,108384,108384,5138004,10276008,204,47,4.000000,313,17
