Name,-O,FLOPS,MFLOPS,GFLOPS,FOP Count,Avg Run Time (s),Format Time (s),Total Time (s),Verification,Iters,Block Row,Block Col,K-Bound,Threads,Rows,Cols,NNZ,NNZ*2,Max Cols,Avg Cols,Col Ratio,Variance,Std Deviation
COO GPU,O2,361328077.973618,361.328078,0.361328,10276008,0.032119,15.368364,15.400483,0,10,1,1,16,-1,108384,108384,5138004,10276008,204,47,4.000000,313,17
COO GPU,O2,233657865.083373,233.657865,0.233658,10276008,0.048482,15.467860,15.516342,0,10,1,1,64,-1,108384,108384,5138004,10276008,204,47,4.000000,313,17
COO GPU,O2,178270971.071302,178.270971,0.178271,10276008,0.061333,15.476568,15.537901,0,10,1,1,128,-1,108384,108384,5138004,10276008,204,47,4.000000,313,17
