Name,-O,FLOPS,MFLOPS,GFLOPS,FOP Count,Avg Run Time (s),Format Time (s),Total Time (s),Verification,Iters,Block Row,Block Col,K-Bound,Threads,Rows,Cols,NNZ,NNZ*2,Max Cols,Avg Cols,Col Ratio,Variance,Std Deviation
COO OMP,O2,inf,inf,inf,82208064,0.000000,67.175179,67.175179,867071,10,1,1,8,32,108384,108384,5138004,10276008,204,47,4.000000,313,17
COO OMP,O2,14791840243.249125,14791.840243,14.791840,164416128,0.026592,67.391133,67.417725,0,10,1,1,16,32,108384,108384,5138004,10276008,204,47,4.000000,313,17
COO OMP,O2,38641236461.850197,38641.236462,38.641236,657664512,0.032697,67.299361,67.332058,0,10,1,1,64,32,108384,108384,5138004,10276008,204,47,4.000000,313,17
COO OMP,O2,59573945935.283508,59573.945935,59.573946,1315329024,0.039369,67.421005,67.460374,0,10,1,1,128,32,108384,108384,5138004,10276008,204,47,4.000000,313,17
COO OMP,O2,inf,inf,inf,2630658048,0.000000,67.319047,67.319047,27746303,10,1,1,256,32,108384,108384,5138004,10276008,204,47,4.000000,313,17
COO OMP,O2,inf,inf,inf,5261316096,0.000000,67.786980,67.786980,55492607,10,1,1,512,32,108384,108384,5138004,10276008,204,47,4.000000,313,17
COO OMP,O2,inf,inf,inf,10563736224,0.000000,67.533648,67.533648,111418751,10,1,1,1028,32,108384,108384,5138004,10276008,204,47,4.000000,313,17
