Name,-O,FLOPS,MFLOPS,GFLOPS,FOP Count,Avg Run Time (s),Format Time (s),Total Time (s),Verification,Iters,Block Row,Block Col,K-Bound,Threads,Rows,Cols,NNZ,NNZ*2,Max Cols,Avg Cols,Col Ratio,Variance,Std Deviation
BCSR OMP Transpose,O2,7970058759.996569,7970.058760,7.970059,1315329024,0.165146,15.707863,15.873009,1792,10,2,2,128,8,108384,108384,5138004,10276008,204,47,4.000000,313,17
BCSR OMP Transpose,O2,6844288146.496185,6844.288146,6.844288,1315329024,0.192324,15.449577,15.641901,1792,10,4,4,128,8,108384,108384,5138004,10276008,204,47,4.000000,313,17
BCSR OMP Transpose,O2,3838860018.240817,3838.860018,3.838860,1315329024,0.342706,16.316192,16.658898,1792,10,16,16,128,8,108384,108384,5138004,10276008,204,47,4.000000,313,17
BCSR OMP Transpose,O2,10675615606.154718,10675.615606,10.675616,1315329024,0.123240,15.291323,15.414563,1792,10,2,2,128,16,108384,108384,5138004,10276008,204,47,4.000000,313,17
BCSR OMP Transpose,O2,8555016961.725351,8555.016962,8.555017,1315329024,0.153826,16.031373,16.185199,1792,10,4,4,128,16,108384,108384,5138004,10276008,204,47,4.000000,313,17
BCSR OMP Transpose,O2,5641071837.211546,5641.071837,5.641072,1315329024,0.233229,15.538283,15.771512,1792,10,16,16,128,16,108384,108384,5138004,10276008,204,47,4.000000,313,17
BCSR OMP Transpose,O2,13731014625.414007,13731.014625,13.731015,1315329024,0.096118,16.037305,16.133423,1792,10,2,2,128,32,108384,108384,5138004,10276008,204,47,4.000000,313,17
BCSR OMP Transpose,O2,11814489819.422178,11814.489819,11.814490,1315329024,0.111566,15.397172,15.508738,1792,10,4,4,128,32,108384,108384,5138004,10276008,204,47,4.000000,313,17
BCSR OMP Transpose,O2,7428246821.036351,7428.246821,7.428247,1315329024,0.177106,16.299691,16.476797,1792,10,16,16,128,32,108384,108384,5138004,10276008,204,47,4.000000,313,17
