Name,-O,FLOPS,MFLOPS,GFLOPS,FOP Count,Avg Run Time (s),Format Time (s),Total Time (s),Verification,Iters,Block Row,Block Col,K-Bound,Threads,Rows,Cols,NNZ,NNZ*2,Max Cols,Avg Cols,Col Ratio,Variance,Std Deviation
BCSR OMP,O2,inf,inf,inf,82208064,0.000000,16.216410,16.216410,867071,10,4,4,8,32,108384,108384,5138004,10276008,204,47,4.000000,313,17
BCSR OMP,O2,854336430.917467,854.336431,0.854336,164416128,0.193157,15.722122,15.915279,224,10,4,4,16,32,108384,108384,5138004,10276008,204,47,4.000000,313,17
BCSR OMP,O2,3294017011.500546,3294.017012,3.294017,657664512,0.202168,15.689653,15.891821,896,10,4,4,64,32,108384,108384,5138004,10276008,204,47,4.000000,313,17
BCSR OMP,O2,5855273514.615526,5855.273515,5.855274,1315329024,0.225528,15.735812,15.961340,1792,10,4,4,128,32,108384,108384,5138004,10276008,204,47,4.000000,313,17
BCSR OMP,O2,inf,inf,inf,2630658048,0.000000,15.680241,15.680241,27746303,10,4,4,256,32,108384,108384,5138004,10276008,204,47,4.000000,313,17
BCSR OMP,O2,inf,inf,inf,5261316096,0.000000,16.225053,16.225053,55492607,10,4,4,512,32,108384,108384,5138004,10276008,204,47,4.000000,313,17
BCSR OMP,O2,inf,inf,inf,10563736224,0.000000,16.106601,16.106601,111418751,10,4,4,1028,32,108384,108384,5138004,10276008,204,47,4.000000,313,17
