Name,Avg Run Time (s),Format Time (s),Total Time (s),GFLOPS,Verification,Iters,Block Row,Block Col,Threads,FOP Count,Rows,Cols,NNZ,Max Cols,Avg Cols,Variance,Std Deviation
csr_serial,0.002505,0.015925,0.018430,6.720591,512,10,1,1,-1,16777216,512,512,16384,32,32,0,0
bcsr_serial 1 x 1,0.001752,0.041136,0.042888,9.295973,168448,10,1,1,-1,16280576,512,512,16384,32,32,0,0
bcsr_serial 2 x 2,0.004182,0.031569,0.035751,14.228666,168448,10,2,2,-1,59506688,512,512,16384,32,32,0,0
bcsr_serial 4 x 4,0.011483,0.028288,0.039771,14.852067,168448,10,4,4,-1,170541056,512,512,16384,32,32,0,0
bcsr_serial 8 x 8,0.022544,0.047023,0.069567,12.128369,168448,10,8,8,-1,263716864,512,512,16384,32,32,0,0
bcsr_serial 16 x 16,0.017808,0.032161,0.049969,15.075159,168448,10,16,16,-1,268435456,512,512,16384,32,32,0,0
bcsr_serial 32 x 32,0.021034,0.040297,0.061331,13.206504,168448,10,32,32,-1,268435456,512,512,16384,32,32,0,0
