Name,Avg Run Time (s),Format Time (s),Total Time (s),Verification,Iters,Block Row,Block Col,Threads,Rows,Cols,NNZ,Max Cols,Avg Cols
csr_serial,0.003949,0.006619,0.010568,0,100,1,1,-1,512,512,16384,0,0
bcsr_serial 1 x 1,0.004522,0.021029,0.025551,173568,100,1,1,-1,512,512,16384,0,0
bcsr_serial 2 x 2,0.015782,0.016189,0.031971,173568,100,2,2,-1,512,512,16384,0,0
bcsr_serial 4 x 4,0.044585,0.019600,0.064185,173568,100,4,4,-1,512,512,16384,0,0
bcsr_serial 8 x 8,0.071337,0.028712,0.100049,173568,100,8,8,-1,512,512,16384,0,0
bcsr_serial 16 x 16,0.072300,0.017012,0.089313,173568,100,16,16,-1,512,512,16384,0,0
bcsr_serial 32 x 32,0.072816,0.017545,0.090361,173568,100,32,32,-1,512,512,16384,0,0
