Name,Avg Run Time (s),Format Time (s),Total Time (s),Verification,Iters,Block Row,Block Col,Threads,Rows,Cols,NNZ,Max Cols,Avg Cols
csr_serial,0.002377,0.014172,0.016549,0,100,1,1,-1,512,512,16384,0,0
bcsr_serial 1 x 1,0.001390,0.026506,0.027896,173568,100,1,1,-1,512,512,16384,0,0
bcsr_serial 2 x 2,0.004833,0.032706,0.037539,173568,100,2,2,-1,512,512,16384,0,0
bcsr_serial 4 x 4,0.013842,0.037520,0.051362,173568,100,4,4,-1,512,512,16384,0,0
bcsr_serial 8 x 8,0.024131,0.027141,0.051272,173568,100,8,8,-1,512,512,16384,0,0
bcsr_serial 16 x 16,0.022007,0.025820,0.047827,173568,100,16,16,-1,512,512,16384,0,0
bcsr_serial 32 x 32,0.021846,0.023906,0.045752,173568,100,32,32,-1,512,512,16384,0,0
