Name,Avg Run Time (s),Format Time (s),Total Time (s),GFLOPS,Verification,Iters,Block Row,Block Col,Threads,FOP Count,Rows,Cols,NNZ,Max Cols,Avg Cols,Variance,Std Deviation
csr_serial,0.003103,0.014935,0.018038,5.406742,0,1,1,1,-1,16777216,512,512,16384,32,32,0,0
bcsr_serial 1 x 1,0.001874,0.038878,0.040752,8.673539,173568,1,1,1,-1,16253952,512,512,16384,32,32,0,0
bcsr_serial 2 x 2,0.006075,0.043957,0.050032,9.762454,173568,1,2,2,-1,59305984,512,512,16384,32,32,0,0
bcsr_serial 4 x 4,0.017577,0.048038,0.065615,9.630775,173568,1,4,4,-1,169279488,512,512,16384,32,32,0,0
bcsr_serial 8 x 8,0.025904,0.046057,0.071961,10.150210,173568,1,8,8,-1,262930432,512,512,16384,32,32,0,0
bcsr_serial 16 x 16,0.026284,0.043072,0.069356,10.212892,173568,1,16,16,-1,268435456,512,512,16384,32,32,0,0
bcsr_serial 32 x 32,0.026379,0.041994,0.068373,10.176062,173568,1,32,32,-1,268435456,512,512,16384,32,32,0,0
