Name,Avg Run Time (s),Format Time (s),Total Time (s),GFLOPS,Verification,Iters,Block Row,Block Col,Threads,FOP Count,Rows,Cols,NNZ,Max Cols,Avg Cols,Variance,Std Deviation
csr_serial,0.328042,0.369555,0.697597,6.546367,0,1,1,1,-1,2147483648,1024,1024,1048576,1024,1024,0,0
bcsr_serial 1 x 1,0.138935,1.229392,1.368327,15.456741,6144,1,1,1,-1,2147483648,1024,1024,1048576,1024,1024,0,0
bcsr_serial 2 x 2,0.136497,0.989877,1.126374,15.732852,6144,1,2,2,-1,2147483648,1024,1024,1048576,1024,1024,0,0
bcsr_serial 4 x 4,0.134791,0.882310,1.017101,15.931935,6144,1,4,4,-1,2147483648,1024,1024,1048576,1024,1024,0,0
bcsr_serial 8 x 8,0.135113,0.912913,1.048026,15.893982,6144,1,8,8,-1,2147483648,1024,1024,1048576,1024,1024,0,0
bcsr_serial 16 x 16,0.135085,0.839935,0.975020,15.897292,6144,1,16,16,-1,2147483648,1024,1024,1048576,1024,1024,0,0
bcsr_serial 32 x 32,0.134844,0.875048,1.009892,15.925710,6144,1,32,32,-1,2147483648,1024,1024,1048576,1024,1024,0,0
