Name,Avg Run Time (s),Format Time (s),Total Time (s),GFLOPS,Verification,Iters,Block Row,Block Col,K-Bound,Threads,FOP Count,Rows,Cols,NNZ,Max Cols,Avg Cols,Variance,Std Deviation
coo_omp_O2,0.022511,5.076009,5.098520,3.112252,0,10,1,1,16,8,65117344,62451,62451,2034917,40,32,54,7
coo_omp_collapse_O2,0.021227,5.280578,5.301805,3.946157,0,10,1,1,16,8,65117344,62451,62451,2034917,40,32,54,7
coo_omp_O2,0.022439,5.292130,5.314569,3.443651,0,10,1,1,16,16,65117344,62451,62451,2034917,40,32,54,7
coo_omp_collapse_O2,0.021964,5.272093,5.294056,3.745796,0,10,1,1,16,16,65117344,62451,62451,2034917,40,32,54,7
coo_omp_O2,0.021928,5.266453,5.288381,3.700672,0,10,1,1,16,32,65117344,62451,62451,2034917,40,32,54,7
coo_omp_collapse_O2,0.025836,5.330697,5.356533,3.277922,0,10,1,1,16,32,65117344,62451,62451,2034917,40,32,54,7
