Name,Avg Run Time (s),Format Time (s),Total Time (s),GFLOPS,Verification,Iters,Block Row,Block Col,K-Bound,Threads,FOP Count,Rows,Cols,NNZ,Max Cols,Avg Cols,Variance,Std Deviation
csr_transpose_omp_O2,7.573125,5.378357,12.951482,33.579174,0,10,1,1,16,8,254165203134,62451,62451,2034917,40,32,54,7
csr_transpose_omp_collapse_O2,56.461685,5.467422,61.929107,4.501700,0,10,1,1,16,8,254165203134,62451,62451,2034917,40,32,54,7
csr_transpose_omp_omp_O2,7.726415,5.481769,13.208184,32.922493,0,10,1,1,16,8,254165203134,62451,62451,2034917,40,32,54,7
csr_transpose_omp_O2,4.261611,5.520046,9.781657,59.682027,0,10,1,1,16,16,254165203134,62451,62451,2034917,40,32,54,7
csr_transpose_omp_collapse_O2,28.639894,5.498233,34.138127,8.874920,0,10,1,1,16,16,254165203134,62451,62451,2034917,40,32,54,7
csr_transpose_omp_omp_O2,4.224073,5.528822,9.752895,60.301891,0,10,1,1,16,16,254165203134,62451,62451,2034917,40,32,54,7
csr_transpose_omp_O2,3.728520,5.453721,9.182241,68.181725,0,10,1,1,16,32,254165203134,62451,62451,2034917,40,32,54,7
csr_transpose_omp_collapse_O2,16.012359,5.519226,21.531585,15.874167,0,10,1,1,16,32,254165203134,62451,62451,2034917,40,32,54,7
csr_transpose_omp_omp_O2,3.725108,5.507348,9.232456,68.243993,0,10,1,1,16,32,254165203134,62451,62451,2034917,40,32,54,7
