Name,Avg Run Time (s),Format Time (s),Total Time (s),GFLOPS,Verification,Iters,Block Row,Block Col,K-Bound,Threads,FOP Count,Rows,Cols,NNZ,Max Cols,Avg Cols,Variance,Std Deviation
bcsstk17,0.002558,0.237329,0.239887,85215.507794,0,10,1,1,16,-1,26012594016,10974,10974,219812,108,20,79,8
cant,0.028183,5.648918,5.677101,13012.083954,0,10,1,1,16,-1,312010192080,62451,62451,2034917,40,32,54,7
cop20k_A,0.032659,17.780643,17.813302,25620.784995,0,10,1,1,16,-1,705000041472,121192,121192,1362087,24,11,45,6
pdb1HYS,0.012426,2.647443,2.659869,211644.502066,0,10,1,1,16,-1,488040823152,36417,36417,2190591,184,60,753,27
rma10,0.027328,3.678801,3.706129,30223.823237,0,10,1,1,16,-1,636119995250,46835,46835,2374001,145,50,772,27
