Name,-O,FLOPS,MFLOPS,GFLOPS,FOP Count,Avg Run Time (s),Format Time (s),Total Time (s),Verification,Iters,Block Row,Block Col,K-Bound,Threads,Rows,Cols,NNZ,NNZ*2,Max Cols,Avg Cols,Col Ratio,Variance,Std Deviation
COO Serial,O2,107607416.194384,107.607416,0.107607,1748756,0.016262,12.315071,12.331333,0,10,1,1,16,-1,101492,101492,874378,1748756,24,8,3.000000,14,3
COO Serial,O2,29967829.180952,29.967829,0.029968,1748756,0.058371,12.390853,12.449224,0,10,1,1,64,-1,101492,101492,874378,1748756,24,8,3.000000,14,3
COO Serial,O2,16642125.052201,16.642125,0.016642,1748756,0.105087,12.395107,12.500194,0,10,1,1,128,-1,101492,101492,874378,1748756,24,8,3.000000,14,3
