Name,-O,FLOPS,MFLOPS,GFLOPS,FOP Count,Avg Run Time (s),Format Time (s),Total Time (s),Verification,Iters,Block Row,Block Col,K-Bound,Threads,Rows,Cols,NNZ,NNZ*2,Max Cols,Avg Cols,Col Ratio,Variance,Std Deviation
COO Serial,O2,32744505.594944,32.744506,0.032745,1748756,0.061679,49.664467,49.726146,0,10,1,1,16,-1,101492,101492,874378,1748756,24,8,3.000000,14,3
COO Serial,O2,16170979.677152,16.170980,0.016171,1748756,0.114056,49.749026,49.863082,0,10,1,1,64,-1,101492,101492,874378,1748756,24,8,3.000000,14,3
COO Serial,O2,16717919.285642,16.717919,0.016718,1748756,0.142113,49.686525,49.828638,0,10,1,1,128,-1,101492,101492,874378,1748756,24,8,3.000000,14,3
