Name,-O,FLOPS,MFLOPS,GFLOPS,FOP Count,Avg Run Time (s),Format Time (s),Total Time (s),Verification,Iters,Block Row,Block Col,K-Bound,Threads,Rows,Cols,NNZ,NNZ*2,Max Cols,Avg Cols,Col Ratio,Variance,Std Deviation
ELL Serial Transpose,O2,30473.611493,0.030474,0.000030,1748756,57.385915,12.659957,70.045872,0,10,1,1,16,-1,101492,101492,874378,1748756,24,8,3.000000,14,3
ELL Serial Transpose,O2,30512.714888,0.030513,0.000031,1748756,57.312378,12.438128,69.750506,0,10,1,1,64,-1,101492,101492,874378,1748756,24,8,3.000000,14,3
ELL Serial Transpose,O2,30338.070328,0.030338,0.000030,1748756,57.642635,12.345318,69.987953,0,10,1,1,128,-1,101492,101492,874378,1748756,24,8,3.000000,14,3
