Name,-O,FLOPS,MFLOPS,GFLOPS,FOP Count,Avg Run Time (s),Format Time (s),Total Time (s),Verification,Iters,Block Row,Block Col,K-Bound,Threads,Rows,Cols,NNZ,NNZ*2,Max Cols,Avg Cols,Col Ratio,Variance,Std Deviation
ELL Serial,O2,29022641.385678,29.022641,0.029023,1748756,0.070441,50.849659,50.920100,0,10,1,1,16,-1,101492,101492,874378,1748756,24,8,3.000000,14,3
ELL Serial,O2,12946386.106569,12.946386,0.012946,1748756,0.150899,50.533993,50.684892,0,10,1,1,64,-1,101492,101492,874378,1748756,24,8,3.000000,14,3
ELL Serial,O2,10850362.391194,10.850362,0.010850,1748756,0.174987,50.530837,50.705824,0,10,1,1,128,-1,101492,101492,874378,1748756,24,8,3.000000,14,3
