Name,-O,FLOPS,MFLOPS,GFLOPS,FOP Count,Avg Run Time (s),Format Time (s),Total Time (s),Verification,Iters,Block Row,Block Col,K-Bound,Threads,Rows,Cols,NNZ,NNZ*2,Max Cols,Avg Cols,Col Ratio,Variance,Std Deviation
BCSR GPU,O2,61018878.748712,61.018879,0.061019,1748756,0.032724,12.623143,12.655867,0,10,2,2,16,-1,101492,101492,874378,1748756,24,8,3.000000,14,3
BCSR GPU,O2,39218245.974092,39.218246,0.039218,1748756,0.048367,12.684143,12.732510,0,10,4,4,16,-1,101492,101492,874378,1748756,24,8,3.000000,14,3
BCSR GPU,O2,20838768.824630,20.838769,0.020839,1748756,0.086385,13.696415,13.782800,0,10,16,16,16,-1,101492,101492,874378,1748756,24,8,3.000000,14,3
BCSR GPU,O2,42156038.833654,42.156039,0.042156,1748756,0.044574,12.537230,12.581804,0,10,2,2,64,-1,101492,101492,874378,1748756,24,8,3.000000,14,3
BCSR GPU,O2,27192162.443066,27.192162,0.027192,1748756,0.067903,12.715804,12.783707,0,10,4,4,64,-1,101492,101492,874378,1748756,24,8,3.000000,14,3
BCSR GPU,O2,14300386.644046,14.300387,0.014300,1748756,0.124043,13.671419,13.795462,0,10,16,16,64,-1,101492,101492,874378,1748756,24,8,3.000000,14,3
BCSR GPU,O2,35281172.579806,35.281173,0.035281,1748756,0.053508,12.603970,12.657478,0,10,2,2,128,-1,101492,101492,874378,1748756,24,8,3.000000,14,3
BCSR GPU,O2,24030662.916824,24.030663,0.024031,1748756,0.076416,12.720109,12.796525,0,10,4,4,128,-1,101492,101492,874378,1748756,24,8,3.000000,14,3
BCSR GPU,O2,10562870.676490,10.562871,0.010563,1748756,0.166928,13.616585,13.783513,0,10,16,16,128,-1,101492,101492,874378,1748756,24,8,3.000000,14,3
