Name,-O,FLOPS,MFLOPS,GFLOPS,FOP Count,Avg Run Time (s),Format Time (s),Total Time (s),Verification,Iters,Block Row,Block Col,K-Bound,Threads,Rows,Cols,NNZ,NNZ*2,Max Cols,Avg Cols,Col Ratio,Variance,Std Deviation
COO OMP,O2,96511903.051213,96.511903,0.096512,1748756,0.031670,111.872757,111.904427,0,10,1,1,16,8,101492,101492,874378,1748756,24,8,3.000000,14,3
COO OMP,O2,90301054.085448,90.301054,0.090301,1748756,0.035619,111.825142,111.860761,0,10,1,1,64,8,101492,101492,874378,1748756,24,8,3.000000,14,3
COO OMP,O2,54757120.742181,54.757121,0.054757,1748756,0.044433,107.122601,107.167034,0,10,1,1,128,8,101492,101492,874378,1748756,24,8,3.000000,14,3
COO OMP,O2,91049732.350395,91.049732,0.091050,1748756,0.037929,107.043312,107.081241,0,10,1,1,16,16,101492,101492,874378,1748756,24,8,3.000000,14,3
COO OMP,O2,89826427.621704,89.826428,0.089826,1748756,0.035040,111.946986,111.982026,0,10,1,1,64,16,101492,101492,874378,1748756,24,8,3.000000,14,3
COO OMP,O2,47543613.737406,47.543614,0.047544,1748756,0.047969,106.842170,106.890139,0,10,1,1,128,16,101492,101492,874378,1748756,24,8,3.000000,14,3
COO OMP,O2,79854423.575678,79.854424,0.079854,1748756,0.042574,106.824190,106.866764,0,10,1,1,16,32,101492,101492,874378,1748756,24,8,3.000000,14,3
COO OMP,O2,84633054.763942,84.633055,0.084633,1748756,0.038634,107.000264,107.038898,0,10,1,1,64,32,101492,101492,874378,1748756,24,8,3.000000,14,3
COO OMP,O2,54736612.444550,54.736612,0.054737,1748756,0.044932,106.859585,106.904517,0,10,1,1,128,32,101492,101492,874378,1748756,24,8,3.000000,14,3
