Name,-O,FLOPS,MFLOPS,GFLOPS,FOP Count,Avg Run Time (s),Format Time (s),Total Time (s),Verification,Iters,Block Row,Block Col,K-Bound,Threads,Rows,Cols,NNZ,NNZ*2,Max Cols,Avg Cols,Col Ratio,Variance,Std Deviation
CSR Serial,O2,99244132.903358,99.244133,0.099244,1748756,0.017633,12.445685,12.463318,0,10,1,1,16,-1,101492,101492,874378,1748756,24,8,3.000000,14,3
CSR Serial,O2,29936062.860260,29.936063,0.029936,1748756,0.058432,12.297526,12.355958,0,10,1,1,64,-1,101492,101492,874378,1748756,24,8,3.000000,14,3
CSR Serial,O2,16828656.344688,16.828656,0.016829,1748756,0.103924,12.400463,12.504386,0,10,1,1,128,-1,101492,101492,874378,1748756,24,8,3.000000,14,3
