Name,-O,FLOPS,MFLOPS,GFLOPS,FOP Count,Avg Run Time (s),Format Time (s),Total Time (s),Verification,Iters,Block Row,Block Col,K-Bound,Threads,Rows,Cols,NNZ,NNZ*2,Max Cols,Avg Cols,Col Ratio,Variance,Std Deviation
CSR OMP,O2,79987534.733571,79.987535,0.079988,1748756,0.045799,112.494156,112.539955,0,10,1,1,16,8,101492,101492,874378,1748756,24,8,3.000000,14,3
CSR OMP,O2,54444024.919669,54.444025,0.054444,1748756,0.052319,111.442415,111.494734,0,10,1,1,64,8,101492,101492,874378,1748756,24,8,3.000000,14,3
CSR OMP,O2,30626177.812672,30.626178,0.030626,1748756,0.078458,106.724132,106.802590,0,10,1,1,128,8,101492,101492,874378,1748756,24,8,3.000000,14,3
CSR OMP,O2,43407374.194950,43.407374,0.043407,1748756,0.074685,108.001534,108.076219,0,10,1,1,16,16,101492,101492,874378,1748756,24,8,3.000000,14,3
CSR OMP,O2,125781040.423943,125.781040,0.125781,1748756,0.025030,115.023545,115.048575,0,10,1,1,64,16,101492,101492,874378,1748756,24,8,3.000000,14,3
CSR OMP,O2,48885061.878181,48.885062,0.048885,1748756,0.059955,107.485733,107.545688,0,10,1,1,128,16,101492,101492,874378,1748756,24,8,3.000000,14,3
CSR OMP,O2,90370896.275619,90.370896,0.090371,1748756,0.049930,110.912141,110.962070,0,10,1,1,16,32,101492,101492,874378,1748756,24,8,3.000000,14,3
CSR OMP,O2,68393983.934376,68.393984,0.068394,1748756,0.044414,111.466988,111.511402,0,10,1,1,64,32,101492,101492,874378,1748756,24,8,3.000000,14,3
CSR OMP,O2,46228915.326991,46.228915,0.046229,1748756,0.054155,110.428767,110.482922,0,10,1,1,128,32,101492,101492,874378,1748756,24,8,3.000000,14,3
