Name,-O,FLOPS,MFLOPS,GFLOPS,FOP Count,Avg Run Time (s),Format Time (s),Total Time (s),Verification,Iters,Block Row,Block Col,K-Bound,Threads,Rows,Cols,NNZ,NNZ*2,Max Cols,Avg Cols,Col Ratio,Variance,Std Deviation
BCSR Serial Transpose,O2,40267.939307,0.040268,0.000040,1748756,45.440797,50.677230,96.118026,0,10,2,2,16,-1,101492,101492,874378,1748756,24,8,3.000000,14,3
BCSR Serial Transpose,O2,47323.881290,0.047324,0.000047,1748756,38.353287,51.115596,89.468883,0,10,4,4,16,-1,101492,101492,874378,1748756,24,8,3.000000,14,3
BCSR Serial Transpose,O2,44651.897387,0.044652,0.000045,1748756,40.852395,53.133368,93.985763,0,10,16,16,16,-1,101492,101492,874378,1748756,24,8,3.000000,14,3
BCSR Serial Transpose,O2,50148.378192,0.050148,0.000050,1748756,35.292339,51.683475,86.975814,0,10,2,2,64,-1,101492,101492,874378,1748756,24,8,3.000000,14,3
BCSR Serial Transpose,O2,44977.912891,0.044978,0.000045,1748756,40.224742,51.867052,92.091794,0,10,4,4,64,-1,101492,101492,874378,1748756,24,8,3.000000,14,3
BCSR Serial Transpose,O2,47940.114458,0.047940,0.000048,1748756,36.882962,52.094040,88.977002,0,10,16,16,64,-1,101492,101492,874378,1748756,24,8,3.000000,14,3
BCSR Serial Transpose,O2,50322.033949,0.050322,0.000050,1748756,35.404212,50.602936,86.007148,0,10,2,2,128,-1,101492,101492,874378,1748756,24,8,3.000000,14,3
BCSR Serial Transpose,O2,41847.455635,0.041847,0.000042,1748756,45.481285,50.668628,96.149913,0,10,4,4,128,-1,101492,101492,874378,1748756,24,8,3.000000,14,3
BCSR Serial Transpose,O2,45383.363962,0.045383,0.000045,1748756,38.860311,52.396777,91.257088,0,10,16,16,128,-1,101492,101492,874378,1748756,24,8,3.000000,14,3
