Name,-O,FLOPS,MFLOPS,GFLOPS,FOP Count,Avg Run Time (s),Format Time (s),Total Time (s),Verification,Iters,Block Row,Block Col,K-Bound,Threads,Rows,Cols,NNZ,NNZ*2,Max Cols,Avg Cols,Col Ratio,Variance,Std Deviation
CSR Serial,O2,41014791.574546,41.014792,0.041015,1748756,0.042782,106.553136,106.595918,0,10,1,1,16,-1,101492,101492,874378,1748756,24,8,3.000000,14,3
CSR Serial,O2,25966677.773422,25.966678,0.025967,1748756,0.067380,106.243973,106.311353,0,10,1,1,64,-1,101492,101492,874378,1748756,24,8,3.000000,14,3
CSR Serial,O2,17549830.835467,17.549831,0.017550,1748756,0.099689,106.700241,106.799930,0,10,1,1,128,-1,101492,101492,874378,1748756,24,8,3.000000,14,3
