Name,-O,FLOPS,MFLOPS,GFLOPS,FOP Count,Avg Run Time (s),Format Time (s),Total Time (s),Verification,Iters,Block Row,Block Col,K-Bound,Threads,Rows,Cols,NNZ,NNZ*2,Max Cols,Avg Cols,Col Ratio,Variance,Std Deviation
COO GPU,O2,129794020.296008,129.794020,0.129794,1748756,0.019136,12.387264,12.406400,0,10,1,1,16,-1,101492,101492,874378,1748756,24,8,3.000000,14,3
COO GPU,O2,72078627.237094,72.078627,0.072079,1748756,0.029520,12.374331,12.403851,0,10,1,1,64,-1,101492,101492,874378,1748756,24,8,3.000000,14,3
COO GPU,O2,58722609.503417,58.722610,0.058723,1748756,0.033798,12.326217,12.360015,0,10,1,1,128,-1,101492,101492,874378,1748756,24,8,3.000000,14,3
