Name,-O,FLOPS,MFLOPS,GFLOPS,FOP Count,Avg Run Time (s),Format Time (s),Total Time (s),Verification,Iters,Block Row,Block Col,K-Bound,Threads,Rows,Cols,NNZ,NNZ*2,Max Cols,Avg Cols,Col Ratio,Variance,Std Deviation
COO OMP,O2,111030540.678697,111.030541,0.111031,1748756,0.036831,50.243833,50.280664,0,10,1,1,16,8,101492,101492,874378,1748756,24,8,3.000000,14,3
COO OMP,O2,110797541.679415,110.797542,0.110798,1748756,0.025462,50.466623,50.492085,0,10,1,1,64,8,101492,101492,874378,1748756,24,8,3.000000,14,3
COO OMP,O2,63082837.958543,63.082838,0.063083,1748756,0.056603,50.399828,50.456431,0,10,1,1,128,8,101492,101492,874378,1748756,24,8,3.000000,14,3
COO OMP,O2,123160832.133557,123.160832,0.123161,1748756,0.046845,50.960947,51.007792,0,10,1,1,16,16,101492,101492,874378,1748756,24,8,3.000000,14,3
COO OMP,O2,78879773.766889,78.879774,0.078880,1748756,0.058755,50.397978,50.456733,0,10,1,1,64,16,101492,101492,874378,1748756,24,8,3.000000,14,3
COO OMP,O2,59228681.308211,59.228681,0.059229,1748756,0.069856,50.597254,50.667110,0,10,1,1,128,16,101492,101492,874378,1748756,24,8,3.000000,14,3
COO OMP,O2,95414945.776400,95.414946,0.095415,1748756,0.056661,50.721228,50.777889,0,10,1,1,16,32,101492,101492,874378,1748756,24,8,3.000000,14,3
COO OMP,O2,74974304.761267,74.974305,0.074974,1748756,0.047497,50.379547,50.427044,0,10,1,1,64,32,101492,101492,874378,1748756,24,8,3.000000,14,3
COO OMP,O2,63662457.533660,63.662458,0.063662,1748756,0.059284,50.535052,50.594336,0,10,1,1,128,32,101492,101492,874378,1748756,24,8,3.000000,14,3
