Name,-O,FLOPS,MFLOPS,GFLOPS,FOP Count,Avg Run Time (s),Format Time (s),Total Time (s),Verification,Iters,Block Row,Block Col,K-Bound,Threads,Rows,Cols,NNZ,NNZ*2,Max Cols,Avg Cols,Col Ratio,Variance,Std Deviation
BCSR Serial Transpose,O2,734511.502893,0.734512,0.000735,968512,1.318607,2.950203,4.268810,480,10,2,2,16,-1,23560,23560,484256,968512,21,20,1.000000,1,1
BCSR Serial Transpose,O2,727302.726425,0.727303,0.000727,968512,1.331672,2.959411,4.291083,480,10,4,4,16,-1,23560,23560,484256,968512,21,20,1.000000,1,1
BCSR Serial Transpose,O2,723935.926659,0.723936,0.000724,968512,1.337863,3.029237,4.367100,480,10,16,16,16,-1,23560,23560,484256,968512,21,20,1.000000,1,1
BCSR Serial Transpose,O2,719980.972137,0.719981,0.000720,968512,1.345212,2.958435,4.303647,1920,10,2,2,64,-1,23560,23560,484256,968512,21,20,1.000000,1,1
BCSR Serial Transpose,O2,711667.259116,0.711667,0.000712,968512,1.360921,2.967126,4.328047,1920,10,4,4,64,-1,23560,23560,484256,968512,21,20,1.000000,1,1
BCSR Serial Transpose,O2,657921.937930,0.657922,0.000658,968512,1.472088,3.033169,4.505257,1920,10,16,16,64,-1,23560,23560,484256,968512,21,20,1.000000,1,1
BCSR Serial Transpose,O2,688573.492307,0.688573,0.000689,968512,1.406567,2.976503,4.383070,3840,10,2,2,128,-1,23560,23560,484256,968512,21,20,1.000000,1,1
BCSR Serial Transpose,O2,692372.532537,0.692373,0.000692,968512,1.398853,2.957478,4.356331,3840,10,4,4,128,-1,23560,23560,484256,968512,21,20,1.000000,1,1
BCSR Serial Transpose,O2,601268.725268,0.601269,0.000601,968512,1.610802,3.035951,4.646753,3840,10,16,16,128,-1,23560,23560,484256,968512,21,20,1.000000,1,1
