Name,-O,FLOPS,MFLOPS,GFLOPS,FOP Count,Avg Run Time (s),Format Time (s),Total Time (s),Verification,Iters,Block Row,Block Col,K-Bound,Threads,Rows,Cols,NNZ,NNZ*2,Max Cols,Avg Cols,Col Ratio,Variance,Std Deviation
CSR Serial,O2,267932671.823559,267.932672,0.267933,968512,0.003655,0.915065,0.918720,0,10,1,1,16,-1,23560,23560,484256,968512,21,20,1.000000,1,1
CSR Serial,O2,59034463.357962,59.034463,0.059034,968512,0.016456,0.812587,0.829043,0,10,1,1,64,-1,23560,23560,484256,968512,21,20,1.000000,1,1
CSR Serial,O2,32385028.748885,32.385029,0.032385,968512,0.029951,0.886703,0.916654,0,10,1,1,128,-1,23560,23560,484256,968512,21,20,1.000000,1,1
