Name,-O,FLOPS,MFLOPS,GFLOPS,FOP Count,Avg Run Time (s),Format Time (s),Total Time (s),Verification,Iters,Block Row,Block Col,K-Bound,Threads,Rows,Cols,NNZ,NNZ*2,Max Cols,Avg Cols,Col Ratio,Variance,Std Deviation
BCSR Serial,O2,124795309.061934,124.795309,0.124795,968512,0.007846,2.771548,2.779394,480,10,2,2,16,-1,23560,23560,484256,968512,21,20,1.000000,1,1
BCSR Serial,O2,129467205.617221,129.467206,0.129467,968512,0.007481,2.775659,2.783140,480,10,4,4,16,-1,23560,23560,484256,968512,21,20,1.000000,1,1
BCSR Serial,O2,38989881.482808,38.989881,0.038990,968512,0.024868,2.847131,2.871999,480,10,16,16,16,-1,23560,23560,484256,968512,21,20,1.000000,1,1
BCSR Serial,O2,53574355.778447,53.574356,0.053574,968512,0.018119,2.787660,2.805779,1920,10,2,2,64,-1,23560,23560,484256,968512,21,20,1.000000,1,1
BCSR Serial,O2,44908348.140224,44.908348,0.044908,968512,0.021668,2.776607,2.798275,1920,10,4,4,64,-1,23560,23560,484256,968512,21,20,1.000000,1,1
BCSR Serial,O2,15605883.418955,15.605883,0.015606,968512,0.062091,2.851427,2.913517,1920,10,16,16,64,-1,23560,23560,484256,968512,21,20,1.000000,1,1
BCSR Serial,O2,37519737.746626,37.519738,0.037520,968512,0.025820,2.773368,2.799188,3840,10,2,2,128,-1,23560,23560,484256,968512,21,20,1.000000,1,1
BCSR Serial,O2,31230607.203671,31.230607,0.031231,968512,0.031063,2.775168,2.806230,3840,10,4,4,128,-1,23560,23560,484256,968512,21,20,1.000000,1,1
BCSR Serial,O2,9392151.920730,9.392152,0.009392,968512,0.103125,2.843978,2.947103,3840,10,16,16,128,-1,23560,23560,484256,968512,21,20,1.000000,1,1
