Name,-O,FLOPS,MFLOPS,GFLOPS,FOP Count,Avg Run Time (s),Format Time (s),Total Time (s),Verification,Iters,Block Row,Block Col,K-Bound,Threads,Rows,Cols,NNZ,NNZ*2,Max Cols,Avg Cols,Col Ratio,Variance,Std Deviation
ELL OMP Transpose,O2,1982761.547383,1.982762,0.001983,968512,0.489908,1.005036,1.494944,0,10,1,1,16,8,23560,23560,484256,968512,21,20,1.000000,1,1
ELL OMP Transpose,O2,1983028.378454,1.983028,0.001983,968512,0.489482,1.018620,1.508102,0,10,1,1,64,8,23560,23560,484256,968512,21,20,1.000000,1,1
ELL OMP Transpose,O2,1890314.513591,1.890315,0.001890,968512,0.513664,1.024983,1.538647,0,10,1,1,128,8,23560,23560,484256,968512,21,20,1.000000,1,1
ELL OMP Transpose,O2,4110722.095851,4.110722,0.004111,968512,0.238572,1.013383,1.251955,0,10,1,1,16,16,23560,23560,484256,968512,21,20,1.000000,1,1
ELL OMP Transpose,O2,4078791.418251,4.078791,0.004079,968512,0.240614,1.029619,1.270233,0,10,1,1,64,16,23560,23560,484256,968512,21,20,1.000000,1,1
ELL OMP Transpose,O2,3909497.719440,3.909498,0.003909,968512,0.251910,1.043105,1.295015,0,10,1,1,128,16,23560,23560,484256,968512,21,20,1.000000,1,1
ELL OMP Transpose,O2,7634495.717925,7.634496,0.007634,968512,0.130753,1.030561,1.161314,0,10,1,1,16,32,23560,23560,484256,968512,21,20,1.000000,1,1
ELL OMP Transpose,O2,7454055.660871,7.454056,0.007454,968512,0.133133,1.030517,1.163650,0,10,1,1,64,32,23560,23560,484256,968512,21,20,1.000000,1,1
ELL OMP Transpose,O2,7474401.806900,7.474402,0.007474,968512,0.133731,1.009317,1.143048,0,10,1,1,128,32,23560,23560,484256,968512,21,20,1.000000,1,1
