Name,-O,FLOPS,MFLOPS,GFLOPS,FOP Count,Avg Run Time (s),Format Time (s),Total Time (s),Verification,Iters,Block Row,Block Col,K-Bound,Threads,Rows,Cols,NNZ,NNZ*2,Max Cols,Avg Cols,Col Ratio,Variance,Std Deviation
CSR Serial,O2,80046181.828061,80.046182,0.080046,968512,0.012099,6.070482,6.082581,0,10,1,1,16,-1,23560,23560,484256,968512,21,20,1.000000,1,1
CSR Serial,O2,49393368.348912,49.393368,0.049393,968512,0.019747,6.062591,6.082338,0,10,1,1,64,-1,23560,23560,484256,968512,21,20,1.000000,1,1
CSR Serial,O2,31354775.439617,31.354775,0.031355,968512,0.030895,6.040603,6.071498,0,10,1,1,128,-1,23560,23560,484256,968512,21,20,1.000000,1,1
