Name,-O,FLOPS,MFLOPS,GFLOPS,FOP Count,Avg Run Time (s),Format Time (s),Total Time (s),Verification,Iters,Block Row,Block Col,K-Bound,Threads,Rows,Cols,NNZ,NNZ*2,Max Cols,Avg Cols,Col Ratio,Variance,Std Deviation
CSR GPU Transpose,O2,613583.191293,0.613583,0.000614,968512,1.579082,0.914359,2.493441,0,10,1,1,16,-1,23560,23560,484256,968512,21,20,1.000000,1,1
CSR GPU Transpose,O2,583185.815638,0.583186,0.000583,968512,1.676848,0.856845,2.533693,0,10,1,1,64,-1,23560,23560,484256,968512,21,20,1.000000,1,1
CSR GPU Transpose,O2,679859.178970,0.679859,0.000680,968512,1.425052,0.928392,2.353444,0,10,1,1,128,-1,23560,23560,484256,968512,21,20,1.000000,1,1
