Name,-O,FLOPS,MFLOPS,GFLOPS,FOP Count,Avg Run Time (s),Format Time (s),Total Time (s),Verification,Iters,Block Row,Block Col,K-Bound,Threads,Rows,Cols,NNZ,NNZ*2,Max Cols,Avg Cols,Col Ratio,Variance,Std Deviation
ELL OMP,O2,332423735.549464,332.423736,0.332424,439624,0.003990,0.311139,0.315129,0,10,1,1,16,8,10974,10974,219812,439624,108,20,5.000000,79,8
ELL OMP,O2,136051399.233548,136.051399,0.136051,439624,0.006704,0.341592,0.348295,0,10,1,1,64,8,10974,10974,219812,439624,108,20,5.000000,79,8
ELL OMP,O2,71569254.674432,71.569255,0.071569,439624,0.011020,0.340685,0.351705,0,10,1,1,128,8,10974,10974,219812,439624,108,20,5.000000,79,8
ELL OMP,O2,476137952.168891,476.137952,0.476138,439624,0.003219,0.245828,0.249047,0,10,1,1,16,16,10974,10974,219812,439624,108,20,5.000000,79,8
ELL OMP,O2,207371815.325524,207.371815,0.207372,439624,0.005059,0.245558,0.250617,0,10,1,1,64,16,10974,10974,219812,439624,108,20,5.000000,79,8
ELL OMP,O2,119909112.601786,119.909113,0.119909,439624,0.007327,0.257247,0.264574,0,10,1,1,128,16,10974,10974,219812,439624,108,20,5.000000,79,8
ELL OMP,O2,1195620982.746593,1195.620983,1.195621,439624,0.002786,0.246472,0.249259,0,10,1,1,16,32,10974,10974,219812,439624,108,20,5.000000,79,8
ELL OMP,O2,375648076.256790,375.648076,0.375648,439624,0.003649,0.245665,0.249314,0,10,1,1,64,32,10974,10974,219812,439624,108,20,5.000000,79,8
ELL OMP,O2,259638168.345978,259.638168,0.259638,439624,0.005557,0.245475,0.251031,0,10,1,1,128,32,10974,10974,219812,439624,108,20,5.000000,79,8
