Name,-O,FLOPS,MFLOPS,GFLOPS,FOP Count,Avg Run Time (s),Format Time (s),Total Time (s),Verification,Iters,Block Row,Block Col,K-Bound,Threads,Rows,Cols,NNZ,NNZ*2,Max Cols,Avg Cols,Col Ratio,Variance,Std Deviation
COO OMP,O2,1864562001.455442,1864.562001,1.864562,439624,0.001434,0.295964,0.297398,0,10,1,1,16,8,10974,10974,219812,439624,108,20,5.000000,79,8
COO OMP,O2,606636796.389126,606.636796,0.606637,439624,0.002954,0.217608,0.220562,0,10,1,1,64,8,10974,10974,219812,439624,108,20,5.000000,79,8
COO OMP,O2,364003966.506236,364.003967,0.364004,439624,0.001589,0.263025,0.264614,0,10,1,1,128,8,10974,10974,219812,439624,108,20,5.000000,79,8
COO OMP,O2,2240671889.789660,2240.671890,2.240672,439624,0.000928,0.222688,0.223616,0,10,1,1,16,16,10974,10974,219812,439624,108,20,5.000000,79,8
COO OMP,O2,1226964648.551067,1226.964649,1.226965,439624,0.000685,0.309616,0.310301,0,10,1,1,64,16,10974,10974,219812,439624,108,20,5.000000,79,8
COO OMP,O2,606492717.119801,606.492717,0.606493,439624,0.001379,0.311103,0.312482,0,10,1,1,128,16,10974,10974,219812,439624,108,20,5.000000,79,8
COO OMP,O2,3625712421.837170,3625.712422,3.625712,439624,0.001583,0.318648,0.320231,0,10,1,1,16,32,10974,10974,219812,439624,108,20,5.000000,79,8
COO OMP,O2,1324012423.355771,1324.012423,1.324012,439624,0.001722,0.317141,0.318863,0,10,1,1,64,32,10974,10974,219812,439624,108,20,5.000000,79,8
COO OMP,O2,1142154775.148075,1142.154775,1.142155,439624,0.002085,0.217818,0.219903,0,10,1,1,128,32,10974,10974,219812,439624,108,20,5.000000,79,8
