Name,-O,FLOPS,MFLOPS,GFLOPS,FOP Count,Avg Run Time (s),Format Time (s),Total Time (s),Verification,Iters,Block Row,Block Col,K-Bound,Threads,Rows,Cols,NNZ,NNZ*2,Max Cols,Avg Cols,Col Ratio,Variance,Std Deviation
COO OMP,O2,1043160905.391342,1043.160905,1.043161,439624,0.004693,1.391553,1.396246,0,10,1,1,16,8,10974,10974,219812,439624,108,20,5.000000,79,8
COO OMP,O2,424978349.341400,424.978349,0.424978,439624,0.004233,1.398612,1.402845,0,10,1,1,64,8,10974,10974,219812,439624,108,20,5.000000,79,8
COO OMP,O2,211964010.164172,211.964010,0.211964,439624,0.005651,1.399014,1.404665,0,10,1,1,128,8,10974,10974,219812,439624,108,20,5.000000,79,8
COO OMP,O2,329347850.629653,329.347851,0.329348,439624,0.005798,1.399231,1.405029,0,10,1,1,16,16,10974,10974,219812,439624,108,20,5.000000,79,8
COO OMP,O2,451491927.208104,451.491927,0.451492,439624,0.005147,1.508693,1.513840,0,10,1,1,64,16,10974,10974,219812,439624,108,20,5.000000,79,8
COO OMP,O2,208572360.554137,208.572361,0.208572,439624,0.005140,1.386053,1.391192,0,10,1,1,128,16,10974,10974,219812,439624,108,20,5.000000,79,8
COO OMP,O2,1002753947.683297,1002.753948,1.002754,439624,0.003426,1.396725,1.400151,0,10,1,1,16,32,10974,10974,219812,439624,108,20,5.000000,79,8
COO OMP,O2,162973818.409691,162.973818,0.162974,439624,0.009078,1.396268,1.405346,0,10,1,1,64,32,10974,10974,219812,439624,108,20,5.000000,79,8
COO OMP,O2,217599404.273702,217.599404,0.217599,439624,0.004264,1.499803,1.504067,0,10,1,1,128,32,10974,10974,219812,439624,108,20,5.000000,79,8
