Name,-O,FLOPS,MFLOPS,GFLOPS,FOP Count,Avg Run Time (s),Format Time (s),Total Time (s),Verification,Iters,Block Row,Block Col,K-Bound,Threads,Rows,Cols,NNZ,NNZ*2,Max Cols,Avg Cols,Col Ratio,Variance,Std Deviation
CSR Serial,O2,171177240.850241,171.177241,0.171177,85886,0.000520,0.089491,0.090011,0,10,1,1,16,-1,2003,2003,42943,85886,84,21,4.000000,197,14
CSR Serial,O2,91702552.135866,91.702552,0.091703,85886,0.000939,0.072215,0.073155,0,10,1,1,64,-1,2003,2003,42943,85886,84,21,4.000000,197,14
CSR Serial,O2,40813790.027407,40.813790,0.040814,85886,0.002117,0.091758,0.093875,0,10,1,1,128,-1,2003,2003,42943,85886,84,21,4.000000,197,14
