Name,-O,FLOPS,MFLOPS,GFLOPS,FOP Count,Avg Run Time (s),Format Time (s),Total Time (s),Verification,Iters,Block Row,Block Col,K-Bound,Threads,Rows,Cols,NNZ,NNZ*2,Max Cols,Avg Cols,Col Ratio,Variance,Std Deviation
BCSR THREADS,O2,126907993.454130,126.907993,0.126908,85886,0.002307,0.086662,0.088969,0,5,2,2,16,64,2003,2003,42943,85886,84,21,4.000000,197,14
BCSR THREADS,O2,84066660.331664,84.066660,0.084067,85886,0.002270,0.050965,0.053235,0,5,4,4,16,64,2003,2003,42943,85886,84,21,4.000000,197,14
BCSR THREADS,O2,44861478.074389,44.861478,0.044861,85886,0.002595,0.056072,0.058667,0,5,16,16,16,72,2003,2003,42943,85886,84,21,4.000000,197,14
BCSR THREADS,O2,119762760.922934,119.762761,0.119763,85886,0.000740,0.043128,0.043868,0,5,2,2,64,8,2003,2003,42943,85886,84,21,4.000000,197,14
BCSR THREADS,O2,102354964.946645,102.354965,0.102355,85886,0.000842,0.030220,0.031062,0,5,4,4,64,4,2003,2003,42943,85886,84,21,4.000000,197,14
BCSR THREADS,O2,47285430.797576,47.285431,0.047285,85886,0.001843,0.083196,0.085039,0,5,16,16,64,16,2003,2003,42943,85886,84,21,4.000000,197,14
BCSR THREADS,O2,238442970.747337,238.442971,0.238443,85886,0.000401,0.021632,0.022032,0,5,2,2,128,16,2003,2003,42943,85886,84,21,4.000000,197,14
BCSR THREADS,O2,53486697.523384,53.486698,0.053487,85886,0.001616,0.070181,0.071797,0,5,4,4,128,8,2003,2003,42943,85886,84,21,4.000000,197,14
BCSR THREADS,O2,27628171.172661,27.628171,0.027628,85886,0.005954,0.040640,0.046594,0,5,16,16,128,64,2003,2003,42943,85886,84,21,4.000000,197,14
