Name,-O,FLOPS,MFLOPS,GFLOPS,FOP Count,Avg Run Time (s),Format Time (s),Total Time (s),Verification,Iters,Block Row,Block Col,K-Bound,Threads,Rows,Cols,NNZ,NNZ*2,Max Cols,Avg Cols,Col Ratio,Variance,Std Deviation
COO THREADS,O2,1087158047.586290,1087.158048,1.087158,85886,0.000119,0.046836,0.046955,0,5,1,1,16,8,2003,2003,42943,85886,84,21,4.000000,197,14
COO THREADS,O2,416691736.294672,416.691736,0.416692,85886,0.000230,0.048475,0.048705,0,5,1,1,64,8,2003,2003,42943,85886,84,21,4.000000,197,14
COO THREADS,O2,255942004.157503,255.942004,0.255942,85886,0.000357,0.052452,0.052810,0,5,1,1,128,8,2003,2003,42943,85886,84,21,4.000000,197,14
