Name,-O,FLOPS,MFLOPS,GFLOPS,FOP Count,Avg Run Time (s),Format Time (s),Total Time (s),Verification,Iters,Block Row,Block Col,K-Bound,Threads,Rows,Cols,NNZ,NNZ*2,Max Cols,Avg Cols,Col Ratio,Variance,Std Deviation
ELL Serial,O2,86618304.173696,86.618304,0.086618,85886,0.000994,0.049020,0.050014,0,10,1,1,16,-1,2003,2003,42943,85886,84,21,4.000000,197,14
ELL Serial,O2,33744745.326821,33.744745,0.033745,85886,0.002547,0.047624,0.050171,0,10,1,1,64,-1,2003,2003,42943,85886,84,21,4.000000,197,14
ELL Serial,O2,20458100.260937,20.458100,0.020458,85886,0.004199,0.043245,0.047444,0,10,1,1,128,-1,2003,2003,42943,85886,84,21,4.000000,197,14
