Name,-O,FLOPS,MFLOPS,GFLOPS,FOP Count,Avg Run Time (s),Format Time (s),Total Time (s),Verification,Iters,Block Row,Block Col,K-Bound,Threads,Rows,Cols,NNZ,NNZ*2,Max Cols,Avg Cols,Col Ratio,Variance,Std Deviation
CSR GPU Transpose,O2,994505.730648,0.994506,0.000995,439624,0.442103,0.672004,1.114107,0,10,1,1,16,-1,10974,10974,219812,439624,108,20,5.000000,79,8
CSR GPU Transpose,O2,994868.827672,0.994869,0.000995,439624,0.441985,0.688931,1.130916,0,10,1,1,64,-1,10974,10974,219812,439624,108,20,5.000000,79,8
CSR GPU Transpose,O2,986584.654528,0.986585,0.000987,439624,0.445634,0.683138,1.128772,0,10,1,1,128,-1,10974,10974,219812,439624,108,20,5.000000,79,8
