Name,-O,FLOPS,MFLOPS,GFLOPS,FOP Count,Avg Run Time (s),Format Time (s),Total Time (s),Verification,Iters,Block Row,Block Col,K-Bound,Threads,Rows,Cols,NNZ,NNZ*2,Max Cols,Avg Cols,Col Ratio,Variance,Std Deviation
COO OMP,O2,145323178.712214,145.323179,0.145323,85886,0.000971,0.071716,0.072687,0,10,1,1,16,8,2003,2003,42943,85886,84,21,4.000000,197,14
COO OMP,O2,65182756.148593,65.182756,0.065183,85886,0.002151,0.081740,0.083891,0,10,1,1,64,8,2003,2003,42943,85886,84,21,4.000000,197,14
COO OMP,O2,39483779.088908,39.483779,0.039484,85886,0.003322,0.062765,0.066088,0,10,1,1,128,8,2003,2003,42943,85886,84,21,4.000000,197,14
COO OMP,O2,139650532.684603,139.650533,0.139651,85886,0.001149,0.071030,0.072179,0,10,1,1,16,16,2003,2003,42943,85886,84,21,4.000000,197,14
COO OMP,O2,72304645.256511,72.304645,0.072305,85886,0.002114,0.059183,0.061298,0,10,1,1,64,16,2003,2003,42943,85886,84,21,4.000000,197,14
COO OMP,O2,47266991.289585,47.266991,0.047267,85886,0.003303,0.042067,0.045370,0,10,1,1,128,16,2003,2003,42943,85886,84,21,4.000000,197,14
COO OMP,O2,264651864.311454,264.651864,0.264652,85886,0.001935,0.056159,0.058094,0,10,1,1,16,32,2003,2003,42943,85886,84,21,4.000000,197,14
COO OMP,O2,161878092.721993,161.878093,0.161878,85886,0.002607,0.073373,0.075980,0,10,1,1,64,32,2003,2003,42943,85886,84,21,4.000000,197,14
COO OMP,O2,61214691.275604,61.214691,0.061215,85886,0.003322,0.052201,0.055523,0,10,1,1,128,32,2003,2003,42943,85886,84,21,4.000000,197,14
