Name,-O,FLOPS,MFLOPS,GFLOPS,FOP Count,Avg Run Time (s),Format Time (s),Total Time (s),Verification,Iters,Block Row,Block Col,K-Bound,Threads,Rows,Cols,NNZ,NNZ*2,Max Cols,Avg Cols,Col Ratio,Variance,Std Deviation
CSR OMP Transpose,O2,32944926.175204,32.944926,0.032945,85886,0.004786,0.069463,0.074249,0,10,1,1,16,8,2003,2003,42943,85886,84,21,4.000000,197,14
CSR OMP Transpose,O2,29721961.426526,29.721961,0.029722,85886,0.004879,0.033530,0.038409,0,10,1,1,64,8,2003,2003,42943,85886,84,21,4.000000,197,14
CSR OMP Transpose,O2,23886754.114172,23.886754,0.023887,85886,0.005334,0.058119,0.063454,0,10,1,1,128,8,2003,2003,42943,85886,84,21,4.000000,197,14
CSR OMP Transpose,O2,46720719.904093,46.720720,0.046721,85886,0.002892,0.033956,0.036848,0,10,1,1,16,16,2003,2003,42943,85886,84,21,4.000000,197,14
CSR OMP Transpose,O2,38576443.467797,38.576443,0.038576,85886,0.003690,0.045305,0.048995,0,10,1,1,64,16,2003,2003,42943,85886,84,21,4.000000,197,14
CSR OMP Transpose,O2,29451460.763272,29.451461,0.029451,85886,0.005132,0.067744,0.072876,0,10,1,1,128,16,2003,2003,42943,85886,84,21,4.000000,197,14
CSR OMP Transpose,O2,55883460.719549,55.883461,0.055883,85886,0.003419,0.033755,0.037173,0,10,1,1,16,32,2003,2003,42943,85886,84,21,4.000000,197,14
CSR OMP Transpose,O2,50652729.275642,50.652729,0.050653,85886,0.003359,0.070310,0.073669,0,10,1,1,64,32,2003,2003,42943,85886,84,21,4.000000,197,14
CSR OMP Transpose,O2,40237200.626505,40.237201,0.040237,85886,0.003580,0.017846,0.021426,0,10,1,1,128,32,2003,2003,42943,85886,84,21,4.000000,197,14
