Name,-O,FLOPS,MFLOPS,GFLOPS,FOP Count,Avg Run Time (s),Format Time (s),Total Time (s),Verification,Iters,Block Row,Block Col,K-Bound,Threads,Rows,Cols,NNZ,NNZ*2,Max Cols,Avg Cols,Col Ratio,Variance,Std Deviation
COO Serial,O2,155127584.899973,155.127585,0.155128,85886,0.000555,0.081272,0.081827,0,10,1,1,16,-1,2003,2003,42943,85886,84,21,4.000000,197,14
COO Serial,O2,57863788.715497,57.863789,0.057864,85886,0.001503,0.080586,0.082089,0,10,1,1,64,-1,2003,2003,42943,85886,84,21,4.000000,197,14
COO Serial,O2,34761194.389635,34.761194,0.034761,85886,0.002495,0.049024,0.051519,0,10,1,1,128,-1,2003,2003,42943,85886,84,21,4.000000,197,14
