Name,-O,FLOPS,MFLOPS,GFLOPS,FOP Count,Avg Run Time (s),Format Time (s),Total Time (s),Verification,Iters,Block Row,Block Col,K-Bound,Threads,Rows,Cols,NNZ,NNZ*2,Max Cols,Avg Cols,Col Ratio,Variance,Std Deviation
ELL Serial,O2,54978865.804633,54.978866,0.054979,439624,0.007999,0.669841,0.677840,0,10,1,1,16,-1,10974,10974,219812,439624,108,20,5.000000,79,8
ELL Serial,O2,22518226.657517,22.518227,0.022518,439624,0.019523,0.669301,0.688825,0,10,1,1,64,-1,10974,10974,219812,439624,108,20,5.000000,79,8
ELL Serial,O2,14696353.526904,14.696354,0.014696,439624,0.029915,0.669044,0.698959,0,10,1,1,128,-1,10974,10974,219812,439624,108,20,5.000000,79,8
