Name,-O,FLOPS,MFLOPS,GFLOPS,FOP Count,Avg Run Time (s),Format Time (s),Total Time (s),Verification,Iters,Block Row,Block Col,K-Bound,Threads,Rows,Cols,NNZ,NNZ*2,Max Cols,Avg Cols,Col Ratio,Variance,Std Deviation
COO OMP,O2,132703587.744678,132.703588,0.132704,85886,0.013488,0.045389,0.058877,0,10,1,1,16,8,2003,2003,42943,85886,84,21,4.000000,197,14
COO OMP,O2,10130043.119954,10.130043,0.010130,85886,0.015344,0.040072,0.055416,0,10,1,1,64,8,2003,2003,42943,85886,84,21,4.000000,197,14
COO OMP,O2,20289557.776825,20.289558,0.020290,85886,0.012481,0.045246,0.057727,0,10,1,1,128,8,2003,2003,42943,85886,84,21,4.000000,197,14
COO OMP,O2,196858498.533172,196.858499,0.196858,85886,0.009740,0.044002,0.053742,0,10,1,1,16,16,2003,2003,42943,85886,84,21,4.000000,197,14
COO OMP,O2,16583361.623785,16.583362,0.016583,85886,0.012877,0.042991,0.055868,64,10,1,1,64,16,2003,2003,42943,85886,84,21,4.000000,197,14
COO OMP,O2,31513139.683276,31.513140,0.031513,85886,0.011328,0.041515,0.052843,0,10,1,1,128,16,2003,2003,42943,85886,84,21,4.000000,197,14
COO OMP,O2,67878419.339885,67.878419,0.067878,85886,0.014216,0.047948,0.062164,0,10,1,1,16,32,2003,2003,42943,85886,84,21,4.000000,197,14
COO OMP,O2,7717022.492283,7.717022,0.007717,85886,0.018486,0.047754,0.066240,0,10,1,1,64,32,2003,2003,42943,85886,84,21,4.000000,197,14
COO OMP,O2,40190099.232902,40.190099,0.040190,85886,0.014561,0.044337,0.058898,0,10,1,1,128,32,2003,2003,42943,85886,84,21,4.000000,197,14
