Name,-O,FLOPS,MFLOPS,GFLOPS,FOP Count,Avg Run Time (s),Format Time (s),Total Time (s),Verification,Iters,Block Row,Block Col,K-Bound,Threads,Rows,Cols,NNZ,NNZ*2,Max Cols,Avg Cols,Col Ratio,Variance,Std Deviation
ELL THREADS,O2,460301568.383453,460.301568,0.460302,439624,0.002990,0.783962,0.786952,0,5,1,1,16,48,10974,10974,219812,439624,108,20,5.000000,79,8
ELL THREADS,O2,293504227.929634,293.504228,0.293504,439624,0.002907,0.792179,0.795086,0,5,1,1,64,32,10974,10974,219812,439624,108,20,5.000000,79,8
ELL THREADS,O2,142084164.864576,142.084165,0.142084,439624,0.005556,0.781344,0.786900,0,5,1,1,128,72,10974,10974,219812,439624,108,20,5.000000,79,8
