Name,-O,FLOPS,MFLOPS,GFLOPS,FOP Count,Avg Run Time (s),Format Time (s),Total Time (s),Verification,Iters,Block Row,Block Col,K-Bound,Threads,Rows,Cols,NNZ,NNZ*2,Max Cols,Avg Cols,Col Ratio,Variance,Std Deviation
CSR Serial,O2,145542020.850959,145.542021,0.145542,85886,0.000592,0.083818,0.084410,0,10,1,1,16,-1,2003,2003,42943,85886,84,21,4.000000,197,14
CSR Serial,O2,61160828.575398,61.160829,0.061161,85886,0.001413,0.081407,0.082820,0,10,1,1,64,-1,2003,2003,42943,85886,84,21,4.000000,197,14
CSR Serial,O2,30624754.776912,30.624755,0.030625,85886,0.002845,0.080266,0.083111,0,10,1,1,128,-1,2003,2003,42943,85886,84,21,4.000000,197,14
