Name,-O,FLOPS,MFLOPS,GFLOPS,FOP Count,Avg Run Time (s),Format Time (s),Total Time (s),Verification,Iters,Block Row,Block Col,K-Bound,Threads,Rows,Cols,NNZ,NNZ*2,Max Cols,Avg Cols,Col Ratio,Variance,Std Deviation
CSR GPU,O2,3198394.491436,3.198394,0.003198,85886,0.034714,0.088261,0.122975,0,10,1,1,16,-1,2003,2003,42943,85886,84,21,4.000000,197,14
CSR GPU,O2,3105256.094724,3.105256,0.003105,85886,0.033839,0.066676,0.100514,0,10,1,1,64,-1,2003,2003,42943,85886,84,21,4.000000,197,14
CSR GPU,O2,2931854.774387,2.931855,0.002932,85886,0.036028,0.085058,0.121086,0,10,1,1,128,-1,2003,2003,42943,85886,84,21,4.000000,197,14
