Name,-O,FLOPS,MFLOPS,GFLOPS,FOP Count,Avg Run Time (s),Format Time (s),Total Time (s),Verification,Iters,Block Row,Block Col,K-Bound,Threads,Rows,Cols,NNZ,NNZ*2,Max Cols,Avg Cols,Col Ratio,Variance,Std Deviation
CSR Serial,O2,86715344.538642,86.715345,0.086715,439624,0.005070,1.379501,1.384571,0,10,1,1,16,-1,10974,10974,219812,439624,108,20,5.000000,79,8
CSR Serial,O2,56062789.055079,56.062789,0.056063,439624,0.007842,1.414783,1.422625,0,10,1,1,64,-1,10974,10974,219812,439624,108,20,5.000000,79,8
CSR Serial,O2,40717466.245105,40.717466,0.040717,439624,0.010797,1.428014,1.438811,0,10,1,1,128,-1,10974,10974,219812,439624,108,20,5.000000,79,8
