Name,-O,FLOPS,MFLOPS,GFLOPS,FOP Count,Avg Run Time (s),Format Time (s),Total Time (s),Verification,Iters,Block Row,Block Col,K-Bound,Threads,Rows,Cols,NNZ,NNZ*2,Max Cols,Avg Cols,Col Ratio,Variance,Std Deviation
COO Serial Transpose,O2,1042521.865412,1.042522,0.001043,439624,0.421693,0.674896,1.096589,0,10,1,1,16,-1,10974,10974,219812,439624,108,20,5.000000,79,8
COO Serial Transpose,O2,1026314.133989,1.026314,0.001026,439624,0.428352,0.677090,1.105442,0,10,1,1,64,-1,10974,10974,219812,439624,108,20,5.000000,79,8
COO Serial Transpose,O2,1007377.653265,1.007378,0.001007,439624,0.436404,0.670324,1.106728,0,10,1,1,128,-1,10974,10974,219812,439624,108,20,5.000000,79,8
