Name,-O,FLOPS,MFLOPS,GFLOPS,FOP Count,Avg Run Time (s),Format Time (s),Total Time (s),Verification,Iters,Block Row,Block Col,K-Bound,Threads,Rows,Cols,NNZ,NNZ*2,Max Cols,Avg Cols,Col Ratio,Variance,Std Deviation
ELL THREADS,O2,135197332.184529,135.197332,0.135197,85886,0.001825,0.084510,0.086335,0,5,1,1,16,72,2003,2003,42943,85886,84,21,4.000000,197,14
ELL THREADS,O2,45810921.065189,45.810921,0.045811,85886,0.002406,0.047277,0.049683,0,5,1,1,64,72,2003,2003,42943,85886,84,21,4.000000,197,14
ELL THREADS,O2,64509544.323963,64.509544,0.064510,85886,0.003612,0.068167,0.071779,0,5,1,1,128,72,2003,2003,42943,85886,84,21,4.000000,197,14
