Name,-O,FLOPS,MFLOPS,GFLOPS,FOP Count,Avg Run Time (s),Format Time (s),Total Time (s),Verification,Iters,Block Row,Block Col,K-Bound,Threads,Rows,Cols,NNZ,NNZ*2,Max Cols,Avg Cols,Col Ratio,Variance,Std Deviation
COO GPU,O2,481037.518021,0.481038,0.000481,439624,0.918561,1.392066,2.310627,166238,10,1,1,16,-1,10974,10974,219812,439624,108,20,5.000000,79,8
COO GPU,O2,484755.375946,0.484755,0.000485,439624,0.912125,1.447242,2.359367,664891,10,1,1,64,-1,10974,10974,219812,439624,108,20,5.000000,79,8
COO GPU,O2,493512.788151,0.493513,0.000494,439624,0.895500,1.439999,2.335499,1329697,10,1,1,128,-1,10974,10974,219812,439624,108,20,5.000000,79,8
