Name,-O,FLOPS,MFLOPS,GFLOPS,FOP Count,Avg Run Time (s),Format Time (s),Total Time (s),Verification,Iters,Block Row,Block Col,K-Bound,Threads,Rows,Cols,NNZ,NNZ*2,Max Cols,Avg Cols,Col Ratio,Variance,Std Deviation
CSR GPU,O2,127517553.607272,127.517554,0.127518,85886,0.006005,0.046587,0.052592,0,10,1,1,16,-1,2003,2003,42943,85886,84,21,4.000000,197,14
CSR GPU,O2,108032162.142887,108.032162,0.108032,85886,0.004676,0.060947,0.065623,0,10,1,1,64,-1,2003,2003,42943,85886,84,21,4.000000,197,14
CSR GPU,O2,61007215.501589,61.007216,0.061007,85886,0.004694,0.071152,0.075846,0,10,1,1,128,-1,2003,2003,42943,85886,84,21,4.000000,197,14
