Name,-O,FLOPS,MFLOPS,GFLOPS,FOP Count,Avg Run Time (s),Format Time (s),Total Time (s),Verification,Iters,Block Row,Block Col,K-Bound,Threads,Rows,Cols,NNZ,NNZ*2,Max Cols,Avg Cols,Col Ratio,Variance,Std Deviation
ELL Serial Transpose,O2,1585679.124092,1.585679,0.001586,439624,0.277261,0.669162,0.946423,0,10,1,1,16,-1,10974,10974,219812,439624,108,20,5.000000,79,8
ELL Serial Transpose,O2,1411042.451624,1.411042,0.001411,439624,0.311574,0.673422,0.984996,0,10,1,1,64,-1,10974,10974,219812,439624,108,20,5.000000,79,8
ELL Serial Transpose,O2,1205335.759366,1.205336,0.001205,439624,0.364754,0.672970,1.037724,0,10,1,1,128,-1,10974,10974,219812,439624,108,20,5.000000,79,8
