Name,-O,FLOPS,MFLOPS,GFLOPS,FOP Count,Avg Run Time (s),Format Time (s),Total Time (s),Verification,Iters,Block Row,Block Col,K-Bound,Threads,Rows,Cols,NNZ,NNZ*2,Max Cols,Avg Cols,Col Ratio,Variance,Std Deviation
ELL OMP,O2,143009073.721453,143.009074,0.143009,439624,0.003572,1.211836,1.215408,0,10,1,1,16,8,10974,10974,219812,439624,108,20,5.000000,79,8
ELL OMP,O2,71306379.906334,71.306380,0.071306,439624,0.006328,1.172961,1.179289,0,10,1,1,64,8,10974,10974,219812,439624,108,20,5.000000,79,8
ELL OMP,O2,40672502.289366,40.672502,0.040673,439624,0.010966,1.190987,1.201953,0,10,1,1,128,8,10974,10974,219812,439624,108,20,5.000000,79,8
ELL OMP,O2,98893287.340750,98.893287,0.098893,439624,0.006647,1.152401,1.159048,0,10,1,1,16,16,10974,10974,219812,439624,108,20,5.000000,79,8
ELL OMP,O2,54826604.029194,54.826604,0.054827,439624,0.009012,1.160658,1.169670,0,10,1,1,64,16,10974,10974,219812,439624,108,20,5.000000,79,8
ELL OMP,O2,31670367.769705,31.670368,0.031670,439624,0.014521,1.180548,1.195069,0,10,1,1,128,16,10974,10974,219812,439624,108,20,5.000000,79,8
ELL OMP,O2,65808986.966820,65.808987,0.065809,439624,0.019537,1.184582,1.204119,0,10,1,1,16,32,10974,10974,219812,439624,108,20,5.000000,79,8
ELL OMP,O2,12932878.272652,12.932878,0.012933,439624,0.036626,1.159661,1.196287,0,10,1,1,64,32,10974,10974,219812,439624,108,20,5.000000,79,8
ELL OMP,O2,17834427.017415,17.834427,0.017834,439624,0.033795,1.171109,1.204904,0,10,1,1,128,32,10974,10974,219812,439624,108,20,5.000000,79,8
