Name,-O,FLOPS,MFLOPS,GFLOPS,FOP Count,Avg Run Time (s),Format Time (s),Total Time (s),Verification,Iters,Block Row,Block Col,K-Bound,Threads,Rows,Cols,NNZ,NNZ*2,Max Cols,Avg Cols,Col Ratio,Variance,Std Deviation
COO OMP,O2,254552440.858438,254.552441,0.254552,4069834,0.023296,41.054509,41.077805,0,10,1,1,16,8,62451,62451,2034917,4069834,40,32,1.000000,54,7
COO OMP,O2,151650380.202281,151.650380,0.151650,4069834,0.029220,41.326552,41.355772,0,10,1,1,64,8,62451,62451,2034917,4069834,40,32,1.000000,54,7
COO OMP,O2,152699348.894573,152.699349,0.152699,4069834,0.030718,41.319405,41.350123,0,10,1,1,128,8,62451,62451,2034917,4069834,40,32,1.000000,54,7
COO OMP,O2,204777763.291997,204.777763,0.204778,4069834,0.022770,41.333919,41.356689,0,10,1,1,16,16,62451,62451,2034917,4069834,40,32,1.000000,54,7
COO OMP,O2,162905153.702419,162.905154,0.162905,4069834,0.026123,41.388948,41.415071,0,10,1,1,64,16,62451,62451,2034917,4069834,40,32,1.000000,54,7
COO OMP,O2,137125667.790224,137.125668,0.137126,4069834,0.032235,41.089998,41.122233,0,10,1,1,128,16,62451,62451,2034917,4069834,40,32,1.000000,54,7
COO OMP,O2,200794330.828384,200.794331,0.200794,4069834,0.021857,41.370894,41.392751,0,10,1,1,16,32,62451,62451,2034917,4069834,40,32,1.000000,54,7
COO OMP,O2,178509620.925694,178.509621,0.178510,4069834,0.026601,41.417799,41.444400,0,10,1,1,64,32,62451,62451,2034917,4069834,40,32,1.000000,54,7
COO OMP,O2,144657760.442378,144.657760,0.144658,4069834,0.030310,41.041276,41.071586,0,10,1,1,128,32,62451,62451,2034917,4069834,40,32,1.000000,54,7
