Name,-O,FLOPS,MFLOPS,GFLOPS,FOP Count,Avg Run Time (s),Format Time (s),Total Time (s),Verification,Iters,Block Row,Block Col,K-Bound,Threads,Rows,Cols,NNZ,NNZ*2,Max Cols,Avg Cols,Col Ratio,Variance,Std Deviation
CSR GPU Transpose,O2,196661.126980,0.196661,0.000197,4069834,20.698487,5.382356,26.080843,0,10,1,1,16,-1,62451,62451,2034917,4069834,40,32,1.000000,54,7
CSR GPU Transpose,O2,195774.015036,0.195774,0.000196,4069834,20.790940,5.419915,26.210855,0,10,1,1,64,-1,62451,62451,2034917,4069834,40,32,1.000000,54,7
CSR GPU Transpose,O2,189457.980583,0.189458,0.000189,4069834,21.481900,5.407810,26.889710,0,10,1,1,128,-1,62451,62451,2034917,4069834,40,32,1.000000,54,7
