Name,-O,FLOPS,MFLOPS,GFLOPS,FOP Count,Avg Run Time (s),Format Time (s),Total Time (s),Verification,Iters,Block Row,Block Col,K-Bound,Threads,Rows,Cols,NNZ,NNZ*2,Max Cols,Avg Cols,Col Ratio,Variance,Std Deviation
CSR GPU,O2,220764322.579069,220.764323,0.220764,4069834,0.025790,5.304576,5.330366,0,10,1,1,16,-1,62451,62451,2034917,4069834,40,32,1.000000,54,7
CSR GPU,O2,126908402.383140,126.908402,0.126908,4069834,0.036032,5.325319,5.361351,0,10,1,1,64,-1,62451,62451,2034917,4069834,40,32,1.000000,54,7
CSR GPU,O2,93363391.583387,93.363392,0.093363,4069834,0.047324,5.303718,5.351042,0,10,1,1,128,-1,62451,62451,2034917,4069834,40,32,1.000000,54,7
