Name,-O,FLOPS,MFLOPS,GFLOPS,FOP Count,Avg Run Time (s),Format Time (s),Total Time (s),Verification,Iters,Block Row,Block Col,K-Bound,Threads,Rows,Cols,NNZ,NNZ*2,Max Cols,Avg Cols,Col Ratio,Variance,Std Deviation
COO GPU Transpose,O2,3701169.600495,3.701170,0.003701,4069834,1.099933,5.363579,6.463511,0,10,1,1,16,-1,62451,62451,2034917,4069834,40,32,1.000000,54,7
COO GPU Transpose,O2,3610643.722757,3.610644,0.003611,4069834,1.128157,5.469120,6.597277,0,10,1,1,64,-1,62451,62451,2034917,4069834,40,32,1.000000,54,7
COO GPU Transpose,O2,3597301.969099,3.597302,0.003597,4069834,1.132097,5.321227,6.453324,0,10,1,1,128,-1,62451,62451,2034917,4069834,40,32,1.000000,54,7
