Name,-O,FLOPS,MFLOPS,GFLOPS,FOP Count,Avg Run Time (s),Format Time (s),Total Time (s),Verification,Iters,Block Row,Block Col,K-Bound,Threads,Rows,Cols,NNZ,NNZ*2,Max Cols,Avg Cols,Col Ratio,Variance,Std Deviation
COO Serial,O2,114401132.576045,114.401133,0.114401,4069834,0.035575,40.917431,40.953006,0,10,1,1,16,-1,62451,62451,2034917,4069834,40,32,1.000000,54,7
COO Serial,O2,65677062.529771,65.677063,0.065677,4069834,0.061968,41.175651,41.237618,0,10,1,1,64,-1,62451,62451,2034917,4069834,40,32,1.000000,54,7
COO Serial,O2,44697282.414644,44.697282,0.044697,4069834,0.091077,40.872463,40.963540,0,10,1,1,128,-1,62451,62451,2034917,4069834,40,32,1.000000,54,7
