Name,-O,FLOPS,MFLOPS,GFLOPS,FOP Count,Avg Run Time (s),Format Time (s),Total Time (s),Verification,Iters,Block Row,Block Col,K-Bound,Threads,Rows,Cols,NNZ,NNZ*2,Max Cols,Avg Cols,Col Ratio,Variance,Std Deviation
ELL Serial Transpose,O2,350708.893824,0.350709,0.000351,4069834,11.895152,19.146398,31.041550,0,10,1,1,16,-1,62451,62451,2034917,4069834,40,32,1.000000,54,7
ELL Serial Transpose,O2,344987.757472,0.344988,0.000345,4069834,12.199221,19.152397,31.351618,0,10,1,1,64,-1,62451,62451,2034917,4069834,40,32,1.000000,54,7
ELL Serial Transpose,O2,354763.960613,0.354764,0.000355,4069834,11.743732,19.117027,30.860760,0,10,1,1,128,-1,62451,62451,2034917,4069834,40,32,1.000000,54,7
