Name,-O,FLOPS,MFLOPS,GFLOPS,FOP Count,Avg Run Time (s),Format Time (s),Total Time (s),Verification,Iters,Block Row,Block Col,K-Bound,Threads,Rows,Cols,NNZ,NNZ*2,Max Cols,Avg Cols,Col Ratio,Variance,Std Deviation
BCSR Serial,O2,174251209.972736,174.251210,0.174251,4069834,0.023377,5.552191,5.575568,0,10,2,2,16,-1,62451,62451,2034917,4069834,40,32,1.000000,54,7
BCSR Serial,O2,129986217.840218,129.986218,0.129986,4069834,0.031328,5.800796,5.832124,0,10,4,4,16,-1,62451,62451,2034917,4069834,40,32,1.000000,54,7
BCSR Serial,O2,68044957.406050,68.044957,0.068045,4069834,0.059846,5.932078,5.991924,0,10,16,16,16,-1,62451,62451,2034917,4069834,40,32,1.000000,54,7
BCSR Serial,O2,73789487.005398,73.789487,0.073789,4069834,0.055155,5.541553,5.596708,0,10,2,2,64,-1,62451,62451,2034917,4069834,40,32,1.000000,54,7
BCSR Serial,O2,53078074.617015,53.078075,0.053078,4069834,0.076677,5.628032,5.704709,0,10,4,4,64,-1,62451,62451,2034917,4069834,40,32,1.000000,54,7
BCSR Serial,O2,27111995.364981,27.111995,0.027112,4069834,0.150114,5.694210,5.844324,0,10,16,16,64,-1,62451,62451,2034917,4069834,40,32,1.000000,54,7
BCSR Serial,O2,39806989.904587,39.806990,0.039807,4069834,0.102245,5.563506,5.665751,0,10,2,2,128,-1,62451,62451,2034917,4069834,40,32,1.000000,54,7
BCSR Serial,O2,30069241.116112,30.069241,0.030069,4069834,0.135352,5.656898,5.792250,0,10,4,4,128,-1,62451,62451,2034917,4069834,40,32,1.000000,54,7
BCSR Serial,O2,14954622.115935,14.954622,0.014955,4069834,0.272148,5.801935,6.074083,0,10,16,16,128,-1,62451,62451,2034917,4069834,40,32,1.000000,54,7
