Name,-O,FLOPS,MFLOPS,GFLOPS,FOP Count,Avg Run Time (s),Format Time (s),Total Time (s),Verification,Iters,Block Row,Block Col,K-Bound,Threads,Rows,Cols,NNZ,NNZ*2,Max Cols,Avg Cols,Col Ratio,Variance,Std Deviation
BCSR GPU,O2,163194638.234775,163.194638,0.163195,4069834,0.025836,5.437452,5.463288,0,10,2,2,16,-1,62451,62451,2034917,4069834,40,32,1.000000,54,7
BCSR GPU,O2,115287780.598447,115.287781,0.115288,4069834,0.037697,5.627973,5.665670,0,10,4,4,16,-1,62451,62451,2034917,4069834,40,32,1.000000,54,7
BCSR GPU,O2,104253540.806959,104.253541,0.104254,4069834,0.042338,5.752467,5.794805,0,10,16,16,16,-1,62451,62451,2034917,4069834,40,32,1.000000,54,7
BCSR GPU,O2,111030631.010011,111.030631,0.111031,4069834,0.040328,5.592318,5.632646,0,10,2,2,64,-1,62451,62451,2034917,4069834,40,32,1.000000,54,7
BCSR GPU,O2,98086687.593135,98.086688,0.098087,4069834,0.044252,5.636735,5.680986,0,10,4,4,64,-1,62451,62451,2034917,4069834,40,32,1.000000,54,7
BCSR GPU,O2,74415903.601539,74.415904,0.074416,4069834,0.057121,5.735528,5.792649,0,10,16,16,64,-1,62451,62451,2034917,4069834,40,32,1.000000,54,7
BCSR GPU,O2,86083731.250393,86.083731,0.086084,4069834,0.051125,5.610499,5.661624,0,10,2,2,128,-1,62451,62451,2034917,4069834,40,32,1.000000,54,7
BCSR GPU,O2,74153587.419326,74.153587,0.074154,4069834,0.057576,5.621601,5.679177,0,10,4,4,128,-1,62451,62451,2034917,4069834,40,32,1.000000,54,7
BCSR GPU,O2,53161459.047838,53.161459,0.053161,4069834,0.078373,5.772398,5.850771,0,10,16,16,128,-1,62451,62451,2034917,4069834,40,32,1.000000,54,7
