Name,-O,FLOPS,MFLOPS,GFLOPS,FOP Count,Avg Run Time (s),Format Time (s),Total Time (s),Verification,Iters,Block Row,Block Col,K-Bound,Threads,Rows,Cols,NNZ,NNZ*2,Max Cols,Avg Cols,Col Ratio,Variance,Std Deviation
COO Serial,O2,34222813.268167,34.222813,0.034223,2724174,0.106899,176.864116,176.971015,0,10,1,1,16,-1,121192,121192,1362087,2724174,24,11,2.000000,45,6
COO Serial,O2,19524085.712901,19.524086,0.019524,2724174,0.151342,172.999149,173.150491,0,10,1,1,64,-1,121192,121192,1362087,2724174,24,11,2.000000,45,6
COO Serial,O2,12923228.703265,12.923229,0.012923,2724174,0.221269,173.701077,173.922346,0,10,1,1,128,-1,121192,121192,1362087,2724174,24,11,2.000000,45,6
