Name,-O,FLOPS,MFLOPS,GFLOPS,FOP Count,Avg Run Time (s),Format Time (s),Total Time (s),Verification,Iters,Block Row,Block Col,K-Bound,Threads,Rows,Cols,NNZ,NNZ*2,Max Cols,Avg Cols,Col Ratio,Variance,Std Deviation
COO OMP,O2,208511016.360592,208.511016,0.208511,2724174,0.019651,165.921104,165.940755,0,10,1,1,16,8,121192,121192,1362087,2724174,24,11,2.000000,45,6
COO OMP,O2,142604871.061288,142.604871,0.142605,2724174,0.022949,164.524391,164.547340,0,10,1,1,64,8,121192,121192,1362087,2724174,24,11,2.000000,45,6
COO OMP,O2,110650237.746023,110.650238,0.110650,2724174,0.028981,164.598314,164.627295,0,10,1,1,128,8,121192,121192,1362087,2724174,24,11,2.000000,45,6
COO OMP,O2,176790896.294708,176.790896,0.176791,2724174,0.019948,165.195431,165.215379,0,10,1,1,16,16,121192,121192,1362087,2724174,24,11,2.000000,45,6
COO OMP,O2,141837557.710845,141.837558,0.141838,2724174,0.023588,164.529423,164.553011,0,10,1,1,64,16,121192,121192,1362087,2724174,24,11,2.000000,45,6
COO OMP,O2,117020270.541030,117.020271,0.117020,2724174,0.027515,164.597932,164.625447,0,10,1,1,128,16,121192,121192,1362087,2724174,24,11,2.000000,45,6
COO OMP,O2,174316173.198910,174.316173,0.174316,2724174,0.020582,164.455906,164.476489,0,10,1,1,16,32,121192,121192,1362087,2724174,24,11,2.000000,45,6
COO OMP,O2,150824912.262579,150.824912,0.150825,2724174,0.022571,164.602689,164.625260,0,10,1,1,64,32,121192,121192,1362087,2724174,24,11,2.000000,45,6
COO OMP,O2,114401168.210469,114.401168,0.114401,2724174,0.027969,164.639975,164.667944,0,10,1,1,128,32,121192,121192,1362087,2724174,24,11,2.000000,45,6
