Name,-O,FLOPS,MFLOPS,GFLOPS,FOP Count,Avg Run Time (s),Format Time (s),Total Time (s),Verification,Iters,Block Row,Block Col,K-Bound,Threads,Rows,Cols,NNZ,NNZ*2,Max Cols,Avg Cols,Col Ratio,Variance,Std Deviation
COO THREADS,O2,171561862.372778,171.561862,0.171562,2724174,0.016182,16.982320,16.998502,0,5,1,1,16,72,121192,121192,1362087,2724174,24,11,2.000000,45,6
COO THREADS,O2,109007362.502172,109.007363,0.109007,2724174,0.026668,17.377106,17.403774,0,5,1,1,64,72,121192,121192,1362087,2724174,24,11,2.000000,45,6
COO THREADS,O2,76548096.138565,76.548096,0.076548,2724174,0.037184,17.094451,17.131635,0,5,1,1,128,72,121192,121192,1362087,2724174,24,11,2.000000,45,6
