Name,-O,FLOPS,MFLOPS,GFLOPS,FOP Count,Avg Run Time (s),Format Time (s),Total Time (s),Verification,Iters,Block Row,Block Col,K-Bound,Threads,Rows,Cols,NNZ,NNZ*2,Max Cols,Avg Cols,Col Ratio,Variance,Std Deviation
ELL Serial Transpose,O2,50814.902578,0.050815,0.000051,2724174,54.185860,82.623888,136.809748,0,10,1,1,16,-1,121192,121192,1362087,2724174,24,11,2.000000,45,6
ELL Serial Transpose,O2,48887.088939,0.048887,0.000049,2724174,58.129192,82.702860,140.832052,0,10,1,1,64,-1,121192,121192,1362087,2724174,24,11,2.000000,45,6
ELL Serial Transpose,O2,49285.759204,0.049286,0.000049,2724174,57.227267,82.580867,139.808134,0,10,1,1,128,-1,121192,121192,1362087,2724174,24,11,2.000000,45,6
