Name,-O,FLOPS,MFLOPS,GFLOPS,FOP Count,Avg Run Time (s),Format Time (s),Total Time (s),Verification,Iters,Block Row,Block Col,K-Bound,Threads,Rows,Cols,NNZ,NNZ*2,Max Cols,Avg Cols,Col Ratio,Variance,Std Deviation
COO Serial,O2,75264929.323783,75.264929,0.075265,2724174,0.036239,17.613353,17.649592,0,10,1,1,16,-1,121192,121192,1362087,2724174,24,11,2.000000,45,6
COO Serial,O2,30187954.327585,30.187954,0.030188,2724174,0.090272,17.572048,17.662320,0,10,1,1,64,-1,121192,121192,1362087,2724174,24,11,2.000000,45,6
COO Serial,O2,17039610.847084,17.039611,0.017040,2724174,0.159895,17.545059,17.704954,0,10,1,1,128,-1,121192,121192,1362087,2724174,24,11,2.000000,45,6
