Name,-O,FLOPS,MFLOPS,GFLOPS,FOP Count,Avg Run Time (s),Format Time (s),Total Time (s),Verification,Iters,Block Row,Block Col,K-Bound,Threads,Rows,Cols,NNZ,NNZ*2,Max Cols,Avg Cols,Col Ratio,Variance,Std Deviation
COO OMP,O2,169583374.353177,169.583374,0.169583,2724174,0.018950,81.974821,81.993771,0,10,1,1,16,8,121192,121192,1362087,2724174,24,11,2.000000,45,6
COO OMP,O2,103433340.684334,103.433341,0.103433,2724174,0.028775,82.507946,82.536721,0,10,1,1,64,8,121192,121192,1362087,2724174,24,11,2.000000,45,6
COO OMP,O2,76203273.452020,76.203273,0.076203,2724174,0.037962,82.125063,82.163025,0,10,1,1,128,8,121192,121192,1362087,2724174,24,11,2.000000,45,6
COO OMP,O2,185741919.709521,185.741920,0.185742,2724174,0.031289,82.490311,82.521600,0,10,1,1,16,16,121192,121192,1362087,2724174,24,11,2.000000,45,6
COO OMP,O2,116990008.597640,116.990009,0.116990,2724174,0.035866,82.375814,82.411680,0,10,1,1,64,16,121192,121192,1362087,2724174,24,11,2.000000,45,6
COO OMP,O2,93348047.070319,93.348047,0.093348,2724174,0.038806,82.545523,82.584330,0,10,1,1,128,16,121192,121192,1362087,2724174,24,11,2.000000,45,6
COO OMP,O2,260644230.943977,260.644231,0.260644,2724174,0.022301,82.444197,82.466498,0,10,1,1,16,32,121192,121192,1362087,2724174,24,11,2.000000,45,6
COO OMP,O2,136197611.634964,136.197612,0.136198,2724174,0.034278,82.240701,82.274979,0,10,1,1,64,32,121192,121192,1362087,2724174,24,11,2.000000,45,6
COO OMP,O2,109004107.740999,109.004108,0.109004,2724174,0.036543,82.515789,82.552332,0,10,1,1,128,32,121192,121192,1362087,2724174,24,11,2.000000,45,6
