Name,-O,FLOPS,MFLOPS,GFLOPS,FOP Count,Avg Run Time (s),Format Time (s),Total Time (s),Verification,Iters,Block Row,Block Col,K-Bound,Threads,Rows,Cols,NNZ,NNZ*2,Max Cols,Avg Cols,Col Ratio,Variance,Std Deviation
CSR OMP,O2,58585415.402816,58.585415,0.058585,2724174,0.082911,174.172986,174.255897,0,10,1,1,16,8,121192,121192,1362087,2724174,24,11,2.000000,45,6
CSR OMP,O2,57693742.978988,57.693743,0.057694,2724174,0.059625,169.133090,169.192715,0,10,1,1,64,8,121192,121192,1362087,2724174,24,11,2.000000,45,6
CSR OMP,O2,46137100.810158,46.137101,0.046137,2724174,0.061178,164.963195,165.024373,0,10,1,1,128,8,121192,121192,1362087,2724174,24,11,2.000000,45,6
CSR OMP,O2,106848498.766244,106.848499,0.106848,2724174,0.046483,172.394151,172.440634,0,10,1,1,16,16,121192,121192,1362087,2724174,24,11,2.000000,45,6
CSR OMP,O2,100413487.282124,100.413487,0.100413,2724174,0.028618,164.392890,164.421508,0,10,1,1,64,16,121192,121192,1362087,2724174,24,11,2.000000,45,6
CSR OMP,O2,74779936.547460,74.779937,0.074780,2724174,0.038515,165.166237,165.204752,0,10,1,1,128,16,121192,121192,1362087,2724174,24,11,2.000000,45,6
CSR OMP,O2,133308857.605485,133.308858,0.133309,2724174,0.038440,167.407939,167.446379,0,10,1,1,16,32,121192,121192,1362087,2724174,24,11,2.000000,45,6
CSR OMP,O2,132226777.866797,132.226778,0.132227,2724174,0.022600,165.508952,165.531552,0,10,1,1,64,32,121192,121192,1362087,2724174,24,11,2.000000,45,6
CSR OMP,O2,101805772.665574,101.805773,0.101806,2724174,0.027763,165.173913,165.201676,0,10,1,1,128,32,121192,121192,1362087,2724174,24,11,2.000000,45,6
