Name,-O,FLOPS,MFLOPS,GFLOPS,FOP Count,Avg Run Time (s),Format Time (s),Total Time (s),Verification,Iters,Block Row,Block Col,K-Bound,Threads,Rows,Cols,NNZ,NNZ*2,Max Cols,Avg Cols,Col Ratio,Variance,Std Deviation
ELL Serial,O2,22931648.583568,22.931649,0.022932,2724174,0.124496,82.354804,82.479300,0,10,1,1,16,-1,121192,121192,1362087,2724174,24,11,2.000000,45,6
ELL Serial,O2,11719126.824001,11.719127,0.011719,2724174,0.233807,82.721914,82.955721,0,10,1,1,64,-1,121192,121192,1362087,2724174,24,11,2.000000,45,6
ELL Serial,O2,8300565.682394,8.300566,0.008301,2724174,0.329484,82.969909,83.299393,0,10,1,1,128,-1,121192,121192,1362087,2724174,24,11,2.000000,45,6
