Name,-O,FLOPS,MFLOPS,GFLOPS,FOP Count,Avg Run Time (s),Format Time (s),Total Time (s),Verification,Iters,Block Row,Block Col,K-Bound,Threads,Rows,Cols,NNZ,NNZ*2,Max Cols,Avg Cols,Col Ratio,Variance,Std Deviation
COO OMP,O2,248548396.205943,248.548396,0.248548,14212696,0.057642,6.776053,6.833695,0,10,1,1,16,8,63838,63838,7106348,14212696,297,111,2.000000,2339,48
COO OMP,O2,144969908.461461,144.969908,0.144970,14212696,0.098593,6.775730,6.874322,0,10,1,1,64,8,63838,63838,7106348,14212696,297,111,2.000000,2339,48
COO OMP,O2,102607908.635637,102.607909,0.102608,14212696,0.138972,6.741453,6.880425,0,10,1,1,128,8,63838,63838,7106348,14212696,297,111,2.000000,2339,48
COO OMP,O2,331042495.494047,331.042495,0.331042,14212696,0.043789,6.797748,6.841537,0,10,1,1,16,16,63838,63838,7106348,14212696,297,111,2.000000,2339,48
COO OMP,O2,195865903.733018,195.865904,0.195866,14212696,0.072965,6.744661,6.817626,0,10,1,1,64,16,63838,63838,7106348,14212696,297,111,2.000000,2339,48
COO OMP,O2,138852651.861245,138.852652,0.138853,14212696,0.102724,6.771084,6.873808,0,10,1,1,128,16,63838,63838,7106348,14212696,297,111,2.000000,2339,48
COO OMP,O2,414261193.031099,414.261193,0.414261,14212696,0.036145,6.749122,6.785267,0,10,1,1,16,32,63838,63838,7106348,14212696,297,111,2.000000,2339,48
COO OMP,O2,248697190.521875,248.697191,0.248697,14212696,0.058686,6.743114,6.801800,0,10,1,1,64,32,63838,63838,7106348,14212696,297,111,2.000000,2339,48
COO OMP,O2,191934356.488563,191.934356,0.191934,14212696,0.074802,6.750230,6.825031,0,10,1,1,128,32,63838,63838,7106348,14212696,297,111,2.000000,2339,48
