Name,-O,FLOPS,MFLOPS,GFLOPS,FOP Count,Avg Run Time (s),Format Time (s),Total Time (s),Verification,Iters,Block Row,Block Col,K-Bound,Threads,Rows,Cols,NNZ,NNZ*2,Max Cols,Avg Cols,Col Ratio,Variance,Std Deviation
CSR Serial,O2,242170081.035346,242.170081,0.242170,14212696,0.058690,21.061341,21.120031,0,10,1,1,16,-1,63838,63838,7106348,14212696,297,111,2.000000,2339,48
CSR Serial,O2,101832727.636015,101.832728,0.101833,14212696,0.139570,21.160172,21.299742,0,10,1,1,64,-1,63838,63838,7106348,14212696,297,111,2.000000,2339,48
CSR Serial,O2,66288525.316045,66.288525,0.066289,14212696,0.214407,21.092918,21.307325,0,10,1,1,128,-1,63838,63838,7106348,14212696,297,111,2.000000,2339,48
