Name,-O,FLOPS,MFLOPS,GFLOPS,FOP Count,Avg Run Time (s),Format Time (s),Total Time (s),Verification,Iters,Block Row,Block Col,K-Bound,Threads,Rows,Cols,NNZ,NNZ*2,Max Cols,Avg Cols,Col Ratio,Variance,Std Deviation
COO Serial,O2,252429689.383861,252.429689,0.252430,14212696,0.056305,21.227503,21.283808,0,10,1,1,16,-1,63838,63838,7106348,14212696,297,111,2.000000,2339,48
COO Serial,O2,102711116.266332,102.711116,0.102711,14212696,0.138377,21.076857,21.215234,0,10,1,1,64,-1,63838,63838,7106348,14212696,297,111,2.000000,2339,48
COO Serial,O2,68157184.890497,68.157185,0.068157,14212696,0.208529,21.049104,21.257633,0,10,1,1,128,-1,63838,63838,7106348,14212696,297,111,2.000000,2339,48
