Name,-O,FLOPS,MFLOPS,GFLOPS,FOP Count,Avg Run Time (s),Format Time (s),Total Time (s),Verification,Iters,Block Row,Block Col,K-Bound,Threads,Rows,Cols,NNZ,NNZ*2,Max Cols,Avg Cols,Col Ratio,Variance,Std Deviation
ELL THREADS,O2,309887967.075654,309.887967,0.309888,14212696,0.047064,7.934096,7.981160,0,5,1,1,16,72,63838,63838,7106348,14212696,297,111,2.000000,2339,48
ELL THREADS,O2,195176018.942828,195.176019,0.195176,14212696,0.073910,7.915857,7.989767,0,5,1,1,64,64,63838,63838,7106348,14212696,297,111,2.000000,2339,48
ELL THREADS,O2,153011309.975109,153.011310,0.153011,14212696,0.094090,7.909724,8.003814,0,5,1,1,128,72,63838,63838,7106348,14212696,297,111,2.000000,2339,48
