Name,-O,FLOPS,MFLOPS,GFLOPS,FOP Count,Avg Run Time (s),Format Time (s),Total Time (s),Verification,Iters,Block Row,Block Col,K-Bound,Threads,Rows,Cols,NNZ,NNZ*2,Max Cols,Avg Cols,Col Ratio,Variance,Std Deviation
BCSR THREADS,O2,385076783.390271,385.076783,0.385077,14212696,0.038215,7.431680,7.469895,32,5,2,2,16,72,63838,63838,7106348,14212696,297,111,2.000000,2339,48
BCSR THREADS,O2,277301644.866688,277.301645,0.277302,14212696,0.052183,7.501762,7.553945,32,5,4,4,16,64,63838,63838,7106348,14212696,297,111,2.000000,2339,48
BCSR THREADS,O2,179967059.374147,179.967059,0.179967,14212696,0.079015,8.017656,8.096671,32,5,16,16,16,48,63838,63838,7106348,14212696,297,111,2.000000,2339,48
BCSR THREADS,O2,226615179.495157,226.615179,0.226615,14212696,0.064794,7.475098,7.539892,128,5,2,2,64,72,63838,63838,7106348,14212696,297,111,2.000000,2339,48
BCSR THREADS,O2,197847858.013952,197.847858,0.197848,14212696,0.073842,7.554786,7.628628,128,5,4,4,64,72,63838,63838,7106348,14212696,297,111,2.000000,2339,48
BCSR THREADS,O2,117674342.689469,117.674343,0.117674,14212696,0.122396,8.015288,8.137684,128,5,16,16,64,72,63838,63838,7106348,14212696,297,111,2.000000,2339,48
BCSR THREADS,O2,191234703.231958,191.234703,0.191235,14212696,0.076155,7.419880,7.496035,256,5,2,2,128,72,63838,63838,7106348,14212696,297,111,2.000000,2339,48
BCSR THREADS,O2,145381202.383289,145.381202,0.145381,14212696,0.098041,7.490937,7.588978,256,5,4,4,128,64,63838,63838,7106348,14212696,297,111,2.000000,2339,48
BCSR THREADS,O2,98169386.059627,98.169386,0.098169,14212696,0.144942,7.981014,8.125956,256,5,16,16,128,72,63838,63838,7106348,14212696,297,111,2.000000,2339,48
