Name,-O,FLOPS,MFLOPS,GFLOPS,FOP Count,Avg Run Time (s),Format Time (s),Total Time (s),Verification,Iters,Block Row,Block Col,K-Bound,Threads,Rows,Cols,NNZ,NNZ*2,Max Cols,Avg Cols,Col Ratio,Variance,Std Deviation
COO Serial Transpose,O2,1235097.899445,1.235098,0.001235,14212696,11.823095,21.087190,32.910285,0,10,1,1,16,-1,63838,63838,7106348,14212696,297,111,2.000000,2339,48
COO Serial Transpose,O2,1226497.836870,1.226498,0.001226,14212696,11.951094,21.125333,33.076427,0,10,1,1,64,-1,63838,63838,7106348,14212696,297,111,2.000000,2339,48
COO Serial Transpose,O2,1109315.878937,1.109316,0.001109,14212696,13.983201,21.078622,35.061822,0,10,1,1,128,-1,63838,63838,7106348,14212696,297,111,2.000000,2339,48
