Name,-O,FLOPS,MFLOPS,GFLOPS,FOP Count,Avg Run Time (s),Format Time (s),Total Time (s),Verification,Iters,Block Row,Block Col,K-Bound,Threads,Rows,Cols,NNZ,NNZ*2,Max Cols,Avg Cols,Col Ratio,Variance,Std Deviation
COO THREADS,O2,455624281.882433,455.624282,0.455624,14212696,0.031342,6.769701,6.801043,0,5,1,1,16,48,63838,63838,7106348,14212696,297,111,2.000000,2339,48
COO THREADS,O2,279025910.843035,279.025911,0.279026,14212696,0.052922,6.736667,6.789589,0,5,1,1,64,72,63838,63838,7106348,14212696,297,111,2.000000,2339,48
COO THREADS,O2,230888536.262384,230.888536,0.230889,14212696,0.066418,6.737021,6.803439,0,5,1,1,128,72,63838,63838,7106348,14212696,297,111,2.000000,2339,48
