Name,-O,FLOPS,MFLOPS,GFLOPS,FOP Count,Avg Run Time (s),Format Time (s),Total Time (s),Verification,Iters,Block Row,Block Col,K-Bound,Threads,Rows,Cols,NNZ,NNZ*2,Max Cols,Avg Cols,Col Ratio,Variance,Std Deviation
BCSR Serial Transpose,O2,238388.979856,0.238389,0.000238,83492,0.350294,0.399615,0.749909,0,10,2,2,16,-1,8192,8192,41746,83492,8,5,1.000000,0,0
BCSR Serial Transpose,O2,236459.313841,0.236459,0.000236,83492,0.353170,0.399471,0.752640,0,10,4,4,16,-1,8192,8192,41746,83492,8,5,1.000000,0,0
BCSR Serial Transpose,O2,225883.431495,0.225883,0.000226,83492,0.369690,0.411613,0.781303,0,10,16,16,16,-1,8192,8192,41746,83492,8,5,1.000000,0,0
BCSR Serial Transpose,O2,225888.297802,0.225888,0.000226,83492,0.369686,0.396208,0.765894,0,10,2,2,64,-1,8192,8192,41746,83492,8,5,1.000000,0,0
BCSR Serial Transpose,O2,216411.057416,0.216411,0.000216,83492,0.385856,0.399555,0.785411,0,10,4,4,64,-1,8192,8192,41746,83492,8,5,1.000000,0,0
BCSR Serial Transpose,O2,171046.449643,0.171046,0.000171,83492,0.488221,0.409626,0.897847,0,10,16,16,64,-1,8192,8192,41746,83492,8,5,1.000000,0,0
BCSR Serial Transpose,O2,218679.227202,0.218679,0.000219,83492,0.381865,0.391912,0.773777,0,10,2,2,128,-1,8192,8192,41746,83492,8,5,1.000000,0,0
BCSR Serial Transpose,O2,194989.647736,0.194990,0.000195,83492,0.428233,0.397802,0.826035,0,10,4,4,128,-1,8192,8192,41746,83492,8,5,1.000000,0,0
BCSR Serial Transpose,O2,133744.170203,0.133744,0.000134,83492,0.624377,0.410799,1.035176,0,10,16,16,128,-1,8192,8192,41746,83492,8,5,1.000000,0,0
