Name,-O,FLOPS,MFLOPS,GFLOPS,FOP Count,Avg Run Time (s),Format Time (s),Total Time (s),Verification,Iters,Block Row,Block Col,K-Bound,Threads,Rows,Cols,NNZ,NNZ*2,Max Cols,Avg Cols,Col Ratio,Variance,Std Deviation
COO GPU,O2,164974.259285,0.164974,0.000165,83492,0.508521,0.745482,1.254003,131024,10,1,1,16,-1,8192,8192,41746,83492,8,5,1.000000,0,0
COO GPU,O2,165714.064917,0.165714,0.000166,83492,0.506075,0.780061,1.286136,524096,10,1,1,64,-1,8192,8192,41746,83492,8,5,1.000000,0,0
COO GPU,O2,163690.540471,0.163691,0.000164,83492,0.512554,0.785778,1.298332,1048192,10,1,1,128,-1,8192,8192,41746,83492,8,5,1.000000,0,0
