Name,-O,FLOPS,MFLOPS,GFLOPS,FOP Count,Avg Run Time (s),Format Time (s),Total Time (s),Verification,Iters,Block Row,Block Col,K-Bound,Threads,Rows,Cols,NNZ,NNZ*2,Max Cols,Avg Cols,Col Ratio,Variance,Std Deviation
COO OMP,O2,399246509.045460,399.246509,0.399247,83492,0.000999,0.179004,0.180003,0,10,1,1,16,8,8192,8192,41746,83492,8,5,1.000000,0,0
COO OMP,O2,205073462.876086,205.073463,0.205073,83492,0.001255,0.106527,0.107782,0,10,1,1,64,8,8192,8192,41746,83492,8,5,1.000000,0,0
COO OMP,O2,124090957.876056,124.090958,0.124091,83492,0.001796,0.116629,0.118425,0,10,1,1,128,8,8192,8192,41746,83492,8,5,1.000000,0,0
COO OMP,O2,596898112.738883,596.898113,0.596898,83492,0.000938,0.104748,0.105686,0,10,1,1,16,16,8192,8192,41746,83492,8,5,1.000000,0,0
COO OMP,O2,290132133.699703,290.132134,0.290132,83492,0.001034,0.104984,0.106018,0,10,1,1,64,16,8192,8192,41746,83492,8,5,1.000000,0,0
COO OMP,O2,279683216.141267,279.683216,0.279683,83492,0.001420,0.183682,0.185102,0,10,1,1,128,16,8192,8192,41746,83492,8,5,1.000000,0,0
COO OMP,O2,941107890.545302,941.107891,0.941108,83492,0.001497,0.096991,0.098488,0,10,1,1,16,32,8192,8192,41746,83492,8,5,1.000000,0,0
COO OMP,O2,493745159.854511,493.745160,0.493745,83492,0.000950,0.163474,0.164424,0,10,1,1,64,32,8192,8192,41746,83492,8,5,1.000000,0,0
COO OMP,O2,338778843.173664,338.778843,0.338779,83492,0.001046,0.096939,0.097985,0,10,1,1,128,32,8192,8192,41746,83492,8,5,1.000000,0,0
