Name,-O,FLOPS,MFLOPS,GFLOPS,FOP Count,Avg Run Time (s),Format Time (s),Total Time (s),Verification,Iters,Block Row,Block Col,K-Bound,Threads,Rows,Cols,NNZ,NNZ*2,Max Cols,Avg Cols,Col Ratio,Variance,Std Deviation
BCSR Serial,O2,114620427.544803,114.620428,0.114620,83492,0.000733,0.205126,0.205859,0,10,2,2,16,-1,8192,8192,41746,83492,8,5,1.000000,0,0
BCSR Serial,O2,67606499.792869,67.606500,0.067606,83492,0.001238,0.196751,0.197989,0,10,4,4,16,-1,8192,8192,41746,83492,8,5,1.000000,0,0
BCSR Serial,O2,19032945.216983,19.032945,0.019033,83492,0.004388,0.210122,0.214511,0,10,16,16,16,-1,8192,8192,41746,83492,8,5,1.000000,0,0
BCSR Serial,O2,42747292.519867,42.747293,0.042747,83492,0.001972,0.181276,0.183248,0,10,2,2,64,-1,8192,8192,41746,83492,8,5,1.000000,0,0
BCSR Serial,O2,26541686.981047,26.541687,0.026542,83492,0.003158,0.114509,0.117667,0,10,4,4,64,-1,8192,8192,41746,83492,8,5,1.000000,0,0
BCSR Serial,O2,7492736.861347,7.492737,0.007493,83492,0.011154,0.165998,0.177152,0,10,16,16,64,-1,8192,8192,41746,83492,8,5,1.000000,0,0
BCSR Serial,O2,20766484.200819,20.766484,0.020766,83492,0.004057,0.189034,0.193091,0,10,2,2,128,-1,8192,8192,41746,83492,8,5,1.000000,0,0
BCSR Serial,O2,14396430.233792,14.396430,0.014396,83492,0.005831,0.193945,0.199776,0,10,4,4,128,-1,8192,8192,41746,83492,8,5,1.000000,0,0
BCSR Serial,O2,4379196.547355,4.379197,0.004379,83492,0.019081,0.174639,0.193720,0,10,16,16,128,-1,8192,8192,41746,83492,8,5,1.000000,0,0
