Name,-O,FLOPS,MFLOPS,GFLOPS,FOP Count,Avg Run Time (s),Format Time (s),Total Time (s),Verification,Iters,Block Row,Block Col,K-Bound,Threads,Rows,Cols,NNZ,NNZ*2,Max Cols,Avg Cols,Col Ratio,Variance,Std Deviation
CSR OMP,O2,305515245.426324,305.515245,0.305515,83492,0.000959,0.344171,0.345130,0,10,1,1,16,8,8192,8192,41746,83492,8,5,1.000000,0,0
CSR OMP,O2,123949109.594383,123.949110,0.123949,83492,0.001325,0.350266,0.351591,0,10,1,1,64,8,8192,8192,41746,83492,8,5,1.000000,0,0
CSR OMP,O2,63700704.018000,63.700704,0.063701,83492,0.001906,0.346536,0.348442,0,10,1,1,128,8,8192,8192,41746,83492,8,5,1.000000,0,0
CSR OMP,O2,331967322.333015,331.967322,0.331967,83492,0.001710,0.351281,0.352991,0,10,1,1,16,16,8192,8192,41746,83492,8,5,1.000000,0,0
CSR OMP,O2,46700207.626957,46.700208,0.046700,83492,0.002812,0.344098,0.346910,0,10,1,1,64,16,8192,8192,41746,83492,8,5,1.000000,0,0
CSR OMP,O2,48755488.036290,48.755488,0.048755,83492,0.002717,0.352534,0.355251,0,10,1,1,128,16,8192,8192,41746,83492,8,5,1.000000,0,0
CSR OMP,O2,207643218.852745,207.643219,0.207643,83492,0.004994,0.350561,0.355555,0,10,1,1,16,32,8192,8192,41746,83492,8,5,1.000000,0,0
CSR OMP,O2,48395416.242718,48.395416,0.048395,83492,0.005419,0.347797,0.353216,0,10,1,1,64,32,8192,8192,41746,83492,8,5,1.000000,0,0
CSR OMP,O2,41974605.164159,41.974605,0.041975,83492,0.005523,0.356616,0.362139,0,10,1,1,128,32,8192,8192,41746,83492,8,5,1.000000,0,0
