Name,-O,FLOPS,MFLOPS,GFLOPS,FOP Count,Avg Run Time (s),Format Time (s),Total Time (s),Verification,Iters,Block Row,Block Col,K-Bound,Threads,Rows,Cols,NNZ,NNZ*2,Max Cols,Avg Cols,Col Ratio,Variance,Std Deviation
CSR GPU,O2,160506.626634,0.160507,0.000161,83492,0.522357,0.793431,1.315788,0,10,1,1,16,-1,8192,8192,41746,83492,8,5,1.000000,0,0
CSR GPU,O2,163124.623806,0.163125,0.000163,83492,0.514146,0.783648,1.297794,0,10,1,1,64,-1,8192,8192,41746,83492,8,5,1.000000,0,0
CSR GPU,O2,162996.985709,0.162997,0.000163,83492,0.514846,0.808703,1.323548,0,10,1,1,128,-1,8192,8192,41746,83492,8,5,1.000000,0,0
