Name,-O,FLOPS,MFLOPS,GFLOPS,FOP Count,Avg Run Time (s),Format Time (s),Total Time (s),Verification,Iters,Block Row,Block Col,K-Bound,Threads,Rows,Cols,NNZ,NNZ*2,Max Cols,Avg Cols,Col Ratio,Variance,Std Deviation
CSR Serial Transpose,O2,116485.532977,0.116486,0.000116,83492,0.716802,0.339303,1.056105,0,10,1,1,16,-1,8192,8192,41746,83492,8,5,1.000000,0,0
CSR Serial Transpose,O2,111287.083274,0.111287,0.000111,83492,0.750285,0.339262,1.089547,0,10,1,1,64,-1,8192,8192,41746,83492,8,5,1.000000,0,0
CSR Serial Transpose,O2,111290.637774,0.111291,0.000111,83492,0.750262,0.338887,1.089149,0,10,1,1,128,-1,8192,8192,41746,83492,8,5,1.000000,0,0
