Name,-O,FLOPS,MFLOPS,GFLOPS,FOP Count,Avg Run Time (s),Format Time (s),Total Time (s),Verification,Iters,Block Row,Block Col,K-Bound,Threads,Rows,Cols,NNZ,NNZ*2,Max Cols,Avg Cols,Col Ratio,Variance,Std Deviation
COO Serial Transpose,O2,445625.938196,0.445626,0.000446,83492,0.187360,0.188256,0.375616,0,10,1,1,16,-1,8192,8192,41746,83492,8,5,1.000000,0,0
COO Serial Transpose,O2,437127.711442,0.437128,0.000437,83492,0.191002,0.180104,0.371106,0,10,1,1,64,-1,8192,8192,41746,83492,8,5,1.000000,0,0
COO Serial Transpose,O2,418549.763848,0.418550,0.000419,83492,0.199481,0.181143,0.380624,0,10,1,1,128,-1,8192,8192,41746,83492,8,5,1.000000,0,0
