Name,-O,FLOPS,MFLOPS,GFLOPS,FOP Count,Avg Run Time (s),Format Time (s),Total Time (s),Verification,Iters,Block Row,Block Col,K-Bound,Threads,Rows,Cols,NNZ,NNZ*2,Max Cols,Avg Cols,Col Ratio,Variance,Std Deviation
CSR OMP,O2,1168228557.186625,1168.228557,1.168229,28787634,0.026251,29.668542,29.694793,0,10,1,1,16,8,72000,72000,14393817,28787634,481,199,2.000000,6652,81
CSR OMP,O2,454540587.946219,454.540588,0.454541,28787634,0.064572,29.651734,29.716306,0,10,1,1,64,8,72000,72000,14393817,28787634,481,199,2.000000,6652,81
CSR OMP,O2,310260043.266105,310.260043,0.310260,28787634,0.094760,29.803537,29.898297,0,10,1,1,128,8,72000,72000,14393817,28787634,481,199,2.000000,6652,81
CSR OMP,O2,1299049885.967163,1299.049886,1.299050,28787634,0.026108,29.631029,29.657137,0,10,1,1,16,16,72000,72000,14393817,28787634,481,199,2.000000,6652,81
CSR OMP,O2,607452250.276142,607.452250,0.607452,28787634,0.047724,30.116327,30.164051,0,10,1,1,64,16,72000,72000,14393817,28787634,481,199,2.000000,6652,81
CSR OMP,O2,341170663.258221,341.170663,0.341171,28787634,0.084905,29.670187,29.755092,0,10,1,1,128,16,72000,72000,14393817,28787634,481,199,2.000000,6652,81
CSR OMP,O2,1529547193.302995,1529.547193,1.529547,28787634,0.019940,29.717461,29.737401,0,10,1,1,16,32,72000,72000,14393817,28787634,481,199,2.000000,6652,81
CSR OMP,O2,494834218.458755,494.834218,0.494834,28787634,0.059440,29.646158,29.705598,0,10,1,1,64,32,72000,72000,14393817,28787634,481,199,2.000000,6652,81
CSR OMP,O2,370018971.572327,370.018972,0.370019,28787634,0.078194,29.596634,29.674828,0,10,1,1,128,32,72000,72000,14393817,28787634,481,199,2.000000,6652,81
