Name,-O,FLOPS,MFLOPS,GFLOPS,FOP Count,Avg Run Time (s),Format Time (s),Total Time (s),Verification,Iters,Block Row,Block Col,K-Bound,Threads,Rows,Cols,NNZ,NNZ*2,Max Cols,Avg Cols,Col Ratio,Variance,Std Deviation
ELL OMP,O2,663179024.993132,663.179025,0.663179,28787634,0.044970,32.248958,32.293928,0,10,1,1,16,8,72000,72000,14393817,28787634,481,199,2.000000,6652,81
ELL OMP,O2,210114778.200520,210.114778,0.210115,28787634,0.140863,32.353705,32.494568,0,10,1,1,64,8,72000,72000,14393817,28787634,481,199,2.000000,6652,81
ELL OMP,O2,128731369.162492,128.731369,0.128731,28787634,0.227894,32.241610,32.469504,0,10,1,1,128,8,72000,72000,14393817,28787634,481,199,2.000000,6652,81
ELL OMP,O2,827081375.536215,827.081376,0.827081,28787634,0.040625,32.313501,32.354126,0,10,1,1,16,16,72000,72000,14393817,28787634,481,199,2.000000,6652,81
ELL OMP,O2,375229406.751499,375.229407,0.375229,28787634,0.078151,32.375114,32.453265,0,10,1,1,64,16,72000,72000,14393817,28787634,481,199,2.000000,6652,81
ELL OMP,O2,232693370.788395,232.693371,0.232693,28787634,0.124802,32.287757,32.412559,0,10,1,1,128,16,72000,72000,14393817,28787634,481,199,2.000000,6652,81
ELL OMP,O2,1196588259.556928,1196.588260,1.196588,28787634,0.025572,32.103461,32.129034,0,10,1,1,16,32,72000,72000,14393817,28787634,481,199,2.000000,6652,81
ELL OMP,O2,457016608.350693,457.016608,0.457017,28787634,0.063739,32.394098,32.457837,0,10,1,1,64,32,72000,72000,14393817,28787634,481,199,2.000000,6652,81
ELL OMP,O2,285439584.548399,285.439585,0.285440,28787634,0.103087,32.219099,32.322186,0,10,1,1,128,32,72000,72000,14393817,28787634,481,199,2.000000,6652,81
