Name,-O,FLOPS,MFLOPS,GFLOPS,FOP Count,Avg Run Time (s),Format Time (s),Total Time (s),Verification,Iters,Block Row,Block Col,K-Bound,Threads,Rows,Cols,NNZ,NNZ*2,Max Cols,Avg Cols,Col Ratio,Variance,Std Deviation
COO OMP,O2,1223776501.542152,1223.776502,1.223777,28787634,0.024911,29.802976,29.827887,0,10,1,1,16,8,72000,72000,14393817,28787634,481,199,2.000000,6652,81
COO OMP,O2,531956396.738176,531.956397,0.531956,28787634,0.055649,29.945094,30.000743,0,10,1,1,64,8,72000,72000,14393817,28787634,481,199,2.000000,6652,81
COO OMP,O2,334419680.141998,334.419680,0.334420,28787634,0.088007,29.893558,29.981565,0,10,1,1,128,8,72000,72000,14393817,28787634,481,199,2.000000,6652,81
COO OMP,O2,1529871407.732675,1529.871408,1.529871,28787634,0.020105,29.908687,29.928793,0,10,1,1,16,16,72000,72000,14393817,28787634,481,199,2.000000,6652,81
COO OMP,O2,733660986.806247,733.660987,0.733661,28787634,0.040635,29.842245,29.882880,0,10,1,1,64,16,72000,72000,14393817,28787634,481,199,2.000000,6652,81
COO OMP,O2,463623519.640024,463.623520,0.463624,28787634,0.063766,29.767184,29.830950,0,10,1,1,128,16,72000,72000,14393817,28787634,481,199,2.000000,6652,81
COO OMP,O2,1502537686.385980,1502.537686,1.502538,28787634,0.020878,29.903778,29.924656,0,10,1,1,16,32,72000,72000,14393817,28787634,481,199,2.000000,6652,81
COO OMP,O2,514330602.215308,514.330602,0.514331,28787634,0.056382,29.955737,30.012120,0,10,1,1,64,32,72000,72000,14393817,28787634,481,199,2.000000,6652,81
COO OMP,O2,344604508.850480,344.604509,0.344605,28787634,0.084610,29.724115,29.808725,0,10,1,1,128,32,72000,72000,14393817,28787634,481,199,2.000000,6652,81
