Name,-O,FLOPS,MFLOPS,GFLOPS,FOP Count,Avg Run Time (s),Format Time (s),Total Time (s),Verification,Iters,Block Row,Block Col,K-Bound,Threads,Rows,Cols,NNZ,NNZ*2,Max Cols,Avg Cols,Col Ratio,Variance,Std Deviation
COO OMP,O2,1450968257.775675,1450.968258,1.450968,28787634,0.020864,60.549844,60.570708,0,10,1,1,16,8,72000,72000,14393817,28787634,481,199,2.000000,6652,81
COO OMP,O2,806253141.246083,806.253141,0.806253,28787634,0.037615,60.459138,60.496752,0,10,1,1,64,8,72000,72000,14393817,28787634,481,199,2.000000,6652,81
COO OMP,O2,648594451.298703,648.594451,0.648594,28787634,0.046156,60.320865,60.367021,0,10,1,1,128,8,72000,72000,14393817,28787634,481,199,2.000000,6652,81
COO OMP,O2,1299881016.934721,1299.881017,1.299881,28787634,0.023483,60.549874,60.573357,0,10,1,1,16,16,72000,72000,14393817,28787634,481,199,2.000000,6652,81
COO OMP,O2,825716388.289132,825.716388,0.825716,28787634,0.036397,60.586010,60.622407,0,10,1,1,64,16,72000,72000,14393817,28787634,481,199,2.000000,6652,81
COO OMP,O2,530312532.902513,530.312533,0.530313,28787634,0.057659,60.387418,60.445077,0,10,1,1,128,16,72000,72000,14393817,28787634,481,199,2.000000,6652,81
COO OMP,O2,1107024694.344677,1107.024694,1.107025,28787634,0.030695,63.117696,63.148391,0,10,1,1,16,32,72000,72000,14393817,28787634,481,199,2.000000,6652,81
COO OMP,O2,807589976.789494,807.589977,0.807590,28787634,0.042793,59.760096,59.802889,0,10,1,1,64,32,72000,72000,14393817,28787634,481,199,2.000000,6652,81
COO OMP,O2,625740091.915379,625.740092,0.625740,28787634,0.047961,60.440399,60.488360,0,10,1,1,128,32,72000,72000,14393817,28787634,481,199,2.000000,6652,81
