Name,-O,FLOPS,MFLOPS,GFLOPS,FOP Count,Avg Run Time (s),Format Time (s),Total Time (s),Verification,Iters,Block Row,Block Col,K-Bound,Threads,Rows,Cols,NNZ,NNZ*2,Max Cols,Avg Cols,Col Ratio,Variance,Std Deviation
CSR Serial,O2,152907923.732067,152.907924,0.152908,28787634,0.188268,60.878283,61.066551,0,10,1,1,16,-1,72000,72000,14393817,28787634,481,199,2.000000,6652,81
CSR Serial,O2,79766905.401091,79.766905,0.079767,28787634,0.360967,60.362276,60.723243,0,10,1,1,64,-1,72000,72000,14393817,28787634,481,199,2.000000,6652,81
CSR Serial,O2,45857995.592953,45.857996,0.045858,28787634,0.653934,61.301647,61.955581,0,10,1,1,128,-1,72000,72000,14393817,28787634,481,199,2.000000,6652,81
