Name,-O,FLOPS,MFLOPS,GFLOPS,FOP Count,Avg Run Time (s),Format Time (s),Total Time (s),Verification,Iters,Block Row,Block Col,K-Bound,Threads,Rows,Cols,NNZ,NNZ*2,Max Cols,Avg Cols,Col Ratio,Variance,Std Deviation
CSR GPU,O2,664440814.311803,664.440814,0.664441,28787634,0.049800,10.546491,10.596292,0,10,1,1,16,-1,72000,72000,14393817,28787634,481,199,2.000000,6652,81
CSR GPU,O2,418012194.762249,418.012195,0.418012,28787634,0.072229,10.588769,10.660998,0,10,1,1,64,-1,72000,72000,14393817,28787634,481,199,2.000000,6652,81
CSR GPU,O2,302223977.775750,302.223978,0.302224,28787634,0.097244,10.579982,10.677226,0,10,1,1,128,-1,72000,72000,14393817,28787634,481,199,2.000000,6652,81
