Name,-O,FLOPS,MFLOPS,GFLOPS,FOP Count,Avg Run Time (s),Format Time (s),Total Time (s),Verification,Iters,Block Row,Block Col,K-Bound,Threads,Rows,Cols,NNZ,NNZ*2,Max Cols,Avg Cols,Col Ratio,Variance,Std Deviation
COO Serial,O2,216141566.442770,216.141566,0.216142,4381182,0.020275,6.886671,6.906946,0,10,1,1,16,-1,36417,36417,2190591,4381182,184,60,3.000000,753,27
COO Serial,O2,99724287.931212,99.724288,0.099724,4381182,0.043968,6.870682,6.914650,0,10,1,1,64,-1,36417,36417,2190591,4381182,184,60,3.000000,753,27
COO Serial,O2,68461478.751295,68.461479,0.068461,4381182,0.064021,6.863510,6.927531,0,10,1,1,128,-1,36417,36417,2190591,4381182,184,60,3.000000,753,27
