Name,-O,FLOPS,MFLOPS,GFLOPS,FOP Count,Avg Run Time (s),Format Time (s),Total Time (s),Verification,Iters,Block Row,Block Col,K-Bound,Threads,Rows,Cols,NNZ,NNZ*2,Max Cols,Avg Cols,Col Ratio,Variance,Std Deviation
COO OMP,O2,395715799.013134,395.715799,0.395716,4381182,0.013465,14.875238,14.888703,0,10,1,1,16,8,36417,36417,2190591,4381182,184,60,3.000000,753,27
COO OMP,O2,301954147.512208,301.954148,0.301954,4381182,0.017512,14.852795,14.870306,0,10,1,1,64,8,36417,36417,2190591,4381182,184,60,3.000000,753,27
COO OMP,O2,208470056.463264,208.470056,0.208470,4381182,0.023429,14.840013,14.863442,0,10,1,1,128,8,36417,36417,2190591,4381182,184,60,3.000000,753,27
COO OMP,O2,412890843.006073,412.890843,0.412891,4381182,0.012220,14.837518,14.849738,0,10,1,1,16,16,36417,36417,2190591,4381182,184,60,3.000000,753,27
COO OMP,O2,239384608.289198,239.384608,0.239385,4381182,0.019954,14.843638,14.863592,0,10,1,1,64,16,36417,36417,2190591,4381182,184,60,3.000000,753,27
COO OMP,O2,218130532.771101,218.130533,0.218131,4381182,0.021248,14.860007,14.881255,0,10,1,1,128,16,36417,36417,2190591,4381182,184,60,3.000000,753,27
COO OMP,O2,360237369.378759,360.237369,0.360237,4381182,0.013464,14.849866,14.863330,0,10,1,1,16,32,36417,36417,2190591,4381182,184,60,3.000000,753,27
COO OMP,O2,279979008.446769,279.979008,0.279979,4381182,0.018534,14.847350,14.865884,0,10,1,1,64,32,36417,36417,2190591,4381182,184,60,3.000000,753,27
COO OMP,O2,238188504.005676,238.188504,0.238189,4381182,0.020092,14.849976,14.870068,0,10,1,1,128,32,36417,36417,2190591,4381182,184,60,3.000000,753,27
