Name,-O,FLOPS,MFLOPS,GFLOPS,FOP Count,Avg Run Time (s),Format Time (s),Total Time (s),Verification,Iters,Block Row,Block Col,K-Bound,Threads,Rows,Cols,NNZ,NNZ*2,Max Cols,Avg Cols,Col Ratio,Variance,Std Deviation
CSR Serial,O2,135748608.911917,135.748609,0.135749,4381182,0.032354,15.393305,15.425659,0,10,1,1,16,-1,36417,36417,2190591,4381182,184,60,3.000000,753,27
CSR Serial,O2,79656617.185891,79.656617,0.079657,4381182,0.055001,14.793816,14.848817,0,10,1,1,64,-1,36417,36417,2190591,4381182,184,60,3.000000,753,27
CSR Serial,O2,52430107.725354,52.430108,0.052430,4381182,0.083563,14.795457,14.879020,0,10,1,1,128,-1,36417,36417,2190591,4381182,184,60,3.000000,753,27
