Name,-O,FLOPS,MFLOPS,GFLOPS,FOP Count,Avg Run Time (s),Format Time (s),Total Time (s),Verification,Iters,Block Row,Block Col,K-Bound,Threads,Rows,Cols,NNZ,NNZ*2,Max Cols,Avg Cols,Col Ratio,Variance,Std Deviation
BCSR Serial,O2,186256904.715517,186.256905,0.186257,4381182,0.023553,7.121888,7.145441,144,10,2,2,16,-1,36417,36417,2190591,4381182,184,60,3.000000,753,27
BCSR Serial,O2,161563855.637886,161.563856,0.161564,4381182,0.027164,7.095493,7.122657,144,10,4,4,16,-1,36417,36417,2190591,4381182,184,60,3.000000,753,27
BCSR Serial,O2,90711849.595097,90.711850,0.090712,4381182,0.048331,7.191402,7.239733,144,10,16,16,16,-1,36417,36417,2190591,4381182,184,60,3.000000,753,27
BCSR Serial,O2,81519213.337235,81.519213,0.081519,4381182,0.053757,7.092856,7.146613,576,10,2,2,64,-1,36417,36417,2190591,4381182,184,60,3.000000,753,27
BCSR Serial,O2,67051322.577967,67.051323,0.067051,4381182,0.065367,7.103068,7.168435,576,10,4,4,64,-1,36417,36417,2190591,4381182,184,60,3.000000,753,27
BCSR Serial,O2,36044950.605181,36.044951,0.036045,4381182,0.121549,7.193322,7.314871,576,10,16,16,64,-1,36417,36417,2190591,4381182,184,60,3.000000,753,27
BCSR Serial,O2,54096322.002098,54.096322,0.054096,4381182,0.081009,7.103362,7.184370,1152,10,2,2,128,-1,36417,36417,2190591,4381182,184,60,3.000000,753,27
BCSR Serial,O2,43181578.185154,43.181578,0.043182,4381182,0.101478,7.141897,7.243375,1152,10,4,4,128,-1,36417,36417,2190591,4381182,184,60,3.000000,753,27
BCSR Serial,O2,19592839.513887,19.592840,0.019593,4381182,0.223623,7.297491,7.521114,1152,10,16,16,128,-1,36417,36417,2190591,4381182,184,60,3.000000,753,27
