Name,-O,FLOPS,MFLOPS,GFLOPS,FOP Count,Avg Run Time (s),Format Time (s),Total Time (s),Verification,Iters,Block Row,Block Col,K-Bound,Threads,Rows,Cols,NNZ,NNZ*2,Max Cols,Avg Cols,Col Ratio,Variance,Std Deviation
CSR OMP,O2,497186517.613393,497.186518,0.497187,4381182,0.019190,6.907248,6.926438,0,10,1,1,16,8,36417,36417,2190591,4381182,184,60,3.000000,753,27
CSR OMP,O2,200654001.376246,200.654001,0.200654,4381182,0.027760,6.897775,6.925535,0,10,1,1,64,8,36417,36417,2190591,4381182,184,60,3.000000,753,27
CSR OMP,O2,151983252.417131,151.983252,0.151983,4381182,0.033127,6.884545,6.917672,0,10,1,1,128,8,36417,36417,2190591,4381182,184,60,3.000000,753,27
CSR OMP,O2,433803825.947193,433.803826,0.433804,4381182,0.021921,6.904742,6.926663,0,10,1,1,16,16,36417,36417,2190591,4381182,184,60,3.000000,753,27
CSR OMP,O2,311522970.601046,311.522971,0.311523,4381182,0.023374,6.879569,6.902943,0,10,1,1,64,16,36417,36417,2190591,4381182,184,60,3.000000,753,27
CSR OMP,O2,256665631.192587,256.665631,0.256666,4381182,0.027074,6.887012,6.914086,0,10,1,1,128,16,36417,36417,2190591,4381182,184,60,3.000000,753,27
CSR OMP,O2,929825778.791577,929.825779,0.929826,4381182,0.016072,6.887810,6.903882,0,10,1,1,16,32,36417,36417,2190591,4381182,184,60,3.000000,753,27
CSR OMP,O2,189491378.701464,189.491379,0.189491,4381182,0.025165,6.927846,6.953011,0,10,1,1,64,32,36417,36417,2190591,4381182,184,60,3.000000,753,27
CSR OMP,O2,190854020.702302,190.854021,0.190854,4381182,0.026543,6.944172,6.970715,0,10,1,1,128,32,36417,36417,2190591,4381182,184,60,3.000000,753,27
