Name,-O,FLOPS,MFLOPS,GFLOPS,FOP Count,Avg Run Time (s),Format Time (s),Total Time (s),Verification,Iters,Block Row,Block Col,K-Bound,Threads,Rows,Cols,NNZ,NNZ*2,Max Cols,Avg Cols,Col Ratio,Variance,Std Deviation
BCSR Serial,O2,196831019.485518,196.831019,0.196831,4381182,0.022295,2.588292,2.610587,144,10,2,2,16,-1,36417,36417,2190591,4381182,184,60,3.000000,753,27
BCSR Serial,O2,161840832.021723,161.840832,0.161841,4381182,0.027115,2.614689,2.641805,144,10,4,4,16,-1,36417,36417,2190591,4381182,184,60,3.000000,753,27
BCSR Serial,O2,91216889.088717,91.216889,0.091217,4381182,0.048053,2.713379,2.761431,144,10,16,16,16,-1,36417,36417,2190591,4381182,184,60,3.000000,753,27
BCSR Serial,O2,88341482.487819,88.341482,0.088341,4381182,0.049602,2.606277,2.655879,576,10,2,2,64,-1,36417,36417,2190591,4381182,184,60,3.000000,753,27
BCSR Serial,O2,65510719.900241,65.510720,0.065511,4381182,0.066885,2.622068,2.688953,576,10,4,4,64,-1,36417,36417,2190591,4381182,184,60,3.000000,753,27
BCSR Serial,O2,34776677.926564,34.776678,0.034777,4381182,0.125984,2.654260,2.780244,576,10,16,16,64,-1,36417,36417,2190591,4381182,184,60,3.000000,753,27
BCSR Serial,O2,47650105.487376,47.650105,0.047650,4381182,0.091969,2.585832,2.677801,1152,10,2,2,128,-1,36417,36417,2190591,4381182,184,60,3.000000,753,27
BCSR Serial,O2,37783615.204911,37.783615,0.037784,4381182,0.115966,2.579644,2.695610,1152,10,4,4,128,-1,36417,36417,2190591,4381182,184,60,3.000000,753,27
BCSR Serial,O2,18585095.698468,18.585096,0.018585,4381182,0.235741,2.658865,2.894606,1152,10,16,16,128,-1,36417,36417,2190591,4381182,184,60,3.000000,753,27
