Name,-O,FLOPS,MFLOPS,GFLOPS,FOP Count,Avg Run Time (s),Format Time (s),Total Time (s),Verification,Iters,Block Row,Block Col,K-Bound,Threads,Rows,Cols,NNZ,NNZ*2,Max Cols,Avg Cols,Col Ratio,Variance,Std Deviation
BCSR Serial Transpose,O2,846564.790448,0.846565,0.000847,4381182,5.175249,2.579361,7.754610,144,10,2,2,16,-1,36417,36417,2190591,4381182,184,60,3.000000,753,27
BCSR Serial Transpose,O2,852198.480062,0.852198,0.000852,4381182,5.141041,2.613107,7.754148,144,10,4,4,16,-1,36417,36417,2190591,4381182,184,60,3.000000,753,27
BCSR Serial Transpose,O2,841310.533962,0.841311,0.000841,4381182,5.207569,2.658040,7.865609,144,10,16,16,16,-1,36417,36417,2190591,4381182,184,60,3.000000,753,27
BCSR Serial Transpose,O2,841477.273275,0.841477,0.000841,4381182,5.206537,2.567581,7.774118,576,10,2,2,64,-1,36417,36417,2190591,4381182,184,60,3.000000,753,27
BCSR Serial Transpose,O2,858495.672772,0.858496,0.000858,4381182,5.103328,2.544635,7.647963,576,10,4,4,64,-1,36417,36417,2190591,4381182,184,60,3.000000,753,27
BCSR Serial Transpose,O2,803632.814896,0.803633,0.000804,4381182,5.451734,2.701848,8.153582,576,10,16,16,64,-1,36417,36417,2190591,4381182,184,60,3.000000,753,27
BCSR Serial Transpose,O2,841339.960817,0.841340,0.000841,4381182,5.207419,2.534446,7.741865,1152,10,2,2,128,-1,36417,36417,2190591,4381182,184,60,3.000000,753,27
BCSR Serial Transpose,O2,821335.229769,0.821335,0.000821,4381182,5.334219,2.598262,7.932481,1152,10,4,4,128,-1,36417,36417,2190591,4381182,184,60,3.000000,753,27
BCSR Serial Transpose,O2,789762.922766,0.789763,0.000790,4381182,5.547465,2.646868,8.194333,1152,10,16,16,128,-1,36417,36417,2190591,4381182,184,60,3.000000,753,27
