Name,-O,FLOPS,MFLOPS,GFLOPS,FOP Count,Avg Run Time (s),Format Time (s),Total Time (s),Verification,Iters,Block Row,Block Col,K-Bound,Threads,Rows,Cols,NNZ,NNZ*2,Max Cols,Avg Cols,Col Ratio,Variance,Std Deviation
BCSR GPU Transpose,O2,792446.928724,0.792447,0.000792,4381182,5.565181,2.538365,8.103546,144,10,2,2,16,-1,36417,36417,2190591,4381182,184,60,3.000000,753,27
BCSR GPU Transpose,O2,822859.602876,0.822860,0.000823,4381182,5.331777,2.579161,7.910938,144,10,4,4,16,-1,36417,36417,2190591,4381182,184,60,3.000000,753,27
BCSR GPU Transpose,O2,784325.586973,0.784326,0.000784,4381182,5.618766,2.639349,8.258115,144,10,16,16,16,-1,36417,36417,2190591,4381182,184,60,3.000000,753,27
BCSR GPU Transpose,O2,746889.141964,0.746889,0.000747,4381182,5.906661,2.578911,8.485572,576,10,2,2,64,-1,36417,36417,2190591,4381182,184,60,3.000000,753,27
BCSR GPU Transpose,O2,784864.188593,0.784864,0.000785,4381182,5.631408,2.559637,8.191046,576,10,4,4,64,-1,36417,36417,2190591,4381182,184,60,3.000000,753,27
BCSR GPU Transpose,O2,713469.262198,0.713469,0.000713,4381182,6.152403,2.621114,8.773517,576,10,16,16,64,-1,36417,36417,2190591,4381182,184,60,3.000000,753,27
BCSR GPU Transpose,O2,756070.317053,0.756070,0.000756,4381182,5.830641,2.585237,8.415878,1152,10,2,2,128,-1,36417,36417,2190591,4381182,184,60,3.000000,753,27
BCSR GPU Transpose,O2,767933.067532,0.767933,0.000768,4381182,5.727599,2.578297,8.305896,1152,10,4,4,128,-1,36417,36417,2190591,4381182,184,60,3.000000,753,27
BCSR GPU Transpose,O2,660011.678900,0.660012,0.000660,4381182,6.648425,2.645047,9.293472,1152,10,16,16,128,-1,36417,36417,2190591,4381182,184,60,3.000000,753,27
