Name,-O,FLOPS,MFLOPS,GFLOPS,FOP Count,Avg Run Time (s),Format Time (s),Total Time (s),Verification,Iters,Block Row,Block Col,K-Bound,Threads,Rows,Cols,NNZ,NNZ*2,Max Cols,Avg Cols,Col Ratio,Variance,Std Deviation
CSR GPU,O2,676916576.815171,676.916577,0.676917,4748002,0.020839,3.390210,3.411049,0,10,1,1,16,-1,46835,46835,2374001,4748002,145,50,2.000000,772,27
CSR GPU,O2,230345394.500170,230.345395,0.230345,4748002,0.027623,3.387496,3.415119,0,10,1,1,64,-1,46835,46835,2374001,4748002,145,50,2.000000,772,27
CSR GPU,O2,158911919.537217,158.911920,0.158912,4748002,0.036807,3.381727,3.418534,0,10,1,1,128,-1,46835,46835,2374001,4748002,145,50,2.000000,772,27
