Name,-O,FLOPS,MFLOPS,GFLOPS,FOP Count,Avg Run Time (s),Format Time (s),Total Time (s),Verification,Iters,Block Row,Block Col,K-Bound,Threads,Rows,Cols,NNZ,NNZ*2,Max Cols,Avg Cols,Col Ratio,Variance,Std Deviation
CSR THREADS,O2,894713680.690102,894.713681,0.894714,4748002,0.006547,11.239135,11.245682,0,5,1,1,16,32,46835,46835,2374001,4748002,145,50,2.000000,772,27
CSR THREADS,O2,581296707.924509,581.296708,0.581297,4748002,0.012292,11.177661,11.189953,0,5,1,1,64,32,46835,46835,2374001,4748002,145,50,2.000000,772,27
CSR THREADS,O2,458592783.633678,458.592784,0.458593,4748002,0.011898,11.161244,11.173142,0,5,1,1,128,48,46835,46835,2374001,4748002,145,50,2.000000,772,27
