Name,-O,FLOPS,MFLOPS,GFLOPS,FOP Count,Avg Run Time (s),Format Time (s),Total Time (s),Verification,Iters,Block Row,Block Col,K-Bound,Threads,Rows,Cols,NNZ,NNZ*2,Max Cols,Avg Cols,Col Ratio,Variance,Std Deviation
CSR OMP,O2,370547845.590872,370.547846,0.370548,4748002,0.023533,3.334157,3.357690,0,10,1,1,16,8,46835,46835,2374001,4748002,145,50,2.000000,772,27
CSR OMP,O2,116267695.525901,116.267696,0.116268,4748002,0.049082,3.366532,3.415614,0,10,1,1,64,8,46835,46835,2374001,4748002,145,50,2.000000,772,27
CSR OMP,O2,115497079.391573,115.497079,0.115497,4748002,0.047114,3.370001,3.417115,0,10,1,1,128,8,46835,46835,2374001,4748002,145,50,2.000000,772,27
CSR OMP,O2,853444957.322735,853.444957,0.853445,4748002,0.011472,3.370874,3.382346,0,10,1,1,16,16,46835,46835,2374001,4748002,145,50,2.000000,772,27
CSR OMP,O2,387234728.732944,387.234729,0.387235,4748002,0.020554,3.338122,3.358675,0,10,1,1,64,16,46835,46835,2374001,4748002,145,50,2.000000,772,27
CSR OMP,O2,168382725.234788,168.382725,0.168383,4748002,0.040551,3.328953,3.369504,0,10,1,1,128,16,46835,46835,2374001,4748002,145,50,2.000000,772,27
CSR OMP,O2,304010683.187307,304.010683,0.304011,4748002,0.021396,3.349516,3.370912,0,10,1,1,16,32,46835,46835,2374001,4748002,145,50,2.000000,772,27
CSR OMP,O2,150789141.448310,150.789141,0.150789,4748002,0.034808,3.366283,3.401091,0,10,1,1,64,32,46835,46835,2374001,4748002,145,50,2.000000,772,27
CSR OMP,O2,102678861.205344,102.678861,0.102679,4748002,0.050334,3.374029,3.424363,0,10,1,1,128,32,46835,46835,2374001,4748002,145,50,2.000000,772,27
