Name,-O,FLOPS,MFLOPS,GFLOPS,FOP Count,Avg Run Time (s),Format Time (s),Total Time (s),Verification,Iters,Block Row,Block Col,K-Bound,Threads,Rows,Cols,NNZ,NNZ*2,Max Cols,Avg Cols,Col Ratio,Variance,Std Deviation
COO OMP,O2,510158356.746478,510.158357,0.510158,4748002,0.014523,23.762254,23.776777,0,10,1,1,16,8,46835,46835,2374001,4748002,145,50,2.000000,772,27
COO OMP,O2,275047787.471374,275.047787,0.275048,4748002,0.020286,23.811552,23.831838,0,10,1,1,64,8,46835,46835,2374001,4748002,145,50,2.000000,772,27
COO OMP,O2,197696131.225571,197.696131,0.197696,4748002,0.025949,23.814704,23.840653,0,10,1,1,128,8,46835,46835,2374001,4748002,145,50,2.000000,772,27
COO OMP,O2,409409882.165105,409.409882,0.409410,4748002,0.016153,23.818450,23.834603,0,10,1,1,16,16,46835,46835,2374001,4748002,145,50,2.000000,772,27
COO OMP,O2,335303012.571428,335.303013,0.335303,4748002,0.018675,23.842109,23.860784,0,10,1,1,64,16,46835,46835,2374001,4748002,145,50,2.000000,772,27
COO OMP,O2,188925229.030506,188.925229,0.188925,4748002,0.027485,23.820506,23.847990,0,10,1,1,128,16,46835,46835,2374001,4748002,145,50,2.000000,772,27
COO OMP,O2,354532877.395615,354.532877,0.354533,4748002,0.019891,23.811210,23.831100,0,10,1,1,16,32,46835,46835,2374001,4748002,145,50,2.000000,772,27
COO OMP,O2,285809599.470646,285.809599,0.285810,4748002,0.019665,23.816628,23.836293,0,10,1,1,64,32,46835,46835,2374001,4748002,145,50,2.000000,772,27
COO OMP,O2,231512583.358601,231.512583,0.231513,4748002,0.023239,23.805515,23.828754,0,10,1,1,128,32,46835,46835,2374001,4748002,145,50,2.000000,772,27
