Name,-O,FLOPS,MFLOPS,GFLOPS,FOP Count,Avg Run Time (s),Format Time (s),Total Time (s),Verification,Iters,Block Row,Block Col,K-Bound,Threads,Rows,Cols,NNZ,NNZ*2,Max Cols,Avg Cols,Col Ratio,Variance,Std Deviation
COO OMP Transpose,O2,1619235.641223,1.619236,0.001619,4748002,2.932609,3.527892,6.460501,0,10,1,1,16,8,46835,46835,2374001,4748002,145,50,2.000000,772,27
COO OMP Transpose,O2,1658731.505998,1.658732,0.001659,4748002,2.862656,3.499022,6.361678,0,10,1,1,64,8,46835,46835,2374001,4748002,145,50,2.000000,772,27
COO OMP Transpose,O2,1575292.866445,1.575293,0.001575,4748002,3.014752,3.526500,6.541252,0,10,1,1,128,8,46835,46835,2374001,4748002,145,50,2.000000,772,27
COO OMP Transpose,O2,3061782.703090,3.061783,0.003062,4748002,1.551037,3.510395,5.061432,0,10,1,1,16,16,46835,46835,2374001,4748002,145,50,2.000000,772,27
COO OMP Transpose,O2,2936776.636639,2.936777,0.002937,4748002,1.619187,3.507882,5.127069,0,10,1,1,64,16,46835,46835,2374001,4748002,145,50,2.000000,772,27
COO OMP Transpose,O2,2957715.170459,2.957715,0.002958,4748002,1.605890,3.499152,5.105042,0,10,1,1,128,16,46835,46835,2374001,4748002,145,50,2.000000,772,27
COO OMP Transpose,O2,6018626.680304,6.018627,0.006019,4748002,0.789869,3.510292,4.300161,0,10,1,1,16,32,46835,46835,2374001,4748002,145,50,2.000000,772,27
COO OMP Transpose,O2,5778432.961876,5.778433,0.005778,4748002,0.822053,3.531369,4.353422,0,10,1,1,64,32,46835,46835,2374001,4748002,145,50,2.000000,772,27
COO OMP Transpose,O2,5450738.130996,5.450738,0.005451,4748002,0.871203,3.514079,4.385282,0,10,1,1,128,32,46835,46835,2374001,4748002,145,50,2.000000,772,27
