Name,-O,FLOPS,MFLOPS,GFLOPS,FOP Count,Avg Run Time (s),Format Time (s),Total Time (s),Verification,Iters,Block Row,Block Col,K-Bound,Threads,Rows,Cols,NNZ,NNZ*2,Max Cols,Avg Cols,Col Ratio,Variance,Std Deviation
COO Serial,O2,244727294.160099,244.727294,0.244727,4748002,0.019403,3.390224,3.409627,0,10,1,1,16,-1,46835,46835,2374001,4748002,145,50,2.000000,772,27
COO Serial,O2,77980390.260833,77.980390,0.077980,4748002,0.060892,3.388521,3.449412,0,10,1,1,64,-1,46835,46835,2374001,4748002,145,50,2.000000,772,27
COO Serial,O2,40125347.402245,40.125347,0.040125,4748002,0.118337,3.363650,3.481987,0,10,1,1,128,-1,46835,46835,2374001,4748002,145,50,2.000000,772,27
