Name,-O,FLOPS,MFLOPS,GFLOPS,FOP Count,Avg Run Time (s),Format Time (s),Total Time (s),Verification,Iters,Block Row,Block Col,K-Bound,Threads,Rows,Cols,NNZ,NNZ*2,Max Cols,Avg Cols,Col Ratio,Variance,Std Deviation
ELL Serial Transpose,O2,493830.597412,0.493831,0.000494,4748002,9.614638,3.688487,13.303125,0,10,1,1,16,-1,46835,46835,2374001,4748002,145,50,2.000000,772,27
ELL Serial Transpose,O2,494908.699605,0.494909,0.000495,4748002,9.593693,3.797846,13.391539,0,10,1,1,64,-1,46835,46835,2374001,4748002,145,50,2.000000,772,27
ELL Serial Transpose,O2,466663.111581,0.466663,0.000467,4748002,10.174368,3.717527,13.891895,0,10,1,1,128,-1,46835,46835,2374001,4748002,145,50,2.000000,772,27
