Name,-O,FLOPS,MFLOPS,GFLOPS,FOP Count,Avg Run Time (s),Format Time (s),Total Time (s),Verification,Iters,Block Row,Block Col,K-Bound,Threads,Rows,Cols,NNZ,NNZ*2,Max Cols,Avg Cols,Col Ratio,Variance,Std Deviation
ELL GPU,O2,72755636.253862,72.755636,0.072756,409600,0.011805,8.121811,8.133616,0,10,1,1,16,-1,81920,81920,204800,409600,4,2,2.000000,0,0
ELL GPU,O2,35680416.914622,35.680417,0.035680,409600,0.017001,8.084603,8.101604,0,10,1,1,64,-1,81920,81920,204800,409600,4,2,2.000000,0,0
ELL GPU,O2,23380991.986878,23.380992,0.023381,409600,0.023081,8.058220,8.081302,0,10,1,1,128,-1,81920,81920,204800,409600,4,2,2.000000,0,0
