Name,-O,FLOPS,MFLOPS,GFLOPS,FOP Count,Avg Run Time (s),Format Time (s),Total Time (s),Verification,Iters,Block Row,Block Col,K-Bound,Threads,Rows,Cols,NNZ,NNZ*2,Max Cols,Avg Cols,Col Ratio,Variance,Std Deviation
COO THREADS,O2,97960260.570441,97.960261,0.097960,409600,0.005507,7.880246,7.885753,0,5,1,1,16,48,81920,81920,204800,409600,4,2,2.000000,0,0
COO THREADS,O2,46735983.399360,46.735983,0.046736,409600,0.009779,7.809112,7.818891,0,5,1,1,64,32,81920,81920,204800,409600,4,2,2.000000,0,0
COO THREADS,O2,33059794.423870,33.059794,0.033060,409600,0.013425,7.773322,7.786747,0,5,1,1,128,72,81920,81920,204800,409600,4,2,2.000000,0,0
