Name,-O,FLOPS,MFLOPS,GFLOPS,FOP Count,Avg Run Time (s),Format Time (s),Total Time (s),Verification,Iters,Block Row,Block Col,K-Bound,Threads,Rows,Cols,NNZ,NNZ*2,Max Cols,Avg Cols,Col Ratio,Variance,Std Deviation
COO OMP,O2,77059060.108107,77.059060,0.077059,409600,0.020313,31.818881,31.839194,0,10,1,1,16,8,81920,81920,204800,409600,4,2,2.000000,0,0
COO OMP,O2,17778706.023916,17.778706,0.017779,409600,0.048445,32.421615,32.470060,0,10,1,1,64,8,81920,81920,204800,409600,4,2,2.000000,0,0
COO OMP,O2,14724159.089761,14.724159,0.014724,409600,0.052224,32.370329,32.422554,0,10,1,1,128,8,81920,81920,204800,409600,4,2,2.000000,0,0
COO OMP,O2,55616505.878863,55.616506,0.055617,409600,0.044432,32.370247,32.414679,0,10,1,1,16,16,81920,81920,204800,409600,4,2,2.000000,0,0
COO OMP,O2,42634339.369515,42.634339,0.042634,409600,0.032520,32.389044,32.421564,0,10,1,1,64,16,81920,81920,204800,409600,4,2,2.000000,0,0
COO OMP,O2,21764402.138861,21.764402,0.021764,409600,0.035767,32.428569,32.464336,0,10,1,1,128,16,81920,81920,204800,409600,4,2,2.000000,0,0
COO OMP,O2,22674029.594595,22.674030,0.022674,409600,0.051842,32.438867,32.490709,0,10,1,1,16,32,81920,81920,204800,409600,4,2,2.000000,0,0
COO OMP,O2,20192343.698805,20.192344,0.020192,409600,0.039037,32.431920,32.470958,0,10,1,1,64,32,81920,81920,204800,409600,4,2,2.000000,0,0
COO OMP,O2,15893773.087293,15.893773,0.015894,409600,0.043015,32.769172,32.812187,0,10,1,1,128,32,81920,81920,204800,409600,4,2,2.000000,0,0
