Name,-O,FLOPS,MFLOPS,GFLOPS,FOP Count,Avg Run Time (s),Format Time (s),Total Time (s),Verification,Iters,Block Row,Block Col,K-Bound,Threads,Rows,Cols,NNZ,NNZ*2,Max Cols,Avg Cols,Col Ratio,Variance,Std Deviation
COO OMP,O2,60117683.668946,60.117684,0.060118,409600,0.008017,7.762962,7.770979,0,10,1,1,16,8,81920,81920,204800,409600,4,2,2.000000,0,0
COO OMP,O2,25079655.452134,25.079655,0.025080,409600,0.017953,7.904420,7.922373,0,10,1,1,64,8,81920,81920,204800,409600,4,2,2.000000,0,0
COO OMP,O2,17532729.933396,17.532730,0.017533,409600,0.024235,7.763761,7.787996,0,10,1,1,128,8,81920,81920,204800,409600,4,2,2.000000,0,0
COO OMP,O2,90565861.031066,90.565861,0.090566,409600,0.006044,7.739917,7.745961,0,10,1,1,16,16,81920,81920,204800,409600,4,2,2.000000,0,0
COO OMP,O2,35642204.026593,35.642204,0.035642,409600,0.012451,7.755760,7.768212,0,10,1,1,64,16,81920,81920,204800,409600,4,2,2.000000,0,0
COO OMP,O2,24063129.353639,24.063129,0.024063,409600,0.018546,7.756847,7.775393,0,10,1,1,128,16,81920,81920,204800,409600,4,2,2.000000,0,0
COO OMP,O2,92688199.316697,92.688199,0.092688,409600,0.007378,7.735218,7.742596,0,10,1,1,16,32,81920,81920,204800,409600,4,2,2.000000,0,0
COO OMP,O2,44416750.744049,44.416751,0.044417,409600,0.011493,7.746911,7.758404,0,10,1,1,64,32,81920,81920,204800,409600,4,2,2.000000,0,0
COO OMP,O2,30119798.591318,30.119799,0.030120,409600,0.015936,7.760412,7.776348,0,10,1,1,128,32,81920,81920,204800,409600,4,2,2.000000,0,0
