Name,-O,FLOPS,MFLOPS,GFLOPS,FOP Count,Avg Run Time (s),Format Time (s),Total Time (s),Verification,Iters,Block Row,Block Col,K-Bound,Threads,Rows,Cols,NNZ,NNZ*2,Max Cols,Avg Cols,Col Ratio,Variance,Std Deviation
CSR Serial,O2,22886638.817435,22.886639,0.022887,409600,0.018004,73.045696,73.063700,0,10,1,1,16,-1,81920,81920,204800,409600,4,2,2.000000,0,0
CSR Serial,O2,13119348.007699,13.119348,0.013119,409600,0.031221,69.576649,69.607870,0,10,1,1,64,-1,81920,81920,204800,409600,4,2,2.000000,0,0
CSR Serial,O2,9278345.048088,9.278345,0.009278,409600,0.044146,69.667464,69.711610,0,10,1,1,128,-1,81920,81920,204800,409600,4,2,2.000000,0,0
