Name,-O,FLOPS,MFLOPS,GFLOPS,FOP Count,Avg Run Time (s),Format Time (s),Total Time (s),Verification,Iters,Block Row,Block Col,K-Bound,Threads,Rows,Cols,NNZ,NNZ*2,Max Cols,Avg Cols,Col Ratio,Variance,Std Deviation
COO GPU,O2,30171548.255760,30.171548,0.030172,409600,0.021510,7.817677,7.839187,0,10,1,1,16,-1,81920,81920,204800,409600,4,2,2.000000,0,0
COO GPU,O2,26551208.040127,26.551208,0.026551,409600,0.020768,7.864030,7.884798,0,10,1,1,64,-1,81920,81920,204800,409600,4,2,2.000000,0,0
COO GPU,O2,23406172.082675,23.406172,0.023406,409600,0.022906,7.846865,7.869771,0,10,1,1,128,-1,81920,81920,204800,409600,4,2,2.000000,0,0
