Name,-O,FLOPS,MFLOPS,GFLOPS,FOP Count,Avg Run Time (s),Format Time (s),Total Time (s),Verification,Iters,Block Row,Block Col,K-Bound,Threads,Rows,Cols,NNZ,NNZ*2,Max Cols,Avg Cols,Col Ratio,Variance,Std Deviation
COO Serial,O2,29469946.627410,29.469947,0.029470,409600,0.014032,69.879086,69.893118,0,10,1,1,16,-1,81920,81920,204800,409600,4,2,2.000000,0,0
COO Serial,O2,13302454.572922,13.302455,0.013302,409600,0.030911,69.601528,69.632439,0,10,1,1,64,-1,81920,81920,204800,409600,4,2,2.000000,0,0
COO Serial,O2,9263513.373429,9.263513,0.009264,409600,0.044359,69.189223,69.233582,0,10,1,1,128,-1,81920,81920,204800,409600,4,2,2.000000,0,0
