Name,-O,FLOPS,MFLOPS,GFLOPS,FOP Count,Avg Run Time (s),Format Time (s),Total Time (s),Verification,Iters,Block Row,Block Col,K-Bound,Threads,Rows,Cols,NNZ,NNZ*2,Max Cols,Avg Cols,Col Ratio,Variance,Std Deviation
COO THREADS,O2,1051836247.375624,1051.836247,1.051836,17033000,0.016367,79.020037,79.036404,0,5,1,1,16,32,116158,116158,8516500,17033000,3263,73,44.000000,176054,419
COO THREADS,O2,736724947.634126,736.724948,0.736725,17033000,0.023474,79.239426,79.262900,0,5,1,1,64,48,116158,116158,8516500,17033000,3263,73,44.000000,176054,419
COO THREADS,O2,632085305.136234,632.085305,0.632085,17033000,0.027087,80.455416,80.482503,0,5,1,1,128,72,116158,116158,8516500,17033000,3263,73,44.000000,176054,419
