Name,-O,FLOPS,MFLOPS,GFLOPS,FOP Count,Avg Run Time (s),Format Time (s),Total Time (s),Verification,Iters,Block Row,Block Col,K-Bound,Threads,Rows,Cols,NNZ,NNZ*2,Max Cols,Avg Cols,Col Ratio,Variance,Std Deviation
COO OMP Transpose,O2,826937.626976,0.826938,0.000827,17033000,20.609583,19.404545,40.014128,0,10,1,1,16,8,116158,116158,8516500,17033000,3263,73,44.000000,176054,419
COO OMP Transpose,O2,838529.966125,0.838530,0.000839,17033000,20.317100,19.346015,39.663115,0,10,1,1,64,8,116158,116158,8516500,17033000,3263,73,44.000000,176054,419
COO OMP Transpose,O2,828365.049232,0.828365,0.000828,17033000,20.568476,19.356977,39.925454,0,10,1,1,128,8,116158,116158,8516500,17033000,3263,73,44.000000,176054,419
COO OMP Transpose,O2,1496124.913345,1.496125,0.001496,17033000,11.390912,19.366927,30.757839,0,10,1,1,16,16,116158,116158,8516500,17033000,3263,73,44.000000,176054,419
COO OMP Transpose,O2,1448529.218473,1.448529,0.001449,17033000,11.759370,19.318077,31.077447,0,10,1,1,64,16,116158,116158,8516500,17033000,3263,73,44.000000,176054,419
COO OMP Transpose,O2,1427837.555842,1.427838,0.001428,17033000,11.929976,19.323436,31.253412,0,10,1,1,128,16,116158,116158,8516500,17033000,3263,73,44.000000,176054,419
COO OMP Transpose,O2,2534463.500666,2.534464,0.002534,17033000,6.720696,19.313594,26.034290,0,10,1,1,16,32,116158,116158,8516500,17033000,3263,73,44.000000,176054,419
COO OMP Transpose,O2,2499793.384440,2.499793,0.002500,17033000,6.814421,19.395618,26.210039,0,10,1,1,64,32,116158,116158,8516500,17033000,3263,73,44.000000,176054,419
COO OMP Transpose,O2,2445547.053521,2.445547,0.002446,17033000,6.965361,19.401017,26.366378,0,10,1,1,128,32,116158,116158,8516500,17033000,3263,73,44.000000,176054,419
