Name,-O,FLOPS,MFLOPS,GFLOPS,FOP Count,Avg Run Time (s),Format Time (s),Total Time (s),Verification,Iters,Block Row,Block Col,K-Bound,Threads,Rows,Cols,NNZ,NNZ*2,Max Cols,Avg Cols,Col Ratio,Variance,Std Deviation
BCSR Serial Transpose,O2,223789.960083,0.223790,0.000224,17033000,76.111551,19.517566,95.629117,1447056,10,2,2,16,-1,116158,116158,8516500,17033000,3263,73,44.000000,176054,419
BCSR Serial Transpose,O2,214214.995248,0.214215,0.000214,17033000,79.513577,19.665108,99.178685,1447056,10,4,4,16,-1,116158,116158,8516500,17033000,3263,73,44.000000,176054,419
BCSR Serial Transpose,O2,223319.104380,0.223319,0.000223,17033000,76.277931,19.992582,96.270513,1447056,10,16,16,16,-1,116158,116158,8516500,17033000,3263,73,44.000000,176054,419
BCSR Serial Transpose,O2,223143.209775,0.223143,0.000223,17033000,76.332156,19.260792,95.592948,5788224,10,2,2,64,-1,116158,116158,8516500,17033000,3263,73,44.000000,176054,419
BCSR Serial Transpose,O2,222520.950773,0.222521,0.000223,17033000,76.545625,19.742314,96.287939,5788224,10,4,4,64,-1,116158,116158,8516500,17033000,3263,73,44.000000,176054,419
BCSR Serial Transpose,O2,217250.786144,0.217251,0.000217,17033000,78.410738,19.564499,97.975237,5788224,10,16,16,64,-1,116158,116158,8516500,17033000,3263,73,44.000000,176054,419
BCSR Serial Transpose,O2,222682.704072,0.222683,0.000223,17033000,76.490019,19.726379,96.216398,11576448,10,2,2,128,-1,116158,116158,8516500,17033000,3263,73,44.000000,176054,419
BCSR Serial Transpose,O2,221323.692626,0.221324,0.000221,17033000,76.959681,19.220888,96.180569,11576448,10,4,4,128,-1,116158,116158,8516500,17033000,3263,73,44.000000,176054,419
BCSR Serial Transpose,O2,217808.826784,0.217809,0.000218,17033000,78.201612,19.892495,98.094107,11576448,10,16,16,128,-1,116158,116158,8516500,17033000,3263,73,44.000000,176054,419
