Name,-O,FLOPS,MFLOPS,GFLOPS,FOP Count,Avg Run Time (s),Format Time (s),Total Time (s),Verification,Iters,Block Row,Block Col,K-Bound,Threads,Rows,Cols,NNZ,NNZ*2,Max Cols,Avg Cols,Col Ratio,Variance,Std Deviation
CSR Serial,O2,66364990.489103,66.364990,0.066365,17033000,0.275945,75.585062,75.861007,0,10,1,1,16,-1,116158,116158,8516500,17033000,3263,73,44.000000,176054,419
CSR Serial,O2,51874527.416789,51.874527,0.051875,17033000,0.328393,76.863860,77.192253,0,10,1,1,64,-1,116158,116158,8516500,17033000,3263,73,44.000000,176054,419
CSR Serial,O2,37628789.468098,37.628789,0.037629,17033000,0.452682,76.508400,76.961082,0,10,1,1,128,-1,116158,116158,8516500,17033000,3263,73,44.000000,176054,419
