Name,-O,FLOPS,MFLOPS,GFLOPS,FOP Count,Avg Run Time (s),Format Time (s),Total Time (s),Verification,Iters,Block Row,Block Col,K-Bound,Threads,Rows,Cols,NNZ,NNZ*2,Max Cols,Avg Cols,Col Ratio,Variance,Std Deviation
CSR THREADS,O2,907522294.778979,907.522295,0.907522,17033000,0.020871,79.249806,79.270677,0,5,1,1,16,48,116158,116158,8516500,17033000,3263,73,44.000000,176054,419
CSR THREADS,O2,544138377.556825,544.138378,0.544138,17033000,0.031798,79.032794,79.064592,0,5,1,1,64,32,116158,116158,8516500,17033000,3263,73,44.000000,176054,419
CSR THREADS,O2,390873908.597096,390.873909,0.390874,17033000,0.044742,77.775258,77.820000,0,5,1,1,128,72,116158,116158,8516500,17033000,3263,73,44.000000,176054,419
