Name,-O,FLOPS,MFLOPS,GFLOPS,FOP Count,Avg Run Time (s),Format Time (s),Total Time (s),Verification,Iters,Block Row,Block Col,K-Bound,Threads,Rows,Cols,NNZ,NNZ*2,Max Cols,Avg Cols,Col Ratio,Variance,Std Deviation
ELL GPU,O2,101238123.375220,101.238123,0.101238,17033000,0.170373,21.950091,22.120463,0,10,1,1,16,-1,116158,116158,8516500,17033000,3263,73,44.000000,176054,419
ELL GPU,O2,65007251.856103,65.007252,0.065007,17033000,0.262992,21.996869,22.259862,0,10,1,1,64,-1,116158,116158,8516500,17033000,3263,73,44.000000,176054,419
ELL GPU,O2,37559711.475879,37.559711,0.037560,17033000,0.454580,22.250949,22.705528,0,10,1,1,128,-1,116158,116158,8516500,17033000,3263,73,44.000000,176054,419
