Name,-O,FLOPS,MFLOPS,GFLOPS,FOP Count,Avg Run Time (s),Format Time (s),Total Time (s),Verification,Iters,Block Row,Block Col,K-Bound,Threads,Rows,Cols,NNZ,NNZ*2,Max Cols,Avg Cols,Col Ratio,Variance,Std Deviation
COO Serial Transpose,O2,211255.994713,0.211256,0.000211,17033000,80.742313,19.066611,99.808924,0,10,1,1,16,-1,116158,116158,8516500,17033000,3263,73,44.000000,176054,419
COO Serial Transpose,O2,220332.109833,0.220332,0.000220,17033000,77.306033,19.234786,96.540819,0,10,1,1,64,-1,116158,116158,8516500,17033000,3263,73,44.000000,176054,419
COO Serial Transpose,O2,217013.964166,0.217014,0.000217,17033000,78.520477,19.207060,97.727537,0,10,1,1,128,-1,116158,116158,8516500,17033000,3263,73,44.000000,176054,419
