Name,-O,FLOPS,MFLOPS,GFLOPS,FOP Count,Avg Run Time (s),Format Time (s),Total Time (s),Verification,Iters,Block Row,Block Col,K-Bound,Threads,Rows,Cols,NNZ,NNZ*2,Max Cols,Avg Cols,Col Ratio,Variance,Std Deviation
CSR GPU,O2,275227125.675556,275.227126,0.275227,17033000,0.067056,19.036839,19.103894,0,10,1,1,16,-1,116158,116158,8516500,17033000,3263,73,44.000000,176054,419
CSR GPU,O2,154112757.436876,154.112757,0.154113,17033000,0.115774,19.379121,19.494895,0,10,1,1,64,-1,116158,116158,8516500,17033000,3263,73,44.000000,176054,419
CSR GPU,O2,120557286.958957,120.557287,0.120557,17033000,0.145722,19.247411,19.393133,0,10,1,1,128,-1,116158,116158,8516500,17033000,3263,73,44.000000,176054,419
