Name,-O,FLOPS,MFLOPS,GFLOPS,FOP Count,Avg Run Time (s),Format Time (s),Total Time (s),Verification,Iters,Block Row,Block Col,K-Bound,Threads,Rows,Cols,NNZ,NNZ*2,Max Cols,Avg Cols,Col Ratio,Variance,Std Deviation
BCSR Serial,O2,107953277.927951,107.953278,0.107953,17033000,0.157807,76.350670,76.508477,1447056,10,2,2,16,-1,116158,116158,8516500,17033000,3263,73,44.000000,176054,419
BCSR Serial,O2,102031238.140278,102.031238,0.102031,17033000,0.166967,77.316298,77.483265,1447056,10,4,4,16,-1,116158,116158,8516500,17033000,3263,73,44.000000,176054,419
BCSR Serial,O2,57549931.691589,57.549932,0.057550,17033000,0.296058,78.008989,78.305047,1447056,10,16,16,16,-1,116158,116158,8516500,17033000,3263,73,44.000000,176054,419
BCSR Serial,O2,49189716.978241,49.189717,0.049190,17033000,0.346329,76.955950,77.302279,5788224,10,2,2,64,-1,116158,116158,8516500,17033000,3263,73,44.000000,176054,419
BCSR Serial,O2,42174373.813344,42.174374,0.042174,17033000,0.404432,68.918377,69.322809,5788224,10,4,4,64,-1,116158,116158,8516500,17033000,3263,73,44.000000,176054,419
BCSR Serial,O2,25087392.941867,25.087393,0.025087,17033000,0.679036,77.766015,78.445051,5788224,10,16,16,64,-1,116158,116158,8516500,17033000,3263,73,44.000000,176054,419
BCSR Serial,O2,35480800.098259,35.480800,0.035481,17033000,0.480096,76.928569,77.408665,11576448,10,2,2,128,-1,116158,116158,8516500,17033000,3263,73,44.000000,176054,419
BCSR Serial,O2,29123890.851892,29.123891,0.029124,17033000,0.585499,77.171588,77.757087,11576448,10,4,4,128,-1,116158,116158,8516500,17033000,3263,73,44.000000,176054,419
BCSR Serial,O2,16231081.317963,16.231081,0.016231,17033000,1.049452,76.786875,77.836327,11576448,10,16,16,128,-1,116158,116158,8516500,17033000,3263,73,44.000000,176054,419
