Name,-O,FLOPS,MFLOPS,GFLOPS,FOP Count,Avg Run Time (s),Format Time (s),Total Time (s),Verification,Iters,Block Row,Block Col,K-Bound,Threads,Rows,Cols,NNZ,NNZ*2,Max Cols,Avg Cols,Col Ratio,Variance,Std Deviation
COO Serial,O2,88983235.610655,88.983236,0.088983,10276008,0.137551,124.979313,125.116864,0,10,1,1,16,-1,108384,108384,5138004,10276008,204,47,4.000000,313,17
COO Serial,O2,51270727.422905,51.270727,0.051271,10276008,0.231849,132.853672,133.085521,0,10,1,1,64,-1,108384,108384,5138004,10276008,204,47,4.000000,313,17
COO Serial,O2,36406154.050202,36.406154,0.036406,10276008,0.317691,132.329050,132.646740,0,10,1,1,128,-1,108384,108384,5138004,10276008,204,47,4.000000,313,17
