Name,-O,FLOPS,MFLOPS,GFLOPS,FOP Count,Avg Run Time (s),Format Time (s),Total Time (s),Verification,Iters,Block Row,Block Col,K-Bound,Threads,Rows,Cols,NNZ,NNZ*2,Max Cols,Avg Cols,Col Ratio,Variance,Std Deviation
CSR Serial,O2,85404698.453903,85.404698,0.085405,10276008,0.151849,133.741318,133.893167,0,10,1,1,16,-1,108384,108384,5138004,10276008,204,47,4.000000,313,17
CSR Serial,O2,52971187.830780,52.971188,0.052971,10276008,0.226712,133.440802,133.667514,0,10,1,1,64,-1,108384,108384,5138004,10276008,204,47,4.000000,313,17
CSR Serial,O2,38946247.447832,38.946247,0.038946,10276008,0.289737,133.567773,133.857510,0,10,1,1,128,-1,108384,108384,5138004,10276008,204,47,4.000000,313,17
