Name,-O,FLOPS,MFLOPS,GFLOPS,FOP Count,Avg Run Time (s),Format Time (s),Total Time (s),Verification,Iters,Block Row,Block Col,K-Bound,Threads,Rows,Cols,NNZ,NNZ*2,Max Cols,Avg Cols,Col Ratio,Variance,Std Deviation
COO OMP,O2,628009542.241400,628.009542,0.628010,10276008,0.016965,62.155263,62.172228,0,10,1,1,16,8,108384,108384,5138004,10276008,204,47,4.000000,313,17
COO OMP,O2,350633040.830383,350.633041,0.350633,10276008,0.031131,62.308786,62.339917,0,10,1,1,64,8,108384,108384,5138004,10276008,204,47,4.000000,313,17
COO OMP,O2,259087249.914662,259.087250,0.259087,10276008,0.041792,62.148232,62.190024,0,10,1,1,128,8,108384,108384,5138004,10276008,204,47,4.000000,313,17
COO OMP,O2,837756912.733404,837.756913,0.837757,10276008,0.012857,62.242374,62.255231,0,10,1,1,16,16,108384,108384,5138004,10276008,204,47,4.000000,313,17
COO OMP,O2,453855727.108530,453.855727,0.453856,10276008,0.028695,62.563145,62.591840,0,10,1,1,64,16,108384,108384,5138004,10276008,204,47,4.000000,313,17
COO OMP,O2,377474681.860793,377.474682,0.377475,10276008,0.029629,62.128445,62.158073,0,10,1,1,128,16,108384,108384,5138004,10276008,204,47,4.000000,313,17
COO OMP,O2,1050551424.505805,1050.551425,1.050551,10276008,0.011556,62.279268,62.290824,0,10,1,1,16,32,108384,108384,5138004,10276008,204,47,4.000000,313,17
COO OMP,O2,579588461.712255,579.588462,0.579588,10276008,0.017945,62.174132,62.192077,0,10,1,1,64,32,108384,108384,5138004,10276008,204,47,4.000000,313,17
COO OMP,O2,533297497.140405,533.297497,0.533297,10276008,0.026069,62.074208,62.100277,0,10,1,1,128,32,108384,108384,5138004,10276008,204,47,4.000000,313,17
