Name,-O,FLOPS,MFLOPS,GFLOPS,FOP Count,Avg Run Time (s),Format Time (s),Total Time (s),Verification,Iters,Block Row,Block Col,K-Bound,Threads,Rows,Cols,NNZ,NNZ*2,Max Cols,Avg Cols,Col Ratio,Variance,Std Deviation
COO THREADS,O2,347993177.209270,347.993177,0.347993,10276008,0.030593,15.223062,15.253655,0,5,1,1,16,72,108384,108384,5138004,10276008,204,47,4.000000,313,17
COO THREADS,O2,254624191.499768,254.624191,0.254624,10276008,0.044137,15.146441,15.190578,0,5,1,1,64,72,108384,108384,5138004,10276008,204,47,4.000000,313,17
COO THREADS,O2,188228370.813091,188.228371,0.188228,10276008,0.055043,15.228413,15.283457,0,5,1,1,128,64,108384,108384,5138004,10276008,204,47,4.000000,313,17
