Name,-O,FLOPS,MFLOPS,GFLOPS,FOP Count,Avg Run Time (s),Format Time (s),Total Time (s),Verification,Iters,Block Row,Block Col,K-Bound,Threads,Rows,Cols,NNZ,NNZ*2,Max Cols,Avg Cols,Col Ratio,Variance,Std Deviation
COO Serial,O2,124287183.726140,124.287184,0.124287,10276008,0.083450,62.125077,62.208527,0,10,1,1,16,-1,108384,108384,5138004,10276008,204,47,4.000000,313,17
COO Serial,O2,52677959.315211,52.677959,0.052678,10276008,0.197439,64.101153,64.298592,0,10,1,1,64,-1,108384,108384,5138004,10276008,204,47,4.000000,313,17
COO Serial,O2,54393481.595419,54.393482,0.054393,10276008,0.188923,61.976686,62.165609,0,10,1,1,128,-1,108384,108384,5138004,10276008,204,47,4.000000,313,17
