Name,-O,FLOPS,MFLOPS,GFLOPS,FOP Count,Avg Run Time (s),Format Time (s),Total Time (s),Verification,Iters,Block Row,Block Col,K-Bound,Threads,Rows,Cols,NNZ,NNZ*2,Max Cols,Avg Cols,Col Ratio,Variance,Std Deviation
COO OMP,O2,215695706.996890,215.695707,0.215696,10276008,0.048253,15.199971,15.248224,0,10,1,1,16,8,108384,108384,5138004,10276008,204,47,4.000000,313,17
COO OMP,O2,133292291.336659,133.292291,0.133292,10276008,0.077493,15.225391,15.302884,0,10,1,1,64,8,108384,108384,5138004,10276008,204,47,4.000000,313,17
COO OMP,O2,97648977.984245,97.648978,0.097649,10276008,0.105509,15.217344,15.322853,0,10,1,1,128,8,108384,108384,5138004,10276008,204,47,4.000000,313,17
COO OMP,O2,273237926.938992,273.237927,0.273238,10276008,0.038712,15.177722,15.216434,0,10,1,1,16,16,108384,108384,5138004,10276008,204,47,4.000000,313,17
COO OMP,O2,174520873.169652,174.520873,0.174521,10276008,0.059577,15.202300,15.261877,0,10,1,1,64,16,108384,108384,5138004,10276008,204,47,4.000000,313,17
COO OMP,O2,128369135.393604,128.369135,0.128369,10276008,0.080640,15.188958,15.269598,0,10,1,1,128,16,108384,108384,5138004,10276008,204,47,4.000000,313,17
COO OMP,O2,356693087.321464,356.693087,0.356693,10276008,0.030704,15.222354,15.253058,0,10,1,1,16,32,108384,108384,5138004,10276008,204,47,4.000000,313,17
COO OMP,O2,226122953.108085,226.122953,0.226123,10276008,0.046841,15.161199,15.208040,0,10,1,1,64,32,108384,108384,5138004,10276008,204,47,4.000000,313,17
COO OMP,O2,162659069.577116,162.659070,0.162659,10276008,0.065066,15.199123,15.264189,0,10,1,1,128,32,108384,108384,5138004,10276008,204,47,4.000000,313,17
