Name,-O,FLOPS,MFLOPS,GFLOPS,FOP Count,Avg Run Time (s),Format Time (s),Total Time (s),Verification,Iters,Block Row,Block Col,K-Bound,Threads,Rows,Cols,NNZ,NNZ*2,Max Cols,Avg Cols,Col Ratio,Variance,Std Deviation
ELL Serial,O2,70673556.710384,70.673557,0.070674,10276008,0.145411,16.466181,16.611592,0,10,1,1,16,-1,108384,108384,5138004,10276008,204,47,4.000000,313,17
ELL Serial,O2,27553934.586258,27.553935,0.027554,10276008,0.372951,16.751997,17.124948,0,10,1,1,64,-1,108384,108384,5138004,10276008,204,47,4.000000,313,17
ELL Serial,O2,14357315.134956,14.357315,0.014357,10276008,0.715754,16.542423,17.258177,0,10,1,1,128,-1,108384,108384,5138004,10276008,204,47,4.000000,313,17
