Name,-O,FLOPS,MFLOPS,GFLOPS,FOP Count,Avg Run Time (s),Format Time (s),Total Time (s),Verification,Iters,Block Row,Block Col,K-Bound,Threads,Rows,Cols,NNZ,NNZ*2,Max Cols,Avg Cols,Col Ratio,Variance,Std Deviation
BCSR Serial,O2,183314449.771722,183.314450,0.183314,10276008,0.056058,62.571038,62.627096,224,10,2,2,16,-1,108384,108384,5138004,10276008,204,47,4.000000,313,17
BCSR Serial,O2,148923753.554217,148.923754,0.148924,10276008,0.069002,62.408915,62.477917,224,10,4,4,16,-1,108384,108384,5138004,10276008,204,47,4.000000,313,17
BCSR Serial,O2,57355298.697467,57.355299,0.057355,10276008,0.179190,63.544508,63.723698,224,10,16,16,16,-1,108384,108384,5138004,10276008,204,47,4.000000,313,17
BCSR Serial,O2,62659522.872936,62.659523,0.062660,10276008,0.167766,63.128769,63.296535,896,10,2,2,64,-1,108384,108384,5138004,10276008,204,47,4.000000,313,17
BCSR Serial,O2,56162217.543199,56.162218,0.056162,10276008,0.182981,62.667020,62.850001,896,10,4,4,64,-1,108384,108384,5138004,10276008,204,47,4.000000,313,17
BCSR Serial,O2,24604412.428238,24.604412,0.024604,10276008,0.420334,59.224181,59.644515,896,10,16,16,64,-1,108384,108384,5138004,10276008,204,47,4.000000,313,17
BCSR Serial,O2,52558227.115942,52.558227,0.052558,10276008,0.195521,61.977607,62.173128,1792,10,2,2,128,-1,108384,108384,5138004,10276008,204,47,4.000000,313,17
BCSR Serial,O2,37187887.523073,37.187888,0.037188,10276008,0.276331,62.816942,63.093273,1792,10,4,4,128,-1,108384,108384,5138004,10276008,204,47,4.000000,313,17
BCSR Serial,O2,15953076.226406,15.953076,0.015953,10276008,0.644141,62.676223,63.320364,1792,10,16,16,128,-1,108384,108384,5138004,10276008,204,47,4.000000,313,17
