Name,Avg Run Time (s),Format Time (s),Total Time (s),GFLOPS,Verification,Iters,Block Row,Block Col,Threads,FOP Count,Rows,Cols,NNZ,Max Cols,Avg Cols,Variance,Std Deviation
bcsr_serial 2 x 2,28.813378,329.136179,357.949557,11.882843,0,1,2,2,-1,342384859656,62451,62451,2034917,40,32,54,7
bcsr_serial 4 x 4,39.253859,352.473343,391.727202,12.180277,0,1,4,4,-1,478122857568,62451,62451,2034917,40,32,54,7
bcsr_serial 8 x 8,60.135446,338.500894,398.636340,12.487058,0,1,8,8,-1,750914820864,62451,62451,2034917,40,32,54,7
bcsr_serial 16 x 16,83.911242,333.764458,417.675700,12.630113,0,1,16,16,-1,1059808458240,62451,62451,2034917,40,32,54,7
bcsr_serial 32 x 32,114.165899,326.678850,440.844749,12.731049,0,1,32,32,-1,1453451599872,62451,62451,2034917,40,32,54,7
