Name,Avg Run Time (s),Format Time (s),Total Time (s),GFLOPS,Verification,Iters,Block Row,Block Col,Threads,FOP Count,Rows,Cols,NNZ,Max Cols,Avg Cols,Variance,Std Deviation
csr_serial,0.024122,0.071241,0.095363,7.131855,0,10,1,1,-1,172029658,2003,2003,42943,84,21,197,14
bcsr_serial 1 x 1,0.011728,0.331343,0.343071,14.678930,0,10,1,1,-1,172029658,2003,2003,42943,84,21,197,14
bcsr_serial 2 x 2,0.017838,0.292623,0.310460,15.606823,0,10,2,2,-1,278304832,2003,2003,42943,84,21,197,14
bcsr_serial 4 x 4,0.027326,0.307109,0.334435,16.348475,0,10,4,4,-1,446685024,2003,2003,42943,84,21,197,14
bcsr_serial 8 x 8,0.041126,0.299045,0.340171,16.732949,0,10,8,8,-1,688134656,2003,2003,42943,84,21,197,14
bcsr_serial 16 x 16,0.066273,0.293531,0.359804,17.068555,0,10,16,16,-1,1131166208,2003,2003,42943,84,21,197,14
bcsr_serial 32 x 32,0.104161,0.330138,0.434299,17.289048,0,10,32,32,-1,1800841216,2003,2003,42943,84,21,197,14
