Name,-O,FLOPS,MFLOPS,GFLOPS,FOP Count,Avg Run Time (s),Format Time (s),Total Time (s),Verification,Iters,Block Row,Block Col,K-Bound,Threads,Rows,Cols,NNZ,NNZ*2,Max Cols,Avg Cols,Col Ratio,Variance,Std Deviation
ELL THREADS,O2,314926206.987542,314.926207,0.314926,1748756,0.006240,51.602866,51.609105,0,5,1,1,16,72,101492,101492,874378,1748756,24,8,3.000000,14,3
ELL THREADS,O2,212728573.174438,212.728573,0.212729,1748756,0.011324,50.711521,50.722845,0,5,1,1,64,48,101492,101492,874378,1748756,24,8,3.000000,14,3
ELL THREADS,O2,137492011.437022,137.492011,0.137492,1748756,0.013952,51.181452,51.195404,0,5,1,1,128,48,101492,101492,874378,1748756,24,8,3.000000,14,3
