Name,-O,FLOPS,MFLOPS,GFLOPS,FOP Count,Avg Run Time (s),Format Time (s),Total Time (s),Verification,Iters,Block Row,Block Col,K-Bound,Threads,Rows,Cols,NNZ,NNZ*2,Max Cols,Avg Cols,Col Ratio,Variance,Std Deviation
BCSR Serial,O2,24908323.351817,24.908323,0.024908,1748756,0.087372,50.372089,50.459461,0,10,2,2,16,-1,101492,101492,874378,1748756,24,8,3.000000,14,3
BCSR Serial,O2,13341348.138710,13.341348,0.013341,1748756,0.133837,50.880695,51.014532,0,10,4,4,16,-1,101492,101492,874378,1748756,24,8,3.000000,14,3
BCSR Serial,O2,2461752.237768,2.461752,0.002462,1748756,0.722454,52.355648,53.078102,0,10,16,16,16,-1,101492,101492,874378,1748756,24,8,3.000000,14,3
BCSR Serial,O2,9983404.663644,9.983405,0.009983,1748756,0.194634,50.599937,50.794571,0,10,2,2,64,-1,101492,101492,874378,1748756,24,8,3.000000,14,3
BCSR Serial,O2,5553443.211928,5.553443,0.005553,1748756,0.324502,51.117301,51.441803,0,10,4,4,64,-1,101492,101492,874378,1748756,24,8,3.000000,14,3
BCSR Serial,O2,1198190.891551,1.198191,0.001198,1748756,1.465688,52.595931,54.061619,0,10,16,16,64,-1,101492,101492,874378,1748756,24,8,3.000000,14,3
BCSR Serial,O2,11886269.001427,11.886269,0.011886,1748756,0.148744,50.223344,50.372088,0,10,2,2,128,-1,101492,101492,874378,1748756,24,8,3.000000,14,3
BCSR Serial,O2,3920739.426631,3.920739,0.003921,1748756,0.452692,50.541717,50.994409,0,10,4,4,128,-1,101492,101492,874378,1748756,24,8,3.000000,14,3
BCSR Serial,O2,715658.343180,0.715658,0.000716,1748756,2.451094,51.575286,54.026380,0,10,16,16,128,-1,101492,101492,874378,1748756,24,8,3.000000,14,3
