Name,-O,FLOPS,MFLOPS,GFLOPS,FOP Count,Avg Run Time (s),Format Time (s),Total Time (s),Verification,Iters,Block Row,Block Col,K-Bound,Threads,Rows,Cols,NNZ,NNZ*2,Max Cols,Avg Cols,Col Ratio,Variance,Std Deviation
CSR OMP,O2,84845607.203986,84.845607,0.084846,1748756,0.021493,12.156057,12.177550,0,10,1,1,16,8,101492,101492,874378,1748756,24,8,3.000000,14,3
CSR OMP,O2,44552756.731908,44.552757,0.044553,1748756,0.039864,12.286995,12.326860,0,10,1,1,64,8,101492,101492,874378,1748756,24,8,3.000000,14,3
CSR OMP,O2,32998134.371727,32.998134,0.032998,1748756,0.053531,12.293819,12.347350,0,10,1,1,128,8,101492,101492,874378,1748756,24,8,3.000000,14,3
CSR OMP,O2,105647218.427700,105.647218,0.105647,1748756,0.017407,12.280789,12.298196,0,10,1,1,16,16,101492,101492,874378,1748756,24,8,3.000000,14,3
CSR OMP,O2,60974324.976312,60.974325,0.060974,1748756,0.029822,12.280335,12.310157,0,10,1,1,64,16,101492,101492,874378,1748756,24,8,3.000000,14,3
CSR OMP,O2,45268729.923644,45.268730,0.045269,1748756,0.039234,12.249414,12.288648,0,10,1,1,128,16,101492,101492,874378,1748756,24,8,3.000000,14,3
CSR OMP,O2,125153721.742787,125.153722,0.125154,1748756,0.016332,12.284583,12.300915,0,10,1,1,16,32,101492,101492,874378,1748756,24,8,3.000000,14,3
CSR OMP,O2,73329538.095276,73.329538,0.073330,1748756,0.025643,12.270887,12.296530,0,10,1,1,64,32,101492,101492,874378,1748756,24,8,3.000000,14,3
CSR OMP,O2,54240882.016571,54.240882,0.054241,1748756,0.033720,12.261839,12.295559,0,10,1,1,128,32,101492,101492,874378,1748756,24,8,3.000000,14,3
