Name,-O,FLOPS,MFLOPS,GFLOPS,FOP Count,Avg Run Time (s),Format Time (s),Total Time (s),Verification,Iters,Block Row,Block Col,K-Bound,Threads,Rows,Cols,NNZ,NNZ*2,Max Cols,Avg Cols,Col Ratio,Variance,Std Deviation
ELL OMP Transpose,O2,108191.783860,0.108192,0.000108,1748756,16.166006,12.897507,29.063513,0,10,1,1,16,8,101492,101492,874378,1748756,24,8,3.000000,14,3
ELL OMP Transpose,O2,104669.290498,0.104669,0.000105,1748756,16.716918,12.912728,29.629646,0,10,1,1,64,8,101492,101492,874378,1748756,24,8,3.000000,14,3
ELL OMP Transpose,O2,111240.169609,0.111240,0.000111,1748756,15.744914,12.892236,28.637150,0,10,1,1,128,8,101492,101492,874378,1748756,24,8,3.000000,14,3
ELL OMP Transpose,O2,196472.441093,0.196472,0.000196,1748756,8.903700,12.913256,21.816956,0,10,1,1,16,16,101492,101492,874378,1748756,24,8,3.000000,14,3
ELL OMP Transpose,O2,196754.707813,0.196755,0.000197,1748756,8.894001,13.005840,21.899841,0,10,1,1,64,16,101492,101492,874378,1748756,24,8,3.000000,14,3
ELL OMP Transpose,O2,195775.065024,0.195775,0.000196,1748756,8.935157,12.906082,21.841239,0,10,1,1,128,16,101492,101492,874378,1748756,24,8,3.000000,14,3
ELL OMP Transpose,O2,340127.251109,0.340127,0.000340,1748756,5.144599,12.864660,18.009259,0,10,1,1,16,32,101492,101492,874378,1748756,24,8,3.000000,14,3
ELL OMP Transpose,O2,337272.528083,0.337273,0.000337,1748756,5.188849,12.850981,18.039830,0,10,1,1,64,32,101492,101492,874378,1748756,24,8,3.000000,14,3
ELL OMP Transpose,O2,353669.066362,0.353669,0.000354,1748756,4.945945,12.944759,17.890704,0,10,1,1,128,32,101492,101492,874378,1748756,24,8,3.000000,14,3
