Name,-O,FLOPS,MFLOPS,GFLOPS,FOP Count,Avg Run Time (s),Format Time (s),Total Time (s),Verification,Iters,Block Row,Block Col,K-Bound,Threads,Rows,Cols,NNZ,NNZ*2,Max Cols,Avg Cols,Col Ratio,Variance,Std Deviation
BCSR Serial Transpose,O2,31951.619870,0.031952,0.000032,1748756,54.731378,12.411444,67.142822,0,10,2,2,16,-1,101492,101492,874378,1748756,24,8,3.000000,14,3
BCSR Serial Transpose,O2,31009.165189,0.031009,0.000031,1748756,56.395842,12.590576,68.986418,0,10,4,4,16,-1,101492,101492,874378,1748756,24,8,3.000000,14,3
BCSR Serial Transpose,O2,30933.080669,0.030933,0.000031,1748756,56.533529,13.412521,69.946050,0,10,16,16,16,-1,101492,101492,874378,1748756,24,8,3.000000,14,3
BCSR Serial Transpose,O2,31814.049080,0.031814,0.000032,1748756,54.968054,12.410288,67.378342,0,10,2,2,64,-1,101492,101492,874378,1748756,24,8,3.000000,14,3
BCSR Serial Transpose,O2,31698.646206,0.031699,0.000032,1748756,55.168229,12.703482,67.871711,0,10,4,4,64,-1,101492,101492,874378,1748756,24,8,3.000000,14,3
BCSR Serial Transpose,O2,30495.813133,0.030496,0.000030,1748756,57.344143,13.375758,70.719901,0,10,16,16,64,-1,101492,101492,874378,1748756,24,8,3.000000,14,3
BCSR Serial Transpose,O2,31940.103936,0.031940,0.000032,1748756,54.751114,12.514520,67.265634,0,10,2,2,128,-1,101492,101492,874378,1748756,24,8,3.000000,14,3
BCSR Serial Transpose,O2,31665.177911,0.031665,0.000032,1748756,55.226474,12.340239,67.566713,0,10,4,4,128,-1,101492,101492,874378,1748756,24,8,3.000000,14,3
BCSR Serial Transpose,O2,29249.807238,0.029250,0.000029,1748756,59.786936,13.582529,73.369465,0,10,16,16,128,-1,101492,101492,874378,1748756,24,8,3.000000,14,3
