Name,-O,FLOPS,MFLOPS,GFLOPS,FOP Count,Avg Run Time (s),Format Time (s),Total Time (s),Verification,Iters,Block Row,Block Col,K-Bound,Threads,Rows,Cols,NNZ,NNZ*2,Max Cols,Avg Cols,Col Ratio,Variance,Std Deviation
CSR Serial,O2,17958631.809253,17.958632,0.017959,1748756,0.116716,50.633007,50.749723,0,10,1,1,16,-1,101492,101492,874378,1748756,24,8,3.000000,14,3
CSR Serial,O2,17212530.707284,17.212531,0.017213,1748756,0.137711,51.390975,51.528686,0,10,1,1,64,-1,101492,101492,874378,1748756,24,8,3.000000,14,3
CSR Serial,O2,15561058.104995,15.561058,0.015561,1748756,0.118913,50.268787,50.387700,0,10,1,1,128,-1,101492,101492,874378,1748756,24,8,3.000000,14,3
