Name,-O,FLOPS,MFLOPS,GFLOPS,FOP Count,Avg Run Time (s),Format Time (s),Total Time (s),Verification,Iters,Block Row,Block Col,K-Bound,Threads,Rows,Cols,NNZ,NNZ*2,Max Cols,Avg Cols,Col Ratio,Variance,Std Deviation
COO THREADS,O2,8999565978.812956,8999.565979,8.999566,968512,0.001451,0.903262,0.904713,0,5,1,1,16,72,23560,23560,484256,968512,21,20,1.000000,1,1
COO THREADS,O2,2280206962.673146,2280.206963,2.280207,968512,0.003116,0.906581,0.909697,0,5,1,1,64,72,23560,23560,484256,968512,21,20,1.000000,1,1
COO THREADS,O2,1507166326.252643,1507.166326,1.507166,968512,0.003490,0.912586,0.916076,0,5,1,1,128,72,23560,23560,484256,968512,21,20,1.000000,1,1
