Name,-O,FLOPS,MFLOPS,GFLOPS,FOP Count,Avg Run Time (s),Format Time (s),Total Time (s),Verification,Iters,Block Row,Block Col,K-Bound,Threads,Rows,Cols,NNZ,NNZ*2,Max Cols,Avg Cols,Col Ratio,Variance,Std Deviation
COO Serial,O2,121517377.579386,121.517378,0.121517,968512,0.008052,2.724902,2.732954,0,10,1,1,16,-1,23560,23560,484256,968512,21,20,1.000000,1,1
COO Serial,O2,56679196.782623,56.679197,0.056679,968512,0.017095,2.719653,2.736748,0,10,1,1,64,-1,23560,23560,484256,968512,21,20,1.000000,1,1
COO Serial,O2,43620844.211189,43.620844,0.043621,968512,0.022207,2.724511,2.746718,0,10,1,1,128,-1,23560,23560,484256,968512,21,20,1.000000,1,1
