Name,-O,FLOPS,MFLOPS,GFLOPS,FOP Count,Avg Run Time (s),Format Time (s),Total Time (s),Verification,Iters,Block Row,Block Col,K-Bound,Threads,Rows,Cols,NNZ,NNZ*2,Max Cols,Avg Cols,Col Ratio,Variance,Std Deviation
BCSR Serial Transpose,O2,616206.362595,0.616206,0.000616,968512,1.571738,0.946696,2.518435,480,10,2,2,16,-1,23560,23560,484256,968512,21,20,1.000000,1,1
BCSR Serial Transpose,O2,615047.948452,0.615048,0.000615,968512,1.574696,0.949227,2.523923,480,10,4,4,16,-1,23560,23560,484256,968512,21,20,1.000000,1,1
BCSR Serial Transpose,O2,677066.627523,0.677067,0.000677,968512,1.430457,1.013796,2.444253,480,10,16,16,16,-1,23560,23560,484256,968512,21,20,1.000000,1,1
BCSR Serial Transpose,O2,584341.564184,0.584342,0.000584,968512,1.657443,0.962003,2.619446,1920,10,2,2,64,-1,23560,23560,484256,968512,21,20,1.000000,1,1
BCSR Serial Transpose,O2,638183.807463,0.638184,0.000638,968512,1.517607,0.991167,2.508774,1920,10,4,4,64,-1,23560,23560,484256,968512,21,20,1.000000,1,1
BCSR Serial Transpose,O2,615251.972796,0.615252,0.000615,968512,1.574172,0.999252,2.573424,1920,10,16,16,64,-1,23560,23560,484256,968512,21,20,1.000000,1,1
BCSR Serial Transpose,O2,580582.896142,0.580583,0.000581,968512,1.668180,0.968606,2.636786,3840,10,2,2,128,-1,23560,23560,484256,968512,21,20,1.000000,1,1
BCSR Serial Transpose,O2,592834.055623,0.592834,0.000593,968512,1.633701,0.957821,2.591521,3840,10,4,4,128,-1,23560,23560,484256,968512,21,20,1.000000,1,1
BCSR Serial Transpose,O2,577247.155666,0.577247,0.000577,968512,1.677836,1.022204,2.700040,3840,10,16,16,128,-1,23560,23560,484256,968512,21,20,1.000000,1,1
