Name,-O,FLOPS,MFLOPS,GFLOPS,FOP Count,Avg Run Time (s),Format Time (s),Total Time (s),Verification,Iters,Block Row,Block Col,K-Bound,Threads,Rows,Cols,NNZ,NNZ*2,Max Cols,Avg Cols,Col Ratio,Variance,Std Deviation
ELL Serial Transpose,O2,738110.554865,0.738111,0.000738,968512,1.312152,2.819020,4.131172,0,10,1,1,16,-1,23560,23560,484256,968512,21,20,1.000000,1,1
ELL Serial Transpose,O2,727886.746880,0.727887,0.000728,968512,1.330584,2.809499,4.140083,0,10,1,1,64,-1,23560,23560,484256,968512,21,20,1.000000,1,1
ELL Serial Transpose,O2,714233.983312,0.714234,0.000714,968512,1.356020,2.805615,4.161635,0,10,1,1,128,-1,23560,23560,484256,968512,21,20,1.000000,1,1
