Name,-O,FLOPS,MFLOPS,GFLOPS,FOP Count,Avg Run Time (s),Format Time (s),Total Time (s),Verification,Iters,Block Row,Block Col,K-Bound,Threads,Rows,Cols,NNZ,NNZ*2,Max Cols,Avg Cols,Col Ratio,Variance,Std Deviation
ELL OMP,O2,322826876.697991,322.826877,0.322827,968512,0.011674,2.831796,2.843470,0,10,1,1,16,8,23560,23560,484256,968512,21,20,1.000000,1,1
ELL OMP,O2,159462449.429916,159.462449,0.159462,968512,0.014716,2.843864,2.858580,0,10,1,1,64,8,23560,23560,484256,968512,21,20,1.000000,1,1
ELL OMP,O2,159719247.282620,159.719247,0.159719,968512,0.008202,2.858498,2.866700,0,10,1,1,128,8,23560,23560,484256,968512,21,20,1.000000,1,1
ELL OMP,O2,419166460.505500,419.166461,0.419166,968512,0.008922,2.856983,2.865905,0,10,1,1,16,16,23560,23560,484256,968512,21,20,1.000000,1,1
ELL OMP,O2,180805460.101173,180.805460,0.180805,968512,0.011948,2.867606,2.879554,0,10,1,1,64,16,23560,23560,484256,968512,21,20,1.000000,1,1
ELL OMP,O2,158152084.315801,158.152084,0.158152,968512,0.013804,2.869763,2.883567,0,10,1,1,128,16,23560,23560,484256,968512,21,20,1.000000,1,1
ELL OMP,O2,545993426.209628,545.993426,0.545993,968512,0.008181,2.885141,2.893322,0,10,1,1,16,32,23560,23560,484256,968512,21,20,1.000000,1,1
ELL OMP,O2,218103417.961525,218.103418,0.218103,968512,0.007811,2.875034,2.882845,0,10,1,1,64,32,23560,23560,484256,968512,21,20,1.000000,1,1
ELL OMP,O2,125611864.035945,125.611864,0.125612,968512,0.015003,2.881477,2.896481,0,10,1,1,128,32,23560,23560,484256,968512,21,20,1.000000,1,1
