Name,-O,FLOPS,MFLOPS,GFLOPS,FOP Count,Avg Run Time (s),Format Time (s),Total Time (s),Verification,Iters,Block Row,Block Col,K-Bound,Threads,Rows,Cols,NNZ,NNZ*2,Max Cols,Avg Cols,Col Ratio,Variance,Std Deviation
ELL THREADS,O2,845840400.177759,845.840400,0.845840,968512,0.003279,3.010317,3.013596,0,5,1,1,16,48,23560,23560,484256,968512,21,20,1.000000,1,1
ELL THREADS,O2,241657516.700959,241.657517,0.241658,968512,0.004563,2.996629,3.001192,0,5,1,1,64,16,23560,23560,484256,968512,21,20,1.000000,1,1
ELL THREADS,O2,279356483.175185,279.356483,0.279356,968512,0.003654,3.060903,3.064557,0,5,1,1,128,16,23560,23560,484256,968512,21,20,1.000000,1,1
