Name,-O,FLOPS,MFLOPS,GFLOPS,FOP Count,Avg Run Time (s),Format Time (s),Total Time (s),Verification,Iters,Block Row,Block Col,K-Bound,Threads,Rows,Cols,NNZ,NNZ*2,Max Cols,Avg Cols,Col Ratio,Variance,Std Deviation
CSR OMP,O2,408485137.603181,408.485138,0.408485,968512,0.003242,2.741097,2.744339,0,10,1,1,16,8,23560,23560,484256,968512,21,20,1.000000,1,1
CSR OMP,O2,193528126.840235,193.528127,0.193528,968512,0.007457,2.765225,2.772682,0,10,1,1,64,8,23560,23560,484256,968512,21,20,1.000000,1,1
CSR OMP,O2,129442918.666388,129.442919,0.129443,968512,0.013597,2.818765,2.832362,0,10,1,1,128,8,23560,23560,484256,968512,21,20,1.000000,1,1
CSR OMP,O2,490977007.312769,490.977007,0.490977,968512,0.005213,2.769695,2.774908,0,10,1,1,16,16,23560,23560,484256,968512,21,20,1.000000,1,1
CSR OMP,O2,205304953.620598,205.304954,0.205305,968512,0.010274,2.787347,2.797621,0,10,1,1,64,16,23560,23560,484256,968512,21,20,1.000000,1,1
CSR OMP,O2,141160534.871299,141.160535,0.141161,968512,0.008135,2.789519,2.797654,0,10,1,1,128,16,23560,23560,484256,968512,21,20,1.000000,1,1
CSR OMP,O2,426599331.470774,426.599331,0.426599,968512,0.007129,2.801254,2.808383,0,10,1,1,16,32,23560,23560,484256,968512,21,20,1.000000,1,1
CSR OMP,O2,134091227.473993,134.091227,0.134091,968512,0.008148,2.787124,2.795272,0,10,1,1,64,32,23560,23560,484256,968512,21,20,1.000000,1,1
CSR OMP,O2,126025768.460477,126.025768,0.126026,968512,0.013844,2.792819,2.806663,0,10,1,1,128,32,23560,23560,484256,968512,21,20,1.000000,1,1
