Name,-O,FLOPS,MFLOPS,GFLOPS,FOP Count,Avg Run Time (s),Format Time (s),Total Time (s),Verification,Iters,Block Row,Block Col,K-Bound,Threads,Rows,Cols,NNZ,NNZ*2,Max Cols,Avg Cols,Col Ratio,Variance,Std Deviation
BCSR Serial,O2,79649705.347171,79.649705,0.079650,439624,0.005521,1.145862,1.151383,16,10,2,2,16,-1,10974,10974,219812,439624,108,20,5.000000,79,8
BCSR Serial,O2,69145026.360308,69.145026,0.069145,439624,0.006362,1.169063,1.175425,16,10,4,4,16,-1,10974,10974,219812,439624,108,20,5.000000,79,8
BCSR Serial,O2,36862843.886001,36.862844,0.036863,439624,0.011926,1.213989,1.225915,16,10,16,16,16,-1,10974,10974,219812,439624,108,20,5.000000,79,8
BCSR Serial,O2,49441775.969046,49.441776,0.049442,439624,0.008892,1.179859,1.188752,64,10,2,2,64,-1,10974,10974,219812,439624,108,20,5.000000,79,8
BCSR Serial,O2,40495997.563835,40.495998,0.040496,439624,0.010857,1.131280,1.142137,64,10,4,4,64,-1,10974,10974,219812,439624,108,20,5.000000,79,8
BCSR Serial,O2,17278384.477401,17.278384,0.017278,439624,0.025444,1.209907,1.235351,64,10,16,16,64,-1,10974,10974,219812,439624,108,20,5.000000,79,8
BCSR Serial,O2,35760828.163879,35.760828,0.035761,439624,0.012294,1.134362,1.146656,128,10,2,2,128,-1,10974,10974,219812,439624,108,20,5.000000,79,8
BCSR Serial,O2,26889762.971030,26.889763,0.026890,439624,0.016350,1.153016,1.169365,128,10,4,4,128,-1,10974,10974,219812,439624,108,20,5.000000,79,8
BCSR Serial,O2,10662732.829710,10.662733,0.010663,439624,0.041276,1.172339,1.213614,128,10,16,16,128,-1,10974,10974,219812,439624,108,20,5.000000,79,8
