Name,-O,FLOPS,MFLOPS,GFLOPS,FOP Count,Avg Run Time (s),Format Time (s),Total Time (s),Verification,Iters,Block Row,Block Col,K-Bound,Threads,Rows,Cols,NNZ,NNZ*2,Max Cols,Avg Cols,Col Ratio,Variance,Std Deviation
BCSR GPU Transpose,O2,1495222.602932,1.495223,0.001495,439624,0.304714,0.293343,0.598057,16,10,2,2,16,-1,10974,10974,219812,439624,108,20,5.000000,79,8
BCSR GPU Transpose,O2,1519532.416601,1.519532,0.001520,439624,0.297512,0.302951,0.600463,16,10,4,4,16,-1,10974,10974,219812,439624,108,20,5.000000,79,8
BCSR GPU Transpose,O2,1380331.937544,1.380332,0.001380,439624,0.331528,0.311003,0.642530,16,10,16,16,16,-1,10974,10974,219812,439624,108,20,5.000000,79,8
BCSR GPU Transpose,O2,1423971.283524,1.423971,0.001424,439624,0.318740,0.293121,0.611861,64,10,2,2,64,-1,10974,10974,219812,439624,108,20,5.000000,79,8
BCSR GPU Transpose,O2,1524292.812983,1.524293,0.001524,439624,0.293331,0.292230,0.585561,64,10,4,4,64,-1,10974,10974,219812,439624,108,20,5.000000,79,8
BCSR GPU Transpose,O2,923674.068283,0.923674,0.000924,439624,0.484946,0.313002,0.797948,64,10,16,16,64,-1,10974,10974,219812,439624,108,20,5.000000,79,8
BCSR GPU Transpose,O2,1524076.645826,1.524077,0.001524,439624,0.295118,0.292515,0.587633,128,10,2,2,128,-1,10974,10974,219812,439624,108,20,5.000000,79,8
BCSR GPU Transpose,O2,1393190.061800,1.393190,0.001393,439624,0.323292,0.296936,0.620228,128,10,4,4,128,-1,10974,10974,219812,439624,108,20,5.000000,79,8
BCSR GPU Transpose,O2,630529.678434,0.630530,0.000631,439624,0.700741,0.319913,1.020654,128,10,16,16,128,-1,10974,10974,219812,439624,108,20,5.000000,79,8
