Name,-O,FLOPS,MFLOPS,GFLOPS,FOP Count,Avg Run Time (s),Format Time (s),Total Time (s),Verification,Iters,Block Row,Block Col,K-Bound,Threads,Rows,Cols,NNZ,NNZ*2,Max Cols,Avg Cols,Col Ratio,Variance,Std Deviation
CSR OMP,O2,497534848.554522,497.534849,0.497535,85886,0.000651,0.099737,0.100388,0,10,1,1,16,8,2003,2003,42943,85886,84,21,4.000000,197,14
CSR OMP,O2,250210905.345836,250.210905,0.250211,85886,0.000769,0.095359,0.096128,0,10,1,1,64,8,2003,2003,42943,85886,84,21,4.000000,197,14
CSR OMP,O2,168508495.135541,168.508495,0.168508,85886,0.000924,0.093473,0.094397,0,10,1,1,128,8,2003,2003,42943,85886,84,21,4.000000,197,14
CSR OMP,O2,778042576.182485,778.042576,0.778043,85886,0.000596,0.089886,0.090482,0,10,1,1,16,16,2003,2003,42943,85886,84,21,4.000000,197,14
CSR OMP,O2,391944919.923469,391.944920,0.391945,85886,0.000668,0.086387,0.087055,0,10,1,1,64,16,2003,2003,42943,85886,84,21,4.000000,197,14
CSR OMP,O2,269801438.031614,269.801438,0.269801,85886,0.000774,0.088396,0.089170,0,10,1,1,128,16,2003,2003,42943,85886,84,21,4.000000,197,14
CSR OMP,O2,455995529.302360,455.995529,0.455996,85886,0.001582,0.067995,0.069578,0,10,1,1,16,32,2003,2003,42943,85886,84,21,4.000000,197,14
CSR OMP,O2,278112862.614234,278.112863,0.278113,85886,0.001644,0.067906,0.069551,0,10,1,1,64,32,2003,2003,42943,85886,84,21,4.000000,197,14
CSR OMP,O2,164739238.247804,164.739238,0.164739,85886,0.003016,0.067709,0.070725,0,10,1,1,128,32,2003,2003,42943,85886,84,21,4.000000,197,14
