Name,-O,FLOPS,MFLOPS,GFLOPS,FOP Count,Avg Run Time (s),Format Time (s),Total Time (s),Verification,Iters,Block Row,Block Col,K-Bound,Threads,Rows,Cols,NNZ,NNZ*2,Max Cols,Avg Cols,Col Ratio,Variance,Std Deviation
CSR OMP Transpose,O2,5165410.694569,5.165411,0.005165,439624,0.088863,0.325349,0.414212,0,10,1,1,16,8,10974,10974,219812,439624,108,20,5.000000,79,8
CSR OMP Transpose,O2,5524549.918528,5.524550,0.005525,439624,0.082872,0.289832,0.372704,0,10,1,1,64,8,10974,10974,219812,439624,108,20,5.000000,79,8
CSR OMP Transpose,O2,5226351.853260,5.226352,0.005226,439624,0.087258,0.225790,0.313048,0,10,1,1,128,8,10974,10974,219812,439624,108,20,5.000000,79,8
CSR OMP Transpose,O2,11137708.386729,11.137708,0.011138,439624,0.042769,0.254433,0.297202,0,10,1,1,16,16,10974,10974,219812,439624,108,20,5.000000,79,8
CSR OMP Transpose,O2,10472674.605351,10.472675,0.010473,439624,0.044462,0.244526,0.288988,0,10,1,1,64,16,10974,10974,219812,439624,108,20,5.000000,79,8
CSR OMP Transpose,O2,10612531.735074,10.612532,0.010613,439624,0.041510,0.231881,0.273391,0,10,1,1,128,16,10974,10974,219812,439624,108,20,5.000000,79,8
CSR OMP Transpose,O2,18914918.994458,18.914919,0.018915,439624,0.028826,0.257715,0.286541,0,10,1,1,16,32,10974,10974,219812,439624,108,20,5.000000,79,8
CSR OMP Transpose,O2,18901179.367184,18.901179,0.018901,439624,0.026388,0.233028,0.259416,0,10,1,1,64,32,10974,10974,219812,439624,108,20,5.000000,79,8
CSR OMP Transpose,O2,18960070.140908,18.960070,0.018960,439624,0.027898,0.323945,0.351843,0,10,1,1,128,32,10974,10974,219812,439624,108,20,5.000000,79,8
