Name,-O,FLOPS,MFLOPS,GFLOPS,FOP Count,Avg Run Time (s),Format Time (s),Total Time (s),Verification,Iters,Block Row,Block Col,K-Bound,Threads,Rows,Cols,NNZ,NNZ*2,Max Cols,Avg Cols,Col Ratio,Variance,Std Deviation
CSR Serial,O2,123964321.341583,123.964321,0.123964,439624,0.003547,0.634294,0.637841,0,10,1,1,16,-1,10974,10974,219812,439624,108,20,5.000000,79,8
CSR Serial,O2,70456887.015762,70.456887,0.070457,439624,0.006241,0.634298,0.640539,0,10,1,1,64,-1,10974,10974,219812,439624,108,20,5.000000,79,8
CSR Serial,O2,51247648.173695,51.247648,0.051248,439624,0.008579,0.635597,0.644176,0,10,1,1,128,-1,10974,10974,219812,439624,108,20,5.000000,79,8
