Name,-O,FLOPS,MFLOPS,GFLOPS,FOP Count,Avg Run Time (s),Format Time (s),Total Time (s),Verification,Iters,Block Row,Block Col,K-Bound,Threads,Rows,Cols,NNZ,NNZ*2,Max Cols,Avg Cols,Col Ratio,Variance,Std Deviation
COO OMP,O2,1211345160.591696,1211.345161,1.211345,439624,0.014242,0.638921,0.653164,0,10,1,1,16,8,10974,10974,219812,439624,108,20,5.000000,79,8
COO OMP,O2,109792688.383252,109.792688,0.109793,439624,0.015650,0.670927,0.686577,0,10,1,1,64,8,10974,10974,219812,439624,108,20,5.000000,79,8
COO OMP,O2,133605463.018602,133.605463,0.133605,439624,0.005226,0.665710,0.670936,0,10,1,1,128,8,10974,10974,219812,439624,108,20,5.000000,79,8
COO OMP,O2,205017786.622460,205.017787,0.205018,439624,0.018593,0.674864,0.693457,0,10,1,1,16,16,10974,10974,219812,439624,108,20,5.000000,79,8
COO OMP,O2,434064845.448492,434.064845,0.434065,439624,0.013825,0.656975,0.670800,0,10,1,1,64,16,10974,10974,219812,439624,108,20,5.000000,79,8
COO OMP,O2,42219840.576972,42.219841,0.042220,439624,0.017878,0.686214,0.704092,0,10,1,1,128,16,10974,10974,219812,439624,108,20,5.000000,79,8
COO OMP,O2,600119336.201257,600.119336,0.600119,439624,0.007545,0.673187,0.680732,0,10,1,1,16,32,10974,10974,219812,439624,108,20,5.000000,79,8
COO OMP,O2,141424033.006771,141.424033,0.141424,439624,0.009466,0.652801,0.662267,0,10,1,1,64,32,10974,10974,219812,439624,108,20,5.000000,79,8
COO OMP,O2,265786431.289857,265.786431,0.265786,439624,0.011344,0.661215,0.672558,0,10,1,1,128,32,10974,10974,219812,439624,108,20,5.000000,79,8
