Name,-O,FLOPS,MFLOPS,GFLOPS,FOP Count,Avg Run Time (s),Format Time (s),Total Time (s),Verification,Iters,Block Row,Block Col,K-Bound,Threads,Rows,Cols,NNZ,NNZ*2,Max Cols,Avg Cols,Col Ratio,Variance,Std Deviation
CSR OMP,O2,683316622.611638,683.316623,0.683317,85886,0.000746,0.047446,0.048192,0,10,1,1,16,8,2003,2003,42943,85886,84,21,4.000000,197,14
CSR OMP,O2,263967273.772217,263.967274,0.263967,85886,0.000928,0.040808,0.041736,0,10,1,1,64,8,2003,2003,42943,85886,84,21,4.000000,197,14
CSR OMP,O2,182291226.136969,182.291226,0.182291,85886,0.001083,0.045891,0.046974,0,10,1,1,128,8,2003,2003,42943,85886,84,21,4.000000,197,14
CSR OMP,O2,767844618.605965,767.844619,0.767845,85886,0.000976,0.042093,0.043069,0,10,1,1,16,16,2003,2003,42943,85886,84,21,4.000000,197,14
CSR OMP,O2,301000725.978102,301.000726,0.301001,85886,0.001660,0.040074,0.041734,0,10,1,1,64,16,2003,2003,42943,85886,84,21,4.000000,197,14
CSR OMP,O2,206220821.022271,206.220821,0.206221,85886,0.001397,0.044859,0.046256,0,10,1,1,128,16,2003,2003,42943,85886,84,21,4.000000,197,14
CSR OMP,O2,522806259.567787,522.806260,0.522806,85886,0.003162,0.044328,0.047490,0,10,1,1,16,32,2003,2003,42943,85886,84,21,4.000000,197,14
CSR OMP,O2,402206617.689389,402.206618,0.402207,85886,0.001746,0.045614,0.047360,0,10,1,1,64,32,2003,2003,42943,85886,84,21,4.000000,197,14
CSR OMP,O2,150208464.823034,150.208465,0.150208,85886,0.003511,0.044340,0.047851,0,10,1,1,128,32,2003,2003,42943,85886,84,21,4.000000,197,14
