Name,-O,FLOPS,MFLOPS,GFLOPS,FOP Count,Avg Run Time (s),Format Time (s),Total Time (s),Verification,Iters,Block Row,Block Col,K-Bound,Threads,Rows,Cols,NNZ,NNZ*2,Max Cols,Avg Cols,Col Ratio,Variance,Std Deviation
COO THREADS,O2,2553320390.633279,2553.320391,2.553320,439624,0.001716,0.239703,0.241419,0,5,1,1,16,64,10974,10974,219812,439624,108,20,5.000000,79,8
COO THREADS,O2,1024340233.378553,1024.340233,1.024340,439624,0.001640,0.210714,0.212354,0,5,1,1,64,72,10974,10974,219812,439624,108,20,5.000000,79,8
COO THREADS,O2,1042195851.445519,1042.195851,1.042196,439624,0.000575,0.214593,0.215168,0,5,1,1,128,32,10974,10974,219812,439624,108,20,5.000000,79,8
