Name,-O,FLOPS,MFLOPS,GFLOPS,FOP Count,Avg Run Time (s),Format Time (s),Total Time (s),Verification,Iters,Block Row,Block Col,K-Bound,Threads,Rows,Cols,NNZ,NNZ*2,Max Cols,Avg Cols,Col Ratio,Variance,Std Deviation
COO OMP,O2,571720854.309712,571.720854,0.571721,439624,0.001390,0.659596,0.660986,0,10,1,1,16,8,10974,10974,219812,439624,108,20,5.000000,79,8
COO OMP,O2,254677400.448320,254.677400,0.254677,439624,0.002402,0.655768,0.658170,0,10,1,1,64,8,10974,10974,219812,439624,108,20,5.000000,79,8
COO OMP,O2,177438237.131697,177.438237,0.177438,439624,0.003020,0.664055,0.667075,0,10,1,1,128,8,10974,10974,219812,439624,108,20,5.000000,79,8
COO OMP,O2,632621599.407748,632.621599,0.632622,439624,0.002109,0.658796,0.660905,0,10,1,1,16,16,10974,10974,219812,439624,108,20,5.000000,79,8
COO OMP,O2,264047717.843718,264.047718,0.264048,439624,0.003018,0.659446,0.662464,0,10,1,1,64,16,10974,10974,219812,439624,108,20,5.000000,79,8
COO OMP,O2,181421203.236532,181.421203,0.181421,439624,0.003951,0.668288,0.672239,0,10,1,1,128,16,10974,10974,219812,439624,108,20,5.000000,79,8
COO OMP,O2,561246741.303117,561.246741,0.561247,439624,0.002197,0.676338,0.678535,0,10,1,1,16,32,10974,10974,219812,439624,108,20,5.000000,79,8
COO OMP,O2,114333469.696713,114.333470,0.114333,439624,0.005141,0.664007,0.669148,0,10,1,1,64,32,10974,10974,219812,439624,108,20,5.000000,79,8
COO OMP,O2,127063555.596984,127.063556,0.127064,439624,0.007118,0.677971,0.685089,0,10,1,1,128,32,10974,10974,219812,439624,108,20,5.000000,79,8
