Name,-O,FLOPS,MFLOPS,GFLOPS,FOP Count,Avg Run Time (s),Format Time (s),Total Time (s),Verification,Iters,Block Row,Block Col,K-Bound,Threads,Rows,Cols,NNZ,NNZ*2,Max Cols,Avg Cols,Col Ratio,Variance,Std Deviation
ELL OMP,O2,242231547.762256,242.231548,0.242232,439624,0.002636,0.727167,0.729803,0,10,1,1,16,8,10974,10974,219812,439624,108,20,5.000000,79,8
ELL OMP,O2,120528192.564591,120.528193,0.120528,439624,0.004200,0.706314,0.710513,0,10,1,1,64,8,10974,10974,219812,439624,108,20,5.000000,79,8
ELL OMP,O2,71761587.781291,71.761588,0.071762,439624,0.006893,0.711298,0.718192,0,10,1,1,128,8,10974,10974,219812,439624,108,20,5.000000,79,8
ELL OMP,O2,356654652.180807,356.654652,0.356655,439624,0.002151,0.723332,0.725483,0,10,1,1,16,16,10974,10974,219812,439624,108,20,5.000000,79,8
ELL OMP,O2,151307684.024056,151.307684,0.151308,439624,0.004157,0.748116,0.752273,0,10,1,1,64,16,10974,10974,219812,439624,108,20,5.000000,79,8
ELL OMP,O2,95674174.825160,95.674175,0.095674,439624,0.005614,0.713320,0.718934,0,10,1,1,128,16,10974,10974,219812,439624,108,20,5.000000,79,8
ELL OMP,O2,578252216.886584,578.252217,0.578252,439624,0.002217,0.717276,0.719493,0,10,1,1,16,32,10974,10974,219812,439624,108,20,5.000000,79,8
ELL OMP,O2,202687134.403775,202.687134,0.202687,439624,0.003498,0.756399,0.759896,0,10,1,1,64,32,10974,10974,219812,439624,108,20,5.000000,79,8
ELL OMP,O2,110868505.323883,110.868505,0.110869,439624,0.007855,0.723054,0.730909,0,10,1,1,128,32,10974,10974,219812,439624,108,20,5.000000,79,8
