Name,-O,FLOPS,MFLOPS,GFLOPS,FOP Count,Avg Run Time (s),Format Time (s),Total Time (s),Verification,Iters,Block Row,Block Col,K-Bound,Threads,Rows,Cols,NNZ,NNZ*2,Max Cols,Avg Cols,Col Ratio,Variance,Std Deviation
COO Serial,O2,133914483.100123,133.914483,0.133914,439624,0.003285,0.637803,0.641088,0,10,1,1,16,-1,10974,10974,219812,439624,108,20,5.000000,79,8
COO Serial,O2,70316907.171381,70.316907,0.070317,439624,0.006254,0.635653,0.641907,0,10,1,1,64,-1,10974,10974,219812,439624,108,20,5.000000,79,8
COO Serial,O2,51088825.563790,51.088826,0.051089,439624,0.008607,0.635833,0.644439,0,10,1,1,128,-1,10974,10974,219812,439624,108,20,5.000000,79,8
