Name,-O,FLOPS,MFLOPS,GFLOPS,FOP Count,Avg Run Time (s),Format Time (s),Total Time (s),Verification,Iters,Block Row,Block Col,K-Bound,Threads,Rows,Cols,NNZ,NNZ*2,Max Cols,Avg Cols,Col Ratio,Variance,Std Deviation
CSR OMP,O2,696556672.771423,696.556673,0.696557,85886,0.000749,0.041441,0.042190,0,10,1,1,16,8,2003,2003,42943,85886,84,21,4.000000,197,14
CSR OMP,O2,307001935.065951,307.001935,0.307002,85886,0.000861,0.041326,0.042187,0,10,1,1,64,8,2003,2003,42943,85886,84,21,4.000000,197,14
CSR OMP,O2,177218462.405763,177.218462,0.177218,85886,0.001089,0.039761,0.040850,0,10,1,1,128,8,2003,2003,42943,85886,84,21,4.000000,197,14
CSR OMP,O2,444299315.098899,444.299315,0.444299,85886,0.001083,0.040654,0.041737,0,10,1,1,16,16,2003,2003,42943,85886,84,21,4.000000,197,14
CSR OMP,O2,322636897.409669,322.636897,0.322637,85886,0.001632,0.041825,0.043457,0,10,1,1,64,16,2003,2003,42943,85886,84,21,4.000000,197,14
CSR OMP,O2,265836953.788435,265.836954,0.265837,85886,0.001358,0.042806,0.044164,0,10,1,1,128,16,2003,2003,42943,85886,84,21,4.000000,197,14
CSR OMP,O2,394915405.583155,394.915406,0.394915,85886,0.004419,0.036965,0.041384,0,10,1,1,16,32,2003,2003,42943,85886,84,21,4.000000,197,14
CSR OMP,O2,279911993.700423,279.911994,0.279912,85886,0.006918,0.037024,0.043942,0,10,1,1,64,32,2003,2003,42943,85886,84,21,4.000000,197,14
CSR OMP,O2,154488078.629767,154.488079,0.154488,85886,0.004742,0.040632,0.045374,0,10,1,1,128,32,2003,2003,42943,85886,84,21,4.000000,197,14
