Name,-O,FLOPS,MFLOPS,GFLOPS,FOP Count,Avg Run Time (s),Format Time (s),Total Time (s),Verification,Iters,Block Row,Block Col,K-Bound,Threads,Rows,Cols,NNZ,NNZ*2,Max Cols,Avg Cols,Col Ratio,Variance,Std Deviation
COO OMP,O2,496585288.349516,496.585288,0.496585,439624,0.017333,0.638779,0.656112,0,10,1,1,16,8,10974,10974,219812,439624,108,20,5.000000,79,8
COO OMP,O2,112179128.125572,112.179128,0.112179,439624,0.014655,0.653163,0.667818,0,10,1,1,64,8,10974,10974,219812,439624,108,20,5.000000,79,8
COO OMP,O2,133550968.591820,133.550969,0.133551,439624,0.017606,0.667793,0.685399,0,10,1,1,128,8,10974,10974,219812,439624,108,20,5.000000,79,8
COO OMP,O2,1034301157.946913,1034.301158,1.034301,439624,0.018687,0.672664,0.691351,0,10,1,1,16,16,10974,10974,219812,439624,108,20,5.000000,79,8
COO OMP,O2,287871374.585435,287.871375,0.287871,439624,0.017613,0.678516,0.696129,0,10,1,1,64,16,10974,10974,219812,439624,108,20,5.000000,79,8
COO OMP,O2,134834380.017262,134.834380,0.134834,439624,0.011913,0.687387,0.699300,0,10,1,1,128,16,10974,10974,219812,439624,108,20,5.000000,79,8
COO OMP,O2,645230384.726947,645.230385,0.645230,439624,0.012541,0.676140,0.688681,0,10,1,1,16,32,10974,10974,219812,439624,108,20,5.000000,79,8
COO OMP,O2,130305003.034416,130.305003,0.130305,439624,0.018448,0.673681,0.692129,0,10,1,1,64,32,10974,10974,219812,439624,108,20,5.000000,79,8
COO OMP,O2,216436565.529678,216.436566,0.216437,439624,0.015059,0.689402,0.704461,4,10,1,1,128,32,10974,10974,219812,439624,108,20,5.000000,79,8
