Name,-O,FLOPS,MFLOPS,GFLOPS,FOP Count,Avg Run Time (s),Format Time (s),Total Time (s),Verification,Iters,Block Row,Block Col,K-Bound,Threads,Rows,Cols,NNZ,NNZ*2,Max Cols,Avg Cols,Col Ratio,Variance,Std Deviation
BCSR Serial Transpose,O2,21021332.308526,21.021332,0.021021,85886,0.004137,0.054359,0.058496,0,10,2,2,16,-1,2003,2003,42943,85886,84,21,4.000000,197,14
BCSR Serial Transpose,O2,19144921.443044,19.144921,0.019145,85886,0.004527,0.051737,0.056264,0,10,4,4,16,-1,2003,2003,42943,85886,84,21,4.000000,197,14
BCSR Serial Transpose,O2,13919438.089032,13.919438,0.013919,85886,0.006197,0.061227,0.067424,0,10,16,16,16,-1,2003,2003,42943,85886,84,21,4.000000,197,14
BCSR Serial Transpose,O2,13243121.315292,13.243121,0.013243,85886,0.006511,0.050984,0.057495,0,10,2,2,64,-1,2003,2003,42943,85886,84,21,4.000000,197,14
BCSR Serial Transpose,O2,10667806.302217,10.667806,0.010668,85886,0.008083,0.052279,0.060362,0,10,4,4,64,-1,2003,2003,42943,85886,84,21,4.000000,197,14
BCSR Serial Transpose,O2,5615177.336024,5.615177,0.005615,85886,0.015316,0.057345,0.072661,0,10,16,16,64,-1,2003,2003,42943,85886,84,21,4.000000,197,14
BCSR Serial Transpose,O2,9085308.380435,9.085308,0.009085,85886,0.009484,0.051411,0.060896,0,10,2,2,128,-1,2003,2003,42943,85886,84,21,4.000000,197,14
BCSR Serial Transpose,O2,6725371.174505,6.725371,0.006725,85886,0.012782,0.050256,0.063038,0,10,4,4,128,-1,2003,2003,42943,85886,84,21,4.000000,197,14
BCSR Serial Transpose,O2,3223226.798263,3.223227,0.003223,85886,0.026655,0.059222,0.085877,0,10,16,16,128,-1,2003,2003,42943,85886,84,21,4.000000,197,14
