Name,-O,FLOPS,MFLOPS,GFLOPS,FOP Count,Avg Run Time (s),Format Time (s),Total Time (s),Verification,Iters,Block Row,Block Col,K-Bound,Threads,Rows,Cols,NNZ,NNZ*2,Max Cols,Avg Cols,Col Ratio,Variance,Std Deviation
CSR THREADS,O2,869195736.572698,869.195737,0.869196,85886,0.001844,0.047987,0.049831,0,5,1,1,16,32,2003,2003,42943,85886,84,21,4.000000,197,14
CSR THREADS,O2,346311684.732884,346.311685,0.346312,85886,0.000277,0.053826,0.054102,0,5,1,1,64,8,2003,2003,42943,85886,84,21,4.000000,197,14
CSR THREADS,O2,207345465.301788,207.345465,0.207345,85886,0.001990,0.053818,0.055808,0,5,1,1,128,16,2003,2003,42943,85886,84,21,4.000000,197,14
