Name,-O,FLOPS,MFLOPS,GFLOPS,FOP Count,Avg Run Time (s),Format Time (s),Total Time (s),Verification,Iters,Block Row,Block Col,K-Bound,Threads,Rows,Cols,NNZ,NNZ*2,Max Cols,Avg Cols,Col Ratio,Variance,Std Deviation
CSR Serial,O2,222728874.796038,222.728875,0.222729,4069834,0.018275,5.308377,5.326652,0,10,1,1,16,-1,62451,62451,2034917,4069834,40,32,1.000000,54,7
CSR Serial,O2,89092861.688894,89.092862,0.089093,4069834,0.045684,5.421373,5.467057,0,10,1,1,64,-1,62451,62451,2034917,4069834,40,32,1.000000,54,7
CSR Serial,O2,43088967.328614,43.088967,0.043089,4069834,0.094457,5.372257,5.466714,0,10,1,1,128,-1,62451,62451,2034917,4069834,40,32,1.000000,54,7
