Name,-O,FLOPS,MFLOPS,GFLOPS,FOP Count,Avg Run Time (s),Format Time (s),Total Time (s),Verification,Iters,Block Row,Block Col,K-Bound,Threads,Rows,Cols,NNZ,NNZ*2,Max Cols,Avg Cols,Col Ratio,Variance,Std Deviation
COO OMP,O2,138073400.925576,138.073401,0.138073,4069834,0.029724,5.198168,5.227892,0,10,1,1,16,8,62451,62451,2034917,4069834,40,32,1.000000,54,7
COO OMP,O2,84172663.139934,84.172663,0.084173,4069834,0.048543,5.354892,5.403435,0,10,1,1,64,8,62451,62451,2034917,4069834,40,32,1.000000,54,7
COO OMP,O2,58335813.780063,58.335814,0.058336,4069834,0.070141,5.429709,5.499850,0,10,1,1,128,8,62451,62451,2034917,4069834,40,32,1.000000,54,7
COO OMP,O2,204139558.359272,204.139558,0.204140,4069834,0.021302,5.420872,5.442174,0,10,1,1,16,16,62451,62451,2034917,4069834,40,32,1.000000,54,7
COO OMP,O2,108452674.417046,108.452674,0.108453,4069834,0.038330,5.336020,5.374350,0,10,1,1,64,16,62451,62451,2034917,4069834,40,32,1.000000,54,7
COO OMP,O2,76639806.045362,76.639806,0.076640,4069834,0.053717,5.320068,5.373785,0,10,1,1,128,16,62451,62451,2034917,4069834,40,32,1.000000,54,7
COO OMP,O2,214556355.261341,214.556355,0.214556,4069834,0.020716,5.359501,5.380217,0,10,1,1,16,32,62451,62451,2034917,4069834,40,32,1.000000,54,7
COO OMP,O2,136960298.471320,136.960298,0.136960,4069834,0.031337,5.219194,5.250531,0,10,1,1,64,32,62451,62451,2034917,4069834,40,32,1.000000,54,7
COO OMP,O2,90970563.352075,90.970563,0.090971,4069834,0.046100,5.244244,5.290344,0,10,1,1,128,32,62451,62451,2034917,4069834,40,32,1.000000,54,7
