Name,-O,FLOPS,MFLOPS,GFLOPS,FOP Count,Avg Run Time (s),Format Time (s),Total Time (s),Verification,Iters,Block Row,Block Col,K-Bound,Threads,Rows,Cols,NNZ,NNZ*2,Max Cols,Avg Cols,Col Ratio,Variance,Std Deviation
ELL Serial Transpose,O2,186999.512457,0.187000,0.000187,4069834,21.763883,5.513376,27.277259,0,10,1,1,16,-1,62451,62451,2034917,4069834,40,32,1.000000,54,7
ELL Serial Transpose,O2,187577.201752,0.187577,0.000188,4069834,21.696849,5.756511,27.453360,0,10,1,1,64,-1,62451,62451,2034917,4069834,40,32,1.000000,54,7
ELL Serial Transpose,O2,184680.456660,0.184680,0.000185,4069834,22.037215,5.541258,27.578473,0,10,1,1,128,-1,62451,62451,2034917,4069834,40,32,1.000000,54,7
