Name,-O,FLOPS,MFLOPS,GFLOPS,FOP Count,Avg Run Time (s),Format Time (s),Total Time (s),Verification,Iters,Block Row,Block Col,K-Bound,Threads,Rows,Cols,NNZ,NNZ*2,Max Cols,Avg Cols,Col Ratio,Variance,Std Deviation
BCSR THREADS,O2,183290816.238755,183.290816,0.183291,4069834,0.026551,5.337366,5.363917,0,5,2,2,16,48,62451,62451,2034917,4069834,40,32,1.000000,54,7
BCSR THREADS,O2,159444136.579326,159.444137,0.159444,4069834,0.026984,5.432055,5.459039,0,5,4,4,16,72,62451,62451,2034917,4069834,40,32,1.000000,54,7
BCSR THREADS,O2,120383377.573493,120.383378,0.120383,4069834,0.033921,5.532699,5.566620,0,5,16,16,16,48,62451,62451,2034917,4069834,40,32,1.000000,54,7
BCSR THREADS,O2,120598290.273023,120.598290,0.120598,4069834,0.034625,5.408628,5.443253,0,5,2,2,64,72,62451,62451,2034917,4069834,40,32,1.000000,54,7
BCSR THREADS,O2,105341087.485359,105.341087,0.105341,4069834,0.038904,5.530399,5.569303,0,5,4,4,64,64,62451,62451,2034917,4069834,40,32,1.000000,54,7
BCSR THREADS,O2,71903802.879432,71.903803,0.071904,4069834,0.057301,5.541599,5.598900,0,5,16,16,64,48,62451,62451,2034917,4069834,40,32,1.000000,54,7
BCSR THREADS,O2,90808000.682934,90.808001,0.090808,4069834,0.046563,5.444888,5.491451,0,5,2,2,128,72,62451,62451,2034917,4069834,40,32,1.000000,54,7
BCSR THREADS,O2,81989026.097998,81.989026,0.081989,4069834,0.052183,5.388322,5.440506,0,5,4,4,128,72,62451,62451,2034917,4069834,40,32,1.000000,54,7
BCSR THREADS,O2,61315112.258801,61.315112,0.061315,4069834,0.067248,5.441655,5.508903,0,5,16,16,128,72,62451,62451,2034917,4069834,40,32,1.000000,54,7
