Name,-O,FLOPS,MFLOPS,GFLOPS,FOP Count,Avg Run Time (s),Format Time (s),Total Time (s),Verification,Iters,Block Row,Block Col,K-Bound,Threads,Rows,Cols,NNZ,NNZ*2,Max Cols,Avg Cols,Col Ratio,Variance,Std Deviation
ELL THREADS,O2,710728432.736049,710.728433,0.710728,4069834,0.005798,20.281218,20.287016,0,5,1,1,16,8,62451,62451,2034917,4069834,40,32,1.000000,54,7
ELL THREADS,O2,326900527.506703,326.900528,0.326901,4069834,0.012526,19.494816,19.507342,0,5,1,1,64,16,62451,62451,2034917,4069834,40,32,1.000000,54,7
ELL THREADS,O2,366486476.018601,366.486476,0.366486,4069834,0.011382,19.482612,19.493994,0,5,1,1,128,32,62451,62451,2034917,4069834,40,32,1.000000,54,7
