Name,-O,FLOPS,MFLOPS,GFLOPS,FOP Count,Avg Run Time (s),Format Time (s),Total Time (s),Verification,Iters,Block Row,Block Col,K-Bound,Threads,Rows,Cols,NNZ,NNZ*2,Max Cols,Avg Cols,Col Ratio,Variance,Std Deviation
ELL Serial,O2,108548031.913742,108.548032,0.108548,4069834,0.040984,19.119262,19.160246,0,10,1,1,16,-1,62451,62451,2034917,4069834,40,32,1.000000,54,7
ELL Serial,O2,52133401.429753,52.133401,0.052133,4069834,0.089294,19.436340,19.525634,0,10,1,1,64,-1,62451,62451,2034917,4069834,40,32,1.000000,54,7
ELL Serial,O2,49163893.804643,49.163894,0.049164,4069834,0.082832,19.095189,19.178021,0,10,1,1,128,-1,62451,62451,2034917,4069834,40,32,1.000000,54,7
