Name,-O,FLOPS,MFLOPS,GFLOPS,FOP Count,Avg Run Time (s),Format Time (s),Total Time (s),Verification,Iters,Block Row,Block Col,K-Bound,Threads,Rows,Cols,NNZ,NNZ*2,Max Cols,Avg Cols,Col Ratio,Variance,Std Deviation
CSR THREADS,O2,940569439.697291,940.569440,0.940569,4069834,0.010601,19.445134,19.455735,0,5,1,1,16,48,62451,62451,2034917,4069834,40,32,1.000000,54,7
CSR THREADS,O2,474067681.928090,474.067682,0.474068,4069834,0.008652,19.229550,19.238203,0,5,1,1,64,16,62451,62451,2034917,4069834,40,32,1.000000,54,7
CSR THREADS,O2,315055612.837650,315.055613,0.315056,4069834,0.012971,19.239430,19.252401,0,5,1,1,128,32,62451,62451,2034917,4069834,40,32,1.000000,54,7
