Name,-O,FLOPS,MFLOPS,GFLOPS,FOP Count,Avg Run Time (s),Format Time (s),Total Time (s),Verification,Iters,Block Row,Block Col,K-Bound,Threads,Rows,Cols,NNZ,NNZ*2,Max Cols,Avg Cols,Col Ratio,Variance,Std Deviation
COO OMP,O2,98030839.026720,98.030839,0.098031,2724174,0.028448,17.220947,17.249395,0,10,1,1,16,8,121192,121192,1362087,2724174,24,11,2.000000,45,6
COO OMP,O2,54605490.042400,54.605490,0.054605,2724174,0.050394,17.082589,17.132983,0,10,1,1,64,8,121192,121192,1362087,2724174,24,11,2.000000,45,6
COO OMP,O2,42575518.017592,42.575518,0.042576,2724174,0.065193,17.060799,17.125993,0,10,1,1,128,8,121192,121192,1362087,2724174,24,11,2.000000,45,6
COO OMP,O2,125898298.045701,125.898298,0.125898,2724174,0.022954,17.096862,17.119816,0,10,1,1,16,16,121192,121192,1362087,2724174,24,11,2.000000,45,6
COO OMP,O2,76313096.675416,76.313097,0.076313,2724174,0.036542,16.941479,16.978021,0,10,1,1,64,16,121192,121192,1362087,2724174,24,11,2.000000,45,6
COO OMP,O2,54222614.224036,54.222614,0.054223,2724174,0.051686,17.021770,17.073456,0,10,1,1,128,16,121192,121192,1362087,2724174,24,11,2.000000,45,6
COO OMP,O2,132823126.986843,132.823127,0.132823,2724174,0.022221,17.085788,17.108009,0,10,1,1,16,32,121192,121192,1362087,2724174,24,11,2.000000,45,6
COO OMP,O2,98264734.231343,98.264734,0.098265,2724174,0.029727,16.987575,17.017303,0,10,1,1,64,32,121192,121192,1362087,2724174,24,11,2.000000,45,6
COO OMP,O2,74357891.347632,74.357891,0.074358,2724174,0.038237,17.024288,17.062525,0,10,1,1,128,32,121192,121192,1362087,2724174,24,11,2.000000,45,6
