Name,-O,FLOPS,MFLOPS,GFLOPS,FOP Count,Avg Run Time (s),Format Time (s),Total Time (s),Verification,Iters,Block Row,Block Col,K-Bound,Threads,Rows,Cols,NNZ,NNZ*2,Max Cols,Avg Cols,Col Ratio,Variance,Std Deviation
CSR Serial Transpose,O2,32683.519172,0.032684,0.000033,2724174,83.350094,18.209204,101.559298,0,10,1,1,16,-1,121192,121192,1362087,2724174,24,11,2.000000,45,6
CSR Serial Transpose,O2,32594.047081,0.032594,0.000033,2724174,83.578917,17.885949,101.464866,0,10,1,1,64,-1,121192,121192,1362087,2724174,24,11,2.000000,45,6
CSR Serial Transpose,O2,32375.308177,0.032375,0.000032,2724174,84.143599,17.192097,101.335696,0,10,1,1,128,-1,121192,121192,1362087,2724174,24,11,2.000000,45,6
