Name,-O,FLOPS,MFLOPS,GFLOPS,FOP Count,Avg Run Time (s),Format Time (s),Total Time (s),Verification,Iters,Block Row,Block Col,K-Bound,Threads,Rows,Cols,NNZ,NNZ*2,Max Cols,Avg Cols,Col Ratio,Variance,Std Deviation
ELL Serial Transpose,O2,31485.906759,0.031486,0.000031,2724174,86.520487,17.747787,104.268274,0,10,1,1,16,-1,121192,121192,1362087,2724174,24,11,2.000000,45,6
ELL Serial Transpose,O2,31406.078166,0.031406,0.000031,2724174,86.740351,17.730106,104.470457,0,10,1,1,64,-1,121192,121192,1362087,2724174,24,11,2.000000,45,6
ELL Serial Transpose,O2,31329.430395,0.031329,0.000031,2724174,86.952561,18.102851,105.055412,0,10,1,1,128,-1,121192,121192,1362087,2724174,24,11,2.000000,45,6
