Name,-O,FLOPS,MFLOPS,GFLOPS,FOP Count,Avg Run Time (s),Format Time (s),Total Time (s),Verification,Iters,Block Row,Block Col,K-Bound,Threads,Rows,Cols,NNZ,NNZ*2,Max Cols,Avg Cols,Col Ratio,Variance,Std Deviation
COO Serial Transpose,O2,48835.130238,0.048835,0.000049,2724174,56.607892,83.074554,139.682446,0,10,1,1,16,-1,121192,121192,1362087,2724174,24,11,2.000000,45,6
COO Serial Transpose,O2,50038.466626,0.050038,0.000050,2724174,54.949626,83.091392,138.041018,0,10,1,1,64,-1,121192,121192,1362087,2724174,24,11,2.000000,45,6
COO Serial Transpose,O2,52459.471425,0.052459,0.000052,2724174,52.488205,82.883454,135.371659,0,10,1,1,128,-1,121192,121192,1362087,2724174,24,11,2.000000,45,6
