Name,-O,FLOPS,MFLOPS,GFLOPS,FOP Count,Avg Run Time (s),Format Time (s),Total Time (s),Verification,Iters,Block Row,Block Col,K-Bound,Threads,Rows,Cols,NNZ,NNZ*2,Max Cols,Avg Cols,Col Ratio,Variance,Std Deviation
ELL OMP,O2,506849257.089832,506.849257,0.506849,14212696,0.035267,22.914972,22.950239,0,10,1,1,16,8,63838,63838,7106348,14212696,297,111,2.000000,2339,48
ELL OMP,O2,236786469.632503,236.786470,0.236786,14212696,0.063552,22.940326,23.003878,0,10,1,1,64,8,63838,63838,7106348,14212696,297,111,2.000000,2339,48
ELL OMP,O2,141260046.980056,141.260047,0.141260,14212696,0.104182,23.009987,23.114169,0,10,1,1,128,8,63838,63838,7106348,14212696,297,111,2.000000,2339,48
ELL OMP,O2,600495364.767586,600.495365,0.600495,14212696,0.026632,23.126038,23.152670,0,10,1,1,16,16,63838,63838,7106348,14212696,297,111,2.000000,2339,48
ELL OMP,O2,382522742.012242,382.522742,0.382523,14212696,0.038268,22.938179,22.976447,0,10,1,1,64,16,63838,63838,7106348,14212696,297,111,2.000000,2339,48
ELL OMP,O2,157239131.230287,157.239131,0.157239,14212696,0.093509,22.940139,23.033648,0,10,1,1,128,16,63838,63838,7106348,14212696,297,111,2.000000,2339,48
ELL OMP,O2,740967670.872062,740.967671,0.740968,14212696,0.020878,22.958375,22.979253,0,10,1,1,16,32,63838,63838,7106348,14212696,297,111,2.000000,2339,48
ELL OMP,O2,251774202.668550,251.774203,0.251774,14212696,0.061607,22.936780,22.998387,0,10,1,1,64,32,63838,63838,7106348,14212696,297,111,2.000000,2339,48
ELL OMP,O2,258116513.256496,258.116513,0.258117,14212696,0.060106,22.979455,23.039561,0,10,1,1,128,32,63838,63838,7106348,14212696,297,111,2.000000,2339,48
