Name,-O,FLOPS,MFLOPS,GFLOPS,FOP Count,Avg Run Time (s),Format Time (s),Total Time (s),Verification,Iters,Block Row,Block Col,K-Bound,Threads,Rows,Cols,NNZ,NNZ*2,Max Cols,Avg Cols,Col Ratio,Variance,Std Deviation
BCSR Serial Transpose,O2,661490.887920,0.661491,0.000661,14212696,21.485861,7.387801,28.873662,32,10,2,2,16,-1,63838,63838,7106348,14212696,297,111,2.000000,2339,48
BCSR Serial Transpose,O2,662622.934966,0.662623,0.000663,14212696,21.449150,7.397736,28.846886,32,10,4,4,16,-1,63838,63838,7106348,14212696,297,111,2.000000,2339,48
BCSR Serial Transpose,O2,657245.204421,0.657245,0.000657,14212696,21.624650,7.876286,29.500936,32,10,16,16,16,-1,63838,63838,7106348,14212696,297,111,2.000000,2339,48
BCSR Serial Transpose,O2,652607.640101,0.652608,0.000653,14212696,21.778319,7.456800,29.235119,128,10,2,2,64,-1,63838,63838,7106348,14212696,297,111,2.000000,2339,48
BCSR Serial Transpose,O2,623161.380060,0.623161,0.000623,14212696,22.807422,7.525977,30.333399,128,10,4,4,64,-1,63838,63838,7106348,14212696,297,111,2.000000,2339,48
BCSR Serial Transpose,O2,603725.309816,0.603725,0.000604,14212696,23.541663,8.086665,31.628328,128,10,16,16,64,-1,63838,63838,7106348,14212696,297,111,2.000000,2339,48
BCSR Serial Transpose,O2,593959.408337,0.593959,0.000594,14212696,23.928773,7.528578,31.457352,256,10,2,2,128,-1,63838,63838,7106348,14212696,297,111,2.000000,2339,48
BCSR Serial Transpose,O2,608948.239737,0.608948,0.000609,14212696,23.339747,7.609546,30.949293,256,10,4,4,128,-1,63838,63838,7106348,14212696,297,111,2.000000,2339,48
BCSR Serial Transpose,O2,550445.038255,0.550445,0.000550,14212696,25.820374,8.088900,33.909274,256,10,16,16,128,-1,63838,63838,7106348,14212696,297,111,2.000000,2339,48
