Name,-O,FLOPS,MFLOPS,GFLOPS,FOP Count,Avg Run Time (s),Format Time (s),Total Time (s),Verification,Iters,Block Row,Block Col,K-Bound,Threads,Rows,Cols,NNZ,NNZ*2,Max Cols,Avg Cols,Col Ratio,Variance,Std Deviation
CSR OMP,O2,224447769.409330,224.447769,0.224448,14212696,0.064087,6.909888,6.973975,0,10,1,1,16,8,63838,63838,7106348,14212696,297,111,2.000000,2339,48
CSR OMP,O2,135812480.730706,135.812481,0.135812,14212696,0.105679,6.893441,6.999120,0,10,1,1,64,8,63838,63838,7106348,14212696,297,111,2.000000,2339,48
CSR OMP,O2,88236774.969643,88.236775,0.088237,14212696,0.161695,6.892474,7.054169,0,10,1,1,128,8,63838,63838,7106348,14212696,297,111,2.000000,2339,48
CSR OMP,O2,347248328.368943,347.248328,0.347248,14212696,0.042326,6.916969,6.959295,0,10,1,1,16,16,63838,63838,7106348,14212696,297,111,2.000000,2339,48
CSR OMP,O2,181717051.263416,181.717051,0.181717,14212696,0.079288,6.906870,6.986157,0,10,1,1,64,16,63838,63838,7106348,14212696,297,111,2.000000,2339,48
CSR OMP,O2,127267464.988612,127.267465,0.127267,14212696,0.112827,6.925024,7.037851,0,10,1,1,128,16,63838,63838,7106348,14212696,297,111,2.000000,2339,48
CSR OMP,O2,352113846.911797,352.113847,0.352114,14212696,0.041855,6.894985,6.936840,0,10,1,1,16,32,63838,63838,7106348,14212696,297,111,2.000000,2339,48
CSR OMP,O2,223478942.558180,223.478943,0.223479,14212696,0.064752,6.914514,6.979266,0,10,1,1,64,32,63838,63838,7106348,14212696,297,111,2.000000,2339,48
CSR OMP,O2,163197982.188904,163.197982,0.163198,14212696,0.087581,6.898922,6.986503,0,10,1,1,128,32,63838,63838,7106348,14212696,297,111,2.000000,2339,48
