Name,-O,FLOPS,MFLOPS,GFLOPS,FOP Count,Avg Run Time (s),Format Time (s),Total Time (s),Verification,Iters,Block Row,Block Col,K-Bound,Threads,Rows,Cols,NNZ,NNZ*2,Max Cols,Avg Cols,Col Ratio,Variance,Std Deviation
COO THREADS,O2,1497299169.775225,1497.299170,1.497299,14212696,0.011024,21.593021,21.604045,0,5,1,1,16,48,63838,63838,7106348,14212696,297,111,2.000000,2339,48
COO THREADS,O2,915199595.933658,915.199596,0.915200,14212696,0.015788,21.566065,21.581853,0,5,1,1,64,72,63838,63838,7106348,14212696,297,111,2.000000,2339,48
COO THREADS,O2,573495041.924420,573.495042,0.573495,14212696,0.024836,21.561461,21.586297,0,5,1,1,128,72,63838,63838,7106348,14212696,297,111,2.000000,2339,48
