Name,-O,FLOPS,MFLOPS,GFLOPS,FOP Count,Avg Run Time (s),Format Time (s),Total Time (s),Verification,Iters,Block Row,Block Col,K-Bound,Threads,Rows,Cols,NNZ,NNZ*2,Max Cols,Avg Cols,Col Ratio,Variance,Std Deviation
COO GPU Transpose,O2,12155585.171687,12.155585,0.012156,14212696,1.169518,6.876140,8.045658,0,10,1,1,16,-1,63838,63838,7106348,14212696,297,111,2.000000,2339,48
COO GPU Transpose,O2,11691361.125187,11.691361,0.011691,14212696,1.215914,6.956172,8.172086,0,10,1,1,64,-1,63838,63838,7106348,14212696,297,111,2.000000,2339,48
COO GPU Transpose,O2,11558603.974837,11.558604,0.011559,14212696,1.230203,6.922953,8.153156,0,10,1,1,128,-1,63838,63838,7106348,14212696,297,111,2.000000,2339,48
