Name,-O,FLOPS,MFLOPS,GFLOPS,FOP Count,Avg Run Time (s),Format Time (s),Total Time (s),Verification,Iters,Block Row,Block Col,K-Bound,Threads,Rows,Cols,NNZ,NNZ*2,Max Cols,Avg Cols,Col Ratio,Variance,Std Deviation
CSR Serial,O2,158754105.776737,158.754106,0.158754,14212696,0.089527,47.502831,47.592358,0,10,1,1,16,-1,63838,63838,7106348,14212696,297,111,2.000000,2339,48
CSR Serial,O2,77412032.540311,77.412033,0.077412,14212696,0.183622,45.235475,45.419097,0,10,1,1,64,-1,63838,63838,7106348,14212696,297,111,2.000000,2339,48
CSR Serial,O2,48908951.135073,48.908951,0.048909,14212696,0.290620,45.130902,45.421522,0,10,1,1,128,-1,63838,63838,7106348,14212696,297,111,2.000000,2339,48
