Name,-O,FLOPS,MFLOPS,GFLOPS,FOP Count,Avg Run Time (s),Format Time (s),Total Time (s),Verification,Iters,Block Row,Block Col,K-Bound,Threads,Rows,Cols,NNZ,NNZ*2,Max Cols,Avg Cols,Col Ratio,Variance,Std Deviation
BCSR GPU Transpose,O2,568043.064390,0.568043,0.000568,14212696,25.122380,7.490499,32.612879,32,10,2,2,16,-1,63838,63838,7106348,14212696,297,111,2.000000,2339,48
BCSR GPU Transpose,O2,562678.311398,0.562678,0.000563,14212696,25.306714,7.554878,32.861592,32,10,4,4,16,-1,63838,63838,7106348,14212696,297,111,2.000000,2339,48
BCSR GPU Transpose,O2,BCSR GPU Transpose,O2,582829.527327,0.582830,0.000583,14212696,24.436779,7.487112,31.923891,128,10,2,2,64,-1,63838,63838,7106348,14212696,297,111,2.000000,2339,48
BCSR GPU Transpose,O2,542927.873885,0.542928,0.000543,14212696,27.374054,7.546557,34.920611,128,10,4,4,64,-1,63838,63838,7106348,14212696,297,111,2.000000,2339,48
BCSR GPU Transpose,O2,BCSR GPU Transpose,O2,565993.609289,0.565994,0.000566,14212696,25.146662,7.505603,32.652265,256,10,2,2,128,-1,63838,63838,7106348,14212696,297,111,2.000000,2339,48
BCSR GPU Transpose,O2,559920.921342,0.559921,0.000560,14212696,25.439030,7.573293,33.012323,256,10,4,4,128,-1,63838,63838,7106348,14212696,297,111,2.000000,2339,48
BCSR GPU Transpose,O2,