Name,-O,FLOPS,MFLOPS,GFLOPS,FOP Count,Avg Run Time (s),Format Time (s),Total Time (s),Verification,Iters,Block Row,Block Col,K-Bound,Threads,Rows,Cols,NNZ,NNZ*2,Max Cols,Avg Cols,Col Ratio,Variance,Std Deviation
CSR Serial Transpose,O2,1193881.938646,1.193882,0.001194,14212696,12.709203,21.287887,33.997090,0,10,1,1,16,-1,63838,63838,7106348,14212696,297,111,2.000000,2339,48
CSR Serial Transpose,O2,1168412.937993,1.168413,0.001168,14212696,12.936417,21.144478,34.080895,0,10,1,1,64,-1,63838,63838,7106348,14212696,297,111,2.000000,2339,48
CSR Serial Transpose,O2,1130198.266263,1.130198,0.001130,14212696,13.307252,21.166854,34.474106,0,10,1,1,128,-1,63838,63838,7106348,14212696,297,111,2.000000,2339,48
