Name,-O,FLOPS,MFLOPS,GFLOPS,FOP Count,Avg Run Time (s),Format Time (s),Total Time (s),Verification,Iters,Block Row,Block Col,K-Bound,Threads,Rows,Cols,NNZ,NNZ*2,Max Cols,Avg Cols,Col Ratio,Variance,Std Deviation
CSR OMP,O2,723968089.194750,723.968089,0.723968,14212696,0.025662,21.663905,21.689567,0,10,1,1,16,8,63838,63838,7106348,14212696,297,111,2.000000,2339,48
CSR OMP,O2,360778705.169130,360.778705,0.360779,14212696,0.042905,21.679275,21.722180,0,10,1,1,64,8,63838,63838,7106348,14212696,297,111,2.000000,2339,48
CSR OMP,O2,266263925.691166,266.263926,0.266264,14212696,0.054625,21.662158,21.716783,0,10,1,1,128,8,63838,63838,7106348,14212696,297,111,2.000000,2339,48
CSR OMP,O2,769000252.169886,769.000252,0.769000,14212696,0.022573,21.703673,21.726246,0,10,1,1,16,16,63838,63838,7106348,14212696,297,111,2.000000,2339,48
CSR OMP,O2,492477039.741380,492.477040,0.492477,14212696,0.030354,21.696102,21.726456,0,10,1,1,64,16,63838,63838,7106348,14212696,297,111,2.000000,2339,48
CSR OMP,O2,289188149.851348,289.188150,0.289188,14212696,0.054145,21.634866,21.689011,0,10,1,1,128,16,63838,63838,7106348,14212696,297,111,2.000000,2339,48
CSR OMP,O2,839533669.083221,839.533669,0.839534,14212696,0.021114,21.699473,21.720587,0,10,1,1,16,32,63838,63838,7106348,14212696,297,111,2.000000,2339,48
CSR OMP,O2,320040731.529909,320.040732,0.320041,14212696,0.046732,21.683769,21.730501,0,10,1,1,64,32,63838,63838,7106348,14212696,297,111,2.000000,2339,48
CSR OMP,O2,312202117.642352,312.202118,0.312202,14212696,0.063092,21.400840,21.463932,0,10,1,1,128,32,63838,63838,7106348,14212696,297,111,2.000000,2339,48
