Name,-O,FLOPS,MFLOPS,GFLOPS,FOP Count,Avg Run Time (s),Format Time (s),Total Time (s),Verification,Iters,Block Row,Block Col,K-Bound,Threads,Rows,Cols,NNZ,NNZ*2,Max Cols,Avg Cols,Col Ratio,Variance,Std Deviation
ELL Serial,O2,178986911.470709,178.986911,0.178987,83492,0.000478,0.197828,0.198307,0,10,1,1,16,-1,8192,8192,41746,83492,8,5,1.000000,0,0
ELL Serial,O2,47957063.209164,47.957063,0.047957,83492,0.001793,0.198051,0.199844,0,10,1,1,64,-1,8192,8192,41746,83492,8,5,1.000000,0,0
ELL Serial,O2,27018554.326595,27.018554,0.027019,83492,0.003171,0.193861,0.197032,0,10,1,1,128,-1,8192,8192,41746,83492,8,5,1.000000,0,0
