Name,-O,FLOPS,MFLOPS,GFLOPS,FOP Count,Avg Run Time (s),Format Time (s),Total Time (s),Verification,Iters,Block Row,Block Col,K-Bound,Threads,Rows,Cols,NNZ,NNZ*2,Max Cols,Avg Cols,Col Ratio,Variance,Std Deviation
ELL THREADS,O2,376528236.435392,376.528236,0.376528,83492,0.002124,0.405069,0.407193,0,5,1,1,16,72,8192,8192,41746,83492,8,5,1.000000,0,0
ELL THREADS,O2,103400454.473585,103.400454,0.103400,83492,0.001527,0.439055,0.440582,0,5,1,1,64,16,8192,8192,41746,83492,8,5,1.000000,0,0
ELL THREADS,O2,65136129.351193,65.136129,0.065136,83492,0.001400,0.425332,0.426731,0,5,1,1,128,8,8192,8192,41746,83492,8,5,1.000000,0,0
