Name,-O,FLOPS,MFLOPS,GFLOPS,FOP Count,Avg Run Time (s),Format Time (s),Total Time (s),Verification,Iters,Block Row,Block Col,K-Bound,Threads,Rows,Cols,NNZ,NNZ*2,Max Cols,Avg Cols,Col Ratio,Variance,Std Deviation
COO OMP,O2,323055129.283163,323.055129,0.323055,83492,0.000914,0.343635,0.344549,0,10,1,1,16,8,8192,8192,41746,83492,8,5,1.000000,0,0
COO OMP,O2,118522092.896001,118.522093,0.118522,83492,0.001344,0.336860,0.338204,0,10,1,1,64,8,8192,8192,41746,83492,8,5,1.000000,0,0
COO OMP,O2,70970241.862601,70.970242,0.070970,83492,0.001817,0.342314,0.344131,0,10,1,1,128,8,8192,8192,41746,83492,8,5,1.000000,0,0
COO OMP,O2,226621231.759803,226.621232,0.226621,83492,0.001454,0.347287,0.348740,0,10,1,1,16,16,8192,8192,41746,83492,8,5,1.000000,0,0
COO OMP,O2,126556030.121045,126.556030,0.126556,83492,0.002041,0.354583,0.356624,0,10,1,1,64,16,8192,8192,41746,83492,8,5,1.000000,0,0
COO OMP,O2,70074113.940102,70.074114,0.070074,83492,0.002553,0.349124,0.351677,0,10,1,1,128,16,8192,8192,41746,83492,8,5,1.000000,0,0
COO OMP,O2,222522723.999700,222.522724,0.222523,83492,0.003673,0.347186,0.350859,0,10,1,1,16,32,8192,8192,41746,83492,8,5,1.000000,0,0
COO OMP,O2,27339183.912603,27.339184,0.027339,83492,0.005719,0.374649,0.380368,0,10,1,1,64,32,8192,8192,41746,83492,8,5,1.000000,0,0
COO OMP,O2,37241612.323631,37.241612,0.037242,83492,0.005903,0.369143,0.375046,0,10,1,1,128,32,8192,8192,41746,83492,8,5,1.000000,0,0
