Name,-O,FLOPS,MFLOPS,GFLOPS,FOP Count,Avg Run Time (s),Format Time (s),Total Time (s),Verification,Iters,Block Row,Block Col,K-Bound,Threads,Rows,Cols,NNZ,NNZ*2,Max Cols,Avg Cols,Col Ratio,Variance,Std Deviation
COO Serial,O2,40628562.481067,40.628562,0.040629,83492,0.002055,0.748192,0.750248,0,10,1,1,16,-1,8192,8192,41746,83492,8,5,1.000000,0,0
COO Serial,O2,21509822.419144,21.509822,0.021510,83492,0.003883,0.785141,0.789024,0,10,1,1,64,-1,8192,8192,41746,83492,8,5,1.000000,0,0
COO Serial,O2,15475989.073822,15.475989,0.015476,83492,0.005395,0.783715,0.789110,0,10,1,1,128,-1,8192,8192,41746,83492,8,5,1.000000,0,0
