Name,-O,FLOPS,MFLOPS,GFLOPS,FOP Count,Avg Run Time (s),Format Time (s),Total Time (s),Verification,Iters,Block Row,Block Col,K-Bound,Threads,Rows,Cols,NNZ,NNZ*2,Max Cols,Avg Cols,Col Ratio,Variance,Std Deviation
CSR GPU Transpose,O2,446455.670539,0.446456,0.000446,83492,0.188449,0.184594,0.373043,0,10,1,1,16,-1,8192,8192,41746,83492,8,5,1.000000,0,0
CSR GPU Transpose,O2,426441.830678,0.426442,0.000426,83492,0.195998,0.156966,0.352964,0,10,1,1,64,-1,8192,8192,41746,83492,8,5,1.000000,0,0
CSR GPU Transpose,O2,424054.844066,0.424055,0.000424,83492,0.196967,0.104127,0.301094,0,10,1,1,128,-1,8192,8192,41746,83492,8,5,1.000000,0,0
