Name,-O,FLOPS,MFLOPS,GFLOPS,FOP Count,Avg Run Time (s),Format Time (s),Total Time (s),Verification,Iters,Block Row,Block Col,K-Bound,Threads,Rows,Cols,NNZ,NNZ*2,Max Cols,Avg Cols,Col Ratio,Variance,Std Deviation
COO Serial,O2,258713438.707218,258.713439,0.258713,83492,0.000334,0.181881,0.182215,0,10,1,1,16,-1,8192,8192,41746,83492,8,5,1.000000,0,0
COO Serial,O2,48263877.060661,48.263877,0.048264,83492,0.001762,0.185449,0.187211,0,10,1,1,64,-1,8192,8192,41746,83492,8,5,1.000000,0,0
COO Serial,O2,34325643.782553,34.325644,0.034326,83492,0.002542,0.190373,0.192915,0,10,1,1,128,-1,8192,8192,41746,83492,8,5,1.000000,0,0
