Name,-O,FLOPS,MFLOPS,GFLOPS,FOP Count,Avg Run Time (s),Format Time (s),Total Time (s),Verification,Iters,Block Row,Block Col,K-Bound,Threads,Rows,Cols,NNZ,NNZ*2,Max Cols,Avg Cols,Col Ratio,Variance,Std Deviation
CSR Serial,O2,218502020.444195,218.502020,0.218502,83492,0.000394,0.100161,0.100555,0,10,1,1,16,-1,8192,8192,41746,83492,8,5,1.000000,0,0
CSR Serial,O2,57215497.822032,57.215498,0.057215,83492,0.001511,0.181813,0.183324,0,10,1,1,64,-1,8192,8192,41746,83492,8,5,1.000000,0,0
CSR Serial,O2,35515857.978682,35.515858,0.035516,83492,0.002452,0.180990,0.183442,0,10,1,1,128,-1,8192,8192,41746,83492,8,5,1.000000,0,0
