Name,-O,FLOPS,MFLOPS,GFLOPS,FOP Count,Avg Run Time (s),Format Time (s),Total Time (s),Verification,Iters,Block Row,Block Col,K-Bound,Threads,Rows,Cols,NNZ,NNZ*2,Max Cols,Avg Cols,Col Ratio,Variance,Std Deviation
ELL OMP,O2,289497183.218327,289.497183,0.289497,83492,0.000917,0.351601,0.352518,0,10,1,1,16,8,8192,8192,41746,83492,8,5,1.000000,0,0
ELL OMP,O2,96196180.042210,96.196180,0.096196,83492,0.001470,0.351603,0.353073,0,10,1,1,64,8,8192,8192,41746,83492,8,5,1.000000,0,0
ELL OMP,O2,63960348.428277,63.960348,0.063960,83492,0.001881,0.360289,0.362170,0,10,1,1,128,8,8192,8192,41746,83492,8,5,1.000000,0,0
ELL OMP,O2,386363701.771378,386.363702,0.386364,83492,0.001256,0.347414,0.348670,0,10,1,1,16,16,8192,8192,41746,83492,8,5,1.000000,0,0
ELL OMP,O2,119291454.081796,119.291454,0.119291,83492,0.002068,0.352364,0.354432,0,10,1,1,64,16,8192,8192,41746,83492,8,5,1.000000,0,0
ELL OMP,O2,66988941.192733,66.988941,0.066989,83492,0.002711,0.348966,0.351677,0,10,1,1,128,16,8192,8192,41746,83492,8,5,1.000000,0,0
ELL OMP,O2,238718575.932753,238.718576,0.238719,83492,0.002797,0.352677,0.355474,0,10,1,1,16,32,8192,8192,41746,83492,8,5,1.000000,0,0
ELL OMP,O2,46484160.881228,46.484161,0.046484,83492,0.004668,0.360006,0.364674,0,10,1,1,64,32,8192,8192,41746,83492,8,5,1.000000,0,0
ELL OMP,O2,22241919.385929,22.241919,0.022242,83492,0.005890,0.362505,0.368395,0,10,1,1,128,32,8192,8192,41746,83492,8,5,1.000000,0,0
