Name,-O,FLOPS,MFLOPS,GFLOPS,FOP Count,Avg Run Time (s),Format Time (s),Total Time (s),Verification,Iters,Block Row,Block Col,K-Bound,Threads,Rows,Cols,NNZ,NNZ*2,Max Cols,Avg Cols,Col Ratio,Variance,Std Deviation
CSR THREADS,O2,297840849.913484,297.840850,0.297841,83492,0.000790,0.405788,0.406577,0,5,1,1,16,16,8192,8192,41746,83492,8,5,1.000000,0,0
CSR THREADS,O2,121198476.879205,121.198477,0.121198,83492,0.000743,0.412546,0.413289,0,5,1,1,64,8,8192,8192,41746,83492,8,5,1.000000,0,0
CSR THREADS,O2,75097301.412272,75.097301,0.075097,83492,0.001572,0.414804,0.416376,0,5,1,1,128,16,8192,8192,41746,83492,8,5,1.000000,0,0
