Name,-O,FLOPS,MFLOPS,GFLOPS,FOP Count,Avg Run Time (s),Format Time (s),Total Time (s),Verification,Iters,Block Row,Block Col,K-Bound,Threads,Rows,Cols,NNZ,NNZ*2,Max Cols,Avg Cols,Col Ratio,Variance,Std Deviation
COO OMP Transpose,O2,1683682.544936,1.683683,0.001684,83492,0.054563,0.184033,0.238596,0,10,1,1,16,8,8192,8192,41746,83492,8,5,1.000000,0,0
COO OMP Transpose,O2,1675629.802009,1.675630,0.001676,83492,0.052731,0.178801,0.231533,0,10,1,1,64,8,8192,8192,41746,83492,8,5,1.000000,0,0
COO OMP Transpose,O2,1658386.068966,1.658386,0.001658,83492,0.052302,0.102755,0.155057,0,10,1,1,128,8,8192,8192,41746,83492,8,5,1.000000,0,0
COO OMP Transpose,O2,3138562.819999,3.138563,0.003139,83492,0.030509,0.122768,0.153277,0,10,1,1,16,16,8192,8192,41746,83492,8,5,1.000000,0,0
COO OMP Transpose,O2,3155008.406977,3.155008,0.003155,83492,0.029674,0.107113,0.136788,0,10,1,1,64,16,8192,8192,41746,83492,8,5,1.000000,0,0
COO OMP Transpose,O2,3130968.483537,3.130968,0.003131,83492,0.028390,0.110103,0.138493,0,10,1,1,128,16,8192,8192,41746,83492,8,5,1.000000,0,0
COO OMP Transpose,O2,5582447.016503,5.582447,0.005582,83492,0.019436,0.108807,0.128243,0,10,1,1,16,32,8192,8192,41746,83492,8,5,1.000000,0,0
COO OMP Transpose,O2,5571348.001451,5.571348,0.005571,83492,0.017706,0.120676,0.138382,0,10,1,1,64,32,8192,8192,41746,83492,8,5,1.000000,0,0
COO OMP Transpose,O2,5648658.800507,5.648659,0.005649,83492,0.016677,0.109824,0.126501,0,10,1,1,128,32,8192,8192,41746,83492,8,5,1.000000,0,0
