Name,-O,FLOPS,MFLOPS,GFLOPS,FOP Count,Avg Run Time (s),Format Time (s),Total Time (s),Verification,Iters,Block Row,Block Col,K-Bound,Threads,Rows,Cols,NNZ,NNZ*2,Max Cols,Avg Cols,Col Ratio,Variance,Std Deviation
COO GPU,O2,1324200825.488472,1324.200825,1.324201,83492,0.004805,0.187181,0.191986,0,10,1,1,16,-1,8192,8192,41746,83492,8,5,1.000000,0,0
COO GPU,O2,487219702.843591,487.219703,0.487220,83492,0.002441,0.120043,0.122484,0,10,1,1,64,-1,8192,8192,41746,83492,8,5,1.000000,0,0
COO GPU,O2,344554112.943997,344.554113,0.344554,83492,0.001682,0.102819,0.104501,0,10,1,1,128,-1,8192,8192,41746,83492,8,5,1.000000,0,0
