Name,-O,FLOPS,MFLOPS,GFLOPS,FOP Count,Avg Run Time (s),Format Time (s),Total Time (s),Verification,Iters,Block Row,Block Col,K-Bound,Threads,Rows,Cols,NNZ,NNZ*2,Max Cols,Avg Cols,Col Ratio,Variance,Std Deviation
CSR Serial,O2,227783147.520200,227.783148,0.227783,28787634,0.126429,29.369216,29.495644,0,10,1,1,16,-1,72000,72000,14393817,28787634,481,199,2.000000,6652,81
CSR Serial,O2,94280032.837639,94.280033,0.094280,28787634,0.305344,28.978776,29.284120,0,10,1,1,64,-1,72000,72000,14393817,28787634,481,199,2.000000,6652,81
CSR Serial,O2,57754702.682620,57.754703,0.057755,28787634,0.498452,29.541382,30.039833,0,10,1,1,128,-1,72000,72000,14393817,28787634,481,199,2.000000,6652,81
