Name,-O,FLOPS,MFLOPS,GFLOPS,FOP Count,Avg Run Time (s),Format Time (s),Total Time (s),Verification,Iters,Block Row,Block Col,K-Bound,Threads,Rows,Cols,NNZ,NNZ*2,Max Cols,Avg Cols,Col Ratio,Variance,Std Deviation
CSR OMP,O2,489330262.665585,489.330263,0.489330,28787634,0.066838,63.202342,63.269180,0,10,1,1,16,8,72000,72000,14393817,28787634,481,199,2.000000,6652,81
CSR OMP,O2,267641007.811284,267.641008,0.267641,28787634,0.112690,63.113354,63.226044,0,10,1,1,64,8,72000,72000,14393817,28787634,481,199,2.000000,6652,81
CSR OMP,O2,200353713.895263,200.353714,0.200354,28787634,0.147471,63.187269,63.334740,0,10,1,1,128,8,72000,72000,14393817,28787634,481,199,2.000000,6652,81
CSR OMP,O2,829676480.158949,829.676480,0.829676,28787634,0.040511,63.163451,63.203962,0,10,1,1,16,16,72000,72000,14393817,28787634,481,199,2.000000,6652,81
CSR OMP,O2,430847552.770258,430.847553,0.430848,28787634,0.070573,63.213820,63.284393,0,10,1,1,64,16,72000,72000,14393817,28787634,481,199,2.000000,6652,81
CSR OMP,O2,297946247.030301,297.946247,0.297946,28787634,0.102428,63.179537,63.281965,0,10,1,1,128,16,72000,72000,14393817,28787634,481,199,2.000000,6652,81
CSR OMP,O2,1148006304.067001,1148.006304,1.148006,28787634,0.043987,61.149386,61.193373,0,10,1,1,16,32,72000,72000,14393817,28787634,481,199,2.000000,6652,81
CSR OMP,O2,654282732.969526,654.282733,0.654283,28787634,0.051317,64.324250,64.375567,0,10,1,1,64,32,72000,72000,14393817,28787634,481,199,2.000000,6652,81
CSR OMP,O2,483833457.771441,483.833458,0.483833,28787634,0.067367,63.365430,63.432797,0,10,1,1,128,32,72000,72000,14393817,28787634,481,199,2.000000,6652,81
