Name,-O,FLOPS,MFLOPS,GFLOPS,FOP Count,Avg Run Time (s),Format Time (s),Total Time (s),Verification,Iters,Block Row,Block Col,K-Bound,Threads,Rows,Cols,NNZ,NNZ*2,Max Cols,Avg Cols,Col Ratio,Variance,Std Deviation
ELL THREADS,O2,1174114146.471294,1174.114146,1.174114,28787634,0.034413,32.386967,32.421380,0,5,1,1,16,64,72000,72000,14393817,28787634,481,199,2.000000,6652,81
ELL THREADS,O2,561648428.687362,561.648429,0.561648,28787634,0.054585,32.075366,32.129951,0,5,1,1,64,48,72000,72000,14393817,28787634,481,199,2.000000,6652,81
ELL THREADS,O2,391748448.999635,391.748449,0.391748,28787634,0.075907,31.858240,31.934146,0,5,1,1,128,64,72000,72000,14393817,28787634,481,199,2.000000,6652,81
