Name,-O,FLOPS,MFLOPS,GFLOPS,FOP Count,Avg Run Time (s),Format Time (s),Total Time (s),Verification,Iters,Block Row,Block Col,K-Bound,Threads,Rows,Cols,NNZ,NNZ*2,Max Cols,Avg Cols,Col Ratio,Variance,Std Deviation
COO GPU Transpose,O2,18815782.123794,18.815782,0.018816,28787634,1.530164,10.533986,12.064150,0,10,1,1,16,-1,72000,72000,14393817,28787634,481,199,2.000000,6652,81
COO GPU Transpose,O2,18092482.669630,18.092483,0.018092,28787634,1.591499,10.606421,12.197920,0,10,1,1,64,-1,72000,72000,14393817,28787634,481,199,2.000000,6652,81
COO GPU Transpose,O2,17209162.907536,17.209163,0.017209,28787634,1.673383,10.624884,12.298267,0,10,1,1,128,-1,72000,72000,14393817,28787634,481,199,2.000000,6652,81
