Name,-O,FLOPS,MFLOPS,GFLOPS,FOP Count,Avg Run Time (s),Format Time (s),Total Time (s),Verification,Iters,Block Row,Block Col,K-Bound,Threads,Rows,Cols,NNZ,NNZ*2,Max Cols,Avg Cols,Col Ratio,Variance,Std Deviation
CSR OMP,O2,320758793.448208,320.758793,0.320759,28787634,0.090084,10.397387,10.487472,0,10,1,1,16,8,72000,72000,14393817,28787634,481,199,2.000000,6652,81
CSR OMP,O2,188433886.531854,188.433887,0.188434,28787634,0.153231,10.575450,10.728681,0,10,1,1,64,8,72000,72000,14393817,28787634,481,199,2.000000,6652,81
CSR OMP,O2,127616799.195393,127.616799,0.127617,28787634,0.226511,10.495073,10.721584,0,10,1,1,128,8,72000,72000,14393817,28787634,481,199,2.000000,6652,81
CSR OMP,O2,447186546.744697,447.186547,0.447187,28787634,0.065290,10.564446,10.629736,0,10,1,1,16,16,72000,72000,14393817,28787634,481,199,2.000000,6652,81
CSR OMP,O2,261131027.279193,261.131027,0.261131,28787634,0.110653,10.575913,10.686566,0,10,1,1,64,16,72000,72000,14393817,28787634,481,199,2.000000,6652,81
CSR OMP,O2,195469970.826718,195.469971,0.195470,28787634,0.147988,10.564095,10.712082,0,10,1,1,128,16,72000,72000,14393817,28787634,481,199,2.000000,6652,81
CSR OMP,O2,554551282.273720,554.551282,0.554551,28787634,0.053340,10.563613,10.616953,0,10,1,1,16,32,72000,72000,14393817,28787634,481,199,2.000000,6652,81
CSR OMP,O2,355794961.144427,355.794961,0.355795,28787634,0.081679,10.598093,10.679772,0,10,1,1,64,32,72000,72000,14393817,28787634,481,199,2.000000,6652,81
CSR OMP,O2,250468753.360114,250.468753,0.250469,28787634,0.115847,10.581823,10.697670,0,10,1,1,128,32,72000,72000,14393817,28787634,481,199,2.000000,6652,81
