Name,-O,FLOPS,MFLOPS,GFLOPS,FOP Count,Avg Run Time (s),Format Time (s),Total Time (s),Verification,Iters,Block Row,Block Col,K-Bound,Threads,Rows,Cols,NNZ,NNZ*2,Max Cols,Avg Cols,Col Ratio,Variance,Std Deviation
ELL THREADS,O2,441853038.652961,441.853039,0.441853,28787634,0.066790,12.612304,12.679094,0,5,1,1,16,72,72000,72000,14393817,28787634,481,199,2.000000,6652,81
ELL THREADS,O2,307137154.813738,307.137155,0.307137,28787634,0.096315,12.740357,12.836672,0,5,1,1,64,72,72000,72000,14393817,28787634,481,199,2.000000,6652,81
ELL THREADS,O2,225527903.637763,225.527904,0.225528,28787634,0.128710,12.714840,12.843550,0,5,1,1,128,64,72000,72000,14393817,28787634,481,199,2.000000,6652,81
