Name,-O,FLOPS,MFLOPS,GFLOPS,FOP Count,Avg Run Time (s),Format Time (s),Total Time (s),Verification,Iters,Block Row,Block Col,K-Bound,Threads,Rows,Cols,NNZ,NNZ*2,Max Cols,Avg Cols,Col Ratio,Variance,Std Deviation
COO Serial,O2,235687060.958252,235.687061,0.235687,28787634,0.122235,29.155901,29.278136,0,10,1,1,16,-1,72000,72000,14393817,28787634,481,199,2.000000,6652,81
COO Serial,O2,95695977.483567,95.695977,0.095696,28787634,0.300825,28.934974,29.235799,0,10,1,1,64,-1,72000,72000,14393817,28787634,481,199,2.000000,6652,81
COO Serial,O2,59780929.157166,59.780929,0.059781,28787634,0.481553,28.919598,29.401151,0,10,1,1,128,-1,72000,72000,14393817,28787634,481,199,2.000000,6652,81
