Name,-O,FLOPS,MFLOPS,GFLOPS,FOP Count,Avg Run Time (s),Format Time (s),Total Time (s),Verification,Iters,Block Row,Block Col,K-Bound,Threads,Rows,Cols,NNZ,NNZ*2,Max Cols,Avg Cols,Col Ratio,Variance,Std Deviation
CSR OMP,O2,275132046.478800,275.132046,0.275132,4381182,0.024983,14.802008,14.826991,0,10,1,1,16,8,36417,36417,2190591,4381182,184,60,3.000000,753,27
CSR OMP,O2,207559625.025337,207.559625,0.207560,4381182,0.022730,15.056119,15.078849,0,10,1,1,64,8,36417,36417,2190591,4381182,184,60,3.000000,753,27
CSR OMP,O2,182821259.519329,182.821260,0.182821,4381182,0.024369,15.725599,15.749968,0,10,1,1,128,8,36417,36417,2190591,4381182,184,60,3.000000,753,27
CSR OMP,O2,633246907.789911,633.246908,0.633247,4381182,0.008531,15.641680,15.650211,0,10,1,1,16,16,36417,36417,2190591,4381182,184,60,3.000000,753,27
CSR OMP,O2,298963561.722961,298.963562,0.298964,4381182,0.016049,15.752396,15.768445,0,10,1,1,64,16,36417,36417,2190591,4381182,184,60,3.000000,753,27
CSR OMP,O2,242642431.266835,242.642431,0.242642,4381182,0.019802,15.722901,15.742703,0,10,1,1,128,16,36417,36417,2190591,4381182,184,60,3.000000,753,27
CSR OMP,O2,534626729.802903,534.626730,0.534627,4381182,0.015224,15.315048,15.330272,0,10,1,1,16,32,36417,36417,2190591,4381182,184,60,3.000000,753,27
CSR OMP,O2,291430010.462403,291.430010,0.291430,4381182,0.017720,15.689831,15.707551,0,10,1,1,64,32,36417,36417,2190591,4381182,184,60,3.000000,753,27
CSR OMP,O2,209368149.698107,209.368150,0.209368,4381182,0.023205,15.689125,15.712330,0,10,1,1,128,32,36417,36417,2190591,4381182,184,60,3.000000,753,27
