Name,-O,FLOPS,MFLOPS,GFLOPS,FOP Count,Avg Run Time (s),Format Time (s),Total Time (s),Verification,Iters,Block Row,Block Col,K-Bound,Threads,Rows,Cols,NNZ,NNZ*2,Max Cols,Avg Cols,Col Ratio,Variance,Std Deviation
CSR OMP Transpose,O2,2883954.082305,2.883954,0.002884,4381182,1.519386,2.416294,3.935681,0,10,1,1,16,8,36417,36417,2190591,4381182,184,60,3.000000,753,27
CSR OMP Transpose,O2,2716908.386320,2.716908,0.002717,4381182,1.613290,2.439661,4.052951,0,10,1,1,64,8,36417,36417,2190591,4381182,184,60,3.000000,753,27
CSR OMP Transpose,O2,2653494.510166,2.653495,0.002653,4381182,1.651268,2.414616,4.065884,0,10,1,1,128,8,36417,36417,2190591,4381182,184,60,3.000000,753,27
CSR OMP Transpose,O2,5427386.146061,5.427386,0.005427,4381182,0.807421,2.428355,3.235776,0,10,1,1,16,16,36417,36417,2190591,4381182,184,60,3.000000,753,27
CSR OMP Transpose,O2,5250764.547052,5.250765,0.005251,4381182,0.834655,2.426603,3.261257,0,10,1,1,64,16,36417,36417,2190591,4381182,184,60,3.000000,753,27
CSR OMP Transpose,O2,5301551.664300,5.301552,0.005302,4381182,0.827417,2.405215,3.232632,0,10,1,1,128,16,36417,36417,2190591,4381182,184,60,3.000000,753,27
CSR OMP Transpose,O2,10945225.252061,10.945225,0.010945,4381182,0.403072,2.410873,2.813945,0,10,1,1,16,32,36417,36417,2190591,4381182,184,60,3.000000,753,27
CSR OMP Transpose,O2,10076316.185320,10.076316,0.010076,4381182,0.436434,2.406961,2.843395,0,10,1,1,64,32,36417,36417,2190591,4381182,184,60,3.000000,753,27
CSR OMP Transpose,O2,9827229.262833,9.827229,0.009827,4381182,0.448223,2.431657,2.879880,0,10,1,1,128,32,36417,36417,2190591,4381182,184,60,3.000000,753,27
