Name,-O,FLOPS,MFLOPS,GFLOPS,FOP Count,Avg Run Time (s),Format Time (s),Total Time (s),Verification,Iters,Block Row,Block Col,K-Bound,Threads,Rows,Cols,NNZ,NNZ*2,Max Cols,Avg Cols,Col Ratio,Variance,Std Deviation
ELL Serial Transpose,O2,892407.760347,0.892408,0.000892,4381182,4.909396,2.633648,7.543044,0,10,1,1,16,-1,36417,36417,2190591,4381182,184,60,3.000000,753,27
ELL Serial Transpose,O2,822652.780115,0.822653,0.000823,4381182,5.325702,2.661122,7.986824,0,10,1,1,64,-1,36417,36417,2190591,4381182,184,60,3.000000,753,27
ELL Serial Transpose,O2,818696.296670,0.818696,0.000819,4381182,5.351419,2.636916,7.988334,0,10,1,1,128,-1,36417,36417,2190591,4381182,184,60,3.000000,753,27
