Name,-O,FLOPS,MFLOPS,GFLOPS,FOP Count,Avg Run Time (s),Format Time (s),Total Time (s),Verification,Iters,Block Row,Block Col,K-Bound,Threads,Rows,Cols,NNZ,NNZ*2,Max Cols,Avg Cols,Col Ratio,Variance,Std Deviation
CSR THREADS,O2,733175549.948095,733.175550,0.733176,4381182,0.010928,7.130510,7.141438,0,5,1,1,16,8,36417,36417,2190591,4381182,184,60,3.000000,753,27
CSR THREADS,O2,500916337.005652,500.916337,0.500916,4381182,0.010660,7.161261,7.171921,0,5,1,1,64,72,36417,36417,2190591,4381182,184,60,3.000000,753,27
CSR THREADS,O2,399095367.604702,399.095368,0.399095,4381182,0.021794,7.179281,7.201075,0,5,1,1,128,48,36417,36417,2190591,4381182,184,60,3.000000,753,27
