Name,-O,FLOPS,MFLOPS,GFLOPS,FOP Count,Avg Run Time (s),Format Time (s),Total Time (s),Verification,Iters,Block Row,Block Col,K-Bound,Threads,Rows,Cols,NNZ,NNZ*2,Max Cols,Avg Cols,Col Ratio,Variance,Std Deviation
ELL GPU,O2,6132465735.451232,6132.465735,6.132466,4381182,0.009133,2.661032,2.670165,0,10,1,1,16,-1,36417,36417,2190591,4381182,184,60,3.000000,753,27
ELL GPU,O2,840707553.283222,840.707553,0.840708,4381182,0.023246,2.650812,2.674059,0,10,1,1,64,-1,36417,36417,2190591,4381182,184,60,3.000000,753,27
ELL GPU,O2,595949142.950642,595.949143,0.595949,4381182,0.021897,2.672748,2.694645,0,10,1,1,128,-1,36417,36417,2190591,4381182,184,60,3.000000,753,27
