Name,-O,FLOPS,MFLOPS,GFLOPS,FOP Count,Avg Run Time (s),Format Time (s),Total Time (s),Verification,Iters,Block Row,Block Col,K-Bound,Threads,Rows,Cols,NNZ,NNZ*2,Max Cols,Avg Cols,Col Ratio,Variance,Std Deviation
ELL Serial,O2,87936348.595942,87.936349,0.087936,4381182,0.049861,7.222369,7.272230,0,10,1,1,16,-1,36417,36417,2190591,4381182,184,60,3.000000,753,27
ELL Serial,O2,38480211.853457,38.480212,0.038480,4381182,0.113884,7.238700,7.352584,0,10,1,1,64,-1,36417,36417,2190591,4381182,184,60,3.000000,753,27
ELL Serial,O2,23929619.518550,23.929620,0.023930,4381182,0.183099,7.218408,7.401507,0,10,1,1,128,-1,36417,36417,2190591,4381182,184,60,3.000000,753,27
