Name,-O,FLOPS,MFLOPS,GFLOPS,FOP Count,Avg Run Time (s),Format Time (s),Total Time (s),Verification,Iters,Block Row,Block Col,K-Bound,Threads,Rows,Cols,NNZ,NNZ*2,Max Cols,Avg Cols,Col Ratio,Variance,Std Deviation
CSR THREADS,O2,11417862677.163170,11417.862677,11.417863,4381182,0.004745,2.245433,2.250178,0,5,1,1,16,72,36417,36417,2190591,4381182,184,60,3.000000,753,27
CSR THREADS,O2,3207194417.136000,3207.194417,3.207194,4381182,0.005158,2.338358,2.343517,0,5,1,1,64,64,36417,36417,2190591,4381182,184,60,3.000000,753,27
CSR THREADS,O2,1698591110.681512,1698.591111,1.698591,4381182,0.007379,2.345167,2.352546,0,5,1,1,128,72,36417,36417,2190591,4381182,184,60,3.000000,753,27
