Name,-O,FLOPS,MFLOPS,GFLOPS,FOP Count,Avg Run Time (s),Format Time (s),Total Time (s),Verification,Iters,Block Row,Block Col,K-Bound,Threads,Rows,Cols,NNZ,NNZ*2,Max Cols,Avg Cols,Col Ratio,Variance,Std Deviation
CSR Serial,O2,267128752.733618,267.128753,0.267129,4381182,0.016408,2.327512,2.343920,0,10,1,1,16,-1,36417,36417,2190591,4381182,184,60,3.000000,753,27
CSR Serial,O2,100085036.180473,100.085036,0.100085,4381182,0.043784,2.352250,2.396034,0,10,1,1,64,-1,36417,36417,2190591,4381182,184,60,3.000000,753,27
CSR Serial,O2,43884052.537552,43.884053,0.043884,4381182,0.099845,2.341775,2.441620,0,10,1,1,128,-1,36417,36417,2190591,4381182,184,60,3.000000,753,27
