Name,-O,FLOPS,MFLOPS,GFLOPS,FOP Count,Avg Run Time (s),Format Time (s),Total Time (s),Verification,Iters,Block Row,Block Col,K-Bound,Threads,Rows,Cols,NNZ,NNZ*2,Max Cols,Avg Cols,Col Ratio,Variance,Std Deviation
COO OMP,O2,1867009762.296819,1867.009762,1.867010,4381182,0.008465,2.320901,2.329366,0,10,1,1,16,8,36417,36417,2190591,4381182,184,60,3.000000,753,27
COO OMP,O2,452458559.843693,452.458560,0.452459,4381182,0.024840,2.308020,2.332860,0,10,1,1,64,8,36417,36417,2190591,4381182,184,60,3.000000,753,27
COO OMP,O2,74133802.941145,74.133803,0.074134,4381182,0.065956,2.298084,2.364040,0,10,1,1,128,8,36417,36417,2190591,4381182,184,60,3.000000,753,27
COO OMP,O2,3109723854.810744,3109.723855,3.109724,4381182,0.007657,2.310565,2.318222,0,10,1,1,16,16,36417,36417,2190591,4381182,184,60,3.000000,753,27
COO OMP,O2,1000434911.039584,1000.434911,1.000435,4381182,0.015564,2.299855,2.315419,0,10,1,1,64,16,36417,36417,2190591,4381182,184,60,3.000000,753,27
COO OMP,O2,549407632.924468,549.407633,0.549408,4381182,0.017753,2.292584,2.310336,0,10,1,1,128,16,36417,36417,2190591,4381182,184,60,3.000000,753,27
COO OMP,O2,7175754109.721189,7175.754110,7.175754,4381182,0.006445,2.300725,2.307170,0,10,1,1,16,32,36417,36417,2190591,4381182,184,60,3.000000,753,27
COO OMP,O2,1979416087.663641,1979.416088,1.979416,4381182,0.009989,2.341072,2.351061,0,10,1,1,64,32,36417,36417,2190591,4381182,184,60,3.000000,753,27
COO OMP,O2,661086499.959609,661.086500,0.661086,4381182,0.020490,2.347548,2.368038,0,10,1,1,128,32,36417,36417,2190591,4381182,184,60,3.000000,753,27
