Name,-O,FLOPS,MFLOPS,GFLOPS,FOP Count,Avg Run Time (s),Format Time (s),Total Time (s),Verification,Iters,Block Row,Block Col,K-Bound,Threads,Rows,Cols,NNZ,NNZ*2,Max Cols,Avg Cols,Col Ratio,Variance,Std Deviation
CSR Serial,O2,134634489.232926,134.634489,0.134634,4748002,0.035266,23.784004,23.819270,0,10,1,1,16,-1,46835,46835,2374001,4748002,145,50,2.000000,772,27
CSR Serial,O2,73862351.411726,73.862351,0.073862,4748002,0.064322,23.736792,23.801114,0,10,1,1,64,-1,46835,46835,2374001,4748002,145,50,2.000000,772,27
CSR Serial,O2,47476073.639170,47.476074,0.047476,4748002,0.100060,23.784109,23.884168,0,10,1,1,128,-1,46835,46835,2374001,4748002,145,50,2.000000,772,27
