Name,-O,FLOPS,MFLOPS,GFLOPS,FOP Count,Avg Run Time (s),Format Time (s),Total Time (s),Verification,Iters,Block Row,Block Col,K-Bound,Threads,Rows,Cols,NNZ,NNZ*2,Max Cols,Avg Cols,Col Ratio,Variance,Std Deviation
COO OMP,O2,675804497.152049,675.804497,0.675804,4748002,0.011954,3.314673,3.326627,0,10,1,1,16,8,46835,46835,2374001,4748002,145,50,2.000000,772,27
COO OMP,O2,265687597.379104,265.687597,0.265688,4748002,0.024825,3.315627,3.340452,0,10,1,1,64,8,46835,46835,2374001,4748002,145,50,2.000000,772,27
COO OMP,O2,86601651.591709,86.601652,0.086602,4748002,0.060749,3.326851,3.387600,0,10,1,1,128,8,46835,46835,2374001,4748002,145,50,2.000000,772,27
COO OMP,O2,1365152987.182231,1365.152987,1.365153,4748002,0.008927,3.372000,3.380927,0,10,1,1,16,16,46835,46835,2374001,4748002,145,50,2.000000,772,27
COO OMP,O2,474009579.196969,474.009579,0.474010,4748002,0.016618,3.321833,3.338451,0,10,1,1,64,16,46835,46835,2374001,4748002,145,50,2.000000,772,27
COO OMP,O2,205023318.017567,205.023318,0.205023,4748002,0.033076,3.315941,3.349016,0,10,1,1,128,16,46835,46835,2374001,4748002,145,50,2.000000,772,27
COO OMP,O2,324380591.567010,324.380592,0.324381,4748002,0.018421,3.330553,3.348974,0,10,1,1,16,32,46835,46835,2374001,4748002,145,50,2.000000,772,27
COO OMP,O2,225985431.987034,225.985432,0.225985,4748002,0.026721,3.322737,3.349458,0,10,1,1,64,32,46835,46835,2374001,4748002,145,50,2.000000,772,27
COO OMP,O2,130178118.083172,130.178118,0.130178,4748002,0.041170,3.289843,3.331013,0,10,1,1,128,32,46835,46835,2374001,4748002,145,50,2.000000,772,27
