Name,-O,FLOPS,MFLOPS,GFLOPS,FOP Count,Avg Run Time (s),Format Time (s),Total Time (s),Verification,Iters,Block Row,Block Col,K-Bound,Threads,Rows,Cols,NNZ,NNZ*2,Max Cols,Avg Cols,Col Ratio,Variance,Std Deviation
CSR Serial Transpose,O2,835459.249586,0.835459,0.000835,4748002,5.683106,10.894927,16.578033,0,10,1,1,16,-1,46835,46835,2374001,4748002,145,50,2.000000,772,27
CSR Serial Transpose,O2,820664.716720,0.820665,0.000821,4748002,5.785557,10.905535,16.691092,0,10,1,1,64,-1,46835,46835,2374001,4748002,145,50,2.000000,772,27
CSR Serial Transpose,O2,804849.566813,0.804850,0.000805,4748002,5.899244,10.927829,16.827073,0,10,1,1,128,-1,46835,46835,2374001,4748002,145,50,2.000000,772,27
