Name,-O,FLOPS,MFLOPS,GFLOPS,FOP Count,Avg Run Time (s),Format Time (s),Total Time (s),Verification,Iters,Block Row,Block Col,K-Bound,Threads,Rows,Cols,NNZ,NNZ*2,Max Cols,Avg Cols,Col Ratio,Variance,Std Deviation
CSR OMP Transpose,O2,1666183.245727,1.666183,0.001666,4748002,2.850146,3.484536,6.334682,0,10,1,1,16,8,46835,46835,2374001,4748002,145,50,2.000000,772,27
CSR OMP Transpose,O2,1608342.562123,1.608343,0.001608,4748002,2.953192,3.485011,6.438203,0,10,1,1,64,8,46835,46835,2374001,4748002,145,50,2.000000,772,27
CSR OMP Transpose,O2,1575704.838091,1.575705,0.001576,4748002,3.013358,3.503847,6.517205,0,10,1,1,128,8,46835,46835,2374001,4748002,145,50,2.000000,772,27
CSR OMP Transpose,O2,3179795.315013,3.179795,0.003180,4748002,1.493345,3.481239,4.974584,0,10,1,1,16,16,46835,46835,2374001,4748002,145,50,2.000000,772,27
CSR OMP Transpose,O2,3002466.958143,3.002467,0.003002,4748002,1.582149,3.505215,5.087364,0,10,1,1,64,16,46835,46835,2374001,4748002,145,50,2.000000,772,27
CSR OMP Transpose,O2,2880513.633052,2.880514,0.002881,4748002,1.648745,3.510402,5.159148,0,10,1,1,128,16,46835,46835,2374001,4748002,145,50,2.000000,772,27
CSR OMP Transpose,O2,5621942.571858,5.621943,0.005622,4748002,0.845028,3.506675,4.351703,0,10,1,1,16,32,46835,46835,2374001,4748002,145,50,2.000000,772,27
CSR OMP Transpose,O2,5758357.651004,5.758358,0.005758,4748002,0.826428,3.498340,4.324768,0,10,1,1,64,32,46835,46835,2374001,4748002,145,50,2.000000,772,27
CSR OMP Transpose,O2,5496145.543175,5.496146,0.005496,4748002,0.864174,3.478911,4.343085,0,10,1,1,128,32,46835,46835,2374001,4748002,145,50,2.000000,772,27
