Name,-O,FLOPS,MFLOPS,GFLOPS,FOP Count,Avg Run Time (s),Format Time (s),Total Time (s),Verification,Iters,Block Row,Block Col,K-Bound,Threads,Rows,Cols,NNZ,NNZ*2,Max Cols,Avg Cols,Col Ratio,Variance,Std Deviation
BCSR GPU Transpose,O2,454596.608201,0.454597,0.000455,4748002,10.518074,3.652104,14.170178,6112,10,2,2,16,-1,46835,46835,2374001,4748002,145,50,2.000000,772,27
BCSR GPU Transpose,O2,450718.317949,0.450718,0.000451,4748002,10.560952,3.701445,14.262398,6112,10,4,4,16,-1,46835,46835,2374001,4748002,145,50,2.000000,772,27
BCSR GPU Transpose,O2,452402.203480,0.452402,0.000452,4748002,10.509567,3.774126,14.283693,6112,10,16,16,16,-1,46835,46835,2374001,4748002,145,50,2.000000,772,27
BCSR GPU Transpose,O2,476471.160493,0.476471,0.000476,4748002,9.980009,3.646101,13.626110,24448,10,2,2,64,-1,46835,46835,2374001,4748002,145,50,2.000000,772,27
BCSR GPU Transpose,O2,454413.220226,0.454413,0.000454,4748002,10.488622,3.651010,14.139632,24448,10,4,4,64,-1,46835,46835,2374001,4748002,145,50,2.000000,772,27
BCSR GPU Transpose,O2,411973.520482,0.411974,0.000412,4748002,11.537045,3.747850,15.284895,24448,10,16,16,64,-1,46835,46835,2374001,4748002,145,50,2.000000,772,27
BCSR GPU Transpose,O2,460223.299328,0.460223,0.000460,4748002,10.351503,3.618425,13.969927,48896,10,2,2,128,-1,46835,46835,2374001,4748002,145,50,2.000000,772,27
BCSR GPU Transpose,O2,456207.220627,0.456207,0.000456,4748002,10.414294,3.684837,14.099131,48896,10,4,4,128,-1,46835,46835,2374001,4748002,145,50,2.000000,772,27
BCSR GPU Transpose,O2,419528.479616,0.419528,0.000420,4748002,11.336353,3.794733,15.131086,48896,10,16,16,128,-1,46835,46835,2374001,4748002,145,50,2.000000,772,27
