Name,-O,FLOPS,MFLOPS,GFLOPS,FOP Count,Avg Run Time (s),Format Time (s),Total Time (s),Verification,Iters,Block Row,Block Col,K-Bound,Threads,Rows,Cols,NNZ,NNZ*2,Max Cols,Avg Cols,Col Ratio,Variance,Std Deviation
CSR Serial,O2,181020366.893959,181.020367,0.181020,4748002,0.026254,10.866012,10.892266,0,10,1,1,16,-1,46835,46835,2374001,4748002,145,50,2.000000,772,27
CSR Serial,O2,92428140.669212,92.428141,0.092428,4748002,0.051394,10.863735,10.915129,0,10,1,1,64,-1,46835,46835,2374001,4748002,145,50,2.000000,772,27
CSR Serial,O2,62924410.154770,62.924410,0.062924,4748002,0.075464,10.851848,10.927312,0,10,1,1,128,-1,46835,46835,2374001,4748002,145,50,2.000000,772,27
