Name,-O,FLOPS,MFLOPS,GFLOPS,FOP Count,Avg Run Time (s),Format Time (s),Total Time (s),Verification,Iters,Block Row,Block Col,K-Bound,Threads,Rows,Cols,NNZ,NNZ*2,Max Cols,Avg Cols,Col Ratio,Variance,Std Deviation
CSR THREADS,O2,976278345.642634,976.278346,0.976278,4748002,0.008217,3.323874,3.332091,0,5,1,1,16,72,46835,46835,2374001,4748002,145,50,2.000000,772,27
CSR THREADS,O2,374705969.967048,374.705970,0.374706,4748002,0.018193,3.369796,3.387989,0,5,1,1,64,72,46835,46835,2374001,4748002,145,50,2.000000,772,27
CSR THREADS,O2,157872129.820019,157.872130,0.157872,4748002,0.032770,3.377554,3.410324,0,5,1,1,128,72,46835,46835,2374001,4748002,145,50,2.000000,772,27
