Name,-O,FLOPS,MFLOPS,GFLOPS,FOP Count,Avg Run Time (s),Format Time (s),Total Time (s),Verification,Iters,Block Row,Block Col,K-Bound,Threads,Rows,Cols,NNZ,NNZ*2,Max Cols,Avg Cols,Col Ratio,Variance,Std Deviation
BCSR THREADS,O2,55108918.988071,55.108919,0.055109,409600,0.008550,8.134101,8.142651,0,5,2,2,16,72,81920,81920,204800,409600,4,2,2.000000,0,0
BCSR THREADS,O2,37294107.689647,37.294108,0.037294,409600,0.011433,7.926968,7.938401,0,5,4,4,16,72,81920,81920,204800,409600,4,2,2.000000,0,0
BCSR THREADS,O2,15882297.292540,15.882297,0.015882,409600,0.026465,8.063808,8.090273,0,5,16,16,16,48,81920,81920,204800,409600,4,2,2.000000,0,0
BCSR THREADS,O2,29772098.641250,29.772099,0.029772,409600,0.014589,7.959661,7.974250,0,5,2,2,64,72,81920,81920,204800,409600,4,2,2.000000,0,0
BCSR THREADS,O2,24065280.510170,24.065281,0.024065,409600,0.017639,8.007045,8.024684,0,5,4,4,64,72,81920,81920,204800,409600,4,2,2.000000,0,0
BCSR THREADS,O2,11559150.265211,11.559150,0.011559,409600,0.036199,7.895626,7.931825,0,5,16,16,64,72,81920,81920,204800,409600,4,2,2.000000,0,0
BCSR THREADS,O2,21296235.213615,21.296235,0.021296,409600,0.019765,7.839290,7.859056,0,5,2,2,128,64,81920,81920,204800,409600,4,2,2.000000,0,0
BCSR THREADS,O2,15842986.527637,15.842987,0.015843,409600,0.026960,7.905367,7.932327,0,5,4,4,128,72,81920,81920,204800,409600,4,2,2.000000,0,0
BCSR THREADS,O2,9754644.764797,9.754645,0.009755,409600,0.043545,7.998744,8.042289,0,5,16,16,128,72,81920,81920,204800,409600,4,2,2.000000,0,0
