Name,-O,FLOPS,MFLOPS,GFLOPS,FOP Count,Avg Run Time (s),Format Time (s),Total Time (s),Verification,Iters,Block Row,Block Col,K-Bound,Threads,Rows,Cols,NNZ,NNZ*2,Max Cols,Avg Cols,Col Ratio,Variance,Std Deviation
COO GPU Transpose,O2,174898.056645,0.174898,0.000175,409600,2.342273,7.873701,10.215974,0,10,1,1,16,-1,81920,81920,204800,409600,4,2,2.000000,0,0
COO GPU Transpose,O2,177837.250177,0.177837,0.000178,409600,2.303455,7.925876,10.229331,0,10,1,1,64,-1,81920,81920,204800,409600,4,2,2.000000,0,0
COO GPU Transpose,O2,171504.772395,0.171505,0.000172,409600,2.388691,7.923482,10.312173,0,10,1,1,128,-1,81920,81920,204800,409600,4,2,2.000000,0,0
