Name,-O,FLOPS,MFLOPS,GFLOPS,FOP Count,Avg Run Time (s),Format Time (s),Total Time (s),Verification,Iters,Block Row,Block Col,K-Bound,Threads,Rows,Cols,NNZ,NNZ*2,Max Cols,Avg Cols,Col Ratio,Variance,Std Deviation
BCSR Serial Transpose,O2,7646.509685,0.007647,0.000008,409600,53.937355,31.961678,85.899033,0,10,2,2,16,-1,81920,81920,204800,409600,4,2,2.000000,0,0
BCSR Serial Transpose,O2,7195.440877,0.007195,0.000007,409600,57.704138,31.777015,89.481153,0,10,4,4,16,-1,81920,81920,204800,409600,4,2,2.000000,0,0
BCSR Serial Transpose,O2,8771.828028,0.008772,0.000009,409600,46.868754,31.867458,78.736212,0,10,16,16,16,-1,81920,81920,204800,409600,4,2,2.000000,0,0
BCSR Serial Transpose,O2,7751.532553,0.007752,0.000008,409600,53.123949,31.976708,85.100657,0,10,2,2,64,-1,81920,81920,204800,409600,4,2,2.000000,0,0
BCSR Serial Transpose,O2,6893.516853,0.006894,0.000007,409600,60.003301,31.730085,91.733386,0,10,4,4,64,-1,81920,81920,204800,409600,4,2,2.000000,0,0
BCSR Serial Transpose,O2,7987.264181,0.007987,0.000008,409600,51.436394,31.878348,83.314742,0,10,16,16,64,-1,81920,81920,204800,409600,4,2,2.000000,0,0
BCSR Serial Transpose,O2,7128.409230,0.007128,0.000007,409600,58.184414,31.938575,90.122989,0,10,2,2,128,-1,81920,81920,204800,409600,4,2,2.000000,0,0
BCSR Serial Transpose,O2,6757.741359,0.006758,0.000007,409600,60.939547,31.797903,92.737451,0,10,4,4,128,-1,81920,81920,204800,409600,4,2,2.000000,0,0
BCSR Serial Transpose,O2,6635.668256,0.006636,0.000007,409600,62.185144,31.896552,94.081696,0,10,16,16,128,-1,81920,81920,204800,409600,4,2,2.000000,0,0
