Name,-O,FLOPS,MFLOPS,GFLOPS,FOP Count,Avg Run Time (s),Format Time (s),Total Time (s),Verification,Iters,Block Row,Block Col,K-Bound,Threads,Rows,Cols,NNZ,NNZ*2,Max Cols,Avg Cols,Col Ratio,Variance,Std Deviation
ELL Serial,O2,19039071.444407,19.039071,0.019039,409600,0.022416,31.480394,31.502810,0,10,1,1,16,-1,81920,81920,204800,409600,4,2,2.000000,0,0
ELL Serial,O2,11000576.809391,11.000577,0.011001,409600,0.043912,32.141769,32.185681,0,10,1,1,64,-1,81920,81920,204800,409600,4,2,2.000000,0,0
ELL Serial,O2,8126938.188679,8.126938,0.008127,409600,0.063518,31.675448,31.738966,0,10,1,1,128,-1,81920,81920,204800,409600,4,2,2.000000,0,0
