Name,-O,FLOPS,MFLOPS,GFLOPS,FOP Count,Avg Run Time (s),Format Time (s),Total Time (s),Verification,Iters,Block Row,Block Col,K-Bound,Threads,Rows,Cols,NNZ,NNZ*2,Max Cols,Avg Cols,Col Ratio,Variance,Std Deviation
COO Serial,O2,93416024.834091,93.416025,0.093416,17033000,0.213055,155.057539,155.270594,0,10,1,1,16,-1,116158,116158,8516500,17033000,3263,73,44.000000,176054,419
COO Serial,O2,34771507.697160,34.771508,0.034772,17033000,0.509502,159.297750,159.807252,0,10,1,1,64,-1,116158,116158,8516500,17033000,3263,73,44.000000,176054,419
COO Serial,O2,20720135.734789,20.720136,0.020720,17033000,0.847587,151.888720,152.736307,0,10,1,1,128,-1,116158,116158,8516500,17033000,3263,73,44.000000,176054,419
