Name,-O,FLOPS,MFLOPS,GFLOPS,FOP Count,Avg Run Time (s),Format Time (s),Total Time (s),Verification,Iters,Block Row,Block Col,K-Bound,Threads,Rows,Cols,NNZ,NNZ*2,Max Cols,Avg Cols,Col Ratio,Variance,Std Deviation
CSR Serial,O2,84959709.427775,84.959709,0.084960,17033000,0.228935,155.550991,155.779926,0,10,1,1,16,-1,116158,116158,8516500,17033000,3263,73,44.000000,176054,419
CSR Serial,O2,34966849.554196,34.966850,0.034967,17033000,0.509477,160.680610,161.190087,0,10,1,1,64,-1,116158,116158,8516500,17033000,3263,73,44.000000,176054,419
CSR Serial,O2,21683187.351710,21.683187,0.021683,17033000,0.790934,160.408511,161.199445,0,10,1,1,128,-1,116158,116158,8516500,17033000,3263,73,44.000000,176054,419
