Name,-O,FLOPS,MFLOPS,GFLOPS,FOP Count,Avg Run Time (s),Format Time (s),Total Time (s),Verification,Iters,Block Row,Block Col,K-Bound,Threads,Rows,Cols,NNZ,NNZ*2,Max Cols,Avg Cols,Col Ratio,Variance,Std Deviation
COO Serial,O2,123487884.497098,123.487884,0.123488,17033000,0.138662,75.858370,75.997032,0,10,1,1,16,-1,116158,116158,8516500,17033000,3263,73,44.000000,176054,419
COO Serial,O2,56115509.106641,56.115509,0.056116,17033000,0.303574,75.760689,76.064263,0,10,1,1,64,-1,116158,116158,8516500,17033000,3263,73,44.000000,176054,419
COO Serial,O2,33369623.338362,33.369623,0.033370,17033000,0.510532,77.428244,77.938776,0,10,1,1,128,-1,116158,116158,8516500,17033000,3263,73,44.000000,176054,419
