Name,-O,FLOPS,MFLOPS,GFLOPS,FOP Count,Avg Run Time (s),Format Time (s),Total Time (s),Verification,Iters,Block Row,Block Col,K-Bound,Threads,Rows,Cols,NNZ,NNZ*2,Max Cols,Avg Cols,Col Ratio,Variance,Std Deviation
COO Serial,O2,173671778.879478,173.671779,0.173672,17033000,0.098077,19.302196,19.400273,0,10,1,1,16,-1,116158,116158,8516500,17033000,3263,73,44.000000,176054,419
COO Serial,O2,46194074.016838,46.194074,0.046194,17033000,0.368728,18.599977,18.968705,0,10,1,1,64,-1,116158,116158,8516500,17033000,3263,73,44.000000,176054,419
COO Serial,O2,23313026.134129,23.313026,0.023313,17033000,0.730622,18.797202,19.527824,0,10,1,1,128,-1,116158,116158,8516500,17033000,3263,73,44.000000,176054,419
