Name,-O,FLOPS,MFLOPS,GFLOPS,FOP Count,Avg Run Time (s),Format Time (s),Total Time (s),Verification,Iters,Block Row,Block Col,K-Bound,Threads,Rows,Cols,NNZ,NNZ*2,Max Cols,Avg Cols,Col Ratio,Variance,Std Deviation
CSR OMP,O2,214807095.927734,214.807096,0.214807,17033000,0.080556,18.712431,18.792987,0,10,1,1,16,8,116158,116158,8516500,17033000,3263,73,44.000000,176054,419
CSR OMP,O2,107363347.123323,107.363347,0.107363,17033000,0.159380,18.704943,18.864323,0,10,1,1,64,8,116158,116158,8516500,17033000,3263,73,44.000000,176054,419
CSR OMP,O2,76044023.746289,76.044024,0.076044,17033000,0.224895,18.765855,18.990750,0,10,1,1,128,8,116158,116158,8516500,17033000,3263,73,44.000000,176054,419
CSR OMP,O2,262293611.110867,262.293611,0.262294,17033000,0.066118,18.789578,18.855696,0,10,1,1,16,16,116158,116158,8516500,17033000,3263,73,44.000000,176054,419
CSR OMP,O2,143107254.245102,143.107254,0.143107,17033000,0.119462,18.733852,18.853314,0,10,1,1,64,16,116158,116158,8516500,17033000,3263,73,44.000000,176054,419
CSR OMP,O2,94281235.566665,94.281236,0.094281,17033000,0.181580,18.468932,18.650511,0,10,1,1,128,16,116158,116158,8516500,17033000,3263,73,44.000000,176054,419
CSR OMP,O2,308911199.102495,308.911199,0.308911,17033000,0.058748,18.749084,18.807832,0,10,1,1,16,32,116158,116158,8516500,17033000,3263,73,44.000000,176054,419
CSR OMP,O2,128190248.726744,128.190249,0.128190,17033000,0.134885,18.743640,18.878525,0,10,1,1,64,32,116158,116158,8516500,17033000,3263,73,44.000000,176054,419
CSR OMP,O2,96903612.196293,96.903612,0.096904,17033000,0.178394,18.771127,18.949521,0,10,1,1,128,32,116158,116158,8516500,17033000,3263,73,44.000000,176054,419
