Name,-O,FLOPS,MFLOPS,GFLOPS,FOP Count,Avg Run Time (s),Format Time (s),Total Time (s),Verification,Iters,Block Row,Block Col,K-Bound,Threads,Rows,Cols,NNZ,NNZ*2,Max Cols,Avg Cols,Col Ratio,Variance,Std Deviation
ELL OMP,O2,31563780.524732,31.563781,0.031564,17033000,0.548496,22.091432,22.639929,0,10,1,1,16,8,116158,116158,8516500,17033000,3263,73,44.000000,176054,419
ELL OMP,O2,11517914.080203,11.517914,0.011518,17033000,1.504319,22.066449,23.570768,0,10,1,1,64,8,116158,116158,8516500,17033000,3263,73,44.000000,176054,419
ELL OMP,O2,8085243.035214,8.085243,0.008085,17033000,2.110753,22.290306,24.401059,0,10,1,1,128,8,116158,116158,8516500,17033000,3263,73,44.000000,176054,419
ELL OMP,O2,48715182.994999,48.715183,0.048715,17033000,0.351064,22.111652,22.462716,0,10,1,1,16,16,116158,116158,8516500,17033000,3263,73,44.000000,176054,419
ELL OMP,O2,21563238.145640,21.563238,0.021563,17033000,0.801413,22.131709,22.933123,0,10,1,1,64,16,116158,116158,8516500,17033000,3263,73,44.000000,176054,419
ELL OMP,O2,13965082.501749,13.965083,0.013965,17033000,1.221841,21.839443,23.061284,0,10,1,1,128,16,116158,116158,8516500,17033000,3263,73,44.000000,176054,419
ELL OMP,O2,71710974.922056,71.710975,0.071711,17033000,0.237920,22.254135,22.492055,0,10,1,1,16,32,116158,116158,8516500,17033000,3263,73,44.000000,176054,419
ELL OMP,O2,37842494.977684,37.842495,0.037842,17033000,0.451734,22.071675,22.523409,0,10,1,1,64,32,116158,116158,8516500,17033000,3263,73,44.000000,176054,419
ELL OMP,O2,23582908.565728,23.582909,0.023583,17033000,0.725733,21.950578,22.676311,0,10,1,1,128,32,116158,116158,8516500,17033000,3263,73,44.000000,176054,419
