Name,-O,FLOPS,MFLOPS,GFLOPS,FOP Count,Avg Run Time (s),Format Time (s),Total Time (s),Verification,Iters,Block Row,Block Col,K-Bound,Threads,Rows,Cols,NNZ,NNZ*2,Max Cols,Avg Cols,Col Ratio,Variance,Std Deviation
ELL Serial Transpose,O2,160650.167540,0.160650,0.000161,10276008,63.965131,16.318612,80.283743,0,10,1,1,16,-1,108384,108384,5138004,10276008,204,47,4.000000,313,17
ELL Serial Transpose,O2,152734.206075,0.152734,0.000153,10276008,67.280385,16.233755,83.514140,0,10,1,1,64,-1,108384,108384,5138004,10276008,204,47,4.000000,313,17
ELL Serial Transpose,O2,157107.124647,0.157107,0.000157,10276008,65.407665,16.512517,81.920182,0,10,1,1,128,-1,108384,108384,5138004,10276008,204,47,4.000000,313,17
