Name,-O,FLOPS,MFLOPS,GFLOPS,FOP Count,Avg Run Time (s),Format Time (s),Total Time (s),Verification,Iters,Block Row,Block Col,K-Bound,Threads,Rows,Cols,NNZ,NNZ*2,Max Cols,Avg Cols,Col Ratio,Variance,Std Deviation
BCSR THREADS,O2,327651476.040087,327.651476,0.327651,10276008,0.031975,15.926079,15.958054,224,5,2,2,16,72,108384,108384,5138004,10276008,204,47,4.000000,313,17
BCSR THREADS,O2,299277537.448651,299.277537,0.299278,10276008,0.035237,15.943096,15.978333,224,5,4,4,16,72,108384,108384,5138004,10276008,204,47,4.000000,313,17
BCSR THREADS,O2,201117274.641576,201.117275,0.201117,10276008,0.051488,16.153107,16.204595,224,5,16,16,16,64,108384,108384,5138004,10276008,204,47,4.000000,313,17
BCSR THREADS,O2,267286992.872707,267.286993,0.267287,10276008,0.038714,15.898481,15.937195,896,5,2,2,64,72,108384,108384,5138004,10276008,204,47,4.000000,313,17
BCSR THREADS,O2,215143858.863782,215.143859,0.215144,10276008,0.049379,15.943941,15.993320,896,5,4,4,64,72,108384,108384,5138004,10276008,204,47,4.000000,313,17
BCSR THREADS,O2,167393267.582202,167.393268,0.167393,10276008,0.061584,16.201100,16.262684,896,5,16,16,64,72,108384,108384,5138004,10276008,204,47,4.000000,313,17
BCSR THREADS,O2,201378495.569483,201.378496,0.201378,10276008,0.051631,15.968118,16.019749,1792,5,2,2,128,72,108384,108384,5138004,10276008,204,47,4.000000,313,17
BCSR THREADS,O2,176939999.412801,176.939999,0.176940,10276008,0.058968,16.056195,16.115163,1792,5,4,4,128,72,108384,108384,5138004,10276008,204,47,4.000000,313,17
BCSR THREADS,O2,118519548.120145,118.519548,0.118520,10276008,0.087695,16.268460,16.356155,1792,5,16,16,128,72,108384,108384,5138004,10276008,204,47,4.000000,313,17
