Name,-O,FLOPS,MFLOPS,GFLOPS,FOP Count,Avg Run Time (s),Format Time (s),Total Time (s),Verification,Iters,Block Row,Block Col,K-Bound,Threads,Rows,Cols,NNZ,NNZ*2,Max Cols,Avg Cols,Col Ratio,Variance,Std Deviation
ELL THREADS,O2,562210174.874212,562.210175,0.562210,10276008,0.018287,65.985536,66.003823,0,5,1,1,16,32,108384,108384,5138004,10276008,204,47,4.000000,313,17
ELL THREADS,O2,438653490.582456,438.653491,0.438653,10276008,0.024958,61.505652,61.530610,0,5,1,1,64,72,108384,108384,5138004,10276008,204,47,4.000000,313,17
ELL THREADS,O2,230079252.871723,230.079253,0.230079,10276008,0.045946,66.162207,66.208153,0,5,1,1,128,48,108384,108384,5138004,10276008,204,47,4.000000,313,17
