Name,-O,FLOPS,MFLOPS,GFLOPS,FOP Count,Avg Run Time (s),Format Time (s),Total Time (s),Verification,Iters,Block Row,Block Col,K-Bound,Threads,Rows,Cols,NNZ,NNZ*2,Max Cols,Avg Cols,Col Ratio,Variance,Std Deviation
CSR Serial Transpose,O2,154753.695820,0.154754,0.000155,10276008,66.402351,15.570356,81.972707,0,10,1,1,16,-1,108384,108384,5138004,10276008,204,47,4.000000,313,17
CSR Serial Transpose,O2,158426.499094,0.158426,0.000158,10276008,64.862950,15.564594,80.427544,0,10,1,1,64,-1,108384,108384,5138004,10276008,204,47,4.000000,313,17
CSR Serial Transpose,O2,152728.483246,0.152728,0.000153,10276008,67.282932,15.592201,82.875133,0,10,1,1,128,-1,108384,108384,5138004,10276008,204,47,4.000000,313,17
