Name,-O,FLOPS,MFLOPS,GFLOPS,FOP Count,Avg Run Time (s),Format Time (s),Total Time (s),Verification,Iters,Block Row,Block Col,K-Bound,Threads,Rows,Cols,NNZ,NNZ*2,Max Cols,Avg Cols,Col Ratio,Variance,Std Deviation
CSR GPU,O2,323888540.601916,323.888541,0.323889,10276008,0.035850,15.552424,15.588274,0,10,1,1,16,-1,108384,108384,5138004,10276008,204,47,4.000000,313,17
CSR GPU,O2,241148999.938834,241.149000,0.241149,10276008,0.046154,15.975200,16.021354,0,10,1,1,64,-1,108384,108384,5138004,10276008,204,47,4.000000,313,17
CSR GPU,O2,177723882.455719,177.723882,0.177724,10276008,0.061519,15.778137,15.839655,0,10,1,1,128,-1,108384,108384,5138004,10276008,204,47,4.000000,313,17
