Name,-O,FLOPS,MFLOPS,GFLOPS,FOP Count,Avg Run Time (s),Format Time (s),Total Time (s),Verification,Iters,Block Row,Block Col,K-Bound,Threads,Rows,Cols,NNZ,NNZ*2,Max Cols,Avg Cols,Col Ratio,Variance,Std Deviation
COO Serial,O2,243556054.138996,243.556054,0.243556,10276008,0.042196,15.290742,15.332938,0,10,1,1,16,-1,108384,108384,5138004,10276008,204,47,4.000000,313,17
COO Serial,O2,78054488.333224,78.054488,0.078054,10276008,0.131674,15.652861,15.784535,0,10,1,1,64,-1,108384,108384,5138004,10276008,204,47,4.000000,313,17
COO Serial,O2,40314170.725377,40.314171,0.040314,10276008,0.254918,15.249518,15.504436,0,10,1,1,128,-1,108384,108384,5138004,10276008,204,47,4.000000,313,17
