Name,-O,FLOPS,MFLOPS,GFLOPS,FOP Count,Avg Run Time (s),Format Time (s),Total Time (s),Verification,Iters,Block Row,Block Col,K-Bound,Threads,Rows,Cols,NNZ,NNZ*2,Max Cols,Avg Cols,Col Ratio,Variance,Std Deviation
CSR THREADS,O2,779453571.133577,779.453571,0.779454,10276008,0.017179,62.815651,62.832830,0,5,1,1,16,48,108384,108384,5138004,10276008,204,47,4.000000,313,17
CSR THREADS,O2,676525576.258315,676.525576,0.676526,10276008,0.015322,62.866219,62.881541,0,5,1,1,64,72,108384,108384,5138004,10276008,204,47,4.000000,313,17
CSR THREADS,O2,440925703.897213,440.925704,0.440926,10276008,0.029983,61.766653,61.796636,0,5,1,1,128,72,108384,108384,5138004,10276008,204,47,4.000000,313,17
