Name,Avg Run Time (s),Format Time (s),Total Time (s),GFLOPS,Verification,Iters,Block Row,Block Col,Threads,FOP Count,Rows,Cols,NNZ,Max Cols,Avg Cols,Variance,Std Deviation
csr_serial,1.025870,1.378322,2.404192,4.702774,0,1,1,1,-1,4824433776,10974,10974,219812,108,20,79,8
bcsr_serial 1 x 1,0.439023,8.850355,9.289378,10.989022,0,1,1,1,-1,4824433776,10974,10974,219812,108,20,79,8
bcsr_serial 2 x 2,0.510070,8.889364,9.399434,11.264920,0,1,2,2,-1,5745898608,10974,10974,219812,108,20,79,8
bcsr_serial 4 x 4,0.715126,9.445919,10.161045,11.836450,0,1,4,4,-1,8464553472,10974,10974,219812,108,20,79,8
bcsr_serial 8 x 8,1.090259,8.967117,10.057376,12.359467,0,1,8,8,-1,13475018496,10974,10974,219812,108,20,79,8
bcsr_serial 16 x 16,1.862266,8.827617,10.689883,12.750367,0,1,16,16,-1,23744575488,10974,10974,219812,108,20,79,8
bcsr_serial 32 x 32,3.360012,8.786718,12.146730,13.016581,0,1,32,32,-1,43735867392,10974,10974,219812,108,20,79,8
