Name,Avg Run Time (s),Format Time (s),Total Time (s),GFLOPS,Verification,Iters,Block Row,Block Col,Threads,FOP Count,Rows,Cols,NNZ,Max Cols,Avg Cols,Variance,Std Deviation
csr_serial,0.003916,0.023587,0.027503,4.284246,3072,1,1,1,-1,16777216,1024,1024,8192,8,8,0,0
bcsr_serial 1 x 1,0.002332,0.097595,0.099927,7.173355,28672,1,1,1,-1,16728064,1024,1024,8192,8,8,0,0
bcsr_serial 2 x 2,0.005030,0.068472,0.073502,13.170934,28672,1,2,2,-1,66248704,1024,1024,8192,8,8,0,0
bcsr_serial 4 x 4,0.024800,0.106817,0.131617,10.210906,28672,1,4,4,-1,253231104,1024,1024,8192,8,8,0,0
bcsr_serial 8 x 8,0.054861,0.083980,0.138841,15.441156,28672,1,8,8,-1,847118336,1024,1024,8192,8,8,0,0
bcsr_serial 16 x 16,0.153353,0.133996,0.287349,12.283862,28672,1,16,16,-1,1883766784,1024,1024,8192,8,8,0,0
bcsr_serial 32 x 32,0.137914,0.086868,0.224782,15.571186,28672,1,32,32,-1,2147483648,1024,1024,8192,8,8,0,0
