Name,Avg Run Time (s),Format Time (s),Total Time (s),Verification,Iters,Block Row,Block Col,Threads,Rows,Cols,NNZ,Max Cols,Avg Cols
csr_serial,0.007255,0.016355,0.023610,0,100,1,1,-1,1024,1024,16384,0,0
bcsr_serial 1 x 1,0.008796,0.043962,0.052758,121856,100,1,1,-1,1024,1024,16384,0,0
bcsr_serial 2 x 2,0.035623,0.047155,0.082778,121856,100,2,2,-1,1024,1024,16384,0,0
bcsr_serial 4 x 4,0.118182,0.053226,0.171408,121856,100,4,4,-1,1024,1024,16384,0,0
bcsr_serial 8 x 8,0.338582,0.063257,0.401839,121856,100,8,8,-1,1024,1024,16384,0,0
bcsr_serial 16 x 16,0.525741,0.063070,0.588811,121856,100,16,16,-1,1024,1024,16384,0,0
bcsr_serial 32 x 32,0.554078,0.053003,0.607081,121856,100,32,32,-1,1024,1024,16384,0,0
