Name,Avg Run Time (s),Format Time (s),Total Time (s),Verification,Iters,Block Row,Block Col,Threads,Rows,Cols,NNZ,Max Cols,Avg Cols
csr_serial,0.005431,0.025025,0.030456,0,100,1,1,-1,1024,1024,16384,0,0
bcsr_serial 1 x 1,0.002992,0.076697,0.079689,120832,100,1,1,-1,1024,1024,16384,0,0
bcsr_serial 2 x 2,0.011039,0.071869,0.082908,120832,100,2,2,-1,1024,1024,16384,0,0
bcsr_serial 4 x 4,0.037762,0.078227,0.115989,120832,100,4,4,-1,1024,1024,16384,0,0
bcsr_serial 8 x 8,0.107630,0.098728,0.206358,120832,100,8,8,-1,1024,1024,16384,0,0
bcsr_serial 16 x 16,0.167225,0.089190,0.256415,120832,100,16,16,-1,1024,1024,16384,0,0
bcsr_serial 32 x 32,0.170160,0.087588,0.257748,120832,100,32,32,-1,1024,1024,16384,0,0
