Name,Avg Run Time (s),Format Time (s),Total Time (s),GFLOPS,Verification,Iters,Block Row,Block Col,K-Bound,Threads,FOP Count,Rows,Cols,NNZ,Max Cols,Avg Cols,Variance,Std Deviation
coo_transpose_omp_O2,2.035417,1.464753,3.500170,0.003514,0,10,1,1,16,8,7033984,10974,10974,219812,108,20,79,8
coo_transpose_omp_collapse_O2,2.067993,1.556121,3.624114,0.003449,0,10,1,1,16,8,7033984,10974,10974,219812,108,20,79,8
coo_transpose_omp_omp_O2,0.133551,1.551827,1.685378,0.052919,0,10,1,1,16,8,7033984,10974,10974,219812,108,20,79,8
coo_transpose_omp_O2,2.081192,1.503504,3.584696,0.003426,0,10,1,1,16,16,7033984,10974,10974,219812,108,20,79,8
coo_transpose_omp_collapse_O2,2.015261,1.520956,3.536217,0.003495,0,10,1,1,16,16,7033984,10974,10974,219812,108,20,79,8
coo_transpose_omp_omp_O2,0.187618,1.453145,1.640763,0.037634,0,10,1,1,16,16,7033984,10974,10974,219812,108,20,79,8
coo_transpose_omp_O2,2.088710,1.445077,3.533787,0.003419,0,10,1,1,16,32,7033984,10974,10974,219812,108,20,79,8
coo_transpose_omp_collapse_O2,2.075623,1.576920,3.652543,0.003436,0,10,1,1,16,32,7033984,10974,10974,219812,108,20,79,8
coo_transpose_omp_omp_O2,0.164491,1.564496,1.728986,0.043373,0,10,1,1,16,32,7033984,10974,10974,219812,108,20,79,8
