Name,Avg Run Time (s),Format Time (s),Total Time (s),GFLOPS,Verification,Iters,Block Row,Block Col,K-Bound,Threads,FOP Count,Rows,Cols,NNZ,Max Cols,Avg Cols,Variance,Std Deviation
ell_omp_O2,0.005909,1.548246,1.554155,5371.692692,0,10,1,1,16,8,26012594016,10974,10974,219812,108,20,79,8
ell_omp_collapse_O2,0.011344,1.454482,1.465826,3450.366918,0,10,1,1,16,8,26012594016,10974,10974,219812,108,20,79,8
ell_omp_O2,0.003502,1.456928,1.460430,10327.482041,0,10,1,1,16,16,26012594016,10974,10974,219812,108,20,79,8
ell_omp_collapse_O2,0.004641,1.420754,1.425395,7405.793107,0,10,1,1,16,16,26012594016,10974,10974,219812,108,20,79,8
ell_omp_O2,0.003456,1.424317,1.427773,13492.388464,0,10,1,1,16,32,26012594016,10974,10974,219812,108,20,79,8
ell_omp_collapse_O2,0.005212,1.452460,1.457672,10438.920393,0,10,1,1,16,32,26012594016,10974,10974,219812,108,20,79,8
