Name,Avg Run Time (s),Format Time (s),Total Time (s),GFLOPS,Verification,Iters,Block Row,Block Col,K-Bound,Threads,FOP Count,Rows,Cols,NNZ,Max Cols,Avg Cols,Variance,Std Deviation
coo_omp_O2,0.007272,0.304767,0.312039,96.083088,0,10,1,1,16,8,7033984,10974,10974,219812,108,20,79,8
coo_omp_collapse_O2,0.002871,0.201860,0.204731,95.399309,0,10,1,1,16,8,7033984,10974,10974,219812,108,20,79,8
coo_omp_O2,0.002967,0.203937,0.206904,99.602723,0,10,1,1,16,16,7033984,10974,10974,219812,108,20,79,8
coo_omp_collapse_O2,0.001313,0.204155,0.205468,95.137927,0,10,1,1,16,16,7033984,10974,10974,219812,108,20,79,8
coo_omp_O2,0.001648,0.202553,0.204201,97.001409,0,10,1,1,16,32,7033984,10974,10974,219812,108,20,79,8
coo_omp_collapse_O2,0.001728,0.202355,0.204084,99.979868,0,10,1,1,16,32,7033984,10974,10974,219812,108,20,79,8
