Name,Avg Run Time (s),Format Time (s),Total Time (s),GFLOPS,Verification,Iters,Block Row,Block Col,K-Bound,Threads,FOP Count,Rows,Cols,NNZ,Max Cols,Avg Cols,Variance,Std Deviation
ell_omp_O2,0.005484,0.326439,0.331923,15125.173083,0,10,1,1,16,8,26012594016,10974,10974,219812,108,20,79,8
ell_omp_collapse_O2,0.004620,0.332758,0.337378,12893.179015,0,10,1,1,16,8,26012594016,10974,10974,219812,108,20,79,8
ell_omp_O2,0.004149,0.242218,0.246367,20346.357177,0,10,1,1,16,16,26012594016,10974,10974,219812,108,20,79,8
ell_omp_collapse_O2,0.003444,0.248999,0.252443,21323.606975,0,10,1,1,16,16,26012594016,10974,10974,219812,108,20,79,8
ell_omp_O2,0.003330,0.254060,0.257390,35788.081978,0,10,1,1,16,32,26012594016,10974,10974,219812,108,20,79,8
ell_omp_collapse_O2,0.002656,0.327794,0.330450,36151.882850,0,10,1,1,16,32,26012594016,10974,10974,219812,108,20,79,8
