Name,Avg Run Time (s),Format Time (s),Total Time (s),GFLOPS,Verification,Iters,Block Row,Block Col,K-Bound,Threads,FOP Count,Rows,Cols,NNZ,Max Cols,Avg Cols,Variance,Std Deviation
csr_omp_O2,0.002169,0.294490,0.296659,11163.961825,0,10,1,1,16,8,4824433776,10974,10974,219812,108,20,79,8
csr_omp_collapse_O2,0.854864,0.289563,1.144427,5.651017,0,10,1,1,16,8,4824433776,10974,10974,219812,108,20,79,8
csr_omp_O2,0.002103,0.306275,0.308378,11699.216799,0,10,1,1,16,16,4824433776,10974,10974,219812,108,20,79,8
csr_omp_collapse_O2,0.432000,0.206744,0.638744,11.245079,0,10,1,1,16,16,4824433776,10974,10974,219812,108,20,79,8
csr_omp_O2,0.001233,0.206274,0.207507,23884.852677,0,10,1,1,16,32,4824433776,10974,10974,219812,108,20,79,8
csr_omp_collapse_O2,0.222792,0.206065,0.428857,22.029999,0,10,1,1,16,32,4824433776,10974,10974,219812,108,20,79,8
