Name,Avg Run Time (s),Format Time (s),Total Time (s),GFLOPS,Verification,Iters,Block Row,Block Col,K-Bound,Threads,FOP Count,Rows,Cols,NNZ,Max Cols,Avg Cols,Variance,Std Deviation
csr_transpose_omp_O2,17.211843,42.473787,59.685630,15.306892,0,10,1,1,16,8,254165203134,62451,62451,2034917,40,32,54,7
csr_transpose_omp_collapse_O2,148.861192,42.949336,191.810528,1.707750,0,10,1,1,16,8,254165203134,62451,62451,2034917,40,32,54,7
csr_transpose_omp_omp_O2,16.728634,42.964211,59.692845,15.558599,0,10,1,1,16,8,254165203134,62451,62451,2034917,40,32,54,7
csr_transpose_omp_O2,11.920963,42.988490,54.909453,21.539353,0,10,1,1,16,16,254165203134,62451,62451,2034917,40,32,54,7
csr_transpose_omp_collapse_O2,78.636943,41.485311,120.122254,3.233142,0,10,1,1,16,16,254165203134,62451,62451,2034917,40,32,54,7
csr_transpose_omp_omp_O2,12.517284,42.860067,55.377351,20.757158,0,10,1,1,16,16,254165203134,62451,62451,2034917,40,32,54,7
csr_transpose_omp_O2,8.836316,42.804998,51.641314,28.972358,0,10,1,1,16,32,254165203134,62451,62451,2034917,40,32,54,7
csr_transpose_omp_collapse_O2,44.341312,41.495274,85.836586,5.736631,0,10,1,1,16,32,254165203134,62451,62451,2034917,40,32,54,7
csr_transpose_omp_omp_O2,8.690614,43.068190,51.758804,29.771693,0,10,1,1,16,32,254165203134,62451,62451,2034917,40,32,54,7
