Name,Avg Run Time (s),Format Time (s),Total Time (s),GFLOPS,Verification,Iters,Block Row,Block Col,K-Bound,Threads,FOP Count,Rows,Cols,NNZ,Max Cols,Avg Cols,Variance,Std Deviation
coo_omp_O3,0.006715,42.233499,42.240214,12.877745,0,10,1,1,16,8,65117344,62451,62451,2034917,40,32,54,7
coo_omp_collapse_O3,0.005927,41.153150,41.159077,13.358451,0,10,1,1,16,8,65117344,62451,62451,2034917,40,32,54,7
coo_omp_O3,0.007953,41.241859,41.249812,11.655131,0,10,1,1,16,16,65117344,62451,62451,2034917,40,32,54,7
coo_omp_collapse_O3,0.006688,41.221912,41.228600,12.650394,0,10,1,1,16,16,65117344,62451,62451,2034917,40,32,54,7
coo_omp_O3,0.008684,41.159074,41.167758,11.699542,0,10,1,1,16,32,65117344,62451,62451,2034917,40,32,54,7
coo_omp_collapse_O3,0.006717,41.103073,41.109790,11.957968,0,10,1,1,16,32,65117344,62451,62451,2034917,40,32,54,7
