Name,Avg Run Time (s),Format Time (s),Total Time (s),GFLOPS,Verification,Iters,Block Row,Block Col,K-Bound,Threads,FOP Count,Rows,Cols,NNZ,Max Cols,Avg Cols,Variance,Std Deviation
coo_transpose_omp_O2,41.796543,5.309423,47.105966,0.001558,0,10,1,1,16,8,65117344,62451,62451,2034917,40,32,54,7
coo_transpose_omp_collapse_O2,42.980456,5.510754,48.491210,0.001515,0,10,1,1,16,8,65117344,62451,62451,2034917,40,32,54,7
coo_transpose_omp_omp_O2,5.142779,5.574945,10.717724,0.012664,0,10,1,1,16,8,65117344,62451,62451,2034917,40,32,54,7
coo_transpose_omp_O2,41.959398,5.570170,47.529568,0.001552,0,10,1,1,16,16,65117344,62451,62451,2034917,40,32,54,7
coo_transpose_omp_collapse_O2,42.071764,5.572016,47.643780,0.001548,0,10,1,1,16,16,65117344,62451,62451,2034917,40,32,54,7
coo_transpose_omp_omp_O2,5.151131,5.602387,10.753518,0.012642,0,10,1,1,16,16,65117344,62451,62451,2034917,40,32,54,7
coo_transpose_omp_O2,42.006599,5.623594,47.630193,0.001550,0,10,1,1,16,32,65117344,62451,62451,2034917,40,32,54,7
coo_transpose_omp_collapse_O2,42.164741,5.566771,47.731512,0.001545,0,10,1,1,16,32,65117344,62451,62451,2034917,40,32,54,7
coo_transpose_omp_omp_O2,5.151134,5.606948,10.758082,0.012642,0,10,1,1,16,32,65117344,62451,62451,2034917,40,32,54,7
