Name,Avg Run Time (s),Format Time (s),Total Time (s),GFLOPS,Verification,Iters,Block Row,Block Col,K-Bound,Threads,FOP Count,Rows,Cols,NNZ,Max Cols,Avg Cols,Variance,Std Deviation
csr_omp_O3,0.017995,41.023656,41.041651,14691.717977,0,10,1,1,16,8,254165203134,62451,62451,2034917,40,32,54,7
csr_omp_collapse_O3,121.573304,41.094111,162.667415,2.090634,0,10,1,1,16,8,254165203134,62451,62451,2034917,40,32,54,7
csr_omp_O3,0.011521,40.826316,40.837837,23139.059223,0,10,1,1,16,16,254165203134,62451,62451,2034917,40,32,54,7
csr_omp_collapse_O3,61.568075,43.244541,104.812616,4.128201,0,10,1,1,16,16,254165203134,62451,62451,2034917,40,32,54,7
csr_omp_O3,0.017654,41.553384,41.571037,29325.925479,0,10,1,1,16,32,254165203134,62451,62451,2034917,40,32,54,7
csr_omp_collapse_O3,32.497127,43.266781,75.763908,7.821514,0,10,1,1,16,32,254165203134,62451,62451,2034917,40,32,54,7
