Name,Avg Run Time (s),Format Time (s),Total Time (s),GFLOPS,Verification,Iters,Block Row,Block Col,K-Bound,Threads,FOP Count,Rows,Cols,NNZ,Max Cols,Avg Cols,Variance,Std Deviation
csr_omp_O2,0.033587,5.126728,5.160315,7640.154162,0,10,1,1,16,8,254165203134,62451,62451,2034917,40,32,54,7
csr_omp_collapse_O2,48.949355,5.307642,54.256997,5.192415,0,10,1,1,16,8,254165203134,62451,62451,2034917,40,32,54,7
csr_omp_O2,0.025943,5.324307,5.350250,10262.786144,0,10,1,1,16,16,254165203134,62451,62451,2034917,40,32,54,7
csr_omp_collapse_O2,24.576058,5.323726,29.899784,10.342003,0,10,1,1,16,16,254165203134,62451,62451,2034917,40,32,54,7
csr_omp_O2,0.024980,5.322220,5.347200,10929.985616,0,10,1,1,16,32,254165203134,62451,62451,2034917,40,32,54,7
csr_omp_collapse_O2,12.457132,5.330743,17.787876,20.403662,0,10,1,1,16,32,254165203134,62451,62451,2034917,40,32,54,7
