Name,Avg Run Time (s),Format Time (s),Total Time (s),GFLOPS,Verification,Iters,Block Row,Block Col,K-Bound,Threads,FOP Count,Rows,Cols,NNZ,Max Cols,Avg Cols,Variance,Std Deviation
coo_transpose_omp_O2,80.603307,41.319455,121.922762,0.000814,0,10,1,1,16,8,65117344,62451,62451,2034917,40,32,54,7
coo_transpose_omp_collapse_O2,79.154262,43.196817,122.351079,0.000826,0,10,1,1,16,8,65117344,62451,62451,2034917,40,32,54,7
coo_transpose_omp_omp_O2,8.069136,42.965201,51.034337,0.008160,0,10,1,1,16,8,65117344,62451,62451,2034917,40,32,54,7
coo_transpose_omp_O2,78.857284,43.540194,122.397478,0.000828,0,10,1,1,16,16,65117344,62451,62451,2034917,40,32,54,7
coo_transpose_omp_collapse_O2,80.057889,43.317118,123.375007,0.000819,0,10,1,1,16,16,65117344,62451,62451,2034917,40,32,54,7
coo_transpose_omp_omp_O2,8.183758,43.401556,51.585314,0.008089,0,10,1,1,16,16,65117344,62451,62451,2034917,40,32,54,7
coo_transpose_omp_O2,80.224847,41.902869,122.127716,0.000816,0,10,1,1,16,32,65117344,62451,62451,2034917,40,32,54,7
coo_transpose_omp_collapse_O2,78.592497,42.621035,121.213532,0.000830,0,10,1,1,16,32,65117344,62451,62451,2034917,40,32,54,7
coo_transpose_omp_omp_O2,8.166771,43.151581,51.318352,0.008054,0,10,1,1,16,32,65117344,62451,62451,2034917,40,32,54,7
