Name,Avg Run Time (s),Format Time (s),Total Time (s),GFLOPS,Verification,Iters,Block Row,Block Col,K-Bound,Threads,FOP Count,Rows,Cols,NNZ,Max Cols,Avg Cols,Variance,Std Deviation
coo_omp_O2,0.034870,152.567242,152.602111,4.626998,0,10,1,1,16,8,43586784,121192,121192,1362087,24,11,45,6
coo_omp_collapse_O2,0.035676,163.685727,163.721403,4.885043,0,10,1,1,16,8,43586784,121192,121192,1362087,24,11,45,6
coo_omp_O2,0.031231,164.714351,164.745582,4.597804,0,10,1,1,16,16,43586784,121192,121192,1362087,24,11,45,6
coo_omp_collapse_O2,0.028594,165.404717,165.433311,4.363685,0,10,1,1,16,16,43586784,121192,121192,1362087,24,11,45,6
coo_omp_O2,0.012612,164.690588,164.703200,4.493699,0,10,1,1,16,32,43586784,121192,121192,1362087,24,11,45,6
coo_omp_collapse_O2,0.052039,165.022191,165.074230,2.752263,0,10,1,1,16,32,43586784,121192,121192,1362087,24,11,45,6
