Name,Avg Run Time (s),Format Time (s),Total Time (s),GFLOPS,Verification,Iters,Block Row,Block Col,K-Bound,Threads,FOP Count,Rows,Cols,NNZ,Max Cols,Avg Cols,Variance,Std Deviation
coo_omp_O3,0.028719,17.351182,17.379901,2.005155,0,10,1,1,16,8,43586784,121192,121192,1362087,24,11,45,6
coo_omp_collapse_O3,0.026702,17.551599,17.578301,2.149279,0,10,1,1,16,8,43586784,121192,121192,1362087,24,11,45,6
coo_omp_O3,0.023318,17.511192,17.534510,2.309164,0,10,1,1,16,16,43586784,121192,121192,1362087,24,11,45,6
coo_omp_collapse_O3,0.025378,17.419146,17.444524,2.172660,0,10,1,1,16,16,43586784,121192,121192,1362087,24,11,45,6
coo_omp_O3,0.027249,17.566504,17.593753,1.907233,0,10,1,1,16,32,43586784,121192,121192,1362087,24,11,45,6
coo_omp_collapse_O3,0.025284,17.510799,17.536083,2.065906,0,10,1,1,16,32,43586784,121192,121192,1362087,24,11,45,6
