Name,Avg Run Time (s),Format Time (s),Total Time (s),GFLOPS,Verification,Iters,Block Row,Block Col,K-Bound,Threads,FOP Count,Rows,Cols,NNZ,Max Cols,Avg Cols,Variance,Std Deviation
csr_omp_O2,0.069785,173.701784,173.771569,6065.126451,0,10,1,1,16,8,330148095408,121192,121192,1362087,24,11,45,6
csr_omp_collapse_O2,168.183938,165.893453,334.077391,1.963027,0,10,1,1,16,8,330148095408,121192,121192,1362087,24,11,45,6
csr_omp_O2,0.052208,164.682800,164.735008,12505.234412,0,10,1,1,16,16,330148095408,121192,121192,1362087,24,11,45,6
csr_omp_collapse_O2,84.827477,164.619945,249.447422,3.891998,0,10,1,1,16,16,330148095408,121192,121192,1362087,24,11,45,6
csr_omp_O2,0.069989,164.584040,164.654029,14180.009251,0,10,1,1,16,32,330148095408,121192,121192,1362087,24,11,45,6
csr_omp_collapse_O2,44.886297,174.037221,218.923518,7.355432,0,10,1,1,16,32,330148095408,121192,121192,1362087,24,11,45,6
