Name,Avg Run Time (s),Format Time (s),Total Time (s),GFLOPS,Verification,Iters,Block Row,Block Col,K-Bound,Threads,FOP Count,Rows,Cols,NNZ,Max Cols,Avg Cols,Variance,Std Deviation
csr_omp_O3,0.048774,17.595932,17.644706,6929.833546,0,10,1,1,16,8,330148095408,121192,121192,1362087,24,11,45,6
csr_omp_collapse_O3,63.870098,17.558497,81.428595,5.169143,0,10,1,1,16,8,330148095408,121192,121192,1362087,24,11,45,6
csr_omp_O3,0.037569,17.575536,17.613105,8995.522807,0,10,1,1,16,16,330148095408,121192,121192,1362087,24,11,45,6
csr_omp_collapse_O3,31.945678,17.621228,49.566906,10.334682,0,10,1,1,16,16,330148095408,121192,121192,1362087,24,11,45,6
csr_omp_O3,0.027219,17.611517,17.638737,13003.840544,0,10,1,1,16,32,330148095408,121192,121192,1362087,24,11,45,6
csr_omp_collapse_O3,16.152519,17.590079,33.742598,20.439684,0,10,1,1,16,32,330148095408,121192,121192,1362087,24,11,45,6
