Name,Avg Run Time (s),Format Time (s),Total Time (s),GFLOPS,Verification,Iters,Block Row,Block Col,K-Bound,Threads,FOP Count,Rows,Cols,NNZ,Max Cols,Avg Cols,Variance,Std Deviation
csr_omp_O3,0.059825,178.107705,178.167529,7019.433250,0,10,1,1,16,8,330148095408,121192,121192,1362087,24,11,45,6
csr_omp_collapse_O3,158.245042,159.437861,317.682903,2.086317,0,10,1,1,16,8,330148095408,121192,121192,1362087,24,11,45,6
csr_omp_O3,0.025841,173.373997,173.399838,13605.004943,0,10,1,1,16,16,330148095408,121192,121192,1362087,24,11,45,6
csr_omp_collapse_O3,79.931269,167.753827,247.685096,4.130405,0,10,1,1,16,16,330148095408,121192,121192,1362087,24,11,45,6
csr_omp_O3,0.029090,178.848327,178.877418,14987.492038,0,10,1,1,16,32,330148095408,121192,121192,1362087,24,11,45,6
csr_omp_collapse_O3,42.138575,177.884808,220.023383,7.834983,0,10,1,1,16,32,330148095408,121192,121192,1362087,24,11,45,6
