Name,Avg Run Time (s),Format Time (s),Total Time (s),GFLOPS,Verification,Iters,Block Row,Block Col,K-Bound,Threads,FOP Count,Rows,Cols,NNZ,Max Cols,Avg Cols,Variance,Std Deviation
csr_omp_O2,0.047423,17.560655,17.608078,6980.901248,0,10,1,1,16,8,330148095408,121192,121192,1362087,24,11,45,6
csr_omp_collapse_O2,63.583567,17.523400,81.106967,5.192374,0,10,1,1,16,8,330148095408,121192,121192,1362087,24,11,45,6
csr_omp_O2,0.035411,17.493075,17.528487,9509.519522,0,10,1,1,16,16,330148095408,121192,121192,1362087,24,11,45,6
csr_omp_collapse_O2,31.962327,17.854841,49.817168,10.329328,0,10,1,1,16,16,330148095408,121192,121192,1362087,24,11,45,6
csr_omp_O2,0.030439,17.628189,17.658628,11470.392499,0,10,1,1,16,32,330148095408,121192,121192,1362087,24,11,45,6
csr_omp_collapse_O2,16.176072,17.739325,33.915397,20.409965,0,10,1,1,16,32,330148095408,121192,121192,1362087,24,11,45,6
