Name,Avg Run Time (s),Format Time (s),Total Time (s),GFLOPS,Verification,Iters,Block Row,Block Col,K-Bound,Threads,FOP Count,Rows,Cols,NNZ,Max Cols,Avg Cols,Variance,Std Deviation
ell_omp_O3,0.117285,178.549300,178.666585,12041.856556,0,10,1,1,16,8,705000041472,121192,121192,1362087,24,11,45,6
ell_omp_collapse_O3,0.071581,169.967480,170.039061,13422.056679,0,10,1,1,16,8,705000041472,121192,121192,1362087,24,11,45,6
ell_omp_O3,0.077854,168.209191,168.287045,22038.929676,0,10,1,1,16,16,705000041472,121192,121192,1362087,24,11,45,6
ell_omp_collapse_O3,0.034410,168.432080,168.466490,23066.917097,0,10,1,1,16,16,705000041472,121192,121192,1362087,24,11,45,6
ell_omp_O3,0.049929,167.896507,167.946436,31781.590838,0,10,1,1,16,32,705000041472,121192,121192,1362087,24,11,45,6
ell_omp_collapse_O3,0.049868,168.826993,168.876861,32490.687624,0,10,1,1,16,32,705000041472,121192,121192,1362087,24,11,45,6
