Name,Avg Run Time (s),Format Time (s),Total Time (s),GFLOPS,Verification,Iters,Block Row,Block Col,K-Bound,Threads,FOP Count,Rows,Cols,NNZ,Max Cols,Avg Cols,Variance,Std Deviation
coo_omp_O3,0.076227,168.056681,168.132908,2.954673,0,10,1,1,16,8,43586784,121192,121192,1362087,24,11,45,6
coo_omp_collapse_O3,0.039632,177.596858,177.636490,4.799013,0,10,1,1,16,8,43586784,121192,121192,1362087,24,11,45,6
coo_omp_O3,0.061339,177.410808,177.472147,4.074592,0,10,1,1,16,16,43586784,121192,121192,1362087,24,11,45,6
coo_omp_collapse_O3,0.104104,158.171356,158.275460,1.534836,0,10,1,1,16,16,43586784,121192,121192,1362087,24,11,45,6
coo_omp_O3,0.036131,170.877213,170.913344,3.663070,0,10,1,1,16,32,43586784,121192,121192,1362087,24,11,45,6
coo_omp_collapse_O3,0.066522,167.841175,167.907698,3.390807,0,10,1,1,16,32,43586784,121192,121192,1362087,24,11,45,6
