Name,Avg Run Time (s),Format Time (s),Total Time (s),GFLOPS,Verification,Iters,Block Row,Block Col,K-Bound,Threads,FOP Count,Rows,Cols,NNZ,Max Cols,Avg Cols,Variance,Std Deviation
bcsr_transpose_omp_O2,24.748295,129.843441,154.591736,6.449201,0,10,1,1,16,8,159549504894,36417,36417,2190591,184,60,753,27
bcsr_transpose_omp_collapse_O2,bcsr_transpose_omp_omp_O2,3.508235,128.170284,131.678519,45.485031,0,10,1,1,16,8,159549504894,36417,36417,2190591,184,60,753,27
bcsr_transpose_omp_O2,24.163178,128.835130,152.998308,6.605805,0,10,1,1,16,16,159549504894,36417,36417,2190591,184,60,753,27
bcsr_transpose_omp_collapse_O2,bcsr_transpose_omp_omp_O2,2.832971,128.924699,131.757670,59.038725,0,10,1,1,16,16,159549504894,36417,36417,2190591,184,60,753,27
bcsr_transpose_omp_O2,26.261649,130.999508,157.261157,6.106625,0,10,1,1,16,32,159549504894,36417,36417,2190591,184,60,753,27
bcsr_transpose_omp_collapse_O2,bcsr_transpose_omp_omp_O2,2.067834,128.883049,130.950883,77.259669,0,10,1,1,16,32,159549504894,36417,36417,2190591,184,60,753,27
bcsr_transpose_omp_O2,24.716782,127.454703,152.171484,7.565294,0,10,2,2,16,8,186933413712,36417,36417,2190591,184,60,753,27
bcsr_transpose_omp_collapse_O2,bcsr_transpose_omp_omp_O2,3.527277,129.157112,132.684389,52.998144,0,10,2,2,16,8,186933413712,36417,36417,2190591,184,60,753,27
bcsr_transpose_omp_O2,26.190979,128.814400,155.005379,7.146211,0,10,2,2,16,16,186933413712,36417,36417,2190591,184,60,753,27
bcsr_transpose_omp_collapse_O2,bcsr_transpose_omp_omp_O2,2.415383,131.119399,133.534782,77.512547,0,10,2,2,16,16,186933413712,36417,36417,2190591,184,60,753,27
bcsr_transpose_omp_O2,24.420404,127.746411,152.166815,7.659152,0,10,2,2,16,32,186933413712,36417,36417,2190591,184,60,753,27
bcsr_transpose_omp_collapse_O2,bcsr_transpose_omp_omp_O2,2.416297,129.809792,132.226089,80.009496,0,10,2,2,16,32,186933413712,36417,36417,2190591,184,60,753,27
bcsr_transpose_omp_O2,bcsr_transpose_omp_collapse_O2,bcsr_transpose_omp_omp_O2,bcsr_transpose_omp_O2,bcsr_transpose_omp_collapse_O2,bcsr_transpose_omp_omp_O2,bcsr_transpose_omp_O2,bcsr_transpose_omp_collapse_O2,bcsr_transpose_omp_omp_O2,bcsr_transpose_omp_O2,bcsr_transpose_omp_collapse_O2,bcsr_transpose_omp_omp_O2,bcsr_transpose_omp_O2,bcsr_transpose_omp_collapse_O2,bcsr_transpose_omp_omp_O2,bcsr_transpose_omp_O2,bcsr_transpose_omp_collapse_O2,bcsr_transpose_omp_omp_O2,