Name,Avg Run Time (s),Format Time (s),Total Time (s),GFLOPS,Verification,Iters,Block Row,Block Col,K-Bound,Threads,FOP Count,Rows,Cols,NNZ,Max Cols,Avg Cols,Variance,Std Deviation
csr_omp_O3,0.016322,15.934715,15.951037,10264.015742,0,10,1,1,16,8,159549504894,36417,36417,2190591,184,60,753,27
csr_omp_collapse_O3,76.168310,15.608722,91.777032,2.094699,0,10,1,1,16,8,159549504894,36417,36417,2190591,184,60,753,27
csr_omp_O3,0.011328,15.676479,15.687807,14692.123097,0,10,1,1,16,16,159549504894,36417,36417,2190591,184,60,753,27
csr_omp_collapse_O3,38.657054,15.684700,54.341754,4.127314,0,10,1,1,16,16,159549504894,36417,36417,2190591,184,60,753,27
csr_omp_O3,0.007039,14.759090,14.766129,24895.447626,0,10,1,1,16,32,159549504894,36417,36417,2190591,184,60,753,27
csr_omp_collapse_O3,20.274944,15.681116,35.956060,7.869329,0,10,1,1,16,32,159549504894,36417,36417,2190591,184,60,753,27
