Name,Avg Run Time (s),Format Time (s),Total Time (s),GFLOPS,Verification,Iters,Block Row,Block Col,K-Bound,Threads,FOP Count,Rows,Cols,NNZ,Max Cols,Avg Cols,Variance,Std Deviation
csr_omp_O3,0.006388,2.312776,2.319164,63743.214700,0,10,1,1,16,8,159549504894,36417,36417,2190591,184,60,753,27
csr_omp_collapse_O3,27.827162,2.275237,30.102399,5.733600,0,10,1,1,16,8,159549504894,36417,36417,2190591,184,60,753,27
csr_omp_O3,0.007904,2.322107,2.330010,102113.794694,0,10,1,1,16,16,159549504894,36417,36417,2190591,184,60,753,27
csr_omp_collapse_O3,13.979297,2.237894,16.217191,11.413449,0,10,1,1,16,16,159549504894,36417,36417,2190591,184,60,753,27
csr_omp_O3,0.006748,2.321893,2.328641,172033.354086,0,10,1,1,16,32,159549504894,36417,36417,2190591,184,60,753,27
csr_omp_collapse_O3,7.087842,2.354635,9.442477,22.510576,0,10,1,1,16,32,159549504894,36417,36417,2190591,184,60,753,27
