Name,Avg Run Time (s),Format Time (s),Total Time (s),GFLOPS,Verification,Iters,Block Row,Block Col,K-Bound,Threads,FOP Count,Rows,Cols,NNZ,Max Cols,Avg Cols,Variance,Std Deviation
ell_omp_O3,0.028131,16.416602,16.444733,17811.955065,0,10,1,1,16,8,488040823152,36417,36417,2190591,184,60,753,27
ell_omp_collapse_O3,0.040875,16.128653,16.169528,12695.526938,0,10,1,1,16,8,488040823152,36417,36417,2190591,184,60,753,27
ell_omp_O3,0.019545,16.100244,16.119789,26742.449081,0,10,1,1,16,16,488040823152,36417,36417,2190591,184,60,753,27
ell_omp_collapse_O3,0.025287,16.139533,16.164820,19890.795052,0,10,1,1,16,16,488040823152,36417,36417,2190591,184,60,753,27
ell_omp_O3,0.014569,16.096062,16.110631,37538.818331,0,10,1,1,16,32,488040823152,36417,36417,2190591,184,60,753,27
ell_omp_collapse_O3,0.019149,16.100140,16.119288,27857.215809,0,10,1,1,16,32,488040823152,36417,36417,2190591,184,60,753,27
