Name,Avg Run Time (s),Format Time (s),Total Time (s),GFLOPS,Verification,Iters,Block Row,Block Col,K-Bound,Threads,FOP Count,Rows,Cols,NNZ,Max Cols,Avg Cols,Variance,Std Deviation
csr_transpose_omp_O2,1.723190,2.401642,4.124832,92.930802,0,10,1,1,16,8,159549504894,36417,36417,2190591,184,60,753,27
csr_transpose_omp_collapse_O2,29.342586,2.429013,31.771599,5.437536,0,10,1,1,16,8,159549504894,36417,36417,2190591,184,60,753,27
csr_transpose_omp_omp_O2,1.731462,2.401338,4.132799,92.277904,0,10,1,1,16,8,159549504894,36417,36417,2190591,184,60,753,27
csr_transpose_omp_O2,1.133722,2.405524,3.539246,140.840222,0,10,1,1,16,16,159549504894,36417,36417,2190591,184,60,753,27
csr_transpose_omp_collapse_O2,15.115736,2.415488,17.531224,10.555227,0,10,1,1,16,16,159549504894,36417,36417,2190591,184,60,753,27
csr_transpose_omp_omp_O2,1.122789,2.421931,3.544720,142.322306,0,10,1,1,16,16,159549504894,36417,36417,2190591,184,60,753,27
csr_transpose_omp_O2,1.212672,2.410334,3.623006,131.686456,0,10,1,1,16,32,159549504894,36417,36417,2190591,184,60,753,27
csr_transpose_omp_collapse_O2,8.203877,2.415313,10.619190,19.448398,0,10,1,1,16,32,159549504894,36417,36417,2190591,184,60,753,27
csr_transpose_omp_omp_O2,1.191617,2.458044,3.649661,134.051189,0,10,1,1,16,32,159549504894,36417,36417,2190591,184,60,753,27
