Name,Avg Run Time (s),Format Time (s),Total Time (s),GFLOPS,Verification,Iters,Block Row,Block Col,K-Bound,Threads,FOP Count,Rows,Cols,NNZ,Max Cols,Avg Cols,Variance,Std Deviation
coo_omp_O3,0.008555,2.310835,2.319390,78.179387,0,10,1,1,16,8,70098912,36417,36417,2190591,184,60,753,27
coo_omp_collapse_O3,0.006591,2.295546,2.302137,87.763913,0,10,1,1,16,8,70098912,36417,36417,2190591,184,60,753,27
coo_omp_O3,0.008699,2.308149,2.316848,76.493381,0,10,1,1,16,16,70098912,36417,36417,2190591,184,60,753,27
coo_omp_collapse_O3,0.008049,2.327956,2.336005,97.697550,0,10,1,1,16,16,70098912,36417,36417,2190591,184,60,753,27
coo_omp_O3,0.010930,2.323100,2.334030,83.249876,0,10,1,1,16,32,70098912,36417,36417,2190591,184,60,753,27
coo_omp_collapse_O3,0.008645,2.311805,2.320450,109.256476,0,10,1,1,16,32,70098912,36417,36417,2190591,184,60,753,27
