Name,Avg Run Time (s),Format Time (s),Total Time (s),GFLOPS,Verification,Iters,Block Row,Block Col,K-Bound,Threads,FOP Count,Rows,Cols,NNZ,Max Cols,Avg Cols,Variance,Std Deviation
ell_omp_O3,0.018299,2.606260,2.624559,54772.773873,0,10,1,1,16,8,488040823152,36417,36417,2190591,184,60,753,27
ell_omp_collapse_O3,0.021127,2.559261,2.580388,46782.813503,0,10,1,1,16,8,488040823152,36417,36417,2190591,184,60,753,27
ell_omp_O3,0.012747,2.623955,2.636702,117988.271066,0,10,1,1,16,16,488040823152,36417,36417,2190591,184,60,753,27
ell_omp_collapse_O3,0.014548,2.602320,2.616868,92271.160891,0,10,1,1,16,16,488040823152,36417,36417,2190591,184,60,753,27
ell_omp_O3,0.011719,2.617101,2.628820,178287.232530,0,10,1,1,16,32,488040823152,36417,36417,2190591,184,60,753,27
ell_omp_collapse_O3,0.014903,2.612693,2.627596,140592.012047,0,10,1,1,16,32,488040823152,36417,36417,2190591,184,60,753,27
