Name,Avg Run Time (s),Format Time (s),Total Time (s),GFLOPS,Verification,Iters,Block Row,Block Col,K-Bound,Threads,FOP Count,Rows,Cols,NNZ,Max Cols,Avg Cols,Variance,Std Deviation
coo_omp_O2,0.008550,23.711944,23.720494,13.094525,0,10,1,1,16,8,75968032,46835,46835,2374001,145,50,772,27
coo_omp_collapse_O2,0.008670,23.728037,23.736707,13.205703,0,10,1,1,16,8,75968032,46835,46835,2374001,145,50,772,27
coo_omp_O2,0.007681,23.722190,23.729871,12.670475,0,10,1,1,16,16,75968032,46835,46835,2374001,145,50,772,27
coo_omp_collapse_O2,0.006640,23.711756,23.718396,13.884181,0,10,1,1,16,16,75968032,46835,46835,2374001,145,50,772,27
coo_omp_O2,0.007366,23.728917,23.736283,12.583707,0,10,1,1,16,32,75968032,46835,46835,2374001,145,50,772,27
coo_omp_collapse_O2,0.007453,23.714815,23.722268,12.925291,0,10,1,1,16,32,75968032,46835,46835,2374001,145,50,772,27
