Name,Avg Run Time (s),Format Time (s),Total Time (s),GFLOPS,Verification,Iters,Block Row,Block Col,K-Bound,Threads,FOP Count,Rows,Cols,NNZ,Max Cols,Avg Cols,Variance,Std Deviation
coo_omp_O2,0.014073,3.381685,3.395758,11.305259,0,10,1,1,16,8,75968032,46835,46835,2374001,145,50,772,27
coo_omp_collapse_O2,0.016479,3.386104,3.402583,7.946649,0,10,1,1,16,8,75968032,46835,46835,2374001,145,50,772,27
coo_omp_O2,0.016603,3.387390,3.403992,7.624384,0,10,1,1,16,16,75968032,46835,46835,2374001,145,50,772,27
coo_omp_collapse_O2,0.013828,3.376572,3.390400,9.669971,0,10,1,1,16,16,75968032,46835,46835,2374001,145,50,772,27
coo_omp_O2,0.015601,3.395151,3.410752,7.960906,0,10,1,1,16,32,75968032,46835,46835,2374001,145,50,772,27
coo_omp_collapse_O2,0.014233,3.402340,3.416573,10.388625,0,10,1,1,16,32,75968032,46835,46835,2374001,145,50,772,27
