Name,Avg Run Time (s),Format Time (s),Total Time (s),GFLOPS,Verification,Iters,Block Row,Block Col,K-Bound,Threads,FOP Count,Rows,Cols,NNZ,Max Cols,Avg Cols,Variance,Std Deviation
ell_omp_O2,0.020055,2.596255,2.616310,49043.718503,0,10,1,1,16,8,488040823152,36417,36417,2190591,184,60,753,27
ell_omp_collapse_O2,0.042597,2.501290,2.543887,22872.481984,0,10,1,1,16,8,488040823152,36417,36417,2190591,184,60,753,27
ell_omp_O2,0.013508,2.471897,2.485405,103960.316760,0,10,1,1,16,16,488040823152,36417,36417,2190591,184,60,753,27
ell_omp_collapse_O2,0.035126,2.514826,2.549952,30970.851063,0,10,1,1,16,16,488040823152,36417,36417,2190591,184,60,753,27
ell_omp_O2,0.020107,2.489026,2.509133,120240.698906,0,10,1,1,16,32,488040823152,36417,36417,2190591,184,60,753,27
ell_omp_collapse_O2,0.017861,2.508283,2.526144,118931.224788,0,10,1,1,16,32,488040823152,36417,36417,2190591,184,60,753,27
