Name,Avg Run Time (s),Format Time (s),Total Time (s),GFLOPS,Verification,Iters,Block Row,Block Col,K-Bound,Threads,FOP Count,Rows,Cols,NNZ,Max Cols,Avg Cols,Variance,Std Deviation
coo_transpose_omp_O2,10.788858,2.424874,13.213732,0.006499,0,10,1,1,16,8,70098912,36417,36417,2190591,184,60,753,27
coo_transpose_omp_collapse_O2,10.744144,2.431742,13.175886,0.006527,0,10,1,1,16,8,70098912,36417,36417,2190591,184,60,753,27
coo_transpose_omp_omp_O2,2.452543,2.428488,4.881031,0.028591,0,10,1,1,16,8,70098912,36417,36417,2190591,184,60,753,27
coo_transpose_omp_O2,10.983114,2.452727,13.435841,0.006384,0,10,1,1,16,16,70098912,36417,36417,2190591,184,60,753,27
coo_transpose_omp_collapse_O2,10.718964,2.436926,13.155890,0.006540,0,10,1,1,16,16,70098912,36417,36417,2190591,184,60,753,27
coo_transpose_omp_omp_O2,2.453160,2.462206,4.915366,0.028583,0,10,1,1,16,16,70098912,36417,36417,2190591,184,60,753,27
coo_transpose_omp_O2,10.692284,2.434843,13.127127,0.006557,0,10,1,1,16,32,70098912,36417,36417,2190591,184,60,753,27
coo_transpose_omp_collapse_O2,11.003810,2.497288,13.501098,0.006371,0,10,1,1,16,32,70098912,36417,36417,2190591,184,60,753,27
coo_transpose_omp_omp_O2,2.454654,2.414423,4.869077,0.028568,0,10,1,1,16,32,70098912,36417,36417,2190591,184,60,753,27
