Name,Avg Run Time (s),Format Time (s),Total Time (s),GFLOPS,Verification,Iters,Block Row,Block Col,K-Bound,Threads,FOP Count,Rows,Cols,NNZ,Max Cols,Avg Cols,Variance,Std Deviation
csr_omp_O2,0.010977,2.336066,2.347043,48923.473752,0,10,1,1,16,8,159549504894,36417,36417,2190591,184,60,753,27
csr_omp_collapse_O2,27.661896,2.312066,29.973962,5.767878,0,10,1,1,16,8,159549504894,36417,36417,2190591,184,60,753,27
csr_omp_O2,0.008398,2.324732,2.333130,89627.950996,0,10,1,1,16,16,159549504894,36417,36417,2190591,184,60,753,27
csr_omp_collapse_O2,13.873183,2.329288,16.202471,11.500784,0,10,1,1,16,16,159549504894,36417,36417,2190591,184,60,753,27
csr_omp_O2,0.009007,2.307775,2.316782,143676.910467,0,10,1,1,16,32,159549504894,36417,36417,2190591,184,60,753,27
csr_omp_collapse_O2,7.062394,2.333314,9.395708,22.592010,0,10,1,1,16,32,159549504894,36417,36417,2190591,184,60,753,27
