Name,-O,FLOPS,MFLOPS,GFLOPS,FOP Count,Avg Run Time (s),Format Time (s),Total Time (s),Verification,Iters,Block Row,Block Col,K-Bound,Threads,Rows,Cols,NNZ,NNZ*2,Max Cols,Avg Cols,Col Ratio,Variance,Std Deviation
ELL Serial Transpose,O2,5495030.159785,5.495030,0.005495,2370384,0.431369,0.706325,1.137694,0,10,1,1,16,-1,10974,10974,219812,439624,108,20,5.000000,79,8
ELL Serial Transpose,O2,5000822.153797,5.000822,0.005001,2370384,0.474106,0.713676,1.187782,0,10,1,1,64,-1,10974,10974,219812,439624,108,20,5.000000,79,8
ELL Serial Transpose,O2,4407423.226520,4.407423,0.004407,2370384,0.537876,0.721034,1.258910,0,10,1,1,128,-1,10974,10974,219812,439624,108,20,5.000000,79,8
