Name,-O,FLOPS,MFLOPS,GFLOPS,FOP Count,Avg Run Time (s),Format Time (s),Total Time (s),Verification,Iters,Block Row,Block Col,K-Bound,Threads,Rows,Cols,NNZ,NNZ*2,Max Cols,Avg Cols,Col Ratio,Variance,Std Deviation
ELL Serial,O2,339267165.714126,339.267166,0.339267,2370384,0.006987,0.247713,0.254701,0,10,1,1,16,-1,10974,10974,219812,439624,108,20,5.000000,79,8
ELL Serial,O2,131421668.584338,131.421669,0.131422,2370384,0.018043,0.339901,0.357944,0,10,1,1,64,-1,10974,10974,219812,439624,108,20,5.000000,79,8
ELL Serial,O2,70698645.036227,70.698645,0.070699,2370384,0.033541,0.302219,0.335760,0,10,1,1,128,-1,10974,10974,219812,439624,108,20,5.000000,79,8
