Name,-O,FLOPS,MFLOPS,GFLOPS,FOP Count,Avg Run Time (s),Format Time (s),Total Time (s),Verification,Iters,Block Row,Block Col,K-Bound,Threads,Rows,Cols,NNZ,NNZ*2,Max Cols,Avg Cols,Col Ratio,Variance,Std Deviation
ELL GPU,O2,387771646.918242,387.771647,0.387772,336504,0.005594,0.081865,0.087459,0,10,1,1,16,-1,2003,2003,42943,85886,84,21,4.000000,197,14
ELL GPU,O2,294148009.948874,294.148010,0.294148,336504,0.005207,0.081508,0.086715,0,10,1,1,64,-1,2003,2003,42943,85886,84,21,4.000000,197,14
ELL GPU,O2,174433033.980101,174.433034,0.174433,336504,0.005777,0.063022,0.068799,0,10,1,1,128,-1,2003,2003,42943,85886,84,21,4.000000,197,14
