Name,-O,FLOPS,MFLOPS,GFLOPS,FOP Count,Avg Run Time (s),Format Time (s),Total Time (s),Verification,Iters,Block Row,Block Col,K-Bound,Threads,Rows,Cols,NNZ,NNZ*2,Max Cols,Avg Cols,Col Ratio,Variance,Std Deviation
BCSR GPU,O2,430262655.664430,430.262656,0.430263,18156152,0.046700,7.696971,7.743671,32,10,2,2,16,-1,63838,63838,7106348,14212696,297,111,2.000000,2339,48
BCSR GPU,O2,561629742.819844,561.629743,0.561630,27377088,0.051690,7.680446,7.732136,32,10,4,4,16,-1,63838,63838,7106348,14212696,297,111,2.000000,2339,48
BCSR GPU,O2,1023308889.422970,1023.308889,1.023309,77609472,0.079391,8.289125,8.368516,32,10,16,16,16,-1,63838,63838,7106348,14212696,297,111,2.000000,2339,48
BCSR GPU,O2,309229881.844503,309.229882,0.309230,18156152,0.061378,7.614591,7.675969,128,10,2,2,64,-1,63838,63838,7106348,14212696,297,111,2.000000,2339,48
BCSR GPU,O2,393756878.707055,393.756879,0.393757,27377088,0.072106,7.705245,7.777351,128,10,4,4,64,-1,63838,63838,7106348,14212696,297,111,2.000000,2339,48
BCSR GPU,O2,674453821.840735,674.453822,0.674454,77609472,0.117342,8.199411,8.316753,128,10,16,16,64,-1,63838,63838,7106348,14212696,297,111,2.000000,2339,48
BCSR GPU,O2,257123362.816053,257.123363,0.257123,18156152,0.073893,7.588611,7.662504,256,10,2,2,128,-1,63838,63838,7106348,14212696,297,111,2.000000,2339,48
BCSR GPU,O2,294039573.255757,294.039573,0.294040,27377088,0.095328,7.702878,7.798206,256,10,4,4,128,-1,63838,63838,7106348,14212696,297,111,2.000000,2339,48
BCSR GPU,O2,530122495.746451,530.122496,0.530122,77609472,0.148235,8.203853,8.352088,256,10,16,16,128,-1,63838,63838,7106348,14212696,297,111,2.000000,2339,48
