Name,-O,FLOPS,MFLOPS,GFLOPS,FOP Count,Avg Run Time (s),Format Time (s),Total Time (s),Verification,Iters,Block Row,Block Col,K-Bound,Threads,Rows,Cols,NNZ,NNZ*2,Max Cols,Avg Cols,Col Ratio,Variance,Std Deviation
ELL GPU,O2,746835969.986822,746.835970,0.746836,37919772,0.055022,8.029221,8.084243,0,10,1,1,16,-1,63838,63838,7106348,14212696,297,111,2.000000,2339,48
ELL GPU,O2,501469359.660251,501.469360,0.501469,37919772,0.078272,8.007034,8.085306,0,10,1,1,64,-1,63838,63838,7106348,14212696,297,111,2.000000,2339,48
ELL GPU,O2,397517827.235250,397.517827,0.397518,37919772,0.097976,7.947487,8.045464,0,10,1,1,128,-1,63838,63838,7106348,14212696,297,111,2.000000,2339,48
