Name,-O,FLOPS,MFLOPS,GFLOPS,FOP Count,Avg Run Time (s),Format Time (s),Total Time (s),Verification,Iters,Block Row,Block Col,K-Bound,Threads,Rows,Cols,NNZ,NNZ*2,Max Cols,Avg Cols,Col Ratio,Variance,Std Deviation
BCSR GPU,O2,2359738590.766990,2359.738591,2.359739,167744,0.005873,0.186146,0.192019,0,10,2,2,16,-1,8192,8192,41746,83492,8,5,1.000000,0,0
BCSR GPU,O2,2967342090.872868,2967.342091,2.967342,335232,0.004199,0.107683,0.111882,0,10,4,4,16,-1,8192,8192,41746,83492,8,5,1.000000,0,0
BCSR GPU,O2,3398252870.331226,3398.252870,3.398253,1316864,0.004017,0.114240,0.118257,0,10,16,16,16,-1,8192,8192,41746,83492,8,5,1.000000,0,0
BCSR GPU,O2,1269079083.166752,1269.079083,1.269079,167744,0.001321,0.101580,0.102900,0,10,2,2,64,-1,8192,8192,41746,83492,8,5,1.000000,0,0
BCSR GPU,O2,1704298666.410231,1704.298666,1.704299,335232,0.002947,0.103716,0.106663,0,10,4,4,64,-1,8192,8192,41746,83492,8,5,1.000000,0,0
BCSR GPU,O2,1877338875.764891,1877.338876,1.877339,1316864,0.003074,0.112961,0.116035,0,10,16,16,64,-1,8192,8192,41746,83492,8,5,1.000000,0,0
BCSR GPU,O2,371292913.819378,371.292914,0.371293,167744,0.002255,0.103798,0.106053,0,10,2,2,128,-1,8192,8192,41746,83492,8,5,1.000000,0,0
BCSR GPU,O2,828539193.813454,828.539194,0.828539,335232,0.002857,0.102884,0.105741,0,10,4,4,128,-1,8192,8192,41746,83492,8,5,1.000000,0,0
BCSR GPU,O2,1132213383.928645,1132.213384,1.132213,1316864,0.003994,0.113171,0.117165,0,10,16,16,128,-1,8192,8192,41746,83492,8,5,1.000000,0,0
