Name,-O,FLOPS,MFLOPS,GFLOPS,FOP Count,Avg Run Time (s),Format Time (s),Total Time (s),Verification,Iters,Block Row,Block Col,K-Bound,Threads,Rows,Cols,NNZ,NNZ*2,Max Cols,Avg Cols,Col Ratio,Variance,Std Deviation
BCSR Serial,O2,239691793.260037,239.691793,0.239692,34127432,0.142383,12.236995,12.379378,256,10,2,2,16,-1,72000,72000,14393817,28787634,481,199,2.000000,6652,81
BCSR Serial,O2,252183648.132661,252.183648,0.252184,39361088,0.156083,12.083424,12.239508,256,10,4,4,16,-1,72000,72000,14393817,28787634,481,199,2.000000,6652,81
BCSR Serial,O2,273879992.107909,273.879992,0.273880,71676416,0.261708,12.508227,12.769935,256,10,16,16,16,-1,72000,72000,14393817,28787634,481,199,2.000000,6652,81
BCSR Serial,O2,95087600.842288,95.087601,0.095088,34127432,0.358907,12.108545,12.467452,1024,10,2,2,64,-1,72000,72000,14393817,28787634,481,199,2.000000,6652,81
BCSR Serial,O2,94777096.758387,94.777097,0.094777,39361088,0.415304,12.244286,12.659590,1024,10,4,4,64,-1,72000,72000,14393817,28787634,481,199,2.000000,6652,81
BCSR Serial,O2,100586190.603771,100.586191,0.100586,71676416,0.712589,12.356241,13.068830,1024,10,16,16,64,-1,72000,72000,14393817,28787634,481,199,2.000000,6652,81
BCSR Serial,O2,51429294.292654,51.429294,0.051429,34127432,0.663622,12.192012,12.855634,2048,10,2,2,128,-1,72000,72000,14393817,28787634,481,199,2.000000,6652,81
BCSR Serial,O2,52144961.929479,52.144962,0.052145,39361088,0.754841,12.135720,12.890561,2048,10,4,4,128,-1,72000,72000,14393817,28787634,481,199,2.000000,6652,81
BCSR Serial,O2,54477672.946100,54.477673,0.054478,71676416,1.315705,12.344709,13.660414,2048,10,16,16,128,-1,72000,72000,14393817,28787634,481,199,2.000000,6652,81
