Name,-O,FLOPS,MFLOPS,GFLOPS,FOP Count,Avg Run Time (s),Format Time (s),Total Time (s),Verification,Iters,Block Row,Block Col,K-Bound,Threads,Rows,Cols,NNZ,NNZ*2,Max Cols,Avg Cols,Col Ratio,Variance,Std Deviation
ELL GPU,O2,1129214895.925908,1129.214896,1.129215,69264000,0.064353,12.789072,12.853425,0,10,1,1,16,-1,72000,72000,14393817,28787634,481,199,2.000000,6652,81
ELL GPU,O2,726265201.553538,726.265202,0.726265,69264000,0.099152,12.736704,12.835856,0,10,1,1,64,-1,72000,72000,14393817,28787634,481,199,2.000000,6652,81
ELL GPU,O2,511822692.261817,511.822692,0.511823,69264000,0.138754,12.714658,12.853412,0,10,1,1,128,-1,72000,72000,14393817,28787634,481,199,2.000000,6652,81
