Name,-O,FLOPS,MFLOPS,GFLOPS,FOP Count,Avg Run Time (s),Format Time (s),Total Time (s),Verification,Iters,Block Row,Block Col,K-Bound,Threads,Rows,Cols,NNZ,NNZ*2,Max Cols,Avg Cols,Col Ratio,Variance,Std Deviation
ELL GPU,O2,995312490.880532,995.312491,0.995312,13582150,0.022846,3.704785,3.727632,0,10,1,1,16,-1,46835,46835,2374001,4748002,145,50,2.000000,772,27
ELL GPU,O2,364162729.177477,364.162729,0.364163,13582150,0.045379,3.718043,3.763422,0,10,1,1,64,-1,46835,46835,2374001,4748002,145,50,2.000000,772,27
ELL GPU,O2,282190195.084126,282.190195,0.282190,13582150,0.054186,3.720969,3.775155,0,10,1,1,128,-1,46835,46835,2374001,4748002,145,50,2.000000,772,27
