Name,-O,FLOPS,MFLOPS,GFLOPS,FOP Count,Avg Run Time (s),Format Time (s),Total Time (s),Verification,Iters,Block Row,Block Col,K-Bound,Threads,Rows,Cols,NNZ,NNZ*2,Max Cols,Avg Cols,Col Ratio,Variance,Std Deviation
BCSR GPU,O2,274808467.537511,274.808468,0.274808,18790736,0.072627,19.846439,19.919066,1447056,10,2,2,16,-1,116158,116158,8516500,17033000,3263,73,44.000000,176054,419
BCSR GPU,O2,375390950.605086,375.390951,0.375391,23166624,0.066576,19.885489,19.952065,1447056,10,4,4,16,-1,116158,116158,8516500,17033000,3263,73,44.000000,176054,419
BCSR GPU,O2,719716519.510940,719.716520,0.719717,52307456,0.075411,20.146384,20.221795,1447056,10,16,16,16,-1,116158,116158,8516500,17033000,3263,73,44.000000,176054,419
BCSR GPU,O2,185286788.842024,185.286789,0.185287,18790736,0.104381,19.756422,19.860803,5788224,10,2,2,64,-1,116158,116158,8516500,17033000,3263,73,44.000000,176054,419
BCSR GPU,O2,218551521.333310,218.551521,0.218552,23166624,0.110880,19.775902,19.886782,5788224,10,4,4,64,-1,116158,116158,8516500,17033000,3263,73,44.000000,176054,419
BCSR GPU,O2,502958910.553239,502.958911,0.502959,52307456,0.106136,20.021171,20.127307,5788224,10,16,16,64,-1,116158,116158,8516500,17033000,3263,73,44.000000,176054,419
BCSR GPU,O2,150552802.043005,150.552802,0.150553,18790736,0.128067,19.767989,19.896056,11576448,10,2,2,128,-1,116158,116158,8516500,17033000,3263,73,44.000000,176054,419
BCSR GPU,O2,159691629.447594,159.691629,0.159692,23166624,0.148144,19.782034,19.930178,11576448,10,4,4,128,-1,116158,116158,8516500,17033000,3263,73,44.000000,176054,419
BCSR GPU,O2,360596566.479935,360.596566,0.360597,52307456,0.147690,19.991897,20.139587,11576448,10,16,16,128,-1,116158,116158,8516500,17033000,3263,73,44.000000,176054,419
