Name,-O,FLOPS,MFLOPS,GFLOPS,FOP Count,Avg Run Time (s),Format Time (s),Total Time (s),Verification,Iters,Block Row,Block Col,K-Bound,Threads,Rows,Cols,NNZ,NNZ*2,Max Cols,Avg Cols,Col Ratio,Variance,Std Deviation
ELL Serial,O2,275354400.495295,275.354400,0.275354,758047108,2.752989,22.106048,24.859037,0,10,1,1,16,-1,116158,116158,8516500,17033000,3263,73,44.000000,176054,419
ELL Serial,O2,109127970.615675,109.127971,0.109128,758047108,6.946406,21.742557,28.688963,0,10,1,1,64,-1,116158,116158,8516500,17033000,3263,73,44.000000,176054,419
ELL Serial,O2,53404454.674608,53.404455,0.053404,758047108,14.194468,22.245347,36.439815,0,10,1,1,128,-1,116158,116158,8516500,17033000,3263,73,44.000000,176054,419
