Name,-O,FLOPS,MFLOPS,GFLOPS,FOP Count,Avg Run Time (s),Format Time (s),Total Time (s),Verification,Iters,Block Row,Block Col,K-Bound,Threads,Rows,Cols,NNZ,NNZ*2,Max Cols,Avg Cols,Col Ratio,Variance,Std Deviation
ELL Serial,O2,303381760.118624,303.381760,0.303382,44220672,0.145765,16.375687,16.521451,0,10,1,1,16,-1,108384,108384,5138004,10276008,204,47,4.000000,313,17
ELL Serial,O2,118712410.617927,118.712411,0.118712,44220672,0.372507,16.589434,16.961941,0,10,1,1,64,-1,108384,108384,5138004,10276008,204,47,4.000000,313,17
ELL Serial,O2,60914274.140178,60.914274,0.060914,44220672,0.725951,16.805661,17.531612,0,10,1,1,128,-1,108384,108384,5138004,10276008,204,47,4.000000,313,17
