Name,Avg Run Time (s),Format Time (s),Total Time (s),GFLOPS,Verification,Iters,Block Row,Block Col,K-Bound,Threads,FOP Count,Rows,Cols,NNZ,Max Cols,Avg Cols,Variance,Std Deviation
csr_transpose_omp_O2,0.104502,0.327109,0.431611,48.013365,0,10,1,1,16,8,4824433776,10974,10974,219812,108,20,79,8
csr_transpose_omp_collapse_O2,0.941026,0.308548,1.249574,5.129310,0,10,1,1,16,8,4824433776,10974,10974,219812,108,20,79,8
csr_transpose_omp_omp_O2,0.099558,0.287249,0.386807,49.698465,0,10,1,1,16,8,4824433776,10974,10974,219812,108,20,79,8
csr_transpose_omp_O2,0.137539,0.235250,0.372789,35.436885,0,10,1,1,16,16,4824433776,10974,10974,219812,108,20,79,8
csr_transpose_omp_collapse_O2,0.553299,0.236587,0.789886,8.719920,0,10,1,1,16,16,4824433776,10974,10974,219812,108,20,79,8
csr_transpose_omp_omp_O2,0.135156,0.270113,0.405269,35.762187,0,10,1,1,16,16,4824433776,10974,10974,219812,108,20,79,8
csr_transpose_omp_O2,0.206438,0.232752,0.439191,23.567940,0,10,1,1,16,32,4824433776,10974,10974,219812,108,20,79,8
csr_transpose_omp_collapse_O2,0.426570,0.227841,0.654411,11.329152,0,10,1,1,16,32,4824433776,10974,10974,219812,108,20,79,8
csr_transpose_omp_omp_O2,0.239664,0.312541,0.552205,20.311122,0,10,1,1,16,32,4824433776,10974,10974,219812,108,20,79,8
