Name,-O,FLOPS,MFLOPS,GFLOPS,FOP Count,Avg Run Time (s),Format Time (s),Total Time (s),Verification,Iters,Block Row,Block Col,K-Bound,Threads,Rows,Cols,NNZ,NNZ*2,Max Cols,Avg Cols,Col Ratio,Variance,Std Deviation
BCSR Serial,O2,147375493.366928,147.375493,0.147375,6007848,0.040772,12.850664,12.891436,0,10,2,2,16,-1,101492,101492,874378,1748756,24,8,3.000000,14,3
BCSR Serial,O2,227415227.187794,227.415227,0.227415,18630240,0.081925,12.942243,13.024169,0,10,4,4,16,-1,101492,101492,874378,1748756,24,8,3.000000,14,3
BCSR Serial,O2,276063438.175570,276.063438,0.276063,109494272,0.396628,13.716289,14.112917,0,10,16,16,16,-1,101492,101492,874378,1748756,24,8,3.000000,14,3
BCSR Serial,O2,68941622.488918,68.941622,0.068942,6007848,0.087164,12.571772,12.658936,0,10,2,2,64,-1,101492,101492,874378,1748756,24,8,3.000000,14,3
BCSR Serial,O2,98216367.731495,98.216368,0.098216,18630240,0.189689,12.980735,13.170424,0,10,4,4,64,-1,101492,101492,874378,1748756,24,8,3.000000,14,3
BCSR Serial,O2,97970111.722216,97.970112,0.097970,109494272,1.117631,13.678545,14.796176,0,10,16,16,64,-1,101492,101492,874378,1748756,24,8,3.000000,14,3
BCSR Serial,O2,38315007.410561,38.315007,0.038315,6007848,0.156807,12.508437,12.665244,0,10,2,2,128,-1,101492,101492,874378,1748756,24,8,3.000000,14,3
BCSR Serial,O2,50418559.057191,50.418559,0.050419,18630240,0.369512,12.997666,13.367178,0,10,4,4,128,-1,101492,101492,874378,1748756,24,8,3.000000,14,3
BCSR Serial,O2,52781578.868901,52.781579,0.052782,109494272,2.074481,14.018403,16.092883,0,10,16,16,128,-1,101492,101492,874378,1748756,24,8,3.000000,14,3
