Name,-O,FLOPS,MFLOPS,GFLOPS,FOP Count,Avg Run Time (s),Format Time (s),Total Time (s),Verification,Iters,Block Row,Block Col,K-Bound,Threads,Rows,Cols,NNZ,NNZ*2,Max Cols,Avg Cols,Col Ratio,Variance,Std Deviation
ELL GPU,O2,208236943.242130,208.236943,0.208237,4871616,0.028835,12.825400,12.854235,0,10,1,1,16,-1,101492,101492,874378,1748756,24,8,3.000000,14,3
ELL GPU,O2,142919803.744046,142.919804,0.142920,4871616,0.039701,12.720018,12.759719,0,10,1,1,64,-1,101492,101492,874378,1748756,24,8,3.000000,14,3
ELL GPU,O2,110881660.497999,110.881660,0.110882,4871616,0.047732,12.710027,12.757759,0,10,1,1,128,-1,101492,101492,874378,1748756,24,8,3.000000,14,3
