Name,-O,FLOPS,MFLOPS,GFLOPS,FOP Count,Avg Run Time (s),Format Time (s),Total Time (s),Verification,Iters,Block Row,Block Col,K-Bound,Threads,Rows,Cols,NNZ,NNZ*2,Max Cols,Avg Cols,Col Ratio,Variance,Std Deviation
BCSR Serial Transpose,O2,795618.105475,0.795618,0.000796,1195456,1.502554,1.001441,2.503995,480,10,2,2,16,-1,23560,23560,484256,968512,21,20,1.000000,1,1
BCSR Serial Transpose,O2,1045392.745327,1.045393,0.001045,1649344,1.577732,0.991802,2.569534,480,10,4,4,16,-1,23560,23560,484256,968512,21,20,1.000000,1,1
BCSR Serial Transpose,O2,4169406.742534,4.169407,0.004169,6667776,1.599217,1.045223,2.644440,480,10,16,16,16,-1,23560,23560,484256,968512,21,20,1.000000,1,1
BCSR Serial Transpose,O2,784728.531685,0.784729,0.000785,1195456,1.523405,0.997786,2.521190,1920,10,2,2,64,-1,23560,23560,484256,968512,21,20,1.000000,1,1
BCSR Serial Transpose,O2,1082021.121354,1.082021,0.001082,1649344,1.524324,0.988935,2.513259,1920,10,4,4,64,-1,23560,23560,484256,968512,21,20,1.000000,1,1
BCSR Serial Transpose,O2,4183514.925399,4.183515,0.004184,6667776,1.593825,1.046369,2.640194,1920,10,16,16,64,-1,23560,23560,484256,968512,21,20,1.000000,1,1
BCSR Serial Transpose,O2,779753.241120,0.779753,0.000780,1195456,1.533127,1.000495,2.533622,3840,10,2,2,128,-1,23560,23560,484256,968512,21,20,1.000000,1,1
BCSR Serial Transpose,O2,1072761.469189,1.072761,0.001073,1649344,1.537479,0.989175,2.526654,3840,10,4,4,128,-1,23560,23560,484256,968512,21,20,1.000000,1,1
BCSR Serial Transpose,O2,3772641.387465,3.772641,0.003773,6667776,1.767404,1.039395,2.806799,3840,10,16,16,128,-1,23560,23560,484256,968512,21,20,1.000000,1,1
