Name,-O,FLOPS,MFLOPS,GFLOPS,FOP Count,Avg Run Time (s),Format Time (s),Total Time (s),Verification,Iters,Block Row,Block Col,K-Bound,Threads,Rows,Cols,NNZ,NNZ*2,Max Cols,Avg Cols,Col Ratio,Variance,Std Deviation
ELL GPU Transpose,O2,5399836.614188,5.399837,0.005400,2370384,0.439029,0.704616,1.143645,0,10,1,1,16,-1,10974,10974,219812,439624,108,20,5.000000,79,8
ELL GPU Transpose,O2,5318946.450118,5.318946,0.005319,2370384,0.445759,0.712853,1.158612,0,10,1,1,64,-1,10974,10974,219812,439624,108,20,5.000000,79,8
ELL GPU Transpose,O2,5284782.649730,5.284783,0.005285,2370384,0.448540,0.702230,1.150770,0,10,1,1,128,-1,10974,10974,219812,439624,108,20,5.000000,79,8
