Name,-O,FLOPS,MFLOPS,GFLOPS,FOP Count,Avg Run Time (s),Format Time (s),Total Time (s),Verification,Iters,Block Row,Block Col,K-Bound,Threads,Rows,Cols,NNZ,NNZ*2,Max Cols,Avg Cols,Col Ratio,Variance,Std Deviation
BCSR GPU Transpose,O2,1198988.066696,1.198988,0.001199,523592,0.436762,0.692226,1.128988,16,10,2,2,16,-1,10974,10974,219812,439624,108,20,5.000000,79,8
BCSR GPU Transpose,O2,1764645.803908,1.764646,0.001765,771328,0.437163,0.694401,1.131564,16,10,4,4,16,-1,10974,10974,219812,439624,108,20,5.000000,79,8
BCSR GPU Transpose,O2,1188074.462555,1.188074,0.001188,523592,0.440758,0.689460,1.130217,64,10,2,2,64,-1,10974,10974,219812,439624,108,20,5.000000,79,8
BCSR GPU Transpose,O2,1732386.010555,1.732386,0.001732,771328,0.445268,0.696429,1.141697,64,10,4,4,64,-1,10974,10974,219812,439624,108,20,5.000000,79,8
BCSR GPU Transpose,O2,1187092.738951,1.187093,0.001187,523592,0.441130,0.690567,1.131697,128,10,2,2,128,-1,10974,10974,219812,439624,108,20,5.000000,79,8
BCSR GPU Transpose,O2,1709878.647428,1.709879,0.001710,771328,0.451426,0.696467,1.147893,128,10,4,4,128,-1,10974,10974,219812,439624,108,20,5.000000,79,8
