Name,-O,FLOPS,MFLOPS,GFLOPS,FOP Count,Avg Run Time (s),Format Time (s),Total Time (s),Verification,Iters,Block Row,Block Col,K-Bound,Threads,Rows,Cols,NNZ,NNZ*2,Max Cols,Avg Cols,Col Ratio,Variance,Std Deviation
ELL GPU,O2,237638269.538541,237.638270,0.237638,4996080,0.024075,5.546139,5.570214,0,10,1,1,16,-1,62451,62451,2034917,4069834,40,32,1.000000,54,7
ELL GPU,O2,142149684.121309,142.149684,0.142150,4996080,0.039348,5.715874,5.755222,0,10,1,1,64,-1,62451,62451,2034917,4069834,40,32,1.000000,54,7
ELL GPU,O2,113061735.116748,113.061735,0.113062,4996080,0.049306,5.701377,5.750683,0,10,1,1,128,-1,62451,62451,2034917,4069834,40,32,1.000000,54,7
