Name,-O,FLOPS,MFLOPS,GFLOPS,FOP Count,Avg Run Time (s),Format Time (s),Total Time (s),Verification,Iters,Block Row,Block Col,K-Bound,Threads,Rows,Cols,NNZ,NNZ*2,Max Cols,Avg Cols,Col Ratio,Variance,Std Deviation
BCSR Serial,O2,223280507.565616,223.280508,0.223281,5482456,0.024558,5.711759,5.736317,0,10,2,2,16,-1,62451,62451,2034917,4069834,40,32,1.000000,54,7
BCSR Serial,O2,221226002.770962,221.226003,0.221226,7655968,0.034624,5.689988,5.724612,0,10,4,4,16,-1,62451,62451,2034917,4069834,40,32,1.000000,54,7
BCSR Serial,O2,269356131.764357,269.356132,0.269356,16970240,0.063026,5.742032,5.805058,0,10,16,16,16,-1,62451,62451,2034917,4069834,40,32,1.000000,54,7
BCSR Serial,O2,96439302.132070,96.439302,0.096439,5482456,0.056849,5.645438,5.702287,0,10,2,2,64,-1,62451,62451,2034917,4069834,40,32,1.000000,54,7
BCSR Serial,O2,100760557.744660,100.760558,0.100761,7655968,0.075984,5.736073,5.812057,0,10,4,4,64,-1,62451,62451,2034917,4069834,40,32,1.000000,54,7
BCSR Serial,O2,113059404.709983,113.059405,0.113059,16970240,0.150104,5.774498,5.924602,0,10,16,16,64,-1,62451,62451,2034917,4069834,40,32,1.000000,54,7
BCSR Serial,O2,53691219.453098,53.691219,0.053691,5482456,0.102112,5.737609,5.839721,0,10,2,2,128,-1,62451,62451,2034917,4069834,40,32,1.000000,54,7
BCSR Serial,O2,56943552.194570,56.943552,0.056944,7655968,0.134449,5.658478,5.792927,0,10,4,4,128,-1,62451,62451,2034917,4069834,40,32,1.000000,54,7
BCSR Serial,O2,62398093.218404,62.398093,0.062398,16970240,0.271968,5.785509,6.057477,0,10,16,16,128,-1,62451,62451,2034917,4069834,40,32,1.000000,54,7
