Name,-O,FLOPS,MFLOPS,GFLOPS,FOP Count,Avg Run Time (s),Format Time (s),Total Time (s),Verification,Iters,Block Row,Block Col,K-Bound,Threads,Rows,Cols,NNZ,NNZ*2,Max Cols,Avg Cols,Col Ratio,Variance,Std Deviation
BCSR GPU,O2,192640960.641091,192.640961,0.192641,5482456,0.032199,5.651357,5.683556,0,10,2,2,16,-1,62451,62451,2034917,4069834,40,32,1.000000,54,7
BCSR GPU,O2,259650645.618039,259.650646,0.259651,7655968,0.033555,5.787360,5.820915,0,10,4,4,16,-1,62451,62451,2034917,4069834,40,32,1.000000,54,7
BCSR GPU,O2,458596810.718658,458.596811,0.458597,16970240,0.040918,5.814555,5.855473,0,10,16,16,16,-1,62451,62451,2034917,4069834,40,32,1.000000,54,7
BCSR GPU,O2,146672416.155267,146.672416,0.146672,5482456,0.041869,5.746557,5.788426,0,10,2,2,64,-1,62451,62451,2034917,4069834,40,32,1.000000,54,7
BCSR GPU,O2,201215332.835242,201.215333,0.201215,7655968,0.041817,5.720127,5.761944,0,10,4,4,64,-1,62451,62451,2034917,4069834,40,32,1.000000,54,7
BCSR GPU,O2,338244722.145086,338.244722,0.338245,16970240,0.053313,5.819777,5.873090,0,10,16,16,64,-1,62451,62451,2034917,4069834,40,32,1.000000,54,7
BCSR GPU,O2,121348156.332191,121.348156,0.121348,5482456,0.048133,5.757235,5.805368,0,10,2,2,128,-1,62451,62451,2034917,4069834,40,32,1.000000,54,7
BCSR GPU,O2,151117983.814218,151.117984,0.151118,7655968,0.053458,5.727738,5.781197,0,10,4,4,128,-1,62451,62451,2034917,4069834,40,32,1.000000,54,7
BCSR GPU,O2,254639752.884226,254.639753,0.254640,16970240,0.070662,5.845151,5.915813,0,10,16,16,128,-1,62451,62451,2034917,4069834,40,32,1.000000,54,7
