Name,-O,FLOPS,MFLOPS,GFLOPS,FOP Count,Avg Run Time (s),Format Time (s),Total Time (s),Verification,Iters,Block Row,Block Col,K-Bound,Threads,Rows,Cols,NNZ,NNZ*2,Max Cols,Avg Cols,Col Ratio,Variance,Std Deviation
BCSR GPU,O2,169566963.421831,169.566963,0.169567,4272056,0.030665,17.867865,17.898530,1588864,10,2,2,16,-1,121192,121192,1362087,2724174,24,11,2.000000,45,6
BCSR GPU,O2,312450599.579984,312.450600,0.312451,11574624,0.041620,17.893864,17.935484,1589024,10,4,4,16,-1,121192,121192,1362087,2724174,24,11,2.000000,45,6
BCSR GPU,O2,1240043521.305375,1240.043521,1.240044,109372416,0.090572,18.976630,19.067202,1588624,10,16,16,16,-1,121192,121192,1362087,2724174,24,11,2.000000,45,6
BCSR GPU,O2,121517293.338286,121.517293,0.121517,4272056,0.038731,17.887068,17.925799,6355456,10,2,2,64,-1,121192,121192,1362087,2724174,24,11,2.000000,45,6
BCSR GPU,O2,231103046.972887,231.103047,0.231103,11574624,0.053517,18.130657,18.184174,6356096,10,4,4,64,-1,121192,121192,1362087,2724174,24,11,2.000000,45,6
BCSR GPU,O2,774408493.949925,774.408494,0.774408,109372416,0.143549,18.890124,19.033673,6354496,10,16,16,64,-1,121192,121192,1362087,2724174,24,11,2.000000,45,6
BCSR GPU,O2,97386347.528692,97.386348,0.097386,4272056,0.047459,17.932840,17.980299,12710912,10,2,2,128,-1,121192,121192,1362087,2724174,24,11,2.000000,45,6
BCSR GPU,O2,171141178.476415,171.141178,0.171141,11574624,0.070519,17.969883,18.040402,12712192,10,4,4,128,-1,121192,121192,1362087,2724174,24,11,2.000000,45,6
BCSR GPU,O2,595747743.363648,595.747743,0.595748,109372416,0.185051,18.937583,19.122634,12708992,10,16,16,128,-1,121192,121192,1362087,2724174,24,11,2.000000,45,6
