Name,-O,FLOPS,MFLOPS,GFLOPS,FOP Count,Avg Run Time (s),Format Time (s),Total Time (s),Verification,Iters,Block Row,Block Col,K-Bound,Threads,Rows,Cols,NNZ,NNZ*2,Max Cols,Avg Cols,Col Ratio,Variance,Std Deviation
ELL Serial,O2,285611068.081186,285.611068,0.285611,37919772,0.132773,8.012190,8.144964,0,10,1,1,16,-1,63838,63838,7106348,14212696,297,111,2.000000,2339,48
ELL Serial,O2,95888678.326099,95.888678,0.095889,37919772,0.395463,7.952022,8.347485,0,10,1,1,64,-1,63838,63838,7106348,14212696,297,111,2.000000,2339,48
ELL Serial,O2,48827892.130658,48.827892,0.048828,37919772,0.776616,7.859997,8.636613,0,10,1,1,128,-1,63838,63838,7106348,14212696,297,111,2.000000,2339,48
