Name,-O,FLOPS,MFLOPS,GFLOPS,FOP Count,Avg Run Time (s),Format Time (s),Total Time (s),Verification,Iters,Block Row,Block Col,K-Bound,Threads,Rows,Cols,NNZ,NNZ*2,Max Cols,Avg Cols,Col Ratio,Variance,Std Deviation
BCSR Serial,O2,218159422.930909,218.159423,0.218159,5133136,0.023533,2.663025,2.686559,144,10,2,2,16,-1,36417,36417,2190591,4381182,184,60,3.000000,753,27
BCSR Serial,O2,240751039.695995,240.751040,0.240751,6753856,0.028056,2.599813,2.627869,144,10,4,4,16,-1,36417,36417,2190591,4381182,184,60,3.000000,753,27
BCSR Serial,O2,275122713.671306,275.122714,0.275123,13557248,0.049287,2.711882,2.761169,144,10,16,16,16,-1,36417,36417,2190591,4381182,184,60,3.000000,753,27
BCSR Serial,O2,100160610.507192,100.160611,0.100161,5133136,0.051251,2.620155,2.671406,576,10,2,2,64,-1,36417,36417,2190591,4381182,184,60,3.000000,753,27
BCSR Serial,O2,101762605.836813,101.762606,0.101763,6753856,0.066370,2.634892,2.701262,576,10,4,4,64,-1,36417,36417,2190591,4381182,184,60,3.000000,753,27
BCSR Serial,O2,105523588.716397,105.523589,0.105524,13557248,0.128479,2.671980,2.800459,576,10,16,16,64,-1,36417,36417,2190591,4381182,184,60,3.000000,753,27
BCSR Serial,O2,54882827.315847,54.882827,0.054883,5133136,0.093550,2.605473,2.699023,1152,10,2,2,128,-1,36417,36417,2190591,4381182,184,60,3.000000,753,27
BCSR Serial,O2,55772539.333934,55.772539,0.055773,6753856,0.121108,2.612168,2.733276,1152,10,4,4,128,-1,36417,36417,2190591,4381182,184,60,3.000000,753,27
BCSR Serial,O2,57810006.728316,57.810007,0.057810,13557248,0.234518,2.698069,2.932587,1152,10,16,16,128,-1,36417,36417,2190591,4381182,184,60,3.000000,753,27
