Name,-O,FLOPS,MFLOPS,GFLOPS,FOP Count,Avg Run Time (s),Format Time (s),Total Time (s),Verification,Iters,Block Row,Block Col,K-Bound,Threads,Rows,Cols,NNZ,NNZ*2,Max Cols,Avg Cols,Col Ratio,Variance,Std Deviation
ELL OMP,O2,466898500.709532,466.898501,0.466899,44220672,0.094833,16.584257,16.679090,0,10,1,1,16,8,108384,108384,5138004,10276008,204,47,4.000000,313,17
ELL OMP,O2,285667849.654517,285.667850,0.285668,44220672,0.154985,16.568945,16.723930,0,10,1,1,64,8,108384,108384,5138004,10276008,204,47,4.000000,313,17
ELL OMP,O2,214531938.497780,214.531938,0.214532,44220672,0.206383,16.453640,16.660023,0,10,1,1,128,8,108384,108384,5138004,10276008,204,47,4.000000,313,17
ELL OMP,O2,618569980.803442,618.569981,0.618570,44220672,0.072394,16.361953,16.434347,0,10,1,1,16,16,108384,108384,5138004,10276008,204,47,4.000000,313,17
ELL OMP,O2,380942261.380332,380.942261,0.380942,44220672,0.117021,16.416388,16.533409,0,10,1,1,64,16,108384,108384,5138004,10276008,204,47,4.000000,313,17
ELL OMP,O2,290675169.742516,290.675170,0.290675,44220672,0.152355,16.420902,16.573257,0,10,1,1,128,16,108384,108384,5138004,10276008,204,47,4.000000,313,17
ELL OMP,O2,757986476.629785,757.986477,0.757986,44220672,0.059684,16.433149,16.492833,0,10,1,1,16,32,108384,108384,5138004,10276008,204,47,4.000000,313,17
ELL OMP,O2,471097263.336718,471.097263,0.471097,44220672,0.094537,16.441432,16.535969,0,10,1,1,64,32,108384,108384,5138004,10276008,204,47,4.000000,313,17
ELL OMP,O2,379863686.347011,379.863686,0.379864,44220672,0.117416,16.408103,16.525519,0,10,1,1,128,32,108384,108384,5138004,10276008,204,47,4.000000,313,17
