Name,Avg Run Time (s),Format Time (s),Total Time (s),GFLOPS,Verification,Iters,Block Row,Block Col,K-Bound,Threads,FOP Count,Rows,Cols,NNZ,Max Cols,Avg Cols,Variance,Std Deviation
csr_serial_O2,0.007567,1.410095,1.417662,637.572902,0,10,1,1,16,-1,4824433776,10974,10974,219812,108,20,79,8
ell_serial_O2,0.021803,1.456221,1.478024,1226.600316,0,10,1,1,16,-1,26012594016,10974,10974,219812,108,20,79,8
csr_omp_O2,0.002192,1.378622,1.380814,2903.179384,0,10,1,1,16,8,4824433776,10974,10974,219812,108,20,79,8
csr_omp_O2,0.001564,1.469281,1.470845,5244.329557,0,10,1,1,16,16,4824433776,10974,10974,219812,108,20,79,8
csr_omp_O2,0.003072,1.403993,1.407066,6815.315349,0,10,1,1,16,32,4824433776,10974,10974,219812,108,20,79,8
ell_omp_O2,0.005909,1.548246,1.554155,5371.692692,0,10,1,1,16,8,26012594016,10974,10974,219812,108,20,79,8
ell_omp_O2,0.003502,1.456928,1.46043,10327.482041,0,10,1,1,16,16,26012594016,10974,10974,219812,108,20,79,8
ell_omp_O2,0.003456,1.424317,1.427773,13492.388464,0,10,1,1,16,32,26012594016,10974,10974,219812,108,20,79,8
