Name,Avg Run Time (s),Format Time (s),Total Time (s),Verification,Iters,Block Row,Block Col,Threads,Rows,Cols,NNZ,Max Cols,Avg Cols
csr_serial,0.002001,0.004064,0.006065,0,100,1,1,-1,512,512,8192,0,0
bcsr_serial 1 x 1,0.002280,0.019152,0.021432,56320,100,1,1,-1,512,512,8192,0,0
bcsr_serial 2 x 2,0.008451,0.012046,0.020497,56320,100,2,2,-1,512,512,8192,0,0
bcsr_serial 4 x 4,0.027777,0.021421,0.049198,56320,100,4,4,-1,512,512,8192,0,0
bcsr_serial 8 x 8,0.062802,0.016147,0.078949,56320,100,8,8,-1,512,512,8192,0,0
bcsr_serial 16 x 16,0.072405,0.016829,0.089234,56320,100,16,16,-1,512,512,8192,0,0
bcsr_serial 32 x 32,0.071482,0.014667,0.086149,56320,100,32,32,-1,512,512,8192,0,0
