Name,Avg Run Time (s),Format Time (s),Total Time (s),Verification,Iters,Block Row,Block Col,Threads,Rows,Cols,NNZ,Max Cols,Avg Cols
csr_serial,0.001212,0.004648,0.005860,0,100,1,1,-1,512,512,8192,0,0
bcsr_serial 1 x 1,0.000739,0.020556,0.021295,56320,100,1,1,-1,512,512,8192,0,0
bcsr_serial 2 x 2,0.002622,0.021225,0.023847,56320,100,2,2,-1,512,512,8192,0,0
bcsr_serial 4 x 4,0.008605,0.023271,0.031876,56320,100,4,4,-1,512,512,8192,0,0
bcsr_serial 8 x 8,0.018991,0.031228,0.050219,56320,100,8,8,-1,512,512,8192,0,0
bcsr_serial 16 x 16,0.021829,0.032566,0.054395,56320,100,16,16,-1,512,512,8192,0,0
bcsr_serial 32 x 32,0.021825,0.026195,0.048021,56320,100,32,32,-1,512,512,8192,0,0
