Name,Avg Run Time (s),Format Time (s),Total Time (s),GFLOPS,Verification,Iters,Block Row,Block Col,Threads,FOP Count,Rows,Cols,NNZ,Max Cols,Avg Cols,Variance,Std Deviation
csr_serial,0.001569,0.013766,0.015335,5.350786,0,10,1,1,-1,8388608,512,512,8192,16,16,0,0
bcsr_serial 1 x 1,0.001046,0.032189,0.033236,7.876935,64512,10,1,1,-1,8240128,512,512,8192,16,16,0,0
bcsr_serial 2 x 2,0.002254,0.026027,0.028281,13.982807,64512,10,2,2,-1,31506432,512,512,8192,16,16,0,0
bcsr_serial 4 x 4,0.010469,0.037794,0.048263,10.114463,64512,10,4,4,-1,105889792,512,512,8192,16,16,0,0
bcsr_serial 8 x 8,0.015696,0.030238,0.045934,14.790661,64512,10,8,8,-1,232128512,512,512,8192,16,16,0,0
bcsr_serial 16 x 16,0.024574,0.036068,0.060642,11.175567,64512,10,16,16,-1,268435456,512,512,8192,16,16,0,0
bcsr_serial 32 x 32,0.017782,0.019510,0.037292,15.095570,64512,10,32,32,-1,268435456,512,512,8192,16,16,0,0
