Name,Avg Run Time (s),Format Time (s),Total Time (s),GFLOPS,Verification,Iters,Block Row,Block Col,Threads,FOP Count,Rows,Cols,NNZ,Max Cols,Avg Cols,Variance,Std Deviation
csr_serial,6.302082,5.990501,12.292583,3.620731,0,10,1,1,-1,22818142720,23560,23560,484256,21,20,1,1
bcsr_serial 1 x 1,2.240801,42.775619,45.016420,10.183038,0,10,1,1,-1,22818142720,23560,23560,484256,21,20,1,1
bcsr_serial 2 x 2,2.697025,42.311948,45.008973,10.442978,0,10,2,2,-1,28164943360,23560,23560,484256,21,20,1,1
bcsr_serial 4 x 4,3.566194,46.743218,50.309412,10.896366,0,10,4,4,-1,38858544640,23560,23560,484256,21,20,1,1
bcsr_serial 8 x 8,5.367491,44.807376,50.174867,11.344146,0,10,8,8,-1,60889594880,23560,23560,484256,21,20,1,1
bcsr_serial 16 x 16,13.272384,43.484892,56.757276,11.836066,0,10,16,16,-1,157092802560,23560,23560,484256,21,20,1,1
bcsr_serial 32 x 32,31.954659,42.755617,74.710276,12.033027,0,10,32,32,-1,384511262720,23560,23560,484256,21,20,1,1
