Name,Avg Run Time (s),Format Time (s),Total Time (s),GFLOPS,Verification,Iters,Block Row,Block Col,K-Bound,Threads,FOP Count,Rows,Cols,NNZ,Max Cols,Avg Cols,Variance,Std Deviation
csr_serial_O2,0.001421,0.316213,0.317634,3411.199223,0,10,1,1,16,-1,4824433776,10974,10974,219812,108,20,79,8
ell_serial_O2,0.007217,0.250017,0.257234,3608.47427,0,10,1,1,16,-1,26012594016,10974,10974,219812,108,20,79,8
csr_omp_O2,0.002169,0.29449,0.296659,11163.961825,0,10,1,1,16,8,4824433776,10974,10974,219812,108,20,79,8
csr_omp_O2,0.002103,0.306275,0.308378,11699.216799,0,10,1,1,16,16,4824433776,10974,10974,219812,108,20,79,8
csr_omp_O2,0.001233,0.206274,0.207507,23884.852677,0,10,1,1,16,32,4824433776,10974,10974,219812,108,20,79,8
ell_omp_O2,0.005484,0.326439,0.331923,15125.173083,0,10,1,1,16,8,26012594016,10974,10974,219812,108,20,79,8
ell_omp_O2,0.004149,0.242218,0.246367,20346.357177,0,10,1,1,16,16,26012594016,10974,10974,219812,108,20,79,8
ell_omp_O2,0.00333,0.25406,0.25739,35788.081978,0,10,1,1,16,32,26012594016,10974,10974,219812,108,20,79,8
