Name,Avg Run Time (s),Format Time (s),Total Time (s),Verification,Iters,Block Row,Block Col,Threads,Rows,Cols,NNZ,Max Cols,Avg Cols
csr_serial,69.866098,81.700517,151.566615,0,1,1,1,-1,62451,62451,2034917,0,0
bcsr_serial 1 x 1,21.969804,334.680990,356.650794,0,1,1,1,-1,62451,62451,2034917,0,0
bcsr_serial 2 x 2,28.769992,332.769413,361.539405,0,1,2,2,-1,62451,62451,2034917,0,0
bcsr_serial 4 x 4,39.183055,340.123364,379.306419,0,1,4,4,-1,62451,62451,2034917,0,0
bcsr_serial 8 x 8,60.137550,335.558903,395.696453,0,1,8,8,-1,62451,62451,2034917,0,0
bcsr_serial 16 x 16,83.838447,331.030845,414.869292,0,1,16,16,-1,62451,62451,2034917,0,0
bcsr_serial 32 x 32,114.079777,330.875017,444.954794,0,1,32,32,-1,62451,62451,2034917,0,0
