Name,Avg Run Time (s),Format Time (s),Total Time (s),GFLOPS,Verification,Iters,Block Row,Block Col,K-Bound,Threads,FOP Count,Rows,Cols,NNZ,Max Cols,Avg Cols,Variance,Std Deviation
csr_serial_O2,0.013108,5.583268,5.596376,19391.243247,0,10,1,1,16,-1,254165203134,62451,62451,2034917,40,32,54,7
ell_serial_O2,0.016803,5.819771,5.836574,18580.769695,0,10,1,1,16,-1,312010192080,62451,62451,2034917,40,32,54,7
csr_omp_O2,0.033587,5.126728,5.160315,7640.154162,0,10,1,1,16,8,254165203134,62451,62451,2034917,40,32,54,7
csr_omp_O2,0.025943,5.324307,5.35025,10262.786144,0,10,1,1,16,16,254165203134,62451,62451,2034917,40,32,54,7
csr_omp_O2,0.02498,5.32222,5.3472,10929.985616,0,10,1,1,16,32,254165203134,62451,62451,2034917,40,32,54,7
ell_omp_O2,0.037438,5.450302,5.48774,8364.901542,0,10,1,1,16,8,312010192080,62451,62451,2034917,40,32,54,7
ell_omp_O2,0.024205,5.566438,5.590643,15344.920947,0,10,1,1,16,16,312010192080,62451,62451,2034917,40,32,54,7
ell_omp_O2,0.025418,5.539818,5.565236,13085.564379,0,10,1,1,16,32,312010192080,62451,62451,2034917,40,32,54,7
