Name,Avg Run Time (s),Format Time (s),Total Time (s),Verification,Iters,Block Row,Block Col,Threads,Rows,Cols,NNZ,Max Cols,Avg Cols
csr_serial,0.150634,0.171825,0.322459,0,100,1,1,-1,1024,1024,524288,0,0
bcsr_serial 1 x 1,0.067384,0.534138,0.601522,1048576,100,1,1,-1,1024,1024,524288,0,0
bcsr_serial 2 x 2,0.147824,0.551140,0.698964,1048576,100,2,2,-1,1024,1024,524288,0,0
bcsr_serial 4 x 4,0.168641,0.482202,0.650843,1048576,100,4,4,-1,1024,1024,524288,0,0
bcsr_serial 8 x 8,0.169414,0.459284,0.628698,1048576,100,8,8,-1,1024,1024,524288,0,0
bcsr_serial 16 x 16,0.170299,0.442588,0.612887,1048576,100,16,16,-1,1024,1024,524288,0,0
bcsr_serial 32 x 32,0.169240,0.445626,0.614866,1048576,100,32,32,-1,1024,1024,524288,0,0
