Name,Avg Run Time (s),Format Time (s),Total Time (s),Verification,Iters,Block Row,Block Col,Threads,Rows,Cols,NNZ,Max Cols,Avg Cols
csr_serial,0.221216,0.119665,0.340881,0,100,1,1,-1,1024,1024,524288,0,0
bcsr_serial 1 x 1,0.209744,0.404419,0.614163,1048576,100,1,1,-1,1024,1024,524288,0,0
bcsr_serial 2 x 2,0.462233,0.427577,0.889810,1048576,100,2,2,-1,1024,1024,524288,0,0
bcsr_serial 4 x 4,0.532490,0.381689,0.914179,1048576,100,4,4,-1,1024,1024,524288,0,0
bcsr_serial 8 x 8,0.532062,0.350575,0.882637,1048576,100,8,8,-1,1024,1024,524288,0,0
bcsr_serial 16 x 16,0.530684,0.347715,0.878399,1048576,100,16,16,-1,1024,1024,524288,0,0
bcsr_serial 32 x 32,0.531223,0.344182,0.875405,1048576,100,32,32,-1,1024,1024,524288,0,0
