Name,-O,FLOPS,MFLOPS,GFLOPS,FOP Count,Avg Run Time (s),Format Time (s),Total Time (s),Verification,Iters,Block Row,Block Col,K-Bound,Threads,Rows,Cols,NNZ,NNZ*2,Max Cols,Avg Cols,Col Ratio,Variance,Std Deviation
BCSR Serial Transpose,O2,108029.963381,0.108030,0.000108,6007848,55.612801,12.980274,68.593075,0,10,2,2,16,-1,101492,101492,874378,1748756,24,8,3.000000,14,3
BCSR Serial Transpose,O2,318638.556884,0.318639,0.000319,18630240,58.468270,13.078542,71.546812,0,10,4,4,16,-1,101492,101492,874378,1748756,24,8,3.000000,14,3
BCSR Serial Transpose,O2,1856619.465010,1.856619,0.001857,109494272,58.975086,13.816683,72.791769,0,10,16,16,16,-1,101492,101492,874378,1748756,24,8,3.000000,14,3
BCSR Serial Transpose,O2,104750.971351,0.104751,0.000105,6007848,57.354890,12.639178,69.994068,0,10,2,2,64,-1,101492,101492,874378,1748756,24,8,3.000000,14,3
BCSR Serial Transpose,O2,324518.628061,0.324519,0.000325,18630240,57.408963,12.958435,70.367398,0,10,4,4,64,-1,101492,101492,874378,1748756,24,8,3.000000,14,3
BCSR Serial Transpose,O2,1830046.246346,1.830046,0.001830,109494272,59.831437,13.765556,73.596993,0,10,16,16,64,-1,101492,101492,874378,1748756,24,8,3.000000,14,3
BCSR Serial Transpose,O2,104599.089490,0.104599,0.000105,6007848,57.436924,12.837660,70.274584,0,10,2,2,128,-1,101492,101492,874378,1748756,24,8,3.000000,14,3
BCSR Serial Transpose,O2,333025.249072,0.333025,0.000333,18630240,55.942575,12.541702,68.484277,0,10,4,4,128,-1,101492,101492,874378,1748756,24,8,3.000000,14,3
BCSR Serial Transpose,O2,1821528.113526,1.821528,0.001822,109494272,60.111228,13.570980,73.682208,0,10,16,16,128,-1,101492,101492,874378,1748756,24,8,3.000000,14,3
