Name,-O,FLOPS,MFLOPS,GFLOPS,FOP Count,Avg Run Time (s),Format Time (s),Total Time (s),Verification,Iters,Block Row,Block Col,K-Bound,Threads,Rows,Cols,NNZ,NNZ*2,Max Cols,Avg Cols,Col Ratio,Variance,Std Deviation
ELL OMP,O2,1969527954.070182,1969.527954,1.969528,989520,0.002666,0.962851,0.965517,0,10,1,1,16,8,23560,23560,484256,968512,21,20,1.000000,1,1
ELL OMP,O2,447739485.713451,447.739486,0.447739,989520,0.004903,0.987244,0.992147,0,10,1,1,64,8,23560,23560,484256,968512,21,20,1.000000,1,1
ELL OMP,O2,221688611.007286,221.688611,0.221689,989520,0.007593,0.938508,0.946101,0,10,1,1,128,8,23560,23560,484256,968512,21,20,1.000000,1,1
ELL OMP,O2,3786548157.017699,3786.548157,3.786548,989520,0.001896,0.992795,0.994691,0,10,1,1,16,16,23560,23560,484256,968512,21,20,1.000000,1,1
ELL OMP,O2,864390367.175354,864.390367,0.864390,989520,0.003870,0.986086,0.989956,0,10,1,1,64,16,23560,23560,484256,968512,21,20,1.000000,1,1
ELL OMP,O2,461796298.740212,461.796299,0.461796,989520,0.005338,0.899857,0.905195,0,10,1,1,128,16,23560,23560,484256,968512,21,20,1.000000,1,1
ELL OMP,O2,6673219542.535830,6673.219543,6.673220,989520,0.003449,0.994635,0.998084,0,10,1,1,16,32,23560,23560,484256,968512,21,20,1.000000,1,1
ELL OMP,O2,1479366703.287249,1479.366703,1.479367,989520,0.004135,0.971919,0.976054,0,10,1,1,64,32,23560,23560,484256,968512,21,20,1.000000,1,1
ELL OMP,O2,802027286.126540,802.027286,0.802027,989520,0.005277,0.985328,0.990605,0,10,1,1,128,32,23560,23560,484256,968512,21,20,1.000000,1,1
