Name,-O,FLOPS,MFLOPS,GFLOPS,FOP Count,Avg Run Time (s),Format Time (s),Total Time (s),Verification,Iters,Block Row,Block Col,K-Bound,Threads,Rows,Cols,NNZ,NNZ*2,Max Cols,Avg Cols,Col Ratio,Variance,Std Deviation
ELL Serial,O2,255383334.144073,255.383334,0.255383,989520,0.003906,0.958800,0.962706,0,10,1,1,16,-1,23560,23560,484256,968512,21,20,1.000000,1,1
ELL Serial,O2,59583840.679407,59.583841,0.059584,989520,0.016652,0.963575,0.980227,0,10,1,1,64,-1,23560,23560,484256,968512,21,20,1.000000,1,1
ELL Serial,O2,33805706.227905,33.805706,0.033806,989520,0.029308,0.931820,0.961128,0,10,1,1,128,-1,23560,23560,484256,968512,21,20,1.000000,1,1
