Name,-O,FLOPS,MFLOPS,GFLOPS,FOP Count,Avg Run Time (s),Format Time (s),Total Time (s),Verification,Iters,Block Row,Block Col,K-Bound,Threads,Rows,Cols,NNZ,NNZ*2,Max Cols,Avg Cols,Col Ratio,Variance,Std Deviation
ELL OMP Transpose,O2,5382652.773348,5.382653,0.005383,2370384,0.440476,0.730522,1.170998,0,10,1,1,16,8,10974,10974,219812,439624,108,20,5.000000,79,8
ELL OMP Transpose,O2,5363760.986588,5.363761,0.005364,2370384,0.442002,0.704618,1.146620,0,10,1,1,64,8,10974,10974,219812,439624,108,20,5.000000,79,8
ELL OMP Transpose,O2,5275820.851814,5.275821,0.005276,2370384,0.449310,0.700355,1.149665,0,10,1,1,128,8,10974,10974,219812,439624,108,20,5.000000,79,8
ELL OMP Transpose,O2,5409338.863193,5.409339,0.005409,2370384,0.438249,0.708314,1.146563,0,10,1,1,16,16,10974,10974,219812,439624,108,20,5.000000,79,8
ELL OMP Transpose,O2,5358346.375809,5.358346,0.005358,2370384,0.442431,0.707635,1.150066,0,10,1,1,64,16,10974,10974,219812,439624,108,20,5.000000,79,8
ELL OMP Transpose,O2,5282239.363637,5.282239,0.005282,2370384,0.448809,0.708449,1.157258,0,10,1,1,128,16,10974,10974,219812,439624,108,20,5.000000,79,8
ELL OMP Transpose,O2,5170117.880034,5.170118,0.005170,2370384,0.458624,0.708337,1.166961,0,10,1,1,16,32,10974,10974,219812,439624,108,20,5.000000,79,8
ELL OMP Transpose,O2,5359903.065484,5.359903,0.005360,2370384,0.442413,0.707483,1.149897,0,10,1,1,64,32,10974,10974,219812,439624,108,20,5.000000,79,8
ELL OMP Transpose,O2,4956007.333307,4.956007,0.004956,2370384,0.478526,0.713287,1.191813,0,10,1,1,128,32,10974,10974,219812,439624,108,20,5.000000,79,8
