Name,-O,FLOPS,MFLOPS,GFLOPS,FOP Count,Avg Run Time (s),Format Time (s),Total Time (s),Verification,Iters,Block Row,Block Col,K-Bound,Threads,Rows,Cols,NNZ,NNZ*2,Max Cols,Avg Cols,Col Ratio,Variance,Std Deviation
BCSR Serial Transpose,O2,32282505.770969,32.282506,0.032283,138944,0.004449,0.093160,0.097608,0,10,2,2,16,-1,2003,2003,42943,85886,84,21,4.000000,197,14
BCSR Serial Transpose,O2,51319186.127899,51.319186,0.051319,223008,0.004470,0.085530,0.090000,0,10,4,4,16,-1,2003,2003,42943,85886,84,21,4.000000,197,14
BCSR Serial Transpose,O2,133267042.456593,133.267042,0.133267,564736,0.004239,0.026500,0.030739,0,10,16,16,16,-1,2003,2003,42943,85886,84,21,4.000000,197,14
BCSR Serial Transpose,O2,23867316.803938,23.867317,0.023867,138944,0.006000,0.087961,0.093961,0,10,2,2,64,-1,2003,2003,42943,85886,84,21,4.000000,197,14
BCSR Serial Transpose,O2,41257189.925238,41.257190,0.041257,223008,0.005434,0.030647,0.036081,0,10,4,4,64,-1,2003,2003,42943,85886,84,21,4.000000,197,14
BCSR Serial Transpose,O2,50820599.205495,50.820599,0.050821,564736,0.011546,0.076868,0.088414,0,10,16,16,64,-1,2003,2003,42943,85886,84,21,4.000000,197,14
BCSR Serial Transpose,O2,22927604.359635,22.927604,0.022928,138944,0.006068,0.026478,0.032546,0,10,2,2,128,-1,2003,2003,42943,85886,84,21,4.000000,197,14
BCSR Serial Transpose,O2,22076511.539594,22.076512,0.022077,223008,0.010594,0.088246,0.098840,0,10,4,4,128,-1,2003,2003,42943,85886,84,21,4.000000,197,14
BCSR Serial Transpose,O2,29948589.909087,29.948590,0.029949,564736,0.019545,0.094382,0.113927,0,10,16,16,128,-1,2003,2003,42943,85886,84,21,4.000000,197,14
