Name,-O,FLOPS,MFLOPS,GFLOPS,FOP Count,Avg Run Time (s),Format Time (s),Total Time (s),Verification,Iters,Block Row,Block Col,K-Bound,Threads,Rows,Cols,NNZ,NNZ*2,Max Cols,Avg Cols,Col Ratio,Variance,Std Deviation
ELL OMP,O2,179251966.406478,179.251966,0.179252,336504,0.002918,0.088512,0.091430,0,10,1,1,16,8,2003,2003,42943,85886,84,21,4.000000,197,14
ELL OMP,O2,115071241.752679,115.071242,0.115071,336504,0.004894,0.054898,0.059792,0,10,1,1,64,8,2003,2003,42943,85886,84,21,4.000000,197,14
ELL OMP,O2,78062318.450884,78.062318,0.078062,336504,0.005216,0.082465,0.087681,0,10,1,1,128,8,2003,2003,42943,85886,84,21,4.000000,197,14
ELL OMP,O2,248086788.247632,248.086788,0.248087,336504,0.002400,0.035283,0.037683,0,10,1,1,16,16,2003,2003,42943,85886,84,21,4.000000,197,14
ELL OMP,O2,141299059.912483,141.299060,0.141299,336504,0.004194,0.080962,0.085156,0,10,1,1,64,16,2003,2003,42943,85886,84,21,4.000000,197,14
ELL OMP,O2,127247839.699705,127.247840,0.127248,336504,0.005504,0.054649,0.060153,0,10,1,1,128,16,2003,2003,42943,85886,84,21,4.000000,197,14
ELL OMP,O2,280999150.836724,280.999151,0.280999,336504,0.003289,0.058331,0.061620,0,10,1,1,16,32,2003,2003,42943,85886,84,21,4.000000,197,14
ELL OMP,O2,182754840.494204,182.754840,0.182755,336504,0.003669,0.081306,0.084975,0,10,1,1,64,32,2003,2003,42943,85886,84,21,4.000000,197,14
ELL OMP,O2,152957470.444834,152.957470,0.152957,336504,0.004782,0.066439,0.071221,0,10,1,1,128,32,2003,2003,42943,85886,84,21,4.000000,197,14
