Name,-O,FLOPS,MFLOPS,GFLOPS,FOP Count,Avg Run Time (s),Format Time (s),Total Time (s),Verification,Iters,Block Row,Block Col,K-Bound,Threads,Rows,Cols,NNZ,NNZ*2,Max Cols,Avg Cols,Col Ratio,Variance,Std Deviation
BCSR GPU,O2,677618765.648884,677.618766,0.677619,523592,0.000935,0.698926,0.699861,16,10,2,2,16,-1,10974,10974,219812,439624,108,20,5.000000,79,8
BCSR GPU,O2,840767398.241013,840.767398,0.840767,771328,0.001207,0.696554,0.697761,16,10,4,4,16,-1,10974,10974,219812,439624,108,20,5.000000,79,8
BCSR GPU,O2,278606343.462391,278.606343,0.278606,523592,0.001980,0.691472,0.693452,64,10,2,2,64,-1,10974,10974,219812,439624,108,20,5.000000,79,8
BCSR GPU,O2,333889570.420612,333.889570,0.333890,771328,0.002586,0.695967,0.698553,64,10,4,4,64,-1,10974,10974,219812,439624,108,20,5.000000,79,8
BCSR GPU,O2,156371064.839269,156.371065,0.156371,523592,0.003854,0.689417,0.693271,128,10,2,2,128,-1,10974,10974,219812,439624,108,20,5.000000,79,8
BCSR GPU,O2,223573790.880268,223.573791,0.223574,771328,0.003521,0.696414,0.699935,128,10,4,4,128,-1,10974,10974,219812,439624,108,20,5.000000,79,8
