Name,-O,FLOPS,MFLOPS,GFLOPS,FOP Count,Avg Run Time (s),Format Time (s),Total Time (s),Verification,Iters,Block Row,Block Col,K-Bound,Threads,Rows,Cols,NNZ,NNZ*2,Max Cols,Avg Cols,Col Ratio,Variance,Std Deviation
ELL Serial,O2,236445038.274767,236.445038,0.236445,4996080,0.021142,5.600430,5.621572,0,10,1,1,16,-1,62451,62451,2034917,4069834,40,32,1.000000,54,7
ELL Serial,O2,93057396.984038,93.057397,0.093057,4996080,0.053700,5.517291,5.570991,0,10,1,1,64,-1,62451,62451,2034917,4069834,40,32,1.000000,54,7
ELL Serial,O2,46691191.434025,46.691191,0.046691,4996080,0.107010,5.592847,5.699857,0,10,1,1,128,-1,62451,62451,2034917,4069834,40,32,1.000000,54,7
