Name,-O,FLOPS,MFLOPS,GFLOPS,FOP Count,Avg Run Time (s),Format Time (s),Total Time (s),Verification,Iters,Block Row,Block Col,K-Bound,Threads,Rows,Cols,NNZ,NNZ*2,Max Cols,Avg Cols,Col Ratio,Variance,Std Deviation
ELL GPU,O2,1400393138.739467,1400.393139,1.400393,131072,0.005290,0.196959,0.202249,0,10,1,1,16,-1,8192,8192,41746,83492,8,5,1.000000,0,0
ELL GPU,O2,1096314391.829648,1096.314392,1.096314,131072,0.002138,0.172743,0.174881,0,10,1,1,64,-1,8192,8192,41746,83492,8,5,1.000000,0,0
ELL GPU,O2,436952221.638590,436.952222,0.436952,131072,0.001906,0.111551,0.113457,0,10,1,1,128,-1,8192,8192,41746,83492,8,5,1.000000,0,0
