Name,-O,FLOPS,MFLOPS,GFLOPS,FOP Count,Avg Run Time (s),Format Time (s),Total Time (s),Verification,Iters,Block Row,Block Col,K-Bound,Threads,Rows,Cols,NNZ,NNZ*2,Max Cols,Avg Cols,Col Ratio,Variance,Std Deviation
BCSR GPU,O2,659915657.629513,659.915658,0.659916,34127432,0.054468,11.923758,11.978226,256,10,2,2,16,-1,72000,72000,14393817,28787634,481,199,2.000000,6652,81
BCSR GPU,O2,764240890.632234,764.240891,0.764241,39361088,0.055495,12.133453,12.188948,256,10,4,4,16,-1,72000,72000,14393817,28787634,481,199,2.000000,6652,81
BCSR GPU,O2,1099596845.403295,1099.596845,1.099597,71676416,0.067660,12.571784,12.639444,256,10,16,16,16,-1,72000,72000,14393817,28787634,481,199,2.000000,6652,81
BCSR GPU,O2,499049198.177075,499.049198,0.499049,34127432,0.071658,12.182712,12.254370,1024,10,2,2,64,-1,72000,72000,14393817,28787634,481,199,2.000000,6652,81
BCSR GPU,O2,526702015.301669,526.702015,0.526702,39361088,0.077190,12.159117,12.236307,1024,10,4,4,64,-1,72000,72000,14393817,28787634,481,199,2.000000,6652,81
BCSR GPU,O2,740070393.224814,740.070393,0.740070,71676416,0.099026,12.372290,12.471316,1024,10,16,16,64,-1,72000,72000,14393817,28787634,481,199,2.000000,6652,81
BCSR GPU,O2,389852561.098167,389.852561,0.389853,34127432,0.089919,12.187642,12.277561,2048,10,2,2,128,-1,72000,72000,14393817,28787634,481,199,2.000000,6652,81
BCSR GPU,O2,418003046.670856,418.003047,0.418003,39361088,0.097354,12.311962,12.409316,2048,10,4,4,128,-1,72000,72000,14393817,28787634,481,199,2.000000,6652,81
BCSR GPU,O2,601238225.709385,601.238226,0.601238,71676416,0.123182,12.559847,12.683029,2048,10,16,16,128,-1,72000,72000,14393817,28787634,481,199,2.000000,6652,81
