Name,-O,FLOPS,MFLOPS,GFLOPS,FOP Count,Avg Run Time (s),Format Time (s),Total Time (s),Verification,Iters,Block Row,Block Col,K-Bound,Threads,Rows,Cols,NNZ,NNZ*2,Max Cols,Avg Cols,Col Ratio,Variance,Std Deviation
ELL OMP,O2,561035774.043560,561.035774,0.561036,69264000,0.123728,12.736384,12.860112,0,10,1,1,16,8,72000,72000,14393817,28787634,481,199,2.000000,6652,81
ELL OMP,O2,317609032.031524,317.609032,0.317609,69264000,0.218206,12.804135,13.022341,0,10,1,1,64,8,72000,72000,14393817,28787634,481,199,2.000000,6652,81
ELL OMP,O2,209556879.283369,209.556879,0.209557,69264000,0.330752,12.796777,13.127529,0,10,1,1,128,8,72000,72000,14393817,28787634,481,199,2.000000,6652,81
ELL OMP,O2,749674071.025984,749.674071,0.749674,69264000,0.092919,12.870656,12.963575,0,10,1,1,16,16,72000,72000,14393817,28787634,481,199,2.000000,6652,81
ELL OMP,O2,448352879.031260,448.352879,0.448353,69264000,0.154739,12.862335,13.017074,0,10,1,1,64,16,72000,72000,14393817,28787634,481,199,2.000000,6652,81
ELL OMP,O2,314643047.653830,314.643048,0.314643,69264000,0.220343,12.747058,12.967401,0,10,1,1,128,16,72000,72000,14393817,28787634,481,199,2.000000,6652,81
ELL OMP,O2,969101430.351982,969.101430,0.969101,69264000,0.072443,12.834783,12.907226,0,10,1,1,16,32,72000,72000,14393817,28787634,481,199,2.000000,6652,81
ELL OMP,O2,598323048.477458,598.323048,0.598323,69264000,0.116360,12.802487,12.918848,0,10,1,1,64,32,72000,72000,14393817,28787634,481,199,2.000000,6652,81
ELL OMP,O2,426523321.110739,426.523321,0.426523,69264000,0.162706,12.764201,12.926907,0,10,1,1,128,32,72000,72000,14393817,28787634,481,199,2.000000,6652,81
