Name,-O,FLOPS,MFLOPS,GFLOPS,FOP Count,Avg Run Time (s),Format Time (s),Total Time (s),Verification,Iters,Block Row,Block Col,K-Bound,Threads,Rows,Cols,NNZ,NNZ*2,Max Cols,Avg Cols,Col Ratio,Variance,Std Deviation
ELL OMP,O2,57822256.007488,57.822256,0.057822,655360,0.011606,8.205131,8.216737,0,10,1,1,16,8,81920,81920,204800,409600,4,2,2.000000,0,0
ELL OMP,O2,28835984.396923,28.835984,0.028836,655360,0.023116,8.168498,8.191614,0,10,1,1,64,8,81920,81920,204800,409600,4,2,2.000000,0,0
ELL OMP,O2,21488592.359690,21.488592,0.021489,655360,0.031139,8.098878,8.130017,0,10,1,1,128,8,81920,81920,204800,409600,4,2,2.000000,0,0
ELL OMP,O2,99168485.304912,99.168485,0.099168,655360,0.007770,8.284036,8.291806,0,10,1,1,16,16,81920,81920,204800,409600,4,2,2.000000,0,0
ELL OMP,O2,40281052.990076,40.281053,0.040281,655360,0.017206,8.228272,8.245478,0,10,1,1,64,16,81920,81920,204800,409600,4,2,2.000000,0,0
ELL OMP,O2,29250570.544601,29.250571,0.029251,655360,0.023519,8.217154,8.240673,0,10,1,1,128,16,81920,81920,204800,409600,4,2,2.000000,0,0
ELL OMP,O2,119946276.221173,119.946276,0.119946,655360,0.008242,8.208100,8.216342,0,10,1,1,16,32,81920,81920,204800,409600,4,2,2.000000,0,0
ELL OMP,O2,59532718.908685,59.532719,0.059533,655360,0.012875,8.218079,8.230954,0,10,1,1,64,32,81920,81920,204800,409600,4,2,2.000000,0,0
ELL OMP,O2,37544551.702396,37.544552,0.037545,655360,0.019107,8.226439,8.245546,0,10,1,1,128,32,81920,81920,204800,409600,4,2,2.000000,0,0
