Name,-O,FLOPS,MFLOPS,GFLOPS,FOP Count,Avg Run Time (s),Format Time (s),Total Time (s),Verification,Iters,Block Row,Block Col,K-Bound,Threads,Rows,Cols,NNZ,NNZ*2,Max Cols,Avg Cols,Col Ratio,Variance,Std Deviation
BCSR Serial,O2,88105388.179219,88.105388,0.088105,902400,0.010247,8.073842,8.084089,0,10,2,2,16,-1,81920,81920,204800,409600,4,2,2.000000,0,0
BCSR Serial,O2,151111180.422812,151.111180,0.151111,1638400,0.010843,8.169627,8.180470,0,10,4,4,16,-1,81920,81920,204800,409600,4,2,2.000000,0,0
BCSR Serial,O2,234211817.908461,234.211818,0.234212,6553600,0.027990,8.126230,8.154220,0,10,16,16,16,-1,81920,81920,204800,409600,4,2,2.000000,0,0
BCSR Serial,O2,35587763.596835,35.587764,0.035588,902400,0.025367,8.147728,8.173094,0,10,2,2,64,-1,81920,81920,204800,409600,4,2,2.000000,0,0
BCSR Serial,O2,58765262.849726,58.765263,0.058765,1638400,0.028000,8.043416,8.071416,0,10,4,4,64,-1,81920,81920,204800,409600,4,2,2.000000,0,0
BCSR Serial,O2,88601275.867620,88.601276,0.088601,6553600,0.073978,8.158646,8.232624,0,10,16,16,64,-1,81920,81920,204800,409600,4,2,2.000000,0,0
BCSR Serial,O2,23699825.085785,23.699825,0.023700,902400,0.038084,8.066761,8.104845,0,10,2,2,128,-1,81920,81920,204800,409600,4,2,2.000000,0,0
BCSR Serial,O2,33062177.290082,33.062177,0.033062,1638400,0.049558,8.103462,8.153020,0,10,4,4,128,-1,81920,81920,204800,409600,4,2,2.000000,0,0
BCSR Serial,O2,53239914.107374,53.239914,0.053240,6553600,0.123109,8.267224,8.390333,0,10,16,16,128,-1,81920,81920,204800,409600,4,2,2.000000,0,0
