Name,-O,FLOPS,MFLOPS,GFLOPS,FOP Count,Avg Run Time (s),Format Time (s),Total Time (s),Verification,Iters,Block Row,Block Col,K-Bound,Threads,Rows,Cols,NNZ,NNZ*2,Max Cols,Avg Cols,Col Ratio,Variance,Std Deviation
ELL GPU,O2,65731563.206535,65.731563,0.065732,655360,0.018042,8.176499,8.194541,0,10,1,1,16,-1,81920,81920,204800,409600,4,2,2.000000,0,0
ELL GPU,O2,43755745.464735,43.755745,0.043756,655360,0.022321,8.002983,8.025304,0,10,1,1,64,-1,81920,81920,204800,409600,4,2,2.000000,0,0
ELL GPU,O2,35089065.810175,35.089066,0.035089,655360,0.025365,8.042551,8.067916,0,10,1,1,128,-1,81920,81920,204800,409600,4,2,2.000000,0,0
