Name,Avg Run Time (s),Format Time (s),Total Time (s),GFLOPS,Verification,Iters,Block Row,Block Col,K-Bound,Threads,FOP Count,Rows,Cols,NNZ,Max Cols,Avg Cols,Variance,Std Deviation
csr_serial_O2,0.015045,2.391386,2.406431,10609.759114,0,10,1,1,16,-1,159549504894,36417,36417,2190591,184,60,753,27
ell_serial_O2,0.046334,2.650411,2.696745,10535.069884,0,10,1,1,16,-1,488040823152,36417,36417,2190591,184,60,753,27
csr_omp_O2,0.010977,2.336066,2.347043,48923.473752,0,10,1,1,16,8,159549504894,36417,36417,2190591,184,60,753,27
csr_omp_O2,0.008398,2.324732,2.33313,89627.950996,0,10,1,1,16,16,159549504894,36417,36417,2190591,184,60,753,27
csr_omp_O2,0.009007,2.307775,2.316782,143676.910467,0,10,1,1,16,32,159549504894,36417,36417,2190591,184,60,753,27
ell_omp_O2,0.020055,2.596255,2.61631,49043.718503,0,10,1,1,16,8,488040823152,36417,36417,2190591,184,60,753,27
ell_omp_O2,0.013508,2.471897,2.485405,103960.31676,0,10,1,1,16,16,488040823152,36417,36417,2190591,184,60,753,27
ell_omp_O2,0.020107,2.489026,2.509133,120240.698906,0,10,1,1,16,32,488040823152,36417,36417,2190591,184,60,753,27
