Name,Avg Run Time (s),Format Time (s),Total Time (s),Verification,Iters,Block Row,Block Col,Threads,Rows,Cols,NNZ,Max Cols,Avg Cols
csr_serial,1.067247,1.387801,2.455048,0,1,1,1,-1,10974,10974,219812,0,0
bcsr_serial 1 x 1,0.438381,9.106034,9.544415,0,1,1,1,-1,10974,10974,219812,0,0
bcsr_serial 2 x 2,0.509829,8.912256,9.422085,0,1,2,2,-1,10974,10974,219812,0,0
bcsr_serial 4 x 4,0.711799,9.133802,9.845601,0,1,4,4,-1,10974,10974,219812,0,0
bcsr_serial 8 x 8,1.096451,8.940359,10.036810,0,1,8,8,-1,10974,10974,219812,0,0
bcsr_serial 16 x 16,1.869699,8.912545,10.782244,0,1,16,16,-1,10974,10974,219812,0,0
bcsr_serial 32 x 32,3.370469,8.899714,12.270183,0,1,32,32,-1,10974,10974,219812,0,0
