COO (serial),0.001264
COO,0.001648
CSR (serial),0.001421
CSR,0.001233
ELL (serial),0.007217
ELL,0.00333
BCSR 1x1 (serial),0.00244
BCSR 1x1,0.002118
BCSR 2x2 (serial),0.00227
BCSR 2x2,0.002387
BCSR 4x4 (serial),0.002967
BCSR 4x4,0.003052
BCSR 16x16 (serial),0.007404
BCSR 16x16,0.004278
BELL 1x1 (serial),0.00127
BELL 1x1,0.002781
BELL 2x2 (serial),0.001397
BELL 2x2,0.002222
BELL 4x4 (serial),0.001503
BELL 4x4,0.00167
BELL 16x16 (serial),0.001694
BELL 16x16,0.001814
