Name,Avg Run Time (s),Format Time (s),Total Time (s),Verification,Iters,Block Row,Block Col,Threads,Rows,Cols,NNZ,Max Cols,Avg Cols
csr_serial,0.010071,0.029864,0.039935,0,100,1,1,-1,1024,1024,32768,0,0
bcsr_serial 1 x 1,0.006033,0.085194,0.091227,417792,100,1,1,-1,1024,1024,32768,0,0
bcsr_serial 2 x 2,0.020573,0.094675,0.115248,417792,100,2,2,-1,1024,1024,32768,0,0
bcsr_serial 4 x 4,0.067120,0.096741,0.163861,417792,100,4,4,-1,1024,1024,32768,0,0
bcsr_serial 8 x 8,0.157168,0.117993,0.275161,417792,100,8,8,-1,1024,1024,32768,0,0
bcsr_serial 16 x 16,0.169751,0.106017,0.275768,417792,100,16,16,-1,1024,1024,32768,0,0
bcsr_serial 32 x 32,0.170071,0.094410,0.264481,417792,100,32,32,-1,1024,1024,32768,0,0
