Name,Avg Run Time (s),Format Time (s),Total Time (s),Verification,Iters,Block Row,Block Col,Threads,Rows,Cols,NNZ,Max Cols,Avg Cols
csr_serial,0.016413,0.020675,0.037088,1024,100,1,1,-1,1024,1024,32768,0,0
bcsr_serial 1 x 1,0.017430,0.053804,0.071234,417792,100,1,1,-1,1024,1024,32768,0,0
bcsr_serial 2 x 2,0.064461,0.056644,0.121105,417792,100,2,2,-1,1024,1024,32768,0,0
bcsr_serial 4 x 4,0.213313,0.064828,0.278141,417792,100,4,4,-1,1024,1024,32768,0,0
bcsr_serial 8 x 8,0.461436,0.078432,0.539868,417792,100,8,8,-1,1024,1024,32768,0,0
bcsr_serial 16 x 16,0.534231,0.062503,0.596734,417792,100,16,16,-1,1024,1024,32768,0,0
bcsr_serial 32 x 32,0.529864,0.062782,0.592646,417792,100,32,32,-1,1024,1024,32768,0,0
