Name,Avg Run Time (s),Format Time (s),Total Time (s),Verification,Iters,Block Row,Block Col,Threads,Rows,Cols,NNZ,Max Cols,Avg Cols
csr_serial,36.145398,14.659859,50.805257,0,1,1,1,-1,36417,36417,2190591,0,0
bcsr_serial 1 x 1,13.162587,127.618533,140.781120,0,1,1,1,-1,36417,36417,2190591,0,0
bcsr_serial 2 x 2,15.280964,125.881984,141.162948,0,1,2,2,-1,36417,36417,2190591,0,0
bcsr_serial 4 x 4,19.813484,130.433814,150.247298,0,1,4,4,-1,36417,36417,2190591,0,0
bcsr_serial 8 x 8,26.950706,126.857187,153.807893,0,1,8,8,-1,36417,36417,2190591,0,0
bcsr_serial 16 x 16,38.834031,126.889394,165.723425,0,1,16,16,-1,36417,36417,2190591,0,0
bcsr_serial 32 x 32,60.264159,127.543906,187.808065,0,1,32,32,-1,36417,36417,2190591,0,0
