Name,Avg Run Time (s),Format Time (s),Total Time (s),GFLOPS,Verification,Iters,Block Row,Block Col,K-Bound,Threads,FOP Count,Rows,Cols,NNZ,Max Cols,Avg Cols,Variance,Std Deviation
bcsstk17,0.001421,0.316213,0.317634,3411.199223,0,10,1,1,16,-1,4824433776,10974,10974,219812,108,20,79,8
cant,0.013108,5.583268,5.596376,19391.243247,0,10,1,1,16,-1,254165203134,62451,62451,2034917,40,32,54,7
cop20k_A,0.056626,17.878033,17.934659,5831.428404,0,10,1,1,16,-1,330148095408,121192,121192,1362087,24,11,45,6
pdb1HYS,0.015045,2.391386,2.406431,10609.759114,0,10,1,1,16,-1,159549504894,36417,36417,2190591,184,60,753,27
rma10,0.018854,3.408547,3.427401,11797.694978,0,10,1,1,16,-1,222372673670,46835,46835,2374001,145,50,772,27
