Name,Avg Run Time (s),Format Time (s),Total Time (s),GFLOPS,Verification,Iters,Block Row,Block Col,K-Bound,Threads,FOP Count,Rows,Cols,NNZ,Max Cols,Avg Cols,Variance,Std Deviation
bcsstk17,0.0096,0.209178,0.218778,26580.495614,0,10,1,1,16,-1,4824433776,10974,10974,219812,108,20,79,8
cant,0.023802,5.390271,5.414073,13126.145916,0,10,1,1,16,-1,254165203134,62451,62451,2034917,40,32,54,7
cop20k_A,0.028935,18.063791,18.092726,13593.590281,0,10,1,1,16,-1,330148095408,121192,121192,1362087,24,11,45,6
pdb1HYS,0.009144,2.378599,2.387743,198257.398737,0,10,1,1,16,-1,159549504894,36417,36417,2190591,184,60,753,27
rma10,0.015092,3.35991,3.375002,25868.512025,0,10,1,1,16,-1,222372673670,46835,46835,2374001,145,50,772,27
