Name,Avg Run Time (s),Format Time (s),Total Time (s),GFLOPS,Verification,Iters,Block Row,Block Col,Threads,FOP Count,Rows,Cols,NNZ,Max Cols,Avg Cols,Variance,Std Deviation
csr_serial,0.007226,0.022311,0.029537,4.643576,0,1,1,1,-1,33554432,1024,1024,16384,16,16,0,0
bcsr_serial 1 x 1,0.004195,0.111969,0.116164,7.939160,121856,1,1,1,-1,33304576,1024,1024,16384,16,16,0,0
bcsr_serial 2 x 2,0.013451,0.114041,0.127492,9.672641,121856,1,2,2,-1,130105344,1024,1024,16384,16,16,0,0
bcsr_serial 4 x 4,0.045838,0.127406,0.173244,10.344844,121856,1,4,4,-1,474185728,1024,1024,16384,16,16,0,0
bcsr_serial 8 x 8,0.096615,0.145559,0.242174,14.071083,121856,1,8,8,-1,1359478784,1024,1024,16384,16,16,0,0
bcsr_serial 16 x 16,0.135704,0.133817,0.269521,15.565906,121856,1,16,16,-1,2112356352,1024,1024,16384,16,16,0,0
bcsr_serial 32 x 32,0.137886,0.091031,0.228917,15.574363,121856,1,32,32,-1,2147483648,1024,1024,16384,16,16,0,0
