Name,Avg Run Time (s),Format Time (s),Total Time (s),GFLOPS,Verification,Iters,Block Row,Block Col,K-Bound,Threads,FOP Count,Rows,Cols,NNZ,Max Cols,Avg Cols,Variance,Std Deviation
bcsstk17,0.007772,0.313592,0.321363,108.180832,395030,10,1,1,16,-1,7033984,10974,10974,219812,108,20,79,8
cant,0.023984,5.324729,5.348713,2.933677,3033670,10,1,1,16,-1,65117344,62451,62451,2034917,40,32,54,7
cop20k_A,0.028559,17.407294,17.435853,2.09822,2958813,10,1,1,16,-1,43586784,121192,121192,1362087,24,11,45,6
pdb1HYS,0.009215,2.367883,2.377098,93.386255,2772204,10,1,1,16,-1,70098912,36417,36417,2190591,184,60,753,27
rma10,0.017421,3.355939,3.37336,8.745024,3078073,10,1,1,16,-1,75968032,46835,46835,2374001,145,50,772,27
