Name,-O,FLOPS,MFLOPS,GFLOPS,FOP Count,Avg Run Time (s),Format Time (s),Total Time (s),Verification,Iters,Block Row,Block Col,K-Bound,Threads,Rows,Cols,NNZ,NNZ*2,Max Cols,Avg Cols,Col Ratio,Variance,Std Deviation
ELL OMP,O2,133908655.259909,133.908655,0.133909,4871616,0.036644,12.680322,12.716966,0,10,1,1,16,8,101492,101492,874378,1748756,24,8,3.000000,14,3
ELL OMP,O2,81189239.533094,81.189240,0.081189,4871616,0.060418,12.702950,12.763368,0,10,1,1,64,8,101492,101492,874378,1748756,24,8,3.000000,14,3
ELL OMP,O2,62268203.393522,62.268203,0.062268,4871616,0.078406,12.570618,12.649024,0,10,1,1,128,8,101492,101492,874378,1748756,24,8,3.000000,14,3
ELL OMP,O2,179225491.351945,179.225491,0.179225,4871616,0.027883,12.713090,12.740973,0,10,1,1,16,16,101492,101492,874378,1748756,24,8,3.000000,14,3
ELL OMP,O2,111353826.009065,111.353826,0.111354,4871616,0.044275,12.867718,12.911993,0,10,1,1,64,16,101492,101492,874378,1748756,24,8,3.000000,14,3
ELL OMP,O2,82571355.684595,82.571356,0.082571,4871616,0.059326,12.658175,12.717501,0,10,1,1,128,16,101492,101492,874378,1748756,24,8,3.000000,14,3
ELL OMP,O2,239296923.713824,239.296924,0.239297,4871616,0.021969,12.745563,12.767532,0,10,1,1,16,32,101492,101492,874378,1748756,24,8,3.000000,14,3
ELL OMP,O2,141331281.539395,141.331282,0.141331,4871616,0.035406,12.716669,12.752075,0,10,1,1,64,32,101492,101492,874378,1748756,24,8,3.000000,14,3
ELL OMP,O2,106813520.117871,106.813520,0.106814,4871616,0.047064,12.753048,12.800112,0,10,1,1,128,32,101492,101492,874378,1748756,24,8,3.000000,14,3
