Name,-O,FLOPS,MFLOPS,GFLOPS,FOP Count,Avg Run Time (s),Format Time (s),Total Time (s),Verification,Iters,Block Row,Block Col,K-Bound,Threads,Rows,Cols,NNZ,NNZ*2,Max Cols,Avg Cols,Col Ratio,Variance,Std Deviation
BCSR GPU,O2,7008067357.210811,7008.067357,7.008067,1195456,0.006106,1.015377,1.021483,480,10,2,2,16,-1,23560,23560,484256,968512,21,20,1.000000,1,1
BCSR GPU,O2,6609263946.209687,6609.263946,6.609264,1649344,0.007730,1.036019,1.043749,480,10,4,4,16,-1,23560,23560,484256,968512,21,20,1.000000,1,1
BCSR GPU,O2,13099896666.576107,13099.896667,13.099897,6667776,0.008917,1.092400,1.101317,480,10,16,16,16,-1,23560,23560,484256,968512,21,20,1.000000,1,1
BCSR GPU,O2,2492825376.791970,2492.825377,2.492825,1195456,0.008301,1.030231,1.038532,1920,10,2,2,64,-1,23560,23560,484256,968512,21,20,1.000000,1,1
BCSR GPU,O2,3776889331.239985,3776.889331,3.776889,1649344,0.007391,1.038890,1.046281,1920,10,4,4,64,-1,23560,23560,484256,968512,21,20,1.000000,1,1
BCSR GPU,O2,6615220452.416840,6615.220452,6.615220,6667776,0.008463,1.051264,1.059727,1920,10,16,16,64,-1,23560,23560,484256,968512,21,20,1.000000,1,1
BCSR GPU,O2,1619533119.489244,1619.533119,1.619533,1195456,0.006389,0.970289,0.976678,3840,10,2,2,128,-1,23560,23560,484256,968512,21,20,1.000000,1,1
BCSR GPU,O2,3008724303.472691,3008.724303,3.008724,1649344,0.006771,1.006880,1.013651,3840,10,4,4,128,-1,23560,23560,484256,968512,21,20,1.000000,1,1
BCSR GPU,O2,2737604663.509315,2737.604664,2.737605,6667776,0.011591,1.040822,1.052414,3840,10,16,16,128,-1,23560,23560,484256,968512,21,20,1.000000,1,1
