Name,-O,FLOPS,MFLOPS,GFLOPS,FOP Count,Avg Run Time (s),Format Time (s),Total Time (s),Verification,Iters,Block Row,Block Col,K-Bound,Threads,Rows,Cols,NNZ,NNZ*2,Max Cols,Avg Cols,Col Ratio,Variance,Std Deviation
ELL Serial,O2,171202759.118517,171.202759,0.171203,336504,0.001977,0.084099,0.086076,0,10,1,1,16,-1,2003,2003,42943,85886,84,21,4.000000,197,14
ELL Serial,O2,79347374.677366,79.347375,0.079347,336504,0.004335,0.083177,0.087513,0,10,1,1,64,-1,2003,2003,42943,85886,84,21,4.000000,197,14
ELL Serial,O2,44907742.086726,44.907742,0.044908,336504,0.007811,0.084408,0.092219,0,10,1,1,128,-1,2003,2003,42943,85886,84,21,4.000000,197,14
