Name,-O,FLOPS,MFLOPS,GFLOPS,FOP Count,Avg Run Time (s),Format Time (s),Total Time (s),Verification,Iters,Block Row,Block Col,K-Bound,Threads,Rows,Cols,NNZ,NNZ*2,Max Cols,Avg Cols,Col Ratio,Variance,Std Deviation
ELL OMP,O2,149258573.994550,149.258574,0.149259,4996080,0.034233,5.556056,5.590289,0,10,1,1,16,8,62451,62451,2034917,4069834,40,32,1.000000,54,7
ELL OMP,O2,87925569.284702,87.925569,0.087926,4996080,0.057029,5.646974,5.704003,0,10,1,1,64,8,62451,62451,2034917,4069834,40,32,1.000000,54,7
ELL OMP,O2,63383283.105700,63.383283,0.063383,4996080,0.079101,5.636026,5.715127,0,10,1,1,128,8,62451,62451,2034917,4069834,40,32,1.000000,54,7
ELL OMP,O2,192050412.204025,192.050412,0.192050,4996080,0.026753,5.636723,5.663476,0,10,1,1,16,16,62451,62451,2034917,4069834,40,32,1.000000,54,7
ELL OMP,O2,122950141.977109,122.950142,0.122950,4996080,0.041229,5.637094,5.678323,0,10,1,1,64,16,62451,62451,2034917,4069834,40,32,1.000000,54,7
ELL OMP,O2,86521018.998945,86.521019,0.086521,4996080,0.058193,5.641801,5.699994,0,10,1,1,128,16,62451,62451,2034917,4069834,40,32,1.000000,54,7
ELL OMP,O2,243421882.442197,243.421882,0.243422,4996080,0.022541,5.601086,5.623627,0,10,1,1,16,32,62451,62451,2034917,4069834,40,32,1.000000,54,7
ELL OMP,O2,147349965.471944,147.349965,0.147350,4996080,0.035295,5.595802,5.631097,0,10,1,1,64,32,62451,62451,2034917,4069834,40,32,1.000000,54,7
ELL OMP,O2,111726037.731991,111.726038,0.111726,4996080,0.046187,5.627240,5.673427,0,10,1,1,128,32,62451,62451,2034917,4069834,40,32,1.000000,54,7
