Name,-O,FLOPS,MFLOPS,GFLOPS,FOP Count,Avg Run Time (s),Format Time (s),Total Time (s),Verification,Iters,Block Row,Block Col,K-Bound,Threads,Rows,Cols,NNZ,NNZ*2,Max Cols,Avg Cols,Col Ratio,Variance,Std Deviation
ELL Serial,O2,123883778.256550,123.883778,0.123884,5817216,0.046986,17.423007,17.469993,0,10,1,1,16,-1,121192,121192,1362087,2724174,24,11,2.000000,45,6
ELL Serial,O2,57150414.160508,57.150414,0.057150,5817216,0.101817,17.651079,17.752896,0,10,1,1,64,-1,121192,121192,1362087,2724174,24,11,2.000000,45,6
ELL Serial,O2,31319706.185201,31.319706,0.031320,5817216,0.185752,17.495141,17.680893,0,10,1,1,128,-1,121192,121192,1362087,2724174,24,11,2.000000,45,6
