Name,-O,FLOPS,MFLOPS,GFLOPS,FOP Count,Avg Run Time (s),Format Time (s),Total Time (s),Verification,Iters,Block Row,Block Col,K-Bound,Threads,Rows,Cols,NNZ,NNZ*2,Max Cols,Avg Cols,Col Ratio,Variance,Std Deviation
ELL OMP,O2,131418690.442228,131.418690,0.131419,5817216,0.044556,17.706133,17.750689,0,10,1,1,16,8,121192,121192,1362087,2724174,24,11,2.000000,45,6
ELL OMP,O2,83570195.342926,83.570195,0.083570,5817216,0.070541,17.697095,17.767636,0,10,1,1,64,8,121192,121192,1362087,2724174,24,11,2.000000,45,6
ELL OMP,O2,62365040.904148,62.365041,0.062365,5817216,0.093490,17.908608,18.002098,0,10,1,1,128,8,121192,121192,1362087,2724174,24,11,2.000000,45,6
ELL OMP,O2,191331143.917475,191.331144,0.191331,5817216,0.030982,17.644652,17.675634,0,10,1,1,16,16,121192,121192,1362087,2724174,24,11,2.000000,45,6
ELL OMP,O2,112891566.449872,112.891566,0.112892,5817216,0.053054,17.668803,17.721857,0,10,1,1,64,16,121192,121192,1362087,2724174,24,11,2.000000,45,6
ELL OMP,O2,86541768.094043,86.541768,0.086542,5817216,0.067573,17.736161,17.803734,0,10,1,1,128,16,121192,121192,1362087,2724174,24,11,2.000000,45,6
ELL OMP,O2,223214521.533350,223.214522,0.223215,5817216,0.028206,17.684528,17.712734,0,10,1,1,16,32,121192,121192,1362087,2724174,24,11,2.000000,45,6
ELL OMP,O2,145178650.687365,145.178651,0.145179,5817216,0.041428,17.851333,17.892761,0,10,1,1,64,32,121192,121192,1362087,2724174,24,11,2.000000,45,6
ELL OMP,O2,112417822.378056,112.417822,0.112418,5817216,0.053133,17.763189,17.816322,0,10,1,1,128,32,121192,121192,1362087,2724174,24,11,2.000000,45,6
