Name,-O,FLOPS,MFLOPS,GFLOPS,FOP Count,Avg Run Time (s),Format Time (s),Total Time (s),Verification,Iters,Block Row,Block Col,K-Bound,Threads,Rows,Cols,NNZ,NNZ*2,Max Cols,Avg Cols,Col Ratio,Variance,Std Deviation
BCSR Serial,O2,227060028.529210,227.060029,0.227060,18156152,0.079962,7.570777,7.650739,32,10,2,2,16,-1,63838,63838,7106348,14212696,297,111,2.000000,2339,48
BCSR Serial,O2,245344307.862310,245.344308,0.245344,27377088,0.111588,7.705640,7.817228,32,10,4,4,16,-1,63838,63838,7106348,14212696,297,111,2.000000,2339,48
BCSR Serial,O2,281799877.277810,281.799877,0.281800,77609472,0.275407,8.182971,8.458378,32,10,16,16,16,-1,63838,63838,7106348,14212696,297,111,2.000000,2339,48
BCSR Serial,O2,93581500.911080,93.581501,0.093582,18156152,0.194017,7.667937,7.861954,128,10,2,2,64,-1,63838,63838,7106348,14212696,297,111,2.000000,2339,48
BCSR Serial,O2,96625930.052456,96.625930,0.096626,27377088,0.283332,7.580784,7.864116,128,10,4,4,64,-1,63838,63838,7106348,14212696,297,111,2.000000,2339,48
BCSR Serial,O2,99634751.838241,99.634752,0.099635,77609472,0.778940,8.169749,8.948689,128,10,16,16,64,-1,63838,63838,7106348,14212696,297,111,2.000000,2339,48
BCSR Serial,O2,50920811.317976,50.920811,0.050921,18156152,0.356565,7.526401,7.882966,256,10,2,2,128,-1,63838,63838,7106348,14212696,297,111,2.000000,2339,48
BCSR Serial,O2,51810896.795510,51.810897,0.051811,27377088,0.528407,7.710804,8.239211,256,10,4,4,128,-1,63838,63838,7106348,14212696,297,111,2.000000,2339,48
BCSR Serial,O2,55376527.583339,55.376528,0.055377,77609472,1.401488,8.064197,9.465685,256,10,16,16,128,-1,63838,63838,7106348,14212696,297,111,2.000000,2339,48
