Name,-O,FLOPS,MFLOPS,GFLOPS,FOP Count,Avg Run Time (s),Format Time (s),Total Time (s),Verification,Iters,Block Row,Block Col,K-Bound,Threads,Rows,Cols,NNZ,NNZ*2,Max Cols,Avg Cols,Col Ratio,Variance,Std Deviation
ELL OMP,O2,425231416.618089,425.231417,0.425231,37919772,0.089860,7.990218,8.080078,0,10,1,1,16,8,63838,63838,7106348,14212696,297,111,2.000000,2339,48
ELL OMP,O2,237295332.007768,237.295332,0.237295,37919772,0.160206,7.943255,8.103461,0,10,1,1,64,8,63838,63838,7106348,14212696,297,111,2.000000,2339,48
ELL OMP,O2,170718807.519762,170.718808,0.170719,37919772,0.222177,7.986267,8.208444,0,10,1,1,128,8,63838,63838,7106348,14212696,297,111,2.000000,2339,48
ELL OMP,O2,548911818.651864,548.911819,0.548912,37919772,0.069679,7.918671,7.988349,0,10,1,1,16,16,63838,63838,7106348,14212696,297,111,2.000000,2339,48
ELL OMP,O2,321094526.128928,321.094526,0.321095,37919772,0.118243,7.975145,8.093388,0,10,1,1,64,16,63838,63838,7106348,14212696,297,111,2.000000,2339,48
ELL OMP,O2,239186146.066857,239.186146,0.239186,37919772,0.159013,7.929193,8.088206,0,10,1,1,128,16,63838,63838,7106348,14212696,297,111,2.000000,2339,48
ELL OMP,O2,749050634.873309,749.050635,0.749051,37919772,0.051589,7.956364,8.007954,0,10,1,1,16,32,63838,63838,7106348,14212696,297,111,2.000000,2339,48
ELL OMP,O2,434975120.461819,434.975120,0.434975,37919772,0.088009,7.935482,8.023491,0,10,1,1,64,32,63838,63838,7106348,14212696,297,111,2.000000,2339,48
ELL OMP,O2,326266191.351719,326.266191,0.326266,37919772,0.116940,7.933872,8.050812,0,10,1,1,128,32,63838,63838,7106348,14212696,297,111,2.000000,2339,48
