Name,-O,FLOPS,MFLOPS,GFLOPS,FOP Count,Avg Run Time (s),Format Time (s),Total Time (s),Verification,Iters,Block Row,Block Col,K-Bound,Threads,Rows,Cols,NNZ,NNZ*2,Max Cols,Avg Cols,Col Ratio,Variance,Std Deviation
BCSR Serial,O2,201677958.286633,201.677958,0.201678,167744,0.000834,0.188090,0.188924,0,10,2,2,16,-1,8192,8192,41746,83492,8,5,1.000000,0,0
BCSR Serial,O2,265193684.400091,265.193684,0.265194,335232,0.001270,0.189850,0.191120,0,10,4,4,16,-1,8192,8192,41746,83492,8,5,1.000000,0,0
BCSR Serial,O2,298211031.645708,298.211032,0.298211,1316864,0.004418,0.210198,0.214616,0,10,16,16,16,-1,8192,8192,41746,83492,8,5,1.000000,0,0
BCSR Serial,O2,86548149.154213,86.548149,0.086548,167744,0.001954,0.119898,0.121852,0,10,2,2,64,-1,8192,8192,41746,83492,8,5,1.000000,0,0
BCSR Serial,O2,105311606.313188,105.311606,0.105312,335232,0.003193,0.159670,0.162863,0,10,4,4,64,-1,8192,8192,41746,83492,8,5,1.000000,0,0
BCSR Serial,O2,120102351.565372,120.102352,0.120102,1316864,0.010971,0.161235,0.172206,0,10,16,16,64,-1,8192,8192,41746,83492,8,5,1.000000,0,0
BCSR Serial,O2,42525459.251923,42.525459,0.042525,167744,0.003973,0.106623,0.110596,0,10,2,2,128,-1,8192,8192,41746,83492,8,5,1.000000,0,0
BCSR Serial,O2,57686468.501927,57.686469,0.057686,335232,0.005840,0.199573,0.205413,0,10,4,4,128,-1,8192,8192,41746,83492,8,5,1.000000,0,0
BCSR Serial,O2,68267708.198972,68.267708,0.068268,1316864,0.019303,0.116843,0.136146,0,10,16,16,128,-1,8192,8192,41746,83492,8,5,1.000000,0,0
