Name,-O,FLOPS,MFLOPS,GFLOPS,FOP Count,Avg Run Time (s),Format Time (s),Total Time (s),Verification,Iters,Block Row,Block Col,K-Bound,Threads,Rows,Cols,NNZ,NNZ*2,Max Cols,Avg Cols,Col Ratio,Variance,Std Deviation
ELL OMP,O2,750682334.551968,750.682335,0.750682,131072,0.001084,0.194903,0.195987,0,10,1,1,16,8,8192,8192,41746,83492,8,5,1.000000,0,0
ELL OMP,O2,177855630.850789,177.855631,0.177856,131072,0.001659,0.185045,0.186704,0,10,1,1,64,8,8192,8192,41746,83492,8,5,1.000000,0,0
ELL OMP,O2,159354858.578042,159.354859,0.159355,131072,0.002254,0.108599,0.110853,0,10,1,1,128,8,8192,8192,41746,83492,8,5,1.000000,0,0
ELL OMP,O2,916046627.790779,916.046628,0.916047,131072,0.001073,0.108342,0.109415,0,10,1,1,16,16,8192,8192,41746,83492,8,5,1.000000,0,0
ELL OMP,O2,319791814.598197,319.791815,0.319792,131072,0.001465,0.178023,0.179488,0,10,1,1,64,16,8192,8192,41746,83492,8,5,1.000000,0,0
ELL OMP,O2,377789832.865321,377.789833,0.377790,131072,0.001740,0.107868,0.109608,0,10,1,1,128,16,8192,8192,41746,83492,8,5,1.000000,0,0
ELL OMP,O2,1543391265.569931,1543.391266,1.543391,131072,0.001469,0.114977,0.116446,0,10,1,1,16,32,8192,8192,41746,83492,8,5,1.000000,0,0
ELL OMP,O2,736738211.244156,736.738211,0.736738,131072,0.001005,0.106120,0.107125,0,10,1,1,64,32,8192,8192,41746,83492,8,5,1.000000,0,0
ELL OMP,O2,351691421.120988,351.691421,0.351691,131072,0.001492,0.197660,0.199152,0,10,1,1,128,32,8192,8192,41746,83492,8,5,1.000000,0,0
