Name,-O,FLOPS,MFLOPS,GFLOPS,FOP Count,Avg Run Time (s),Format Time (s),Total Time (s),Verification,Iters,Block Row,Block Col,K-Bound,Threads,Rows,Cols,NNZ,NNZ*2,Max Cols,Avg Cols,Col Ratio,Variance,Std Deviation
ELL Serial,O2,254164655.023256,254.164655,0.254165,69264000,0.272521,12.723494,12.996015,0,10,1,1,16,-1,72000,72000,14393817,28787634,481,199,2.000000,6652,81
ELL Serial,O2,91088447.553888,91.088448,0.091088,69264000,0.760411,12.721003,13.481414,0,10,1,1,64,-1,72000,72000,14393817,28787634,481,199,2.000000,6652,81
ELL Serial,O2,42010146.633243,42.010147,0.042010,69264000,1.648746,12.903110,14.551856,0,10,1,1,128,-1,72000,72000,14393817,28787634,481,199,2.000000,6652,81
