Name,-O,FLOPS,MFLOPS,GFLOPS,FOP Count,Avg Run Time (s),Format Time (s),Total Time (s),Verification,Iters,Block Row,Block Col,K-Bound,Threads,Rows,Cols,NNZ,NNZ*2,Max Cols,Avg Cols,Col Ratio,Variance,Std Deviation
ELL Serial,O2,309586852.138355,309.586852,0.309587,13401456,0.043290,2.648111,2.691401,0,10,1,1,16,-1,36417,36417,2190591,4381182,184,60,3.000000,753,27
ELL Serial,O2,109818162.942785,109.818163,0.109818,13401456,0.122037,2.673696,2.795733,0,10,1,1,64,-1,36417,36417,2190591,4381182,184,60,3.000000,753,27
ELL Serial,O2,56546646.167738,56.546646,0.056547,13401456,0.237017,2.715704,2.952721,0,10,1,1,128,-1,36417,36417,2190591,4381182,184,60,3.000000,753,27
