Name,-O,FLOPS,MFLOPS,GFLOPS,FOP Count,Avg Run Time (s),Format Time (s),Total Time (s),Verification,Iters,Block Row,Block Col,K-Bound,Threads,Rows,Cols,NNZ,NNZ*2,Max Cols,Avg Cols,Col Ratio,Variance,Std Deviation
ELL GPU,O2,8879626739.402088,8879.626739,8.879627,13401456,0.009560,2.648794,2.658354,0,10,1,1,16,-1,36417,36417,2190591,4381182,184,60,3.000000,753,27
ELL GPU,O2,3087224651.463984,3087.224651,3.087225,13401456,0.014300,2.701214,2.715514,0,10,1,1,64,-1,36417,36417,2190591,4381182,184,60,3.000000,753,27
ELL GPU,O2,1728319818.471061,1728.319818,1.728320,13401456,0.019973,2.635526,2.655499,0,10,1,1,128,-1,36417,36417,2190591,4381182,184,60,3.000000,753,27
