Name,-O,FLOPS,MFLOPS,GFLOPS,FOP Count,Avg Run Time (s),Format Time (s),Total Time (s),Verification,Iters,Block Row,Block Col,K-Bound,Threads,Rows,Cols,NNZ,NNZ*2,Max Cols,Avg Cols,Col Ratio,Variance,Std Deviation
ELL OMP,O2,658479865.458862,658.479865,0.658480,13582150,0.031660,3.732534,3.764194,0,10,1,1,16,8,46835,46835,2374001,4748002,145,50,2.000000,772,27
ELL OMP,O2,233589112.085561,233.589112,0.233589,13582150,0.063662,3.725779,3.789441,0,10,1,1,64,8,46835,46835,2374001,4748002,145,50,2.000000,772,27
ELL OMP,O2,143414730.975917,143.414731,0.143415,13582150,0.100067,3.719443,3.819511,0,10,1,1,128,8,46835,46835,2374001,4748002,145,50,2.000000,772,27
ELL OMP,O2,1509764119.956702,1509.764120,1.509764,13582150,0.018719,3.723876,3.742595,0,10,1,1,16,16,46835,46835,2374001,4748002,145,50,2.000000,772,27
ELL OMP,O2,374601123.741503,374.601124,0.374601,13582150,0.046734,3.724739,3.771473,0,10,1,1,64,16,46835,46835,2374001,4748002,145,50,2.000000,772,27
ELL OMP,O2,159448085.536311,159.448086,0.159448,13582150,0.086607,3.722667,3.809274,0,10,1,1,128,16,46835,46835,2374001,4748002,145,50,2.000000,772,27
ELL OMP,O2,431938473.433528,431.938473,0.431938,13582150,0.032972,3.714211,3.747183,0,10,1,1,16,32,46835,46835,2374001,4748002,145,50,2.000000,772,27
ELL OMP,O2,249368726.000945,249.368726,0.249369,13582150,0.055171,3.729921,3.785093,0,10,1,1,64,32,46835,46835,2374001,4748002,145,50,2.000000,772,27
ELL OMP,O2,200018747.436443,200.018747,0.200019,13582150,0.068759,3.703399,3.772158,0,10,1,1,128,32,46835,46835,2374001,4748002,145,50,2.000000,772,27
