Name,-O,FLOPS,MFLOPS,GFLOPS,FOP Count,Avg Run Time (s),Format Time (s),Total Time (s),Verification,Iters,Block Row,Block Col,K-Bound,Threads,Rows,Cols,NNZ,NNZ*2,Max Cols,Avg Cols,Col Ratio,Variance,Std Deviation
ELL Serial,O2,290484850.423196,290.484850,0.290485,13582150,0.046773,3.754346,3.801119,0,10,1,1,16,-1,46835,46835,2374001,4748002,145,50,2.000000,772,27
ELL Serial,O2,106263965.406819,106.263965,0.106264,13582150,0.127820,3.727405,3.855225,0,10,1,1,64,-1,46835,46835,2374001,4748002,145,50,2.000000,772,27
ELL Serial,O2,55959875.453069,55.959875,0.055960,13582150,0.242723,3.768583,4.011306,0,10,1,1,128,-1,46835,46835,2374001,4748002,145,50,2.000000,772,27
