Name,-O,FLOPS,MFLOPS,GFLOPS,FOP Count,Avg Run Time (s),Format Time (s),Total Time (s),Verification,Iters,Block Row,Block Col,K-Bound,Threads,Rows,Cols,NNZ,NNZ*2,Max Cols,Avg Cols,Col Ratio,Variance,Std Deviation
ELL OMP,O2,1200399861.040228,1200.399861,1.200400,758047108,0.647424,22.290949,22.938373,0,10,1,1,16,8,116158,116158,8516500,17033000,3263,73,44.000000,176054,419
ELL OMP,O2,515744208.143370,515.744208,0.515744,758047108,1.493356,22.368198,23.861554,0,10,1,1,64,8,116158,116158,8516500,17033000,3263,73,44.000000,176054,419
ELL OMP,O2,343129969.783778,343.129970,0.343130,758047108,2.230353,22.282429,24.512782,0,10,1,1,128,8,116158,116158,8516500,17033000,3263,73,44.000000,176054,419
ELL OMP,O2,2324417210.323872,2324.417210,2.324417,758047108,0.327496,22.370367,22.697863,0,10,1,1,16,16,116158,116158,8516500,17033000,3263,73,44.000000,176054,419
ELL OMP,O2,1182447208.641189,1182.447209,1.182447,758047108,0.642893,22.236739,22.879632,0,10,1,1,64,16,116158,116158,8516500,17033000,3263,73,44.000000,176054,419
ELL OMP,O2,600431949.332500,600.431949,0.600432,758047108,1.311454,22.347355,23.658809,0,10,1,1,128,16,116158,116158,8516500,17033000,3263,73,44.000000,176054,419
ELL OMP,O2,3523354898.497156,3523.354898,3.523355,758047108,0.215484,22.247117,22.462601,0,10,1,1,16,32,116158,116158,8516500,17033000,3263,73,44.000000,176054,419
ELL OMP,O2,1706555619.611053,1706.555620,1.706556,758047108,0.448040,22.364454,22.812494,0,10,1,1,64,32,116158,116158,8516500,17033000,3263,73,44.000000,176054,419
ELL OMP,O2,913111743.712328,913.111744,0.913112,758047108,0.851135,22.376612,23.227747,0,10,1,1,128,32,116158,116158,8516500,17033000,3263,73,44.000000,176054,419
