Name,-O,FLOPS,MFLOPS,GFLOPS,FOP Count,Avg Run Time (s),Format Time (s),Total Time (s),Verification,Iters,Block Row,Block Col,K-Bound,Threads,Rows,Cols,NNZ,NNZ*2,Max Cols,Avg Cols,Col Ratio,Variance,Std Deviation
BCSR Serial,O2,194223872.527895,194.223873,0.194224,18790736,0.096749,19.986263,20.083012,1447056,10,2,2,16,-1,116158,116158,8516500,17033000,3263,73,44.000000,176054,419
BCSR Serial,O2,220840354.733169,220.840355,0.220840,23166624,0.104904,20.110732,20.215636,1447056,10,4,4,16,-1,116158,116158,8516500,17033000,3263,73,44.000000,176054,419
BCSR Serial,O2,259728691.031126,259.728691,0.259729,52307456,0.201394,20.377322,20.578716,1447056,10,16,16,16,-1,116158,116158,8516500,17033000,3263,73,44.000000,176054,419
BCSR Serial,O2,87509464.918785,87.509465,0.087509,18790736,0.214758,19.958987,20.173745,5788224,10,2,2,64,-1,116158,116158,8516500,17033000,3263,73,44.000000,176054,419
BCSR Serial,O2,95055169.969197,95.055170,0.095055,23166624,0.243721,20.105662,20.349383,5788224,10,4,4,64,-1,116158,116158,8516500,17033000,3263,73,44.000000,176054,419
BCSR Serial,O2,104921726.595382,104.921727,0.104922,52307456,0.498540,20.320139,20.818679,5788224,10,16,16,64,-1,116158,116158,8516500,17033000,3263,73,44.000000,176054,419
BCSR Serial,O2,45455040.267824,45.455040,0.045455,18790736,0.413392,20.053667,20.467059,11576448,10,2,2,128,-1,116158,116158,8516500,17033000,3263,73,44.000000,176054,419
BCSR Serial,O2,50869824.579615,50.869825,0.050870,23166624,0.455415,19.849040,20.304455,11576448,10,4,4,128,-1,116158,116158,8516500,17033000,3263,73,44.000000,176054,419
BCSR Serial,O2,58774712.058323,58.774712,0.058775,52307456,0.889967,20.422697,21.312664,11576448,10,16,16,128,-1,116158,116158,8516500,17033000,3263,73,44.000000,176054,419
