Name,-O,FLOPS,MFLOPS,GFLOPS,FOP Count,Avg Run Time (s),Format Time (s),Total Time (s),Verification,Iters,Block Row,Block Col,K-Bound,Threads,Rows,Cols,NNZ,NNZ*2,Max Cols,Avg Cols,Col Ratio,Variance,Std Deviation
BCSR Serial,O2,213265804.973917,213.265805,0.213266,10384392,0.048696,16.309535,16.358231,224,10,2,2,16,-1,108384,108384,5138004,10276008,204,47,4.000000,313,17
BCSR Serial,O2,228393158.188405,228.393158,0.228393,14349760,0.062833,16.524900,16.587733,224,10,4,4,16,-1,108384,108384,5138004,10276008,204,47,4.000000,313,17
BCSR Serial,O2,279609034.156773,279.609034,0.279609,36446208,0.130348,16.495650,16.625998,224,10,16,16,16,-1,108384,108384,5138004,10276008,204,47,4.000000,313,17
BCSR Serial,O2,99300296.706579,99.300297,0.099300,10384392,0.104602,16.501439,16.606042,896,10,2,2,64,-1,108384,108384,5138004,10276008,204,47,4.000000,313,17
BCSR Serial,O2,104488552.363690,104.488552,0.104489,14349760,0.137352,16.360659,16.498011,896,10,4,4,64,-1,108384,108384,5138004,10276008,204,47,4.000000,313,17
BCSR Serial,O2,119579492.827134,119.579493,0.119579,36446208,0.304788,16.766371,17.071159,896,10,16,16,64,-1,108384,108384,5138004,10276008,204,47,4.000000,313,17
BCSR Serial,O2,57162833.915204,57.162834,0.057163,10384392,0.181669,16.326592,16.508261,1792,10,2,2,128,-1,108384,108384,5138004,10276008,204,47,4.000000,313,17
BCSR Serial,O2,59595988.000017,59.595988,0.059596,14349760,0.240788,16.587389,16.828177,1792,10,4,4,128,-1,108384,108384,5138004,10276008,204,47,4.000000,313,17
BCSR Serial,O2,64587998.004858,64.587998,0.064588,36446208,0.564290,16.573289,17.137578,1792,10,16,16,128,-1,108384,108384,5138004,10276008,204,47,4.000000,313,17
