Name,-O,FLOPS,MFLOPS,GFLOPS,FOP Count,Avg Run Time (s),Format Time (s),Total Time (s),Verification,Iters,Block Row,Block Col,K-Bound,Threads,Rows,Cols,NNZ,NNZ*2,Max Cols,Avg Cols,Col Ratio,Variance,Std Deviation
ELL GPU,O2,862293792.704558,862.293793,0.862294,44220672,0.055049,16.591835,16.646884,0,10,1,1,16,-1,108384,108384,5138004,10276008,204,47,4.000000,313,17
ELL GPU,O2,580070073.710668,580.070074,0.580070,44220672,0.079876,16.331101,16.410977,0,10,1,1,64,-1,108384,108384,5138004,10276008,204,47,4.000000,313,17
ELL GPU,O2,447886366.976393,447.886367,0.447886,44220672,0.102751,16.209156,16.311907,0,10,1,1,128,-1,108384,108384,5138004,10276008,204,47,4.000000,313,17
