Name,-O,FLOPS,MFLOPS,GFLOPS,FOP Count,Avg Run Time (s),Format Time (s),Total Time (s),Verification,Iters,Block Row,Block Col,K-Bound,Threads,Rows,Cols,NNZ,NNZ*2,Max Cols,Avg Cols,Col Ratio,Variance,Std Deviation
BCSR GPU,O2,282769798.914591,282.769799,0.282770,10384392,0.039763,16.160092,16.199855,224,10,2,2,16,-1,108384,108384,5138004,10276008,204,47,4.000000,313,17
BCSR GPU,O2,399953685.203645,399.953685,0.399954,14349760,0.040949,16.227109,16.268058,224,10,4,4,16,-1,108384,108384,5138004,10276008,204,47,4.000000,313,17
BCSR GPU,O2,607002572.591766,607.002573,0.607003,36446208,0.062704,16.510465,16.573169,224,10,16,16,16,-1,108384,108384,5138004,10276008,204,47,4.000000,313,17
BCSR GPU,O2,217280388.378596,217.280388,0.217280,10384392,0.051852,16.146019,16.197871,896,10,2,2,64,-1,108384,108384,5138004,10276008,204,47,4.000000,313,17
BCSR GPU,O2,245661161.591017,245.661162,0.245661,14349760,0.061715,16.297496,16.359211,896,10,4,4,64,-1,108384,108384,5138004,10276008,204,47,4.000000,313,17
BCSR GPU,O2,455827649.430521,455.827649,0.455828,36446208,0.082044,16.477394,16.559438,896,10,16,16,64,-1,108384,108384,5138004,10276008,204,47,4.000000,313,17
BCSR GPU,O2,165288757.427431,165.288757,0.165289,10384392,0.066384,16.206023,16.272407,1792,10,2,2,128,-1,108384,108384,5138004,10276008,204,47,4.000000,313,17
BCSR GPU,O2,194555974.296016,194.555974,0.194556,14349760,0.076261,16.246933,16.323194,1792,10,4,4,128,-1,108384,108384,5138004,10276008,204,47,4.000000,313,17
BCSR GPU,O2,369485954.886524,369.485955,0.369486,36446208,0.100803,16.431923,16.532727,1792,10,16,16,128,-1,108384,108384,5138004,10276008,204,47,4.000000,313,17
