Name,Avg Run Time (s),Format Time (s),Total Time (s),Verification,Iters,Block Row,Block Col,Threads,Rows,Cols,NNZ,Max Cols,Avg Cols
csr_serial,0.563743,0.742852,1.306595,0,1,1,1,-1,10974,10974,219812,0,0
bcsr_serial 1 x 1,0.304383,6.458956,6.763339,0,1,1,1,-1,10974,10974,219812,0,0
bcsr_serial 2 x 2,0.353084,6.329852,6.682936,0,1,2,2,-1,10974,10974,219812,0,0
bcsr_serial 4 x 4,0.496098,6.541724,7.037822,0,1,4,4,-1,10974,10974,219812,0,0
bcsr_serial 8 x 8,0.760081,6.362098,7.122179,0,1,8,8,-1,10974,10974,219812,0,0
bcsr_serial 16 x 16,1.299925,6.311985,7.611910,0,1,16,16,-1,10974,10974,219812,0,0
bcsr_serial 32 x 32,2.351868,6.644762,8.996630,0,1,32,32,-1,10974,10974,219812,0,0
