Name,Avg Run Time (s),Format Time (s),Total Time (s),GFLOPS,Verification,Iters,Block Row,Block Col,Threads,FOP Count,Rows,Cols,NNZ,Max Cols,Avg Cols,Variance,Std Deviation
csr_serial,10.043303,1.333255,11.376558,0.480363,0,1,1,1,-1,4824433776,10974,10974,219812,108,20,79,8
bcsr_serial 1 x 1,9.969146,6.822398,16.791544,0.483937,0,1,1,1,-1,4824433776,10974,10974,219812,108,20,79,8
bcsr_serial 2 x 2,11.570652,6.759400,18.330052,0.496592,0,1,2,2,-1,5745898608,10974,10974,219812,108,20,79,8
bcsr_serial 4 x 4,16.889180,6.614707,23.503887,0.501182,0,1,4,4,-1,8464553472,10974,10974,219812,108,20,79,8
bcsr_serial 8 x 8,26.349261,6.757487,33.106748,0.511400,0,1,8,8,-1,13475018496,10974,10974,219812,108,20,79,8
bcsr_serial 16 x 16,47.542013,6.774615,54.316628,0.499444,0,1,16,16,-1,23744575488,10974,10974,219812,108,20,79,8
bcsr_serial 32 x 32,89.794016,6.698775,96.492791,0.487069,0,1,32,32,-1,43735867392,10974,10974,219812,108,20,79,8
