Name,Avg Run Time (s),Format Time (s),Total Time (s),GFLOPS,Verification,Iters,Block Row,Block Col,Threads,FOP Count,Rows,Cols,NNZ,Max Cols,Avg Cols,Variance,Std Deviation
csr_serial,1.051979,1.403888,2.455867,4.586106,0,10,1,1,-1,4824433776,10974,10974,219812,108,20,79,8
bcsr_serial 1 x 1,0.441864,8.908411,9.350275,10.918395,0,10,1,1,-1,4824433776,10974,10974,219812,108,20,79,8
bcsr_serial 2 x 2,0.512236,8.785535,9.297771,11.217577,0,10,2,2,-1,5745898608,10974,10974,219812,108,20,79,8
bcsr_serial 4 x 4,0.717215,9.534679,10.251894,11.802165,0,10,4,4,-1,8464553472,10974,10974,219812,108,20,79,8
bcsr_serial 8 x 8,1.094918,9.114041,10.208959,12.306936,0,10,8,8,-1,13475018496,10974,10974,219812,108,20,79,8
bcsr_serial 16 x 16,1.869422,8.939799,10.809221,12.701578,0,10,16,16,-1,23744575488,10974,10974,219812,108,20,79,8
bcsr_serial 32 x 32,3.371495,8.874866,12.246361,12.972248,0,10,32,32,-1,43735867392,10974,10974,219812,108,20,79,8
