Name,Avg Run Time (s),Format Time (s),Total Time (s),GFLOPS,Verification,Iters,Block Row,Block Col,Threads,FOP Count,Rows,Cols,NNZ,Max Cols,Avg Cols
csr_serial,1.268791,0.999122,2.267913,3.802387,0,1,1,1,-1,4824433776,10974,10974,219812,0,0
bcsr_serial 1 x 1,1.126950,4.632925,5.759875,4.280965,0,1,1,1,-1,4824433776,10974,10974,219812,0,0
bcsr_serial 2 x 2,1.332264,4.466791,5.799055,4.312883,0,1,2,2,-1,5745898608,10974,10974,219812,0,0
bcsr_serial 4 x 4,1.862790,4.734460,6.597250,4.544019,0,1,4,4,-1,8464553472,10974,10974,219812,0,0
bcsr_serial 8 x 8,2.905114,4.657148,7.562262,4.638379,0,1,8,8,-1,13475018496,10974,10974,219812,0,0
bcsr_serial 16 x 16,5.036075,4.472010,9.508085,4.714897,0,1,16,16,-1,23744575488,10974,10974,219812,0,0
bcsr_serial 32 x 32,9.029558,4.466223,13.495781,4.843633,0,1,32,32,-1,43735867392,10974,10974,219812,0,0
