Name,Avg Run Time (s),Format Time (s),Total Time (s),GFLOPS,Verification,Iters,Block Row,Block Col,Threads,FOP Count,Rows,Cols,NNZ,Max Cols,Avg Cols,Variance,Std Deviation
csr_serial,21.219825,1.120762,22.340587,0.227355,0,1,1,1,-1,4824433776,10974,10974,219812,108,20,79,8
bcsr_serial 1 x 1,20.701274,8.437609,29.138883,0.233050,0,1,1,1,-1,4824433776,10974,10974,219812,108,20,79,8
bcsr_serial 2 x 2,24.640777,8.198281,32.839058,0.233187,0,1,2,2,-1,5745898608,10974,10974,219812,108,20,79,8
bcsr_serial 4 x 4,36.181525,8.554679,44.736204,0.233947,0,1,4,4,-1,8464553472,10974,10974,219812,108,20,79,8
bcsr_serial 16 x 16,101.866569,8.269712,110.136281,0.233095,0,1,16,16,-1,23744575488,10974,10974,219812,108,20,79,8
