Name,Avg Run Time (s),Format Time (s),Total Time (s),GFLOPS,Verification,Iters,Block Row,Block Col,Threads,FOP Count,Rows,Cols,NNZ,Max Cols,Avg Cols,Variance,Std Deviation
csr_serial,21.096289,1.126784,22.223073,0.228686,0,1,1,1,-1,4824433776,10974,10974,219812,108,20,79,8
bcsr_serial 1 x 1,20.689277,8.406663,29.095940,0.233185,0,1,1,1,-1,4824433776,10974,10974,219812,108,20,79,8
bcsr_serial 2 x 2,24.616207,8.274770,32.890977,0.233419,0,1,2,2,-1,5745898608,10974,10974,219812,108,20,79,8
bcsr_serial 4 x 4,36.265748,8.622408,44.888156,0.233404,0,1,4,4,-1,8464553472,10974,10974,219812,108,20,79,8
bcsr_serial 8 x 8,58.908537,8.412444,67.320981,0.228745,0,1,8,8,-1,13475018496,10974,10974,219812,108,20,79,8
bcsr_serial 16 x 16,102.307751,8.369671,110.677422,0.232090,0,1,16,16,-1,23744575488,10974,10974,219812,108,20,79,8
bcsr_serial 32 x 32,189.076522,8.266127,197.342649,0.231313,0,1,32,32,-1,43735867392,10974,10974,219812,108,20,79,8
