Name,-O,FLOPS,MFLOPS,GFLOPS,FOP Count,Avg Run Time (s),Format Time (s),Total Time (s),Verification,Iters,Block Row,Block Col,K-Bound,Threads,Rows,Cols,NNZ,NNZ*2,Max Cols,Avg Cols,Col Ratio,Variance,Std Deviation
ELL OMP,O2,606025189.655502,606.025190,0.606025,27980096,0.085345,51.875281,51.960626,0,10,1,1,16,8,101492,101492,874378,1748756,24,8,3.000000,14,3
ELL OMP,O2,1988908011.111567,1988.908011,1.988908,111920384,0.097320,51.922806,52.020126,0,10,1,1,64,8,101492,101492,874378,1748756,24,8,3.000000,14,3
ELL OMP,O2,4374474008.555040,4374.474009,4.374474,223840768,0.087034,52.171999,52.259032,0,10,1,1,128,8,101492,101492,874378,1748756,24,8,3.000000,14,3
ELL OMP,O2,877659733.064683,877.659733,0.877660,27980096,0.064679,51.789152,51.853831,0,10,1,1,16,16,101492,101492,874378,1748756,24,8,3.000000,14,3
ELL OMP,O2,1543845335.796056,1543.845336,1.543845,111920384,0.083590,51.856525,51.940115,0,10,1,1,64,16,101492,101492,874378,1748756,24,8,3.000000,14,3
ELL OMP,O2,4835740987.503213,4835.740988,4.835741,223840768,0.075690,51.890355,51.966045,0,10,1,1,128,16,101492,101492,874378,1748756,24,8,3.000000,14,3
ELL OMP,O2,747812774.388248,747.812774,0.747813,27980096,0.058354,52.051560,52.109914,0,10,1,1,16,32,101492,101492,874378,1748756,24,8,3.000000,14,3
ELL OMP,O2,4524167812.870631,4524.167813,4.524168,111920384,0.048725,51.807156,51.855881,0,10,1,1,64,32,101492,101492,874378,1748756,24,8,3.000000,14,3
ELL OMP,O2,5040522900.607150,5040.522901,5.040523,223840768,0.068505,52.048017,52.116522,0,10,1,1,128,32,101492,101492,874378,1748756,24,8,3.000000,14,3
