Name,-O,FLOPS,MFLOPS,GFLOPS,FOP Count,Avg Run Time (s),Format Time (s),Total Time (s),Verification,Iters,Block Row,Block Col,K-Bound,Threads,Rows,Cols,NNZ,NNZ*2,Max Cols,Avg Cols,Col Ratio,Variance,Std Deviation
CSR Serial Transpose,O2,52749.353518,0.052749,0.000053,1748756,33.950450,51.018394,84.968844,0,10,1,1,16,-1,101492,101492,874378,1748756,24,8,3.000000,14,3
CSR Serial Transpose,O2,45894.013332,0.045894,0.000046,1748756,39.550645,51.677956,91.228601,0,10,1,1,64,-1,101492,101492,874378,1748756,24,8,3.000000,14,3
CSR Serial Transpose,O2,45517.307766,0.045517,0.000046,1748756,43.086932,50.697831,93.784763,0,10,1,1,128,-1,101492,101492,874378,1748756,24,8,3.000000,14,3
