Name,-O,FLOPS,MFLOPS,GFLOPS,FOP Count,Avg Run Time (s),Format Time (s),Total Time (s),Verification,Iters,Block Row,Block Col,K-Bound,Threads,Rows,Cols,NNZ,NNZ*2,Max Cols,Avg Cols,Col Ratio,Variance,Std Deviation
ELL Serial,O2,64771784.998920,64.771785,0.064772,1748756,0.027015,12.959213,12.986228,0,10,1,1,16,-1,101492,101492,874378,1748756,24,8,3.000000,14,3
ELL Serial,O2,26916982.997993,26.916983,0.026917,1748756,0.065016,12.608375,12.673391,0,10,1,1,64,-1,101492,101492,874378,1748756,24,8,3.000000,14,3
ELL Serial,O2,14377542.793983,14.377543,0.014378,1748756,0.121649,12.522871,12.644520,0,10,1,1,128,-1,101492,101492,874378,1748756,24,8,3.000000,14,3
