Name,-O,FLOPS,MFLOPS,GFLOPS,FOP Count,Avg Run Time (s),Format Time (s),Total Time (s),Verification,Iters,Block Row,Block Col,K-Bound,Threads,Rows,Cols,NNZ,NNZ*2,Max Cols,Avg Cols,Col Ratio,Variance,Std Deviation
COO GPU Transpose,O2,518571.960730,0.518572,0.000519,1748756,3.372483,12.653141,16.025625,0,10,1,1,16,-1,101492,101492,874378,1748756,24,8,3.000000,14,3
COO GPU Transpose,O2,515623.821153,0.515624,0.000516,1748756,3.391667,12.594024,15.985691,0,10,1,1,64,-1,101492,101492,874378,1748756,24,8,3.000000,14,3
COO GPU Transpose,O2,515831.163582,0.515831,0.000516,1748756,3.390291,12.538125,15.928416,0,10,1,1,128,-1,101492,101492,874378,1748756,24,8,3.000000,14,3
