Name,-O,FLOPS,MFLOPS,GFLOPS,FOP Count,Avg Run Time (s),Format Time (s),Total Time (s),Verification,Iters,Block Row,Block Col,K-Bound,Threads,Rows,Cols,NNZ,NNZ*2,Max Cols,Avg Cols,Col Ratio,Variance,Std Deviation
COO Serial Transpose,O2,30592.764552,0.030593,0.000031,1748756,57.162497,12.414993,69.577490,0,10,1,1,16,-1,101492,101492,874378,1748756,24,8,3.000000,14,3
COO Serial Transpose,O2,29706.812123,0.029707,0.000030,1748756,58.889729,12.680936,71.570665,0,10,1,1,64,-1,101492,101492,874378,1748756,24,8,3.000000,14,3
COO Serial Transpose,O2,31220.239562,0.031220,0.000031,1748756,56.013594,12.288777,68.302371,0,10,1,1,128,-1,101492,101492,874378,1748756,24,8,3.000000,14,3
