Name,-O,FLOPS,MFLOPS,GFLOPS,FOP Count,Avg Run Time (s),Format Time (s),Total Time (s),Verification,Iters,Block Row,Block Col,K-Bound,Threads,Rows,Cols,NNZ,NNZ*2,Max Cols,Avg Cols,Col Ratio,Variance,Std Deviation
ELL GPU,O2,84150452.090427,84.150452,0.084150,1748756,0.026631,12.571819,12.598450,0,10,1,1,16,-1,101492,101492,874378,1748756,24,8,3.000000,14,3
ELL GPU,O2,48512998.566798,48.512999,0.048513,1748756,0.041997,12.658061,12.700058,0,10,1,1,64,-1,101492,101492,874378,1748756,24,8,3.000000,14,3
ELL GPU,O2,36511643.363981,36.511643,0.036512,1748756,0.052742,12.584072,12.636814,0,10,1,1,128,-1,101492,101492,874378,1748756,24,8,3.000000,14,3
