Name,-O,FLOPS,MFLOPS,GFLOPS,FOP Count,Avg Run Time (s),Format Time (s),Total Time (s),Verification,Iters,Block Row,Block Col,K-Bound,Threads,Rows,Cols,NNZ,NNZ*2,Max Cols,Avg Cols,Col Ratio,Variance,Std Deviation
COO OMP Transpose,O2,108416.761006,0.108417,0.000108,1748756,16.135420,12.653996,28.789416,0,10,1,1,16,8,101492,101492,874378,1748756,24,8,3.000000,14,3
COO OMP Transpose,O2,106063.273993,0.106063,0.000106,1748756,16.498201,12.351524,28.849726,0,10,1,1,64,8,101492,101492,874378,1748756,24,8,3.000000,14,3
COO OMP Transpose,O2,106565.255011,0.106565,0.000107,1748756,16.417784,12.421038,28.838822,0,10,1,1,128,8,101492,101492,874378,1748756,24,8,3.000000,14,3
COO OMP Transpose,O2,193515.795856,0.193516,0.000194,1748756,9.039516,12.445688,21.485204,0,10,1,1,16,16,101492,101492,874378,1748756,24,8,3.000000,14,3
COO OMP Transpose,O2,195524.826979,0.195525,0.000196,1748756,8.947124,12.375231,21.322355,0,10,1,1,64,16,101492,101492,874378,1748756,24,8,3.000000,14,3
COO OMP Transpose,O2,194255.250816,0.194255,0.000194,1748756,9.004802,12.416638,21.421440,0,10,1,1,128,16,101492,101492,874378,1748756,24,8,3.000000,14,3
COO OMP Transpose,O2,339269.851388,0.339270,0.000339,1748756,5.156321,12.422384,17.578705,0,10,1,1,16,32,101492,101492,874378,1748756,24,8,3.000000,14,3
COO OMP Transpose,O2,331364.116820,0.331364,0.000331,1748756,5.279434,12.405748,17.685181,0,10,1,1,64,32,101492,101492,874378,1748756,24,8,3.000000,14,3
COO OMP Transpose,O2,339248.782964,0.339249,0.000339,1748756,5.155278,12.398250,17.553527,0,10,1,1,128,32,101492,101492,874378,1748756,24,8,3.000000,14,3
