Name,-O,FLOPS,MFLOPS,GFLOPS,FOP Count,Avg Run Time (s),Format Time (s),Total Time (s),Verification,Iters,Block Row,Block Col,K-Bound,Threads,Rows,Cols,NNZ,NNZ*2,Max Cols,Avg Cols,Col Ratio,Variance,Std Deviation
COO Serial,O2,46660000.337923,46.660000,0.046660,1748756,0.037537,106.829758,106.867295,0,10,1,1,16,-1,101492,101492,874378,1748756,24,8,3.000000,14,3
COO Serial,O2,25712671.672894,25.712672,0.025713,1748756,0.068070,106.120868,106.188938,0,10,1,1,64,-1,101492,101492,874378,1748756,24,8,3.000000,14,3
COO Serial,O2,17696063.981301,17.696064,0.017696,1748756,0.098878,106.195391,106.294269,0,10,1,1,128,-1,101492,101492,874378,1748756,24,8,3.000000,14,3
