Name,-O,FLOPS,MFLOPS,GFLOPS,FOP Count,Avg Run Time (s),Format Time (s),Total Time (s),Verification,Iters,Block Row,Block Col,K-Bound,Threads,Rows,Cols,NNZ,NNZ*2,Max Cols,Avg Cols,Col Ratio,Variance,Std Deviation
CSR GPU,O2,120013506.968766,120.013507,0.120014,1748756,0.019839,12.408514,12.428353,0,10,1,1,16,-1,101492,101492,874378,1748756,24,8,3.000000,14,3
CSR GPU,O2,72449947.377036,72.449947,0.072450,1748756,0.030684,12.546347,12.577031,0,10,1,1,64,-1,101492,101492,874378,1748756,24,8,3.000000,14,3
CSR GPU,O2,54194123.940492,54.194124,0.054194,1748756,0.036538,12.356731,12.393269,0,10,1,1,128,-1,101492,101492,874378,1748756,24,8,3.000000,14,3
