Name,-O,FLOPS,MFLOPS,GFLOPS,FOP Count,Avg Run Time (s),Format Time (s),Total Time (s),Verification,Iters,Block Row,Block Col,K-Bound,Threads,Rows,Cols,NNZ,NNZ*2,Max Cols,Avg Cols,Col Ratio,Variance,Std Deviation
COO Serial,O2,1729546630.026914,1729.546630,1.729547,27980096,0.016199,12.318618,12.334817,0,10,1,1,16,-1,101492,101492,874378,1748756,24,8,3.000000,14,3
COO Serial,O2,1970576372.690344,1970.576373,1.970576,111920384,0.056847,12.576657,12.633503,0,10,1,1,64,-1,101492,101492,874378,1748756,24,8,3.000000,14,3
COO Serial,O2,2184541789.343427,2184.541789,2.184542,223840768,0.102494,12.600488,12.702982,0,10,1,1,128,-1,101492,101492,874378,1748756,24,8,3.000000,14,3
