Name,-O,FLOPS,MFLOPS,GFLOPS,FOP Count,Avg Run Time (s),Format Time (s),Total Time (s),Verification,Iters,Block Row,Block Col,K-Bound,Threads,Rows,Cols,NNZ,NNZ*2,Max Cols,Avg Cols,Col Ratio,Variance,Std Deviation
COO THREADS,O2,159092029.644639,159.092030,0.159092,1748756,0.011254,12.256113,12.267367,0,5,1,1,16,72,101492,101492,874378,1748756,24,8,3.000000,14,3
COO THREADS,O2,74109665.037569,74.109665,0.074110,1748756,0.024307,12.244214,12.268520,0,5,1,1,64,48,101492,101492,874378,1748756,24,8,3.000000,14,3
COO THREADS,O2,57526702.118634,57.526702,0.057527,1748756,0.030447,12.237351,12.267798,0,5,1,1,128,48,101492,101492,874378,1748756,24,8,3.000000,14,3
