Name,-O,FLOPS,MFLOPS,GFLOPS,FOP Count,Avg Run Time (s),Format Time (s),Total Time (s),Verification,Iters,Block Row,Block Col,K-Bound,Threads,Rows,Cols,NNZ,NNZ*2,Max Cols,Avg Cols,Col Ratio,Variance,Std Deviation
CSR OMP,O2,615179728.779933,615.179729,0.615180,27980096,0.091780,51.787022,51.878802,0,10,1,1,16,8,101492,101492,874378,1748756,24,8,3.000000,14,3
CSR OMP,O2,3107245622.237607,3107.245622,3.107246,111920384,0.061541,51.601663,51.663204,0,10,1,1,64,8,101492,101492,874378,1748756,24,8,3.000000,14,3
CSR OMP,O2,5384977250.838036,5384.977251,5.384977,223840768,0.070692,51.688720,51.759412,0,10,1,1,128,8,101492,101492,874378,1748756,24,8,3.000000,14,3
CSR OMP,O2,1397984217.498131,1397.984217,1.397984,27980096,0.056289,51.620040,51.676329,0,10,1,1,16,16,101492,101492,874378,1748756,24,8,3.000000,14,3
CSR OMP,O2,2682771937.106571,2682.771937,2.682772,111920384,0.078705,51.654506,51.733211,0,10,1,1,64,16,101492,101492,874378,1748756,24,8,3.000000,14,3
CSR OMP,O2,2281354001.889825,2281.354002,2.281354,223840768,0.099905,51.793184,51.893089,0,10,1,1,128,16,101492,101492,874378,1748756,24,8,3.000000,14,3
CSR OMP,O2,1509099639.951124,1509.099640,1.509100,27980096,0.050346,51.711692,51.762038,0,10,1,1,16,32,101492,101492,874378,1748756,24,8,3.000000,14,3
CSR OMP,O2,4429234830.377629,4429.234830,4.429235,111920384,0.051645,51.621499,51.673144,0,10,1,1,64,32,101492,101492,874378,1748756,24,8,3.000000,14,3
CSR OMP,O2,4041610860.824421,4041.610861,4.041611,223840768,0.075930,51.802294,51.878224,0,10,1,1,128,32,101492,101492,874378,1748756,24,8,3.000000,14,3
