Name,-O,FLOPS,MFLOPS,GFLOPS,FOP Count,Avg Run Time (s),Format Time (s),Total Time (s),Verification,Iters,Block Row,Block Col,K-Bound,Threads,Rows,Cols,NNZ,NNZ*2,Max Cols,Avg Cols,Col Ratio,Variance,Std Deviation
CSR GPU,O2,231772.563088,0.231773,0.000232,968512,4.213477,6.095057,10.308534,0,10,1,1,16,-1,23560,23560,484256,968512,21,20,1.000000,1,1
CSR GPU,O2,231880.332243,0.231880,0.000232,968512,4.211681,6.070790,10.282471,0,10,1,1,64,-1,23560,23560,484256,968512,21,20,1.000000,1,1
CSR GPU,O2,230260.096618,0.230260,0.000230,968512,4.240828,6.070601,10.311429,0,10,1,1,128,-1,23560,23560,484256,968512,21,20,1.000000,1,1
