Name,-O,FLOPS,MFLOPS,GFLOPS,FOP Count,Avg Run Time (s),Format Time (s),Total Time (s),Verification,Iters,Block Row,Block Col,K-Bound,Threads,Rows,Cols,NNZ,NNZ*2,Max Cols,Avg Cols,Col Ratio,Variance,Std Deviation
COO GPU,O2,6569221870.604631,6569.221871,6.569222,968512,0.008864,0.922841,0.931705,0,10,1,1,16,-1,23560,23560,484256,968512,21,20,1.000000,1,1
COO GPU,O2,1308892304.780316,1308.892305,1.308892,968512,0.009140,0.907113,0.916253,0,10,1,1,64,-1,23560,23560,484256,968512,21,20,1.000000,1,1
COO GPU,O2,1018589793.559023,1018.589794,1.018590,968512,0.010061,0.926941,0.937001,0,10,1,1,128,-1,23560,23560,484256,968512,21,20,1.000000,1,1
