Name,-O,FLOPS,MFLOPS,GFLOPS,FOP Count,Avg Run Time (s),Format Time (s),Total Time (s),Verification,Iters,Block Row,Block Col,K-Bound,Threads,Rows,Cols,NNZ,NNZ*2,Max Cols,Avg Cols,Col Ratio,Variance,Std Deviation
COO GPU Transpose,O2,10833100.249662,10.833100,0.010833,968512,0.098465,0.931799,1.030264,0,10,1,1,16,-1,23560,23560,484256,968512,21,20,1.000000,1,1
COO GPU Transpose,O2,11713990.381403,11.713990,0.011714,968512,0.093768,0.939920,1.033688,0,10,1,1,64,-1,23560,23560,484256,968512,21,20,1.000000,1,1
COO GPU Transpose,O2,10781232.183779,10.781232,0.010781,968512,0.102006,0.934484,1.036490,0,10,1,1,128,-1,23560,23560,484256,968512,21,20,1.000000,1,1
