Name,-O,FLOPS,MFLOPS,GFLOPS,FOP Count,Avg Run Time (s),Format Time (s),Total Time (s),Verification,Iters,Block Row,Block Col,K-Bound,Threads,Rows,Cols,NNZ,NNZ*2,Max Cols,Avg Cols,Col Ratio,Variance,Std Deviation
COO Serial,O2,83768610.919396,83.768611,0.083769,968512,0.011562,6.043257,6.054819,0,10,1,1,16,-1,23560,23560,484256,968512,21,20,1.000000,1,1
COO Serial,O2,49159378.794303,49.159379,0.049159,968512,0.019710,6.066991,6.086701,0,10,1,1,64,-1,23560,23560,484256,968512,21,20,1.000000,1,1
COO Serial,O2,31408782.472338,31.408782,0.031409,968512,0.030923,6.037834,6.068757,0,10,1,1,128,-1,23560,23560,484256,968512,21,20,1.000000,1,1
