Name,-O,FLOPS,MFLOPS,GFLOPS,FOP Count,Avg Run Time (s),Format Time (s),Total Time (s),Verification,Iters,Block Row,Block Col,K-Bound,Threads,Rows,Cols,NNZ,NNZ*2,Max Cols,Avg Cols,Col Ratio,Variance,Std Deviation
ELL GPU,O2,6869078032.487657,6869.078032,6.869078,968512,0.008972,0.969819,0.978791,0,10,1,1,16,-1,23560,23560,484256,968512,21,20,1.000000,1,1
ELL GPU,O2,2877931711.343432,2877.931711,2.877932,968512,0.006764,0.967788,0.974552,0,10,1,1,64,-1,23560,23560,484256,968512,21,20,1.000000,1,1
ELL GPU,O2,1892294121.399199,1892.294121,1.892294,968512,0.007311,0.975551,0.982863,0,10,1,1,128,-1,23560,23560,484256,968512,21,20,1.000000,1,1
