Name,-O,FLOPS,MFLOPS,GFLOPS,FOP Count,Avg Run Time (s),Format Time (s),Total Time (s),Verification,Iters,Block Row,Block Col,K-Bound,Threads,Rows,Cols,NNZ,NNZ*2,Max Cols,Avg Cols,Col Ratio,Variance,Std Deviation
ELL Serial,O2,285885061.360640,285.885061,0.285885,968512,0.003440,0.994739,0.998179,0,10,1,1,16,-1,23560,23560,484256,968512,21,20,1.000000,1,1
ELL Serial,O2,61774318.171271,61.774318,0.061774,968512,0.015755,0.981366,0.997121,0,10,1,1,64,-1,23560,23560,484256,968512,21,20,1.000000,1,1
ELL Serial,O2,33827083.176583,33.827083,0.033827,968512,0.028674,0.991731,1.020405,0,10,1,1,128,-1,23560,23560,484256,968512,21,20,1.000000,1,1
