Name,-O,FLOPS,MFLOPS,GFLOPS,FOP Count,Avg Run Time (s),Format Time (s),Total Time (s),Verification,Iters,Block Row,Block Col,K-Bound,Threads,Rows,Cols,NNZ,NNZ*2,Max Cols,Avg Cols,Col Ratio,Variance,Std Deviation
ELL GPU,O2,841188.157196,0.841188,0.000841,968512,1.153750,2.908179,4.061929,0,10,1,1,16,-1,23560,23560,484256,968512,21,20,1.000000,1,1
ELL GPU,O2,837856.663086,0.837857,0.000838,968512,1.158316,2.888543,4.046859,0,10,1,1,64,-1,23560,23560,484256,968512,21,20,1.000000,1,1
ELL GPU,O2,764236.317073,0.764236,0.000764,968512,1.291291,2.901835,4.193126,0,10,1,1,128,-1,23560,23560,484256,968512,21,20,1.000000,1,1
