Name,-O,FLOPS,MFLOPS,GFLOPS,FOP Count,Avg Run Time (s),Format Time (s),Total Time (s),Verification,Iters,Block Row,Block Col,K-Bound,Threads,Rows,Cols,NNZ,NNZ*2,Max Cols,Avg Cols,Col Ratio,Variance,Std Deviation
ELL THREADS,O2,8850874526.238096,8850.874526,8.850875,968512,0.001711,0.961715,0.963426,0,5,1,1,16,72,23560,23560,484256,968512,21,20,1.000000,1,1
ELL THREADS,O2,2387664638.806053,2387.664639,2.387665,968512,0.002849,0.966057,0.968906,0,5,1,1,64,72,23560,23560,484256,968512,21,20,1.000000,1,1
ELL THREADS,O2,1478605869.679593,1478.605870,1.478606,968512,0.003856,0.944000,0.947856,0,5,1,1,128,72,23560,23560,484256,968512,21,20,1.000000,1,1
