Name,-O,FLOPS,MFLOPS,GFLOPS,FOP Count,Avg Run Time (s),Format Time (s),Total Time (s),Verification,Iters,Block Row,Block Col,K-Bound,Threads,Rows,Cols,NNZ,NNZ*2,Max Cols,Avg Cols,Col Ratio,Variance,Std Deviation
BCSR GPU Transpose,O2,558509.143653,0.558509,0.000559,968512,1.740246,0.938008,2.678254,480,10,2,2,16,-1,23560,23560,484256,968512,21,20,1.000000,1,1
BCSR GPU Transpose,O2,560519.667994,0.560520,0.000561,968512,1.733571,0.933644,2.667215,480,10,4,4,16,-1,23560,23560,484256,968512,21,20,1.000000,1,1
BCSR GPU Transpose,O2,562907.323072,0.562907,0.000563,968512,1.725830,0.989925,2.715755,480,10,16,16,16,-1,23560,23560,484256,968512,21,20,1.000000,1,1
BCSR GPU Transpose,O2,580459.333148,0.580459,0.000580,968512,1.672341,0.940865,2.613206,1920,10,2,2,64,-1,23560,23560,484256,968512,21,20,1.000000,1,1
BCSR GPU Transpose,O2,562751.356995,0.562751,0.000563,968512,1.733761,0.925295,2.659056,1920,10,4,4,64,-1,23560,23560,484256,968512,21,20,1.000000,1,1
BCSR GPU Transpose,O2,486397.147035,0.486397,0.000486,968512,1.998702,0.985606,2.984308,1920,10,16,16,64,-1,23560,23560,484256,968512,21,20,1.000000,1,1
BCSR GPU Transpose,O2,557810.769364,0.557811,0.000558,968512,1.743783,0.926921,2.670704,3840,10,2,2,128,-1,23560,23560,484256,968512,21,20,1.000000,1,1
BCSR GPU Transpose,O2,558144.685493,0.558145,0.000558,968512,1.739540,0.940826,2.680366,3840,10,4,4,128,-1,23560,23560,484256,968512,21,20,1.000000,1,1
BCSR GPU Transpose,O2,467725.573638,0.467726,0.000468,968512,2.072702,0.985446,3.058148,3840,10,16,16,128,-1,23560,23560,484256,968512,21,20,1.000000,1,1
