Name,-O,FLOPS,MFLOPS,GFLOPS,FOP Count,Avg Run Time (s),Format Time (s),Total Time (s),Verification,Iters,Block Row,Block Col,K-Bound,Threads,Rows,Cols,NNZ,NNZ*2,Max Cols,Avg Cols,Col Ratio,Variance,Std Deviation
CSR OMP,O2,2217061959.518949,2217.061960,2.217062,968512,0.002211,0.894648,0.896859,0,10,1,1,16,8,23560,23560,484256,968512,21,20,1.000000,1,1
CSR OMP,O2,499826810.540738,499.826811,0.499827,968512,0.004778,0.898023,0.902801,0,10,1,1,64,8,23560,23560,484256,968512,21,20,1.000000,1,1
CSR OMP,O2,243931726.890121,243.931727,0.243932,968512,0.007325,0.804392,0.811717,0,10,1,1,128,8,23560,23560,484256,968512,21,20,1.000000,1,1
CSR OMP,O2,4046147434.617082,4046.147435,4.046147,968512,0.001810,0.907231,0.909041,0,10,1,1,16,16,23560,23560,484256,968512,21,20,1.000000,1,1
CSR OMP,O2,957468295.364406,957.468295,0.957468,968512,0.004229,0.906598,0.910827,0,10,1,1,64,16,23560,23560,484256,968512,21,20,1.000000,1,1
CSR OMP,O2,499949543.148750,499.949543,0.499950,968512,0.005234,0.891563,0.896797,0,10,1,1,128,16,23560,23560,484256,968512,21,20,1.000000,1,1
CSR OMP,O2,7257954741.441355,7257.954741,7.257955,968512,0.003061,0.831280,0.834341,0,10,1,1,16,32,23560,23560,484256,968512,21,20,1.000000,1,1
CSR OMP,O2,1718983172.205967,1718.983172,1.718983,968512,0.003809,0.903202,0.907011,0,10,1,1,64,32,23560,23560,484256,968512,21,20,1.000000,1,1
CSR OMP,O2,916905719.805912,916.905720,0.916906,968512,0.004638,0.898466,0.903104,0,10,1,1,128,32,23560,23560,484256,968512,21,20,1.000000,1,1
