Name,-O,FLOPS,MFLOPS,GFLOPS,FOP Count,Avg Run Time (s),Format Time (s),Total Time (s),Verification,Iters,Block Row,Block Col,K-Bound,Threads,Rows,Cols,NNZ,NNZ*2,Max Cols,Avg Cols,Col Ratio,Variance,Std Deviation
COO OMP,O2,594235240.285954,594.235240,0.594235,968512,0.007534,6.085654,6.093188,0,10,1,1,16,8,23560,23560,484256,968512,21,20,1.000000,1,1
COO OMP,O2,156817284.047346,156.817284,0.156817,968512,0.013001,6.108576,6.121577,0,10,1,1,64,8,23560,23560,484256,968512,21,20,1.000000,1,1
COO OMP,O2,121608494.936199,121.608495,0.121608,968512,0.010891,6.107052,6.117943,0,10,1,1,128,8,23560,23560,484256,968512,21,20,1.000000,1,1
COO OMP,O2,232986998.748174,232.986999,0.232987,968512,0.011067,6.460207,6.471274,0,10,1,1,16,16,23560,23560,484256,968512,21,20,1.000000,1,1
COO OMP,O2,207828479.222048,207.828479,0.207828,968512,0.008738,6.097452,6.106190,0,10,1,1,64,16,23560,23560,484256,968512,21,20,1.000000,1,1
COO OMP,O2,134671300.056445,134.671300,0.134671,968512,0.010887,6.106255,6.117142,0,10,1,1,128,16,23560,23560,484256,968512,21,20,1.000000,1,1
COO OMP,O2,296816919.412919,296.816919,0.296817,968512,0.010524,6.108658,6.119182,0,10,1,1,16,32,23560,23560,484256,968512,21,20,1.000000,1,1
COO OMP,O2,139906796.400208,139.906796,0.139907,968512,0.009987,6.104685,6.114672,0,10,1,1,64,32,23560,23560,484256,968512,21,20,1.000000,1,1
COO OMP,O2,75667882.125366,75.667882,0.075668,968512,0.017040,6.113315,6.130355,0,10,1,1,128,32,23560,23560,484256,968512,21,20,1.000000,1,1
