Name,-O,FLOPS,MFLOPS,GFLOPS,FOP Count,Avg Run Time (s),Format Time (s),Total Time (s),Verification,Iters,Block Row,Block Col,K-Bound,Threads,Rows,Cols,NNZ,NNZ*2,Max Cols,Avg Cols,Col Ratio,Variance,Std Deviation
COO Serial Transpose,O2,639720.369647,0.639720,0.000640,968512,1.513967,0.933218,2.447185,0,10,1,1,16,-1,23560,23560,484256,968512,21,20,1.000000,1,1
COO Serial Transpose,O2,576997.939533,0.576998,0.000577,968512,1.678543,0.924190,2.602733,0,10,1,1,64,-1,23560,23560,484256,968512,21,20,1.000000,1,1
COO Serial Transpose,O2,593079.960543,0.593080,0.000593,968512,1.633031,0.920585,2.553616,0,10,1,1,128,-1,23560,23560,484256,968512,21,20,1.000000,1,1
