Name,-O,FLOPS,MFLOPS,GFLOPS,FOP Count,Avg Run Time (s),Format Time (s),Total Time (s),Verification,Iters,Block Row,Block Col,K-Bound,Threads,Rows,Cols,NNZ,NNZ*2,Max Cols,Avg Cols,Col Ratio,Variance,Std Deviation
CSR OMP,O2,137887388.465811,137.887388,0.137887,968512,0.014425,6.483023,6.497447,0,10,1,1,16,8,23560,23560,484256,968512,21,20,1.000000,1,1
CSR OMP,O2,121064525.503841,121.064526,0.121065,968512,0.013362,6.446347,6.459709,0,10,1,1,64,8,23560,23560,484256,968512,21,20,1.000000,1,1
CSR OMP,O2,71690538.584051,71.690539,0.071691,968512,0.021198,6.456636,6.477834,0,10,1,1,128,8,23560,23560,484256,968512,21,20,1.000000,1,1
CSR OMP,O2,360919866.922291,360.919867,0.360920,968512,0.005626,6.452249,6.457875,0,10,1,1,16,16,23560,23560,484256,968512,21,20,1.000000,1,1
CSR OMP,O2,171543564.539071,171.543565,0.171544,968512,0.010688,6.460516,6.471204,0,10,1,1,64,16,23560,23560,484256,968512,21,20,1.000000,1,1
CSR OMP,O2,115061986.156948,115.061986,0.115062,968512,0.013500,6.444083,6.457583,0,10,1,1,128,16,23560,23560,484256,968512,21,20,1.000000,1,1
CSR OMP,O2,247583868.419717,247.583868,0.247584,968512,0.008204,6.449144,6.457348,0,10,1,1,16,32,23560,23560,484256,968512,21,20,1.000000,1,1
CSR OMP,O2,133322885.431433,133.322885,0.133323,968512,0.012363,6.432327,6.444689,0,10,1,1,64,32,23560,23560,484256,968512,21,20,1.000000,1,1
CSR OMP,O2,150778103.181568,150.778103,0.150778,968512,0.010891,6.083782,6.094673,0,10,1,1,128,32,23560,23560,484256,968512,21,20,1.000000,1,1
