Name,-O,FLOPS,MFLOPS,GFLOPS,FOP Count,Avg Run Time (s),Format Time (s),Total Time (s),Verification,Iters,Block Row,Block Col,K-Bound,Threads,Rows,Cols,NNZ,NNZ*2,Max Cols,Avg Cols,Col Ratio,Variance,Std Deviation
CSR THREADS,O2,2171154193.872971,2171.154194,2.171154,439624,0.001796,0.216812,0.218609,0,5,1,1,16,72,10974,10974,219812,439624,108,20,5.000000,79,8
CSR THREADS,O2,1262372002.362710,1262.372002,1.262372,439624,0.001600,0.216136,0.217736,0,5,1,1,64,64,10974,10974,219812,439624,108,20,5.000000,79,8
CSR THREADS,O2,961352601.621705,961.352602,0.961353,439624,0.001547,0.216566,0.218113,0,5,1,1,128,64,10974,10974,219812,439624,108,20,5.000000,79,8
