Name,-O,FLOPS,MFLOPS,GFLOPS,FOP Count,Avg Run Time (s),Format Time (s),Total Time (s),Verification,Iters,Block Row,Block Col,K-Bound,Threads,Rows,Cols,NNZ,NNZ*2,Max Cols,Avg Cols,Col Ratio,Variance,Std Deviation
ELL GPU,O2,264450816.965218,264.450817,0.264451,85886,0.005731,0.089592,0.095323,0,10,1,1,16,-1,2003,2003,42943,85886,84,21,4.000000,197,14
ELL GPU,O2,66020958.981147,66.020959,0.066021,85886,0.004490,0.061276,0.065767,0,10,1,1,64,-1,2003,2003,42943,85886,84,21,4.000000,197,14
ELL GPU,O2,49886383.646428,49.886384,0.049886,85886,0.005249,0.043875,0.049124,0,10,1,1,128,-1,2003,2003,42943,85886,84,21,4.000000,197,14
