Name,-O,FLOPS,MFLOPS,GFLOPS,FOP Count,Avg Run Time (s),Format Time (s),Total Time (s),Verification,Iters,Block Row,Block Col,K-Bound,Threads,Rows,Cols,NNZ,NNZ*2,Max Cols,Avg Cols,Col Ratio,Variance,Std Deviation
COO OMP Transpose,O2,5562642.588826,5.562643,0.005563,439624,0.081969,0.255174,0.337143,0,10,1,1,16,8,10974,10974,219812,439624,108,20,5.000000,79,8
COO OMP Transpose,O2,5891728.453845,5.891728,0.005892,439624,0.077632,0.252523,0.330155,0,10,1,1,64,8,10974,10974,219812,439624,108,20,5.000000,79,8
COO OMP Transpose,O2,5828736.446855,5.828736,0.005829,439624,0.077519,0.262217,0.339736,0,10,1,1,128,8,10974,10974,219812,439624,108,20,5.000000,79,8
COO OMP Transpose,O2,11221590.046276,11.221590,0.011222,439624,0.043071,0.292136,0.335207,0,10,1,1,16,16,10974,10974,219812,439624,108,20,5.000000,79,8
COO OMP Transpose,O2,10931075.182716,10.931075,0.010931,439624,0.044147,0.221299,0.265446,0,10,1,1,64,16,10974,10974,219812,439624,108,20,5.000000,79,8
COO OMP Transpose,O2,10195960.541814,10.195961,0.010196,439624,0.047749,0.222558,0.270307,0,10,1,1,128,16,10974,10974,219812,439624,108,20,5.000000,79,8
COO OMP Transpose,O2,20629558.663706,20.629559,0.020630,439624,0.024210,0.238950,0.263160,0,10,1,1,16,32,10974,10974,219812,439624,108,20,5.000000,79,8
COO OMP Transpose,O2,19409768.000982,19.409768,0.019410,439624,0.025433,0.220606,0.246039,0,10,1,1,64,32,10974,10974,219812,439624,108,20,5.000000,79,8
COO OMP Transpose,O2,19697552.713685,19.697553,0.019698,439624,0.028031,0.319643,0.347674,0,10,1,1,128,32,10974,10974,219812,439624,108,20,5.000000,79,8
