Name,-O,FLOPS,MFLOPS,GFLOPS,FOP Count,Avg Run Time (s),Format Time (s),Total Time (s),Verification,Iters,Block Row,Block Col,K-Bound,Threads,Rows,Cols,NNZ,NNZ*2,Max Cols,Avg Cols,Col Ratio,Variance,Std Deviation
CSR OMP Transpose,O2,1000809.779150,1.000810,0.001001,439624,0.439269,0.677872,1.117141,0,10,1,1,16,8,10974,10974,219812,439624,108,20,5.000000,79,8
CSR OMP Transpose,O2,1003220.237195,1.003220,0.001003,439624,0.438266,0.680204,1.118470,0,10,1,1,64,8,10974,10974,219812,439624,108,20,5.000000,79,8
CSR OMP Transpose,O2,996769.360277,0.996769,0.000997,439624,0.441050,0.671874,1.112924,0,10,1,1,128,8,10974,10974,219812,439624,108,20,5.000000,79,8
CSR OMP Transpose,O2,1003333.066138,1.003333,0.001003,439624,0.438178,0.672102,1.110280,0,10,1,1,16,16,10974,10974,219812,439624,108,20,5.000000,79,8
CSR OMP Transpose,O2,1001090.723821,1.001091,0.001001,439624,0.439156,0.669159,1.108315,0,10,1,1,64,16,10974,10974,219812,439624,108,20,5.000000,79,8
CSR OMP Transpose,O2,1000187.464902,1.000187,0.001000,439624,0.439600,0.670722,1.110322,0,10,1,1,128,16,10974,10974,219812,439624,108,20,5.000000,79,8
CSR OMP Transpose,O2,962698.836335,0.962699,0.000963,439624,0.456868,0.668487,1.125355,0,10,1,1,16,32,10974,10974,219812,439624,108,20,5.000000,79,8
CSR OMP Transpose,O2,959569.701477,0.959570,0.000960,439624,0.458200,0.668082,1.126282,0,10,1,1,64,32,10974,10974,219812,439624,108,20,5.000000,79,8
CSR OMP Transpose,O2,961965.589578,0.961966,0.000962,439624,0.457088,0.669295,1.126383,0,10,1,1,128,32,10974,10974,219812,439624,108,20,5.000000,79,8
