Name,-O,FLOPS,MFLOPS,GFLOPS,FOP Count,Avg Run Time (s),Format Time (s),Total Time (s),Verification,Iters,Block Row,Block Col,K-Bound,Threads,Rows,Cols,NNZ,NNZ*2,Max Cols,Avg Cols,Col Ratio,Variance,Std Deviation
ELL OMP Transpose,O2,5887544.092713,5.887544,0.005888,439624,0.079192,0.298686,0.377878,0,10,1,1,16,8,10974,10974,219812,439624,108,20,5.000000,79,8
ELL OMP Transpose,O2,5120855.752220,5.120856,0.005121,439624,0.088228,0.354755,0.442983,0,10,1,1,64,8,10974,10974,219812,439624,108,20,5.000000,79,8
ELL OMP Transpose,O2,5168332.441395,5.168332,0.005168,439624,0.088247,0.356504,0.444751,0,10,1,1,128,8,10974,10974,219812,439624,108,20,5.000000,79,8
ELL OMP Transpose,O2,11103031.609012,11.103032,0.011103,439624,0.043062,0.311923,0.354985,0,10,1,1,16,16,10974,10974,219812,439624,108,20,5.000000,79,8
ELL OMP Transpose,O2,10025630.345682,10.025630,0.010026,439624,0.047942,0.278944,0.326886,0,10,1,1,64,16,10974,10974,219812,439624,108,20,5.000000,79,8
ELL OMP Transpose,O2,9662161.182278,9.662161,0.009662,439624,0.049664,0.255385,0.305049,0,10,1,1,128,16,10974,10974,219812,439624,108,20,5.000000,79,8
ELL OMP Transpose,O2,19826836.704857,19.826837,0.019827,439624,0.027513,0.349524,0.377037,0,10,1,1,16,32,10974,10974,219812,439624,108,20,5.000000,79,8
ELL OMP Transpose,O2,18325934.296290,18.325934,0.018326,439624,0.029206,0.348554,0.377760,0,10,1,1,64,32,10974,10974,219812,439624,108,20,5.000000,79,8
ELL OMP Transpose,O2,16485917.295983,16.485917,0.016486,439624,0.032275,0.351996,0.384271,0,10,1,1,128,32,10974,10974,219812,439624,108,20,5.000000,79,8
