Name,-O,FLOPS,MFLOPS,GFLOPS,FOP Count,Avg Run Time (s),Format Time (s),Total Time (s),Verification,Iters,Block Row,Block Col,K-Bound,Threads,Rows,Cols,NNZ,NNZ*2,Max Cols,Avg Cols,Col Ratio,Variance,Std Deviation
CSR GPU,O2,2343205691.494962,2343.205691,2.343206,439624,0.013504,0.241376,0.254880,0,10,1,1,16,-1,10974,10974,219812,439624,108,20,5.000000,79,8
CSR GPU,O2,2280600264.107777,2280.600264,2.280600,439624,0.003247,0.213180,0.216427,0,10,1,1,64,-1,10974,10974,219812,439624,108,20,5.000000,79,8
CSR GPU,O2,1694746897.637225,1694.746898,1.694747,439624,0.003912,0.213707,0.217619,0,10,1,1,128,-1,10974,10974,219812,439624,108,20,5.000000,79,8
