Name,-O,FLOPS,MFLOPS,GFLOPS,FOP Count,Avg Run Time (s),Format Time (s),Total Time (s),Verification,Iters,Block Row,Block Col,K-Bound,Threads,Rows,Cols,NNZ,NNZ*2,Max Cols,Avg Cols,Col Ratio,Variance,Std Deviation
ELL Serial,O2,35702451.382574,35.702451,0.035702,439624,0.012314,1.158753,1.171067,0,10,1,1,16,-1,10974,10974,219812,439624,108,20,5.000000,79,8
ELL Serial,O2,16226767.170953,16.226767,0.016227,439624,0.027094,1.212348,1.239442,0,10,1,1,64,-1,10974,10974,219812,439624,108,20,5.000000,79,8
ELL Serial,O2,10058291.213620,10.058291,0.010058,439624,0.043746,1.149470,1.193216,0,10,1,1,128,-1,10974,10974,219812,439624,108,20,5.000000,79,8
