,Name,-O,FLOPS,MFLOPS,GFLOPS,FOP Count,Avg Run Time (s),Format Time (s),Total Time (s),Verification,Iters,Block Row,Block Col,K-Bound,Threads,Rows,Cols,NNZ,NNZ*2,Max Cols,Avg Cols,Col Ratio,Variance,Std Deviation
0,BCSR Serial,O2,1478547695.138657,1478.547695,1.478548,1374176,0.00102,0.05185,0.05287,0,10,4,4,16,-1,2003,2003,42943,85886,84,21,4.0,197,14
1,BCSR Serial,O2,3863992457.464621,3863.992457,3.863992,5496704,0.001427,0.048523,0.04995,0,10,4,4,64,-1,2003,2003,42943,85886,84,21,4.0,197,14
2,BCSR Serial,O2,4495732571.834693,4495.732572,4.495733,10993408,0.002471,0.051092,0.053562,0,10,4,4,128,-1,2003,2003,42943,85886,84,21,4.0,197,14
3,BCSR Serial,O2,2203307246.910223,2203.307247,2.203307,1374176,0.000624,0.050666,0.05129,0,10,2,2,16,-1,2003,2003,42943,85886,84,21,4.0,197,14
4,BCSR Serial,O2,616796343.82318,616.796344,0.616796,1374176,0.002229,0.055684,0.057913,0,10,16,16,16,-1,2003,2003,42943,85886,84,21,4.0,197,14
5,BCSR Serial,O2,6045144010.305523,6045.14401,6.045144,5496704,0.000915,0.047454,0.048369,0,10,2,2,64,-1,2003,2003,42943,85886,84,21,4.0,197,14
6,BCSR Serial,O2,1427741725.490456,1427.741725,1.427742,5496704,0.004135,0.053429,0.057564,0,10,16,16,64,-1,2003,2003,42943,85886,84,21,4.0,197,14
7,BCSR Serial,O2,6314613439.739655,6314.61344,6.314613,10993408,0.001743,0.057526,0.059269,0,10,2,2,128,-1,2003,2003,42943,85886,84,21,4.0,197,14
8,BCSR Serial,O2,1798394565.82719,1798.394566,1.798395,10993408,0.006114,0.057908,0.064022,0,10,16,16,128,-1,2003,2003,42943,85886,84,21,4.0,197,14
