Name,-O,FLOPS,MFLOPS,GFLOPS,FOP Count,Avg Run Time (s),Format Time (s),Total Time (s),Verification,Iters,Block Row,Block Col,K-Bound,Threads,Rows,Cols,NNZ,NNZ*2,Max Cols,Avg Cols,Col Ratio,Variance,Std Deviation
ELL GPU,O2,2509720857.089179,2509.720857,2.509721,439624,0.005010,0.303033,0.308043,0,10,1,1,16,-1,10974,10974,219812,439624,108,20,5.000000,79,8
ELL GPU,O2,683871376.597499,683.871377,0.683871,439624,0.002918,0.244654,0.247572,0,10,1,1,64,-1,10974,10974,219812,439624,108,20,5.000000,79,8
ELL GPU,O2,388980285.637767,388.980286,0.388980,439624,0.004155,0.245203,0.249358,0,10,1,1,128,-1,10974,10974,219812,439624,108,20,5.000000,79,8
