Name,-O,FLOPS,MFLOPS,GFLOPS,FOP Count,Avg Run Time (s),Format Time (s),Total Time (s),Verification,Iters,Block Row,Block Col,K-Bound,Threads,Rows,Cols,NNZ,NNZ*2,Max Cols,Avg Cols,Col Ratio,Variance,Std Deviation
ELL Serial,O2,652327670.654203,652.327671,0.652328,7033984,0.010784,0.700135,0.710919,0,10,1,1,16,-1,10974,10974,219812,439624,108,20,5.000000,79,8
ELL Serial,O2,1879455786.601034,1879.455787,1.879456,28135936,0.014971,0.701871,0.716842,0,10,1,1,64,-1,10974,10974,219812,439624,108,20,5.000000,79,8
ELL Serial,O2,2243468642.066818,2243.468642,2.243469,56271872,0.025084,0.706404,0.731488,0,10,1,1,128,-1,10974,10974,219812,439624,108,20,5.000000,79,8
