Name,-O,FLOPS,MFLOPS,GFLOPS,FOP Count,Avg Run Time (s),Format Time (s),Total Time (s),Verification,Iters,Block Row,Block Col,K-Bound,Threads,Rows,Cols,NNZ,NNZ*2,Max Cols,Avg Cols,Col Ratio,Variance,Std Deviation
CSR OMP,O2,55060811.128528,55.060811,0.055061,85886,0.002157,0.052553,0.054710,0,10,1,1,16,8,2003,2003,42943,85886,84,21,4.000000,197,14
CSR OMP,O2,49069613.315861,49.069613,0.049070,85886,0.002991,0.053184,0.056175,0,10,1,1,64,8,2003,2003,42943,85886,84,21,4.000000,197,14
CSR OMP,O2,33953845.713911,33.953846,0.033954,85886,0.003565,0.055601,0.059166,0,10,1,1,128,8,2003,2003,42943,85886,84,21,4.000000,197,14
CSR OMP,O2,94630997.322707,94.630997,0.094631,85886,0.001429,0.028805,0.030233,0,10,1,1,16,16,2003,2003,42943,85886,84,21,4.000000,197,14
CSR OMP,O2,61841010.231339,61.841010,0.061841,85886,0.002595,0.047311,0.049906,0,10,1,1,64,16,2003,2003,42943,85886,84,21,4.000000,197,14
CSR OMP,O2,55037631.116720,55.037631,0.055038,85886,0.003556,0.022489,0.026045,0,10,1,1,128,16,2003,2003,42943,85886,84,21,4.000000,197,14
CSR OMP,O2,118446184.683077,118.446185,0.118446,85886,0.003006,0.082138,0.085144,0,10,1,1,16,32,2003,2003,42943,85886,84,21,4.000000,197,14
CSR OMP,O2,82184481.659815,82.184482,0.082184,85886,0.002578,0.071008,0.073586,0,10,1,1,64,32,2003,2003,42943,85886,84,21,4.000000,197,14
CSR OMP,O2,56502066.197596,56.502066,0.056502,85886,0.003801,0.065732,0.069533,0,10,1,1,128,32,2003,2003,42943,85886,84,21,4.000000,197,14
