Name,-O,FLOPS,MFLOPS,GFLOPS,FOP Count,Avg Run Time (s),Format Time (s),Total Time (s),Verification,Iters,Block Row,Block Col,K-Bound,Threads,Rows,Cols,NNZ,NNZ*2,Max Cols,Avg Cols,Col Ratio,Variance,Std Deviation
CSR GPU,O2,13772551.564133,13.772552,0.013773,448,0.001054,0.000447,0.001501,0,10,1,1,16,-1,48,48,224,448,10,4,2.000000,4,2
CSR GPU,O2,16292078.691459,16.292079,0.016292,448,0.000852,0.000169,0.001021,46,10,1,1,64,-1,48,48,224,448,10,4,2.000000,4,2
CSR GPU,O2,15102285.305631,15.102285,0.015102,448,0.000293,0.000445,0.000737,182,10,1,1,128,-1,48,48,224,448,10,4,2.000000,4,2
