Name,-O,FLOPS,MFLOPS,GFLOPS,FOP Count,Avg Run Time (s),Format Time (s),Total Time (s),Verification,Iters,Block Row,Block Col,K-Bound,Threads,Rows,Cols,NNZ,NNZ*2,Max Cols,Avg Cols,Col Ratio,Variance,Std Deviation
ELL Serial Transpose,O2,18587423.815837,18.587424,0.018587,85886,0.004755,0.084525,0.089279,0,10,1,1,16,-1,2003,2003,42943,85886,84,21,4.000000,197,14
ELL Serial Transpose,O2,10316027.099872,10.316027,0.010316,85886,0.008759,0.083583,0.092342,0,10,1,1,64,-1,2003,2003,42943,85886,84,21,4.000000,197,14
ELL Serial Transpose,O2,6397755.310826,6.397755,0.006398,85886,0.014325,0.095785,0.110110,0,10,1,1,128,-1,2003,2003,42943,85886,84,21,4.000000,197,14
