Name,-O,FLOPS,MFLOPS,GFLOPS,FOP Count,Avg Run Time (s),Format Time (s),Total Time (s),Verification,Iters,Block Row,Block Col,K-Bound,Threads,Rows,Cols,NNZ,NNZ*2,Max Cols,Avg Cols,Col Ratio,Variance,Std Deviation
CSR Serial,O2,316472276.352598,316.472276,0.316472,439624,0.001395,0.290165,0.291560,0,10,1,1,16,-1,10974,10974,219812,439624,108,20,5.000000,79,8
CSR Serial,O2,116928579.951879,116.928580,0.116929,439624,0.003812,0.315364,0.319176,0,10,1,1,64,-1,10974,10974,219812,439624,108,20,5.000000,79,8
CSR Serial,O2,51502455.650780,51.502456,0.051502,439624,0.008617,0.323112,0.331729,0,10,1,1,128,-1,10974,10974,219812,439624,108,20,5.000000,79,8
