Name,-O,FLOPS,MFLOPS,GFLOPS,FOP Count,Avg Run Time (s),Format Time (s),Total Time (s),Verification,Iters,Block Row,Block Col,K-Bound,Threads,Rows,Cols,NNZ,NNZ*2,Max Cols,Avg Cols,Col Ratio,Variance,Std Deviation
ELL THREADS,O2,707718549.961265,707.718550,0.707719,439624,0.002617,0.269012,0.271629,0,5,1,1,16,72,10974,10974,219812,439624,108,20,5.000000,79,8
ELL THREADS,O2,630798948.400634,630.798948,0.630799,439624,0.000891,0.247335,0.248226,0,5,1,1,64,48,10974,10974,219812,439624,108,20,5.000000,79,8
ELL THREADS,O2,205923409.721635,205.923410,0.205923,439624,0.005431,0.241177,0.246608,0,5,1,1,128,72,10974,10974,219812,439624,108,20,5.000000,79,8
