Name,-O,FLOPS,MFLOPS,GFLOPS,FOP Count,Avg Run Time (s),Format Time (s),Total Time (s),Verification,Iters,Block Row,Block Col,K-Bound,Threads,Rows,Cols,NNZ,NNZ*2,Max Cols,Avg Cols,Col Ratio,Variance,Std Deviation
CSR OMP,O2,55130394.153374,55.130394,0.055130,448,0.000143,0.000224,0.000367,0,10,1,1,16,8,48,48,224,448,10,4,2.000000,4,2
CSR OMP,O2,41212615.791621,41.212616,0.041213,448,0.000386,0.000445,0.000831,30,10,1,1,64,8,48,48,224,448,10,4,2.000000,4,2
CSR OMP,O2,28441238.366788,28.441238,0.028441,448,0.000099,0.000368,0.000468,114,10,1,1,128,8,48,48,224,448,10,4,2.000000,4,2
CSR OMP,O2,29025110.262071,29.025110,0.029025,448,0.001993,0.000366,0.002359,0,10,1,1,16,16,48,48,224,448,10,4,2.000000,4,2
CSR OMP,O2,24197707.807662,24.197708,0.024198,448,0.000917,0.000167,0.001084,26,10,1,1,64,16,48,48,224,448,10,4,2.000000,4,2
CSR OMP,O2,8939341.076888,8.939341,0.008939,448,0.002673,0.000415,0.003088,78,10,1,1,128,16,48,48,224,448,10,4,2.000000,4,2
CSR OMP,O2,7533551.057883,7.533551,0.007534,448,0.005335,0.000379,0.005713,0,10,1,1,16,32,48,48,224,448,10,4,2.000000,4,2
CSR OMP,O2,12366085.729600,12.366086,0.012366,448,0.005864,0.000188,0.006052,30,10,1,1,64,32,48,48,224,448,10,4,2.000000,4,2
CSR OMP,O2,10498862.666233,10.498863,0.010499,448,0.006192,0.000182,0.006374,176,10,1,1,128,32,48,48,224,448,10,4,2.000000,4,2
