Name,-O,FLOPS,MFLOPS,GFLOPS,FOP Count,Avg Run Time (s),Format Time (s),Total Time (s),Verification,Iters,Block Row,Block Col,K-Bound,Threads,Rows,Cols,NNZ,NNZ*2,Max Cols,Avg Cols,Col Ratio,Variance,Std Deviation
ELL Serial,O2,62727640.234605,62.727640,0.062728,439624,0.007009,0.345519,0.352527,0,10,1,1,16,-1,10974,10974,219812,439624,108,20,5.000000,79,8
ELL Serial,O2,24324177.352999,24.324177,0.024324,439624,0.018076,0.347131,0.365207,0,10,1,1,64,-1,10974,10974,219812,439624,108,20,5.000000,79,8
ELL Serial,O2,13402832.506567,13.402833,0.013403,439624,0.032823,0.356696,0.389519,0,10,1,1,128,-1,10974,10974,219812,439624,108,20,5.000000,79,8
