Name,-O,FLOPS,MFLOPS,GFLOPS,FOP Count,Avg Run Time (s),Format Time (s),Total Time (s),Verification,Iters,Block Row,Block Col,K-Bound,Threads,Rows,Cols,NNZ,NNZ*2,Max Cols,Avg Cols,Col Ratio,Variance,Std Deviation
CSR OMP,O2,1520848973.039486,1520.848973,1.520849,439624,0.001508,0.311791,0.313299,0,10,1,1,16,8,10974,10974,219812,439624,108,20,5.000000,79,8
CSR OMP,O2,493245566.355205,493.245566,0.493246,439624,0.003178,0.308645,0.311823,0,10,1,1,64,8,10974,10974,219812,439624,108,20,5.000000,79,8
CSR OMP,O2,372365016.171661,372.365016,0.372365,439624,0.001447,0.250385,0.251832,0,10,1,1,128,8,10974,10974,219812,439624,108,20,5.000000,79,8
CSR OMP,O2,1838487683.237272,1838.487683,1.838488,439624,0.001216,0.219398,0.220614,0,10,1,1,16,16,10974,10974,219812,439624,108,20,5.000000,79,8
CSR OMP,O2,1012083306.801696,1012.083307,1.012083,439624,0.000896,0.224606,0.225502,0,10,1,1,64,16,10974,10974,219812,439624,108,20,5.000000,79,8
CSR OMP,O2,675409643.429587,675.409643,0.675410,439624,0.001459,0.263627,0.265086,0,10,1,1,128,16,10974,10974,219812,439624,108,20,5.000000,79,8
CSR OMP,O2,3719979938.556195,3719.979939,3.719980,439624,0.001217,0.250415,0.251632,0,10,1,1,16,32,10974,10974,219812,439624,108,20,5.000000,79,8
CSR OMP,O2,1500851408.609763,1500.851409,1.500851,439624,0.001219,0.250506,0.251725,0,10,1,1,64,32,10974,10974,219812,439624,108,20,5.000000,79,8
CSR OMP,O2,1021241237.100757,1021.241237,1.021241,439624,0.002523,0.246479,0.249002,0,10,1,1,128,32,10974,10974,219812,439624,108,20,5.000000,79,8
