Name,-O,FLOPS,MFLOPS,GFLOPS,FOP Count,Avg Run Time (s),Format Time (s),Total Time (s),Verification,Iters,Block Row,Block Col,K-Bound,Threads,Rows,Cols,NNZ,NNZ*2,Max Cols,Avg Cols,Col Ratio,Variance,Std Deviation
CSR GPU Transpose,O2,1756584.080538,1.756584,0.001757,439624,0.250710,0.254440,0.505150,0,10,1,1,16,-1,10974,10974,219812,439624,108,20,5.000000,79,8
CSR GPU Transpose,O2,1722097.616755,1.722098,0.001722,439624,0.255523,0.310434,0.565957,0,10,1,1,64,-1,10974,10974,219812,439624,108,20,5.000000,79,8
CSR GPU Transpose,O2,1619435.133095,1.619435,0.001619,439624,0.272121,0.299648,0.571769,0,10,1,1,128,-1,10974,10974,219812,439624,108,20,5.000000,79,8
