Name,-O,FLOPS,MFLOPS,GFLOPS,FOP Count,Avg Run Time (s),Format Time (s),Total Time (s),Verification,Iters,Block Row,Block Col,K-Bound,Threads,Rows,Cols,NNZ,NNZ*2,Max Cols,Avg Cols,Col Ratio,Variance,Std Deviation
COO GPU,O2,4949677817.165375,4949.677817,4.949678,439624,0.004863,0.297072,0.301935,0,10,1,1,16,-1,10974,10974,219812,439624,108,20,5.000000,79,8
COO GPU,O2,2804440427.729962,2804.440428,2.804440,439624,0.002046,0.215482,0.217528,0,10,1,1,64,-1,10974,10974,219812,439624,108,20,5.000000,79,8
COO GPU,O2,929596446.621447,929.596447,0.929596,439624,0.002878,0.302076,0.304954,0,10,1,1,128,-1,10974,10974,219812,439624,108,20,5.000000,79,8
