Name,-O,FLOPS,MFLOPS,GFLOPS,FOP Count,Avg Run Time (s),Format Time (s),Total Time (s),Verification,Iters,Block Row,Block Col,K-Bound,Threads,Rows,Cols,NNZ,NNZ*2,Max Cols,Avg Cols,Col Ratio,Variance,Std Deviation
CSR OMP,O2,9121311142.656044,9121.311143,9.121311,1374176,0.000841,0.049160,0.050001,0,10,1,1,16,8,2003,2003,42943,85886,84,21,4.000000,197,14
CSR OMP,O2,21100409489.162640,21100.409489,21.100409,5496704,0.000850,0.055261,0.056111,0,10,1,1,64,8,2003,2003,42943,85886,84,21,4.000000,197,14
CSR OMP,O2,22632809436.487812,22632.809436,22.632809,10993408,0.001096,0.057428,0.058524,0,10,1,1,128,8,2003,2003,42943,85886,84,21,4.000000,197,14
CSR OMP,O2,17155933068.646957,17155.933069,17.155933,1374176,0.000771,0.058316,0.059087,0,10,1,1,16,16,2003,2003,42943,85886,84,21,4.000000,197,14
CSR OMP,O2,24334020827.129955,24334.020827,24.334021,5496704,0.001000,0.055343,0.056343,0,10,1,1,64,16,2003,2003,42943,85886,84,21,4.000000,197,14
CSR OMP,O2,29152814237.798840,29152.814238,29.152814,10993408,0.001440,0.058568,0.060008,0,10,1,1,128,16,2003,2003,42943,85886,84,21,4.000000,197,14
CSR OMP,O2,11555771926.783039,11555.771927,11.555772,1374176,0.001532,0.050480,0.052012,0,10,1,1,16,32,2003,2003,42943,85886,84,21,4.000000,197,14
CSR OMP,O2,12535218732.498438,12535.218732,12.535219,5496704,0.001840,0.057176,0.059016,0,10,1,1,64,32,2003,2003,42943,85886,84,21,4.000000,197,14
CSR OMP,O2,26237414847.839195,26237.414848,26.237415,10993408,0.003429,0.057451,0.060880,0,10,1,1,128,32,2003,2003,42943,85886,84,21,4.000000,197,14
