Name,-O,FLOPS,MFLOPS,GFLOPS,FOP Count,Avg Run Time (s),Format Time (s),Total Time (s),Verification,Iters,Block Row,Block Col,K-Bound,Threads,Rows,Cols,NNZ,NNZ*2,Max Cols,Avg Cols,Col Ratio,Variance,Std Deviation
COO OMP,O2,51336011.597320,51.336012,0.051336,448,0.000577,0.000439,0.001016,0,10,1,1,16,8,48,48,224,448,10,4,2.000000,4,2
COO OMP,O2,18061753.140305,18.061753,0.018062,448,0.000437,0.000350,0.000787,62,10,1,1,64,8,48,48,224,448,10,4,2.000000,4,2
COO OMP,O2,30531345.968901,30.531346,0.030531,448,0.000300,0.000181,0.000481,238,10,1,1,128,8,48,48,224,448,10,4,2.000000,4,2
COO OMP,O2,13192039.578388,13.192040,0.013192,448,0.000285,0.000183,0.000468,0,10,1,1,16,16,48,48,224,448,10,4,2.000000,4,2
COO OMP,O2,16851594.445440,16.851594,0.016852,448,0.000240,0.000311,0.000551,26,10,1,1,64,16,48,48,224,448,10,4,2.000000,4,2
COO OMP,O2,10286910.080797,10.286910,0.010287,448,0.000218,0.000335,0.000553,390,10,1,1,128,16,48,48,224,448,10,4,2.000000,4,2
COO OMP,O2,9963004.064509,9.963004,0.009963,448,0.001103,0.000446,0.001549,0,10,1,1,16,32,48,48,224,448,10,4,2.000000,4,2
COO OMP,O2,74194252.256932,74.194252,0.074194,448,0.000184,0.000242,0.000426,14,10,1,1,64,32,48,48,224,448,10,4,2.000000,4,2
COO OMP,O2,7868776.067555,7.868776,0.007869,448,0.000292,0.000177,0.000469,142,10,1,1,128,32,48,48,224,448,10,4,2.000000,4,2
