Name,-O,FLOPS,MFLOPS,GFLOPS,FOP Count,Avg Run Time (s),Format Time (s),Total Time (s),Verification,Iters,Block Row,Block Col,K-Bound,Threads,Rows,Cols,NNZ,NNZ*2,Max Cols,Avg Cols,Col Ratio,Variance,Std Deviation
ELL OMP,O2,3486763035.135350,3486.763035,3.486763,7033984,0.003293,0.764306,0.767599,0,10,1,1,16,8,10974,10974,219812,439624,108,20,5.000000,79,8
ELL OMP,O2,6280277461.474215,6280.277461,6.280277,28135936,0.005531,0.770028,0.775559,0,10,1,1,64,8,10974,10974,219812,439624,108,20,5.000000,79,8
ELL OMP,O2,10811245479.323595,10811.245479,10.811245,56271872,0.006444,0.799671,0.806116,0,10,1,1,128,8,10974,10974,219812,439624,108,20,5.000000,79,8
ELL OMP,O2,5541312074.415026,5541.312074,5.541312,7033984,0.002512,0.782774,0.785286,0,10,1,1,16,16,10974,10974,219812,439624,108,20,5.000000,79,8
ELL OMP,O2,8605029790.520603,8605.029791,8.605030,28135936,0.004131,0.745441,0.749572,0,10,1,1,64,16,10974,10974,219812,439624,108,20,5.000000,79,8
ELL OMP,O2,12780402518.494375,12780.402518,12.780403,56271872,0.005494,0.786763,0.792257,0,10,1,1,128,16,10974,10974,219812,439624,108,20,5.000000,79,8
ELL OMP,O2,4840985914.292915,4840.985914,4.840986,7033984,0.003131,0.749658,0.752788,0,10,1,1,16,32,10974,10974,219812,439624,108,20,5.000000,79,8
ELL OMP,O2,14398034160.465586,14398.034160,14.398034,28135936,0.003124,0.781188,0.784312,0,10,1,1,64,32,10974,10974,219812,439624,108,20,5.000000,79,8
ELL OMP,O2,15079609294.450840,15079.609294,15.079609,56271872,0.005475,0.791578,0.797053,0,10,1,1,128,32,10974,10974,219812,439624,108,20,5.000000,79,8
