Name,-O,FLOPS,MFLOPS,GFLOPS,FOP Count,Avg Run Time (s),Format Time (s),Total Time (s),Verification,Iters,Block Row,Block Col,K-Bound,Threads,Rows,Cols,NNZ,NNZ*2,Max Cols,Avg Cols,Col Ratio,Variance,Std Deviation
BCSR GPU,O2,1646570.295260,1.646570,0.001647,439624,0.273742,0.733298,1.007040,16,10,2,2,16,-1,10974,10974,219812,439624,108,20,5.000000,79,8
BCSR GPU,O2,1635357.363315,1.635357,0.001635,439624,0.275927,0.747121,1.023048,16,10,4,4,16,-1,10974,10974,219812,439624,108,20,5.000000,79,8
BCSR GPU,O2,774610.643974,0.774611,0.000775,439624,0.578425,0.741215,1.319640,16,10,16,16,16,-1,10974,10974,219812,439624,108,20,5.000000,79,8
BCSR GPU,O2,1633534.346430,1.633534,0.001634,439624,0.276555,0.733073,1.009628,64,10,2,2,64,-1,10974,10974,219812,439624,108,20,5.000000,79,8
BCSR GPU,O2,1090042.623543,1.090043,0.001090,439624,0.407896,0.738390,1.146286,64,10,4,4,64,-1,10974,10974,219812,439624,108,20,5.000000,79,8
BCSR GPU,O2,1029325.675437,1.029326,0.001029,439624,0.439892,0.754235,1.194127,64,10,16,16,64,-1,10974,10974,219812,439624,108,20,5.000000,79,8
BCSR GPU,O2,779230.951512,0.779231,0.000779,439624,0.583798,0.720837,1.304635,128,10,2,2,128,-1,10974,10974,219812,439624,108,20,5.000000,79,8
BCSR GPU,O2,1075526.073414,1.075526,0.001076,439624,0.414192,0.736635,1.150827,128,10,4,4,128,-1,10974,10974,219812,439624,108,20,5.000000,79,8
BCSR GPU,O2,720635.240671,0.720635,0.000721,439624,0.642826,0.755826,1.398652,128,10,16,16,128,-1,10974,10974,219812,439624,108,20,5.000000,79,8
