Name,-O,FLOPS,MFLOPS,GFLOPS,FOP Count,Avg Run Time (s),Format Time (s),Total Time (s),Verification,Iters,Block Row,Block Col,K-Bound,Threads,Rows,Cols,NNZ,NNZ*2,Max Cols,Avg Cols,Col Ratio,Variance,Std Deviation
CSR GPU,O2,488970.516249,0.488971,0.000489,439624,0.903976,1.428495,2.332471,0,10,1,1,16,-1,10974,10974,219812,439624,108,20,5.000000,79,8
CSR GPU,O2,543640.283325,0.543640,0.000544,439624,0.816620,1.387609,2.204229,0,10,1,1,64,-1,10974,10974,219812,439624,108,20,5.000000,79,8
CSR GPU,O2,483160.130116,0.483160,0.000483,439624,0.915337,1.453801,2.369138,0,10,1,1,128,-1,10974,10974,219812,439624,108,20,5.000000,79,8
