Name,-O,FLOPS,MFLOPS,GFLOPS,FOP Count,Avg Run Time (s),Format Time (s),Total Time (s),Verification,Iters,Block Row,Block Col,K-Bound,Threads,Rows,Cols,NNZ,NNZ*2,Max Cols,Avg Cols,Col Ratio,Variance,Std Deviation
COO Serial,O2,92342477.233781,92.342477,0.092342,439624,0.004761,1.371523,1.376284,0,10,1,1,16,-1,10974,10974,219812,439624,108,20,5.000000,79,8
COO Serial,O2,54042175.764582,54.042176,0.054042,439624,0.008135,1.423205,1.431340,0,10,1,1,64,-1,10974,10974,219812,439624,108,20,5.000000,79,8
COO Serial,O2,40213297.273935,40.213297,0.040213,439624,0.010932,1.426730,1.437662,0,10,1,1,128,-1,10974,10974,219812,439624,108,20,5.000000,79,8
