Name,-O,FLOPS,MFLOPS,GFLOPS,FOP Count,Avg Run Time (s),Format Time (s),Total Time (s),Verification,Iters,Block Row,Block Col,K-Bound,Threads,Rows,Cols,NNZ,NNZ*2,Max Cols,Avg Cols,Col Ratio,Variance,Std Deviation
BCSR GPU,O2,171437948.818167,171.437949,0.171438,85886,0.005452,0.063762,0.069214,0,10,2,2,16,-1,2003,2003,42943,85886,84,21,4.000000,197,14
BCSR GPU,O2,101906111.021722,101.906111,0.101906,85886,0.003043,0.028885,0.031928,0,10,4,4,16,-1,2003,2003,42943,85886,84,21,4.000000,197,14
BCSR GPU,O2,77349382.450537,77.349382,0.077349,85886,0.003728,0.081320,0.085048,0,10,16,16,16,-1,2003,2003,42943,85886,84,21,4.000000,197,14
BCSR GPU,O2,67767343.947470,67.767344,0.067767,85886,0.003818,0.039288,0.043106,0,10,2,2,64,-1,2003,2003,42943,85886,84,21,4.000000,197,14
BCSR GPU,O2,48086035.446611,48.086035,0.048086,85886,0.004391,0.079156,0.083547,0,10,4,4,64,-1,2003,2003,42943,85886,84,21,4.000000,197,14
BCSR GPU,O2,41439100.822092,41.439101,0.041439,85886,0.005478,0.080082,0.085560,0,10,16,16,64,-1,2003,2003,42943,85886,84,21,4.000000,197,14
BCSR GPU,O2,51009943.527150,51.009944,0.051010,85886,0.005166,0.062335,0.067501,0,10,2,2,128,-1,2003,2003,42943,85886,84,21,4.000000,197,14
BCSR GPU,O2,50364607.163574,50.364607,0.050365,85886,0.005621,0.065747,0.071368,0,10,4,4,128,-1,2003,2003,42943,85886,84,21,4.000000,197,14
BCSR GPU,O2,34304790.263906,34.304790,0.034305,85886,0.005990,0.069231,0.075221,0,10,16,16,128,-1,2003,2003,42943,85886,84,21,4.000000,197,14
