Name,-O,FLOPS,MFLOPS,GFLOPS,FOP Count,Avg Run Time (s),Format Time (s),Total Time (s),Verification,Iters,Block Row,Block Col,K-Bound,Threads,Rows,Cols,NNZ,NNZ*2,Max Cols,Avg Cols,Col Ratio,Variance,Std Deviation
CSR GPU,O2,6422295.776114,6.422296,0.006422,85886,0.030395,0.036007,0.066402,0,10,1,1,16,-1,2003,2003,42943,85886,84,21,4.000000,197,14
CSR GPU,O2,6145557.285736,6.145557,0.006146,85886,0.029515,0.035835,0.065350,0,10,1,1,64,-1,2003,2003,42943,85886,84,21,4.000000,197,14
CSR GPU,O2,4995272.631662,4.995273,0.004995,85886,0.033786,0.035747,0.069533,0,10,1,1,128,-1,2003,2003,42943,85886,84,21,4.000000,197,14
