Name,-O,FLOPS,MFLOPS,GFLOPS,FOP Count,Avg Run Time (s),Format Time (s),Total Time (s),Verification,Iters,Block Row,Block Col,K-Bound,Threads,Rows,Cols,NNZ,NNZ*2,Max Cols,Avg Cols,Col Ratio,Variance,Std Deviation
BCSR Serial Transpose,O2,1768749.992650,1.768750,0.001769,439624,0.248551,0.327789,0.576340,16,10,2,2,16,-1,10974,10974,219812,439624,108,20,5.000000,79,8
BCSR Serial Transpose,O2,1789350.317381,1.789350,0.001789,439624,0.245690,0.346239,0.591929,16,10,4,4,16,-1,10974,10974,219812,439624,108,20,5.000000,79,8
BCSR Serial Transpose,O2,1819294.275371,1.819294,0.001819,439624,0.241646,0.344125,0.585771,16,10,16,16,16,-1,10974,10974,219812,439624,108,20,5.000000,79,8
BCSR Serial Transpose,O2,1732579.823639,1.732580,0.001733,439624,0.253740,0.344854,0.598594,64,10,2,2,64,-1,10974,10974,219812,439624,108,20,5.000000,79,8
BCSR Serial Transpose,O2,1757309.388875,1.757309,0.001757,439624,0.250169,0.332824,0.582993,64,10,4,4,64,-1,10974,10974,219812,439624,108,20,5.000000,79,8
BCSR Serial Transpose,O2,1597785.431582,1.597785,0.001598,439624,0.275146,0.359715,0.634861,64,10,16,16,64,-1,10974,10974,219812,439624,108,20,5.000000,79,8
BCSR Serial Transpose,O2,1643170.662415,1.643171,0.001643,439624,0.267546,0.337890,0.605436,128,10,2,2,128,-1,10974,10974,219812,439624,108,20,5.000000,79,8
BCSR Serial Transpose,O2,1701923.030532,1.701923,0.001702,439624,0.258311,0.339985,0.598295,128,10,4,4,128,-1,10974,10974,219812,439624,108,20,5.000000,79,8
BCSR Serial Transpose,O2,1270046.713639,1.270047,0.001270,439624,0.346149,0.350778,0.696926,128,10,16,16,128,-1,10974,10974,219812,439624,108,20,5.000000,79,8
