Name,-O,FLOPS,MFLOPS,GFLOPS,FOP Count,Avg Run Time (s),Format Time (s),Total Time (s),Verification,Iters,Block Row,Block Col,K-Bound,Threads,Rows,Cols,NNZ,NNZ*2,Max Cols,Avg Cols,Col Ratio,Variance,Std Deviation
COO Serial,O2,2273053577.710371,2273.053578,2.273054,1374176,0.000606,0.074462,0.075068,0,10,1,1,16,-1,2003,2003,42943,85886,84,21,4.000000,197,14
COO Serial,O2,3705078971.465028,3705.078971,3.705079,5496704,0.001496,0.076405,0.077901,0,10,1,1,64,-1,2003,2003,42943,85886,84,21,4.000000,197,14
COO Serial,O2,3973183148.181258,3973.183148,3.973183,10993408,0.002807,0.085192,0.087999,0,10,1,1,128,-1,2003,2003,42943,85886,84,21,4.000000,197,14
