Name,-O,FLOPS,MFLOPS,GFLOPS,FOP Count,Avg Run Time (s),Format Time (s),Total Time (s),Verification,Iters,Block Row,Block Col,K-Bound,Threads,Rows,Cols,NNZ,NNZ*2,Max Cols,Avg Cols,Col Ratio,Variance,Std Deviation
CSR Serial Transpose,O2,23089966.214205,23.089966,0.023090,85886,0.003776,0.044049,0.047825,0,10,1,1,16,-1,2003,2003,42943,85886,84,21,4.000000,197,14
CSR Serial Transpose,O2,17134763.850440,17.134764,0.017135,85886,0.005050,0.040595,0.045645,0,10,1,1,64,-1,2003,2003,42943,85886,84,21,4.000000,197,14
CSR Serial Transpose,O2,11694187.266914,11.694187,0.011694,85886,0.007364,0.044151,0.051515,0,10,1,1,128,-1,2003,2003,42943,85886,84,21,4.000000,197,14
