Name,-O,FLOPS,MFLOPS,GFLOPS,FOP Count,Avg Run Time (s),Format Time (s),Total Time (s),Verification,Iters,Block Row,Block Col,K-Bound,Threads,Rows,Cols,NNZ,NNZ*2,Max Cols,Avg Cols,Col Ratio,Variance,Std Deviation
ELL Serial,O2,43615743.478096,43.615743,0.043616,85886,0.001981,0.090357,0.092339,0,10,1,1,16,-1,2003,2003,42943,85886,84,21,4.000000,197,14
ELL Serial,O2,19976549.525119,19.976550,0.019977,85886,0.004369,0.084700,0.089069,0,10,1,1,64,-1,2003,2003,42943,85886,84,21,4.000000,197,14
ELL Serial,O2,16719743.141571,16.719743,0.016720,85886,0.005147,0.026507,0.031653,0,10,1,1,128,-1,2003,2003,42943,85886,84,21,4.000000,197,14
