Name,-O,FLOPS,MFLOPS,GFLOPS,FOP Count,Avg Run Time (s),Format Time (s),Total Time (s),Verification,Iters,Block Row,Block Col,K-Bound,Threads,Rows,Cols,NNZ,NNZ*2,Max Cols,Avg Cols,Col Ratio,Variance,Std Deviation
COO Serial,O2,3633670231.447695,3633.670231,3.633670,1374176,0.000379,0.049588,0.049967,0,10,1,1,16,-1,2003,2003,42943,85886,84,21,4.000000,197,14
COO Serial,O2,7478562705.332196,7478.562705,7.478563,5496704,0.000743,0.040762,0.041505,0,10,1,1,64,-1,2003,2003,42943,85886,84,21,4.000000,197,14
COO Serial,O2,9497099443.257866,9497.099443,9.497099,10993408,0.001161,0.040229,0.041390,0,10,1,1,128,-1,2003,2003,42943,85886,84,21,4.000000,197,14
