Name,-O,FLOPS,MFLOPS,GFLOPS,FOP Count,Avg Run Time (s),Format Time (s),Total Time (s),Verification,Iters,Block Row,Block Col,K-Bound,Threads,Rows,Cols,NNZ,NNZ*2,Max Cols,Avg Cols,Col Ratio,Variance,Std Deviation
CSR Serial,O2,90919184.082105,90.919184,0.090919,439624,0.004837,1.121547,1.126384,0,10,1,1,16,-1,10974,10974,219812,439624,108,20,5.000000,79,8
CSR Serial,O2,57757234.492460,57.757234,0.057757,439624,0.007613,1.154714,1.162327,0,10,1,1,64,-1,10974,10974,219812,439624,108,20,5.000000,79,8
CSR Serial,O2,40995176.760326,40.995177,0.040995,439624,0.010725,1.109033,1.119758,0,10,1,1,128,-1,10974,10974,219812,439624,108,20,5.000000,79,8
