Name,-O,FLOPS,MFLOPS,GFLOPS,FOP Count,Avg Run Time (s),Format Time (s),Total Time (s),Verification,Iters,Block Row,Block Col,K-Bound,Threads,Rows,Cols,NNZ,NNZ*2,Max Cols,Avg Cols,Col Ratio,Variance,Std Deviation
CSR OMP,O2,550164223.791273,550.164224,0.550164,439624,0.001369,0.634520,0.635890,0,10,1,1,16,8,10974,10974,219812,439624,108,20,5.000000,79,8
CSR OMP,O2,290642363.527115,290.642364,0.290642,439624,0.002296,0.638419,0.640715,0,10,1,1,64,8,10974,10974,219812,439624,108,20,5.000000,79,8
CSR OMP,O2,158417491.600901,158.417492,0.158417,439624,0.003311,0.647823,0.651134,0,10,1,1,128,8,10974,10974,219812,439624,108,20,5.000000,79,8
CSR OMP,O2,613472868.523172,613.472869,0.613473,439624,0.002128,0.644339,0.646467,0,10,1,1,16,16,10974,10974,219812,439624,108,20,5.000000,79,8
CSR OMP,O2,314859357.061749,314.859357,0.314859,439624,0.002764,0.631248,0.634012,0,10,1,1,64,16,10974,10974,219812,439624,108,20,5.000000,79,8
CSR OMP,O2,124320251.285296,124.320251,0.124320,439624,0.004599,0.640079,0.644678,0,10,1,1,128,16,10974,10974,219812,439624,108,20,5.000000,79,8
CSR OMP,O2,614652579.222766,614.652579,0.614653,439624,0.003774,0.645443,0.649217,0,10,1,1,16,32,10974,10974,219812,439624,108,20,5.000000,79,8
CSR OMP,O2,163532016.667818,163.532017,0.163532,439624,0.005579,0.645458,0.651037,0,10,1,1,64,32,10974,10974,219812,439624,108,20,5.000000,79,8
CSR OMP,O2,143256726.028079,143.256726,0.143257,439624,0.006276,0.654860,0.661136,0,10,1,1,128,32,10974,10974,219812,439624,108,20,5.000000,79,8
