Name,-O,FLOPS,MFLOPS,GFLOPS,FOP Count,Avg Run Time (s),Format Time (s),Total Time (s),Verification,Iters,Block Row,Block Col,K-Bound,Threads,Rows,Cols,NNZ,NNZ*2,Max Cols,Avg Cols,Col Ratio,Variance,Std Deviation
BCSR GPU Transpose,O2,8991549.599664,8.991550,0.008992,85886,0.024350,0.051920,0.076270,0,10,2,2,16,-1,2003,2003,42943,85886,84,21,4.000000,197,14
BCSR GPU Transpose,O2,10148424.208230,10.148424,0.010148,85886,0.021015,0.053295,0.074310,0,10,4,4,16,-1,2003,2003,42943,85886,84,21,4.000000,197,14
BCSR GPU Transpose,O2,1812043.179281,1.812043,0.001812,85886,0.059888,0.037220,0.097108,0,10,16,16,16,-1,2003,2003,42943,85886,84,21,4.000000,197,14
BCSR GPU Transpose,O2,5389893.808322,5.389894,0.005390,85886,0.030017,0.048806,0.078824,0,10,2,2,64,-1,2003,2003,42943,85886,84,21,4.000000,197,14
BCSR GPU Transpose,O2,2350968.959504,2.350969,0.002351,85886,0.049201,0.049737,0.098938,0,10,4,4,64,-1,2003,2003,42943,85886,84,21,4.000000,197,14
BCSR GPU Transpose,O2,362193.291955,0.362193,0.000362,85886,0.240599,0.059623,0.300222,0,10,16,16,64,-1,2003,2003,42943,85886,84,21,4.000000,197,14
BCSR GPU Transpose,O2,3480568.858799,3.480569,0.003481,85886,0.035603,0.047628,0.083231,0,10,2,2,128,-1,2003,2003,42943,85886,84,21,4.000000,197,14
BCSR GPU Transpose,O2,1128622.862371,1.128623,0.001129,85886,0.085953,0.050489,0.136443,0,10,4,4,128,-1,2003,2003,42943,85886,84,21,4.000000,197,14
BCSR GPU Transpose,O2,169210.590793,0.169211,0.000169,85886,0.510475,0.054857,0.565332,0,10,16,16,128,-1,2003,2003,42943,85886,84,21,4.000000,197,14
