Name,-O,FLOPS,MFLOPS,GFLOPS,FOP Count,Avg Run Time (s),Format Time (s),Total Time (s),Verification,Iters,Block Row,Block Col,K-Bound,Threads,Rows,Cols,NNZ,NNZ*2,Max Cols,Avg Cols,Col Ratio,Variance,Std Deviation
COO OMP Transpose,O2,673997.115836,0.673997,0.000674,4069834,6.039067,5.357752,11.396819,0,10,1,1,16,8,62451,62451,2034917,4069834,40,32,1.000000,54,7
COO OMP Transpose,O2,684373.736687,0.684374,0.000684,4069834,5.947133,5.377146,11.324279,0,10,1,1,64,8,62451,62451,2034917,4069834,40,32,1.000000,54,7
COO OMP Transpose,O2,697617.600081,0.697618,0.000698,4069834,5.834398,5.388761,11.223159,0,10,1,1,128,8,62451,62451,2034917,4069834,40,32,1.000000,54,7
COO OMP Transpose,O2,1325046.322207,1.325046,0.001325,4069834,3.071799,5.374637,8.446436,0,10,1,1,16,16,62451,62451,2034917,4069834,40,32,1.000000,54,7
COO OMP Transpose,O2,1281666.288885,1.281666,0.001282,4069834,3.176202,5.429983,8.606185,0,10,1,1,64,16,62451,62451,2034917,4069834,40,32,1.000000,54,7
COO OMP Transpose,O2,1269421.155577,1.269421,0.001269,4069834,3.208868,5.430442,8.639310,0,10,1,1,128,16,62451,62451,2034917,4069834,40,32,1.000000,54,7
COO OMP Transpose,O2,2433920.987221,2.433921,0.002434,4069834,1.672511,5.407353,7.079864,0,10,1,1,16,32,62451,62451,2034917,4069834,40,32,1.000000,54,7
COO OMP Transpose,O2,2412676.468741,2.412676,0.002413,4069834,1.686967,5.396214,7.083181,0,10,1,1,64,32,62451,62451,2034917,4069834,40,32,1.000000,54,7
COO OMP Transpose,O2,2380562.793015,2.380563,0.002381,4069834,1.709777,5.379474,7.089251,0,10,1,1,128,32,62451,62451,2034917,4069834,40,32,1.000000,54,7
