Name,-O,FLOPS,MFLOPS,GFLOPS,FOP Count,Avg Run Time (s),Format Time (s),Total Time (s),Verification,Iters,Block Row,Block Col,K-Bound,Threads,Rows,Cols,NNZ,NNZ*2,Max Cols,Avg Cols,Col Ratio,Variance,Std Deviation
ELL OMP,O2,120028142.355027,120.028142,0.120028,4069834,0.034300,5.401704,5.436004,0,10,1,1,16,8,62451,62451,2034917,4069834,40,32,1.000000,54,7
ELL OMP,O2,74108834.643773,74.108835,0.074109,4069834,0.055215,5.614469,5.669684,0,10,1,1,64,8,62451,62451,2034917,4069834,40,32,1.000000,54,7
ELL OMP,O2,56099772.512620,56.099773,0.056100,4069834,0.075071,5.620134,5.695205,0,10,1,1,128,8,62451,62451,2034917,4069834,40,32,1.000000,54,7
ELL OMP,O2,166454853.990842,166.454854,0.166455,4069834,0.025461,5.632423,5.657884,0,10,1,1,16,16,62451,62451,2034917,4069834,40,32,1.000000,54,7
ELL OMP,O2,108983020.420162,108.983020,0.108983,4069834,0.039832,5.619081,5.658913,0,10,1,1,64,16,62451,62451,2034917,4069834,40,32,1.000000,54,7
ELL OMP,O2,69530688.881420,69.530689,0.069531,4069834,0.059093,5.614508,5.673602,0,10,1,1,128,16,62451,62451,2034917,4069834,40,32,1.000000,54,7
ELL OMP,O2,196952650.923279,196.952651,0.196953,4069834,0.022262,5.621879,5.644141,0,10,1,1,16,32,62451,62451,2034917,4069834,40,32,1.000000,54,7
ELL OMP,O2,117766566.466455,117.766566,0.117767,4069834,0.036401,5.625319,5.661720,0,10,1,1,64,32,62451,62451,2034917,4069834,40,32,1.000000,54,7
ELL OMP,O2,90837410.727301,90.837411,0.090837,4069834,0.046556,5.610723,5.657279,0,10,1,1,128,32,62451,62451,2034917,4069834,40,32,1.000000,54,7
