Name,-O,FLOPS,MFLOPS,GFLOPS,FOP Count,Avg Run Time (s),Format Time (s),Total Time (s),Verification,Iters,Block Row,Block Col,K-Bound,Threads,Rows,Cols,NNZ,NNZ*2,Max Cols,Avg Cols,Col Ratio,Variance,Std Deviation
COO THREADS,O2,661868410.952281,661.868411,0.661868,4069834,0.006599,19.415765,19.422363,0,5,1,1,16,16,62451,62451,2034917,4069834,40,32,1.000000,54,7
COO THREADS,O2,343059219.211052,343.059219,0.343059,4069834,0.011952,19.244558,19.256510,0,5,1,1,64,48,62451,62451,2034917,4069834,40,32,1.000000,54,7
COO THREADS,O2,294662645.137076,294.662645,0.294663,4069834,0.013856,19.260755,19.274611,0,5,1,1,128,32,62451,62451,2034917,4069834,40,32,1.000000,54,7
