Name,-O,FLOPS,MFLOPS,GFLOPS,FOP Count,Avg Run Time (s),Format Time (s),Total Time (s),Verification,Iters,Block Row,Block Col,K-Bound,Threads,Rows,Cols,NNZ,NNZ*2,Max Cols,Avg Cols,Col Ratio,Variance,Std Deviation
ELL OMP Transpose,O2,687943.912459,0.687944,0.000688,4069834,5.918275,5.705270,11.623545,0,10,1,1,16,8,62451,62451,2034917,4069834,40,32,1.000000,54,7
ELL OMP Transpose,O2,717757.055582,0.717757,0.000718,4069834,5.671853,5.725113,11.396967,0,10,1,1,64,8,62451,62451,2034917,4069834,40,32,1.000000,54,7
ELL OMP Transpose,O2,707726.258609,0.707726,0.000708,4069834,5.751596,5.954541,11.706137,0,10,1,1,128,8,62451,62451,2034917,4069834,40,32,1.000000,54,7
ELL OMP Transpose,O2,1340197.880663,1.340198,0.001340,4069834,3.037114,5.916746,8.953860,0,10,1,1,16,16,62451,62451,2034917,4069834,40,32,1.000000,54,7
ELL OMP Transpose,O2,1268228.736478,1.268229,0.001268,4069834,3.215311,5.906259,9.121570,0,10,1,1,64,16,62451,62451,2034917,4069834,40,32,1.000000,54,7
ELL OMP Transpose,O2,1304912.933841,1.304913,0.001305,4069834,3.120800,5.822004,8.942804,0,10,1,1,128,16,62451,62451,2034917,4069834,40,32,1.000000,54,7
ELL OMP Transpose,O2,2556540.675492,2.556541,0.002557,4069834,1.592319,5.918804,7.511123,0,10,1,1,16,32,62451,62451,2034917,4069834,40,32,1.000000,54,7
ELL OMP Transpose,O2,2411989.327343,2.411989,0.002412,4069834,1.687421,5.917561,7.604982,0,10,1,1,64,32,62451,62451,2034917,4069834,40,32,1.000000,54,7
ELL OMP Transpose,O2,2472523.079810,2.472523,0.002473,4069834,1.646297,5.797483,7.443780,0,10,1,1,128,32,62451,62451,2034917,4069834,40,32,1.000000,54,7
