Name,-O,FLOPS,MFLOPS,GFLOPS,FOP Count,Avg Run Time (s),Format Time (s),Total Time (s),Verification,Iters,Block Row,Block Col,K-Bound,Threads,Rows,Cols,NNZ,NNZ*2,Max Cols,Avg Cols,Col Ratio,Variance,Std Deviation
BCSR Serial Transpose,O2,385955.872879,0.385956,0.000386,4069834,10.553273,19.447881,30.001154,0,10,2,2,16,-1,62451,62451,2034917,4069834,40,32,1.000000,54,7
BCSR Serial Transpose,O2,381844.021074,0.381844,0.000382,4069834,10.674995,19.438064,30.113059,0,10,4,4,16,-1,62451,62451,2034917,4069834,40,32,1.000000,54,7
BCSR Serial Transpose,O2,380953.087910,0.380953,0.000381,4069834,10.693695,19.622278,30.315973,0,10,16,16,16,-1,62451,62451,2034917,4069834,40,32,1.000000,54,7
BCSR Serial Transpose,O2,376245.887096,0.376246,0.000376,4069834,10.847671,19.443811,30.291482,0,10,2,2,64,-1,62451,62451,2034917,4069834,40,32,1.000000,54,7
BCSR Serial Transpose,O2,361401.988859,0.361402,0.000361,4069834,11.317599,19.428265,30.745864,0,10,4,4,64,-1,62451,62451,2034917,4069834,40,32,1.000000,54,7
BCSR Serial Transpose,O2,346410.198913,0.346410,0.000346,4069834,12.096139,19.577297,31.673437,0,10,16,16,64,-1,62451,62451,2034917,4069834,40,32,1.000000,54,7
BCSR Serial Transpose,O2,342461.708757,0.342462,0.000342,4069834,11.995369,19.531304,31.526673,0,10,2,2,128,-1,62451,62451,2034917,4069834,40,32,1.000000,54,7
BCSR Serial Transpose,O2,366603.970396,0.366604,0.000367,4069834,11.128639,19.469231,30.597870,0,10,4,4,128,-1,62451,62451,2034917,4069834,40,32,1.000000,54,7
BCSR Serial Transpose,O2,341580.275665,0.341580,0.000342,4069834,11.981857,19.588325,31.570182,0,10,16,16,128,-1,62451,62451,2034917,4069834,40,32,1.000000,54,7
