Name,-O,FLOPS,MFLOPS,GFLOPS,FOP Count,Avg Run Time (s),Format Time (s),Total Time (s),Verification,Iters,Block Row,Block Col,K-Bound,Threads,Rows,Cols,NNZ,NNZ*2,Max Cols,Avg Cols,Col Ratio,Variance,Std Deviation
CSR THREADS,O2,262811004.011769,262.811004,0.262811,4069834,0.016445,5.155643,5.172088,0,5,1,1,16,48,62451,62451,2034917,4069834,40,32,1.000000,54,7
CSR THREADS,O2,150499816.272722,150.499816,0.150500,4069834,0.028680,5.342979,5.371659,0,5,1,1,64,72,62451,62451,2034917,4069834,40,32,1.000000,54,7
CSR THREADS,O2,105063132.650847,105.063133,0.105063,4069834,0.039148,5.342710,5.381858,0,5,1,1,128,64,62451,62451,2034917,4069834,40,32,1.000000,54,7
