Name,-O,FLOPS,MFLOPS,GFLOPS,FOP Count,Avg Run Time (s),Format Time (s),Total Time (s),Verification,Iters,Block Row,Block Col,K-Bound,Threads,Rows,Cols,NNZ,NNZ*2,Max Cols,Avg Cols,Col Ratio,Variance,Std Deviation
CSR Serial Transpose,O2,358961.114479,0.358961,0.000359,4069834,11.606047,18.818552,30.424599,0,10,1,1,16,-1,62451,62451,2034917,4069834,40,32,1.000000,54,7
CSR Serial Transpose,O2,367609.534611,0.367610,0.000368,4069834,11.129390,18.912282,30.041672,0,10,1,1,64,-1,62451,62451,2034917,4069834,40,32,1.000000,54,7
CSR Serial Transpose,O2,361455.216912,0.361455,0.000361,4069834,11.306049,18.926525,30.232574,0,10,1,1,128,-1,62451,62451,2034917,4069834,40,32,1.000000,54,7
