Name,-O,FLOPS,MFLOPS,GFLOPS,FOP Count,Avg Run Time (s),Format Time (s),Total Time (s),Verification,Iters,Block Row,Block Col,K-Bound,Threads,Rows,Cols,NNZ,NNZ*2,Max Cols,Avg Cols,Col Ratio,Variance,Std Deviation
CSR OMP,O2,135564663.424036,135.564663,0.135565,4069834,0.030284,5.366721,5.397005,0,10,1,1,16,8,62451,62451,2034917,4069834,40,32,1.000000,54,7
CSR OMP,O2,78450038.981614,78.450039,0.078450,4069834,0.052388,5.344911,5.397299,0,10,1,1,64,8,62451,62451,2034917,4069834,40,32,1.000000,54,7
CSR OMP,O2,67258913.394096,67.258913,0.067259,4069834,0.063241,5.359948,5.423189,0,10,1,1,128,8,62451,62451,2034917,4069834,40,32,1.000000,54,7
CSR OMP,O2,186220843.323419,186.220843,0.186221,4069834,0.023352,5.377775,5.401127,0,10,1,1,16,16,62451,62451,2034917,4069834,40,32,1.000000,54,7
CSR OMP,O2,101160145.480395,101.160145,0.101160,4069834,0.041258,5.383890,5.425149,0,10,1,1,64,16,62451,62451,2034917,4069834,40,32,1.000000,54,7
CSR OMP,O2,77492314.404740,77.492314,0.077492,4069834,0.053256,5.306890,5.360146,0,10,1,1,128,16,62451,62451,2034917,4069834,40,32,1.000000,54,7
CSR OMP,O2,234593938.239835,234.593938,0.234594,4069834,0.019287,5.379299,5.398586,0,10,1,1,16,32,62451,62451,2034917,4069834,40,32,1.000000,54,7
CSR OMP,O2,131038741.939891,131.038742,0.131039,4069834,0.032367,5.356133,5.388500,0,10,1,1,64,32,62451,62451,2034917,4069834,40,32,1.000000,54,7
CSR OMP,O2,93928601.002257,93.928601,0.093929,4069834,0.044974,5.352766,5.397740,0,10,1,1,128,32,62451,62451,2034917,4069834,40,32,1.000000,54,7
