Name,-O,FLOPS,MFLOPS,GFLOPS,FOP Count,Avg Run Time (s),Format Time (s),Total Time (s),Verification,Iters,Block Row,Block Col,K-Bound,Threads,Rows,Cols,NNZ,NNZ*2,Max Cols,Avg Cols,Col Ratio,Variance,Std Deviation
COO Serial Transpose,O2,189204.912329,0.189205,0.000189,4069834,21.511286,5.412703,26.923989,0,10,1,1,16,-1,62451,62451,2034917,4069834,40,32,1.000000,54,7
COO Serial Transpose,O2,183897.497979,0.183897,0.000184,4069834,22.184280,5.426856,27.611136,0,10,1,1,64,-1,62451,62451,2034917,4069834,40,32,1.000000,54,7
COO Serial Transpose,O2,188981.485753,0.188981,0.000189,4069834,21.535640,5.432410,26.968050,0,10,1,1,128,-1,62451,62451,2034917,4069834,40,32,1.000000,54,7
