Name,-O,FLOPS,MFLOPS,GFLOPS,FOP Count,Avg Run Time (s),Format Time (s),Total Time (s),Verification,Iters,Block Row,Block Col,K-Bound,Threads,Rows,Cols,NNZ,NNZ*2,Max Cols,Avg Cols,Col Ratio,Variance,Std Deviation
COO GPU,O2,217105801.359104,217.105801,0.217106,4069834,0.025874,5.356451,5.382325,0,10,1,1,16,-1,62451,62451,2034917,4069834,40,32,1.000000,54,7
COO GPU,O2,136218528.282494,136.218528,0.136219,4069834,0.033982,5.402539,5.436521,0,10,1,1,64,-1,62451,62451,2034917,4069834,40,32,1.000000,54,7
COO GPU,O2,102489860.843239,102.489861,0.102490,4069834,0.042529,5.434694,5.477223,0,10,1,1,128,-1,62451,62451,2034917,4069834,40,32,1.000000,54,7
