Name,-O,FLOPS,MFLOPS,GFLOPS,FOP Count,Avg Run Time (s),Format Time (s),Total Time (s),Verification,Iters,Block Row,Block Col,K-Bound,Threads,Rows,Cols,NNZ,NNZ*2,Max Cols,Avg Cols,Col Ratio,Variance,Std Deviation
CSR OMP,O2,1682283042.926077,1682.283043,1.682283,65117344,0.050857,19.571996,19.622853,0,10,1,1,16,8,62451,62451,2034917,4069834,40,32,1.000000,54,7
CSR OMP,O2,10203381477.354202,10203.381477,10.203381,260469376,0.046784,19.473161,19.519945,0,10,1,1,64,8,62451,62451,2034917,4069834,40,32,1.000000,54,7
CSR OMP,O2,17943675753.908440,17943.675754,17.943676,520938752,0.055341,19.502649,19.557989,0,10,1,1,128,8,62451,62451,2034917,4069834,40,32,1.000000,54,7
CSR OMP,O2,5775269166.995912,5775.269167,5.775269,65117344,0.019590,19.045940,19.065530,0,10,1,1,16,16,62451,62451,2034917,4069834,40,32,1.000000,54,7
CSR OMP,O2,10454315831.337414,10454.315831,10.454316,260469376,0.045946,19.506160,19.552106,0,10,1,1,64,16,62451,62451,2034917,4069834,40,32,1.000000,54,7
CSR OMP,O2,13530423296.299824,13530.423296,13.530423,520938752,0.055541,19.394042,19.449583,0,10,1,1,128,16,62451,62451,2034917,4069834,40,32,1.000000,54,7
CSR OMP,O2,8612287899.914255,8612.287900,8.612288,65117344,0.030177,19.497104,19.527281,0,10,1,1,16,32,62451,62451,2034917,4069834,40,32,1.000000,54,7
CSR OMP,O2,10909889972.996937,10909.889973,10.909890,260469376,0.041423,19.500950,19.542373,0,10,1,1,64,32,62451,62451,2034917,4069834,40,32,1.000000,54,7
CSR OMP,O2,19432726720.020794,19432.726720,19.432727,520938752,0.044998,19.513951,19.558949,0,10,1,1,128,32,62451,62451,2034917,4069834,40,32,1.000000,54,7
