Name,-O,FLOPS,MFLOPS,GFLOPS,FOP Count,Avg Run Time (s),Format Time (s),Total Time (s),Verification,Iters,Block Row,Block Col,K-Bound,Threads,Rows,Cols,NNZ,NNZ*2,Max Cols,Avg Cols,Col Ratio,Variance,Std Deviation
ELL THREADS,O2,268384866.267948,268.384866,0.268385,2724174,0.011190,86.600362,86.611552,0,5,1,1,16,72,121192,121192,1362087,2724174,24,11,2.000000,45,6
ELL THREADS,O2,179581402.988218,179.581403,0.179581,2724174,0.015516,86.776238,86.791754,0,5,1,1,64,64,121192,121192,1362087,2724174,24,11,2.000000,45,6
ELL THREADS,O2,118771699.296938,118.771699,0.118772,2724174,0.023005,86.718824,86.741829,0,5,1,1,128,48,121192,121192,1362087,2724174,24,11,2.000000,45,6
