Name,-O,FLOPS,MFLOPS,GFLOPS,FOP Count,Avg Run Time (s),Format Time (s),Total Time (s),Verification,Iters,Block Row,Block Col,K-Bound,Threads,Rows,Cols,NNZ,NNZ*2,Max Cols,Avg Cols,Col Ratio,Variance,Std Deviation
ELL OMP,O2,69808573.798268,69.808574,0.069809,2724174,0.039782,17.739345,17.779128,0,10,1,1,16,8,121192,121192,1362087,2724174,24,11,2.000000,45,6
ELL OMP,O2,40785284.559969,40.785285,0.040785,2724174,0.067149,17.811687,17.878836,0,10,1,1,64,8,121192,121192,1362087,2724174,24,11,2.000000,45,6
ELL OMP,O2,30286080.131184,30.286080,0.030286,2724174,0.090396,17.808119,17.898515,0,10,1,1,128,8,121192,121192,1362087,2724174,24,11,2.000000,45,6
ELL OMP,O2,88920503.447118,88.920503,0.088921,2724174,0.031639,17.793468,17.825107,0,10,1,1,16,16,121192,121192,1362087,2724174,24,11,2.000000,45,6
ELL OMP,O2,60188628.263999,60.188628,0.060189,2724174,0.046291,17.763452,17.809743,0,10,1,1,64,16,121192,121192,1362087,2724174,24,11,2.000000,45,6
ELL OMP,O2,41214846.287049,41.214846,0.041215,2724174,0.066851,17.783299,17.850150,0,10,1,1,128,16,121192,121192,1362087,2724174,24,11,2.000000,45,6
ELL OMP,O2,101992754.025918,101.992754,0.101993,2724174,0.029146,17.810078,17.839224,0,10,1,1,16,32,121192,121192,1362087,2724174,24,11,2.000000,45,6
ELL OMP,O2,69381653.650601,69.381654,0.069382,2724174,0.040977,17.806138,17.847115,0,10,1,1,64,32,121192,121192,1362087,2724174,24,11,2.000000,45,6
ELL OMP,O2,53957356.636150,53.957357,0.053957,2724174,0.051731,17.740823,17.792554,0,10,1,1,128,32,121192,121192,1362087,2724174,24,11,2.000000,45,6
