Name,-O,FLOPS,MFLOPS,GFLOPS,FOP Count,Avg Run Time (s),Format Time (s),Total Time (s),Verification,Iters,Block Row,Block Col,K-Bound,Threads,Rows,Cols,NNZ,NNZ*2,Max Cols,Avg Cols,Col Ratio,Variance,Std Deviation
ELL Serial,O2,61643174.822477,61.643175,0.061643,2724174,0.044251,17.987076,18.031327,0,10,1,1,16,-1,121192,121192,1362087,2724174,24,11,2.000000,45,6
ELL Serial,O2,28452264.618897,28.452265,0.028452,2724174,0.095818,17.699491,17.795309,0,10,1,1,64,-1,121192,121192,1362087,2724174,24,11,2.000000,45,6
ELL Serial,O2,15231074.332112,15.231074,0.015231,2724174,0.178951,18.023438,18.202389,0,10,1,1,128,-1,121192,121192,1362087,2724174,24,11,2.000000,45,6
