Name,-O,FLOPS,MFLOPS,GFLOPS,FOP Count,Avg Run Time (s),Format Time (s),Total Time (s),Verification,Iters,Block Row,Block Col,K-Bound,Threads,Rows,Cols,NNZ,NNZ*2,Max Cols,Avg Cols,Col Ratio,Variance,Std Deviation
BCSR Serial Transpose,O2,34488.478968,0.034488,0.000034,2724174,78.987945,17.671161,96.659106,1588864,10,2,2,16,-1,121192,121192,1362087,2724174,24,11,2.000000,45,6
BCSR Serial Transpose,O2,34551.266605,0.034551,0.000035,2724174,78.844415,17.688385,96.532800,1589024,10,4,4,16,-1,121192,121192,1362087,2724174,24,11,2.000000,45,6
BCSR Serial Transpose,O2,34419.485582,0.034419,0.000034,2724174,79.146382,18.551515,97.697897,1588624,10,16,16,16,-1,121192,121192,1362087,2724174,24,11,2.000000,45,6
BCSR Serial Transpose,O2,34636.399035,0.034636,0.000035,2724174,78.650619,17.373225,96.023844,6355456,10,2,2,64,-1,121192,121192,1362087,2724174,24,11,2.000000,45,6
BCSR Serial Transpose,O2,34322.875180,0.034323,0.000034,2724174,79.369053,17.835455,97.204508,6356096,10,4,4,64,-1,121192,121192,1362087,2724174,24,11,2.000000,45,6
BCSR Serial Transpose,O2,33674.890199,0.033675,0.000034,2724174,80.896304,18.501231,99.397535,6354496,10,16,16,64,-1,121192,121192,1362087,2724174,24,11,2.000000,45,6
BCSR Serial Transpose,O2,34544.489218,0.034544,0.000035,2724174,78.859876,17.673773,96.533649,12710912,10,2,2,128,-1,121192,121192,1362087,2724174,24,11,2.000000,45,6
BCSR Serial Transpose,O2,34459.373951,0.034459,0.000034,2724174,79.054667,17.436187,96.490854,12712192,10,4,4,128,-1,121192,121192,1362087,2724174,24,11,2.000000,45,6
BCSR Serial Transpose,O2,32680.373454,0.032680,0.000033,2724174,83.358126,18.757022,102.115148,12708992,10,16,16,128,-1,121192,121192,1362087,2724174,24,11,2.000000,45,6
