Name,-O,FLOPS,MFLOPS,GFLOPS,FOP Count,Avg Run Time (s),Format Time (s),Total Time (s),Verification,Iters,Block Row,Block Col,K-Bound,Threads,Rows,Cols,NNZ,NNZ*2,Max Cols,Avg Cols,Col Ratio,Variance,Std Deviation
CSR OMP Transpose,O2,126531.173939,0.126531,0.000127,2724174,21.537153,17.912789,39.449942,0,10,1,1,16,8,121192,121192,1362087,2724174,24,11,2.000000,45,6
CSR OMP Transpose,O2,122909.545415,0.122910,0.000123,2724174,22.169746,17.757897,39.927643,0,10,1,1,64,8,121192,121192,1362087,2724174,24,11,2.000000,45,6
CSR OMP Transpose,O2,122904.710329,0.122905,0.000123,2724174,22.172304,17.877713,40.050017,0,10,1,1,128,8,121192,121192,1362087,2724174,24,11,2.000000,45,6
CSR OMP Transpose,O2,224550.396272,0.224550,0.000225,2724174,12.134209,17.875615,30.009824,0,10,1,1,16,16,121192,121192,1362087,2724174,24,11,2.000000,45,6
CSR OMP Transpose,O2,222980.030725,0.222980,0.000223,2724174,12.218658,17.900350,30.119008,0,10,1,1,64,16,121192,121192,1362087,2724174,24,11,2.000000,45,6
CSR OMP Transpose,O2,221832.741881,0.221833,0.000222,2724174,12.282575,17.895385,30.177961,0,10,1,1,128,16,121192,121192,1362087,2724174,24,11,2.000000,45,6
CSR OMP Transpose,O2,376541.815242,0.376542,0.000377,2724174,7.235132,17.837565,25.072697,0,10,1,1,16,32,121192,121192,1362087,2724174,24,11,2.000000,45,6
CSR OMP Transpose,O2,376846.869177,0.376847,0.000377,2724174,7.229295,17.885178,25.114473,0,10,1,1,64,32,121192,121192,1362087,2724174,24,11,2.000000,45,6
CSR OMP Transpose,O2,380143.041417,0.380143,0.000380,2724174,7.166660,18.037220,25.203880,0,10,1,1,128,32,121192,121192,1362087,2724174,24,11,2.000000,45,6
