Name,-O,FLOPS,MFLOPS,GFLOPS,FOP Count,Avg Run Time (s),Format Time (s),Total Time (s),Verification,Iters,Block Row,Block Col,K-Bound,Threads,Rows,Cols,NNZ,NNZ*2,Max Cols,Avg Cols,Col Ratio,Variance,Std Deviation
ELL GPU,O2,107578740.354823,107.578740,0.107579,2724174,0.032271,17.791398,17.823669,0,10,1,1,16,-1,121192,121192,1362087,2724174,24,11,2.000000,45,6
ELL GPU,O2,68400062.821371,68.400063,0.068400,2724174,0.045373,17.842019,17.887392,0,10,1,1,64,-1,121192,121192,1362087,2724174,24,11,2.000000,45,6
ELL GPU,O2,50139340.945469,50.139341,0.050139,2724174,0.058987,17.839966,17.898953,0,10,1,1,128,-1,121192,121192,1362087,2724174,24,11,2.000000,45,6
