Name,-O,FLOPS,MFLOPS,GFLOPS,FOP Count,Avg Run Time (s),Format Time (s),Total Time (s),Verification,Iters,Block Row,Block Col,K-Bound,Threads,Rows,Cols,NNZ,NNZ*2,Max Cols,Avg Cols,Col Ratio,Variance,Std Deviation
COO Serial,O2,1306270835.486149,1306.270835,1.306271,43586784,0.033451,17.246535,17.279986,0,10,1,1,16,-1,121192,121192,1362087,2724174,24,11,2.000000,45,6
COO Serial,O2,2078753638.143009,2078.753638,2.078754,174347136,0.083966,17.350798,17.434764,0,10,1,1,64,-1,121192,121192,1362087,2724174,24,11,2.000000,45,6
COO Serial,O2,2306546745.075310,2306.546745,2.306547,348694272,0.151276,17.176759,17.328035,0,10,1,1,128,-1,121192,121192,1362087,2724174,24,11,2.000000,45,6
