Name,-O,FLOPS,MFLOPS,GFLOPS,FOP Count,Avg Run Time (s),Format Time (s),Total Time (s),Verification,Iters,Block Row,Block Col,K-Bound,Threads,Rows,Cols,NNZ,NNZ*2,Max Cols,Avg Cols,Col Ratio,Variance,Std Deviation
CSR THREADS,O2,127523711.264036,127.523711,0.127524,2724174,0.021518,17.573285,17.594803,0,5,1,1,16,48,121192,121192,1362087,2724174,24,11,2.000000,45,6
CSR THREADS,O2,82715639.654371,82.715640,0.082716,2724174,0.034173,17.510620,17.544793,0,5,1,1,64,72,121192,121192,1362087,2724174,24,11,2.000000,45,6
CSR THREADS,O2,67025164.588947,67.025165,0.067025,2724174,0.040824,17.582144,17.622968,0,5,1,1,128,64,121192,121192,1362087,2724174,24,11,2.000000,45,6
