Name,-O,FLOPS,MFLOPS,GFLOPS,FOP Count,Avg Run Time (s),Format Time (s),Total Time (s),Verification,Iters,Block Row,Block Col,K-Bound,Threads,Rows,Cols,NNZ,NNZ*2,Max Cols,Avg Cols,Col Ratio,Variance,Std Deviation
CSR Serial,O2,419937168.693610,419.937169,0.419937,43586784,0.105589,79.995817,80.101406,0,10,1,1,16,-1,121192,121192,1362087,2724174,24,11,2.000000,45,6
CSR Serial,O2,1218606424.325673,1218.606424,1.218606,174347136,0.154136,83.616761,83.770897,0,10,1,1,64,-1,121192,121192,1362087,2724174,24,11,2.000000,45,6
CSR Serial,O2,1790214934.307824,1790.214934,1.790215,348694272,0.207253,83.789764,83.997017,0,10,1,1,128,-1,121192,121192,1362087,2724174,24,11,2.000000,45,6
