Name,-O,FLOPS,MFLOPS,GFLOPS,FOP Count,Avg Run Time (s),Format Time (s),Total Time (s),Verification,Iters,Block Row,Block Col,K-Bound,Threads,Rows,Cols,NNZ,NNZ*2,Max Cols,Avg Cols,Col Ratio,Variance,Std Deviation
CSR OMP,O2,76188785.848819,76.188786,0.076189,2724174,0.036138,17.534013,17.570152,0,10,1,1,16,8,121192,121192,1362087,2724174,24,11,2.000000,45,6
CSR OMP,O2,47048245.424512,47.048245,0.047048,2724174,0.058324,17.603862,17.662186,0,10,1,1,64,8,121192,121192,1362087,2724174,24,11,2.000000,45,6
CSR OMP,O2,33690190.575771,33.690191,0.033690,2724174,0.081800,17.579469,17.661269,0,10,1,1,128,8,121192,121192,1362087,2724174,24,11,2.000000,45,6
CSR OMP,O2,106820990.284551,106.820990,0.106821,2724174,0.026816,17.581146,17.607962,0,10,1,1,16,16,121192,121192,1362087,2724174,24,11,2.000000,45,6
CSR OMP,O2,65086657.303287,65.086657,0.065087,2724174,0.042520,17.552889,17.595409,0,10,1,1,64,16,121192,121192,1362087,2724174,24,11,2.000000,45,6
CSR OMP,O2,49576589.659922,49.576590,0.049577,2724174,0.056945,17.588497,17.645442,0,10,1,1,128,16,121192,121192,1362087,2724174,24,11,2.000000,45,6
CSR OMP,O2,116431608.959463,116.431609,0.116432,2724174,0.025069,17.526549,17.551618,0,10,1,1,16,32,121192,121192,1362087,2724174,24,11,2.000000,45,6
CSR OMP,O2,79127530.670438,79.127531,0.079128,2724174,0.035957,17.547211,17.583168,0,10,1,1,64,32,121192,121192,1362087,2724174,24,11,2.000000,45,6
CSR OMP,O2,60906038.305446,60.906038,0.060906,2724174,0.046566,17.527316,17.573882,0,10,1,1,128,32,121192,121192,1362087,2724174,24,11,2.000000,45,6
