Name,-O,FLOPS,MFLOPS,GFLOPS,FOP Count,Avg Run Time (s),Format Time (s),Total Time (s),Verification,Iters,Block Row,Block Col,K-Bound,Threads,Rows,Cols,NNZ,NNZ*2,Max Cols,Avg Cols,Col Ratio,Variance,Std Deviation
COO Serial Transpose,O2,34060.774709,0.034061,0.000034,2724174,80.086091,17.712860,97.798951,0,10,1,1,16,-1,121192,121192,1362087,2724174,24,11,2.000000,45,6
COO Serial Transpose,O2,32994.658490,0.032995,0.000033,2724174,82.585241,17.649015,100.234255,0,10,1,1,64,-1,121192,121192,1362087,2724174,24,11,2.000000,45,6
COO Serial Transpose,O2,34067.563825,0.034068,0.000034,2724174,79.987289,17.652462,97.639751,0,10,1,1,128,-1,121192,121192,1362087,2724174,24,11,2.000000,45,6
