Name,-O,FLOPS,MFLOPS,GFLOPS,FOP Count,Avg Run Time (s),Format Time (s),Total Time (s),Verification,Iters,Block Row,Block Col,K-Bound,Threads,Rows,Cols,NNZ,NNZ*2,Max Cols,Avg Cols,Col Ratio,Variance,Std Deviation
ELL OMP,O2,161820231.012634,161.820231,0.161820,14212696,0.088488,7.903206,7.991695,0,10,1,1,16,8,63838,63838,7106348,14212696,297,111,2.000000,2339,48
ELL OMP,O2,92672059.793779,92.672060,0.092672,14212696,0.154099,7.880919,8.035018,0,10,1,1,64,8,63838,63838,7106348,14212696,297,111,2.000000,2339,48
ELL OMP,O2,62962315.029147,62.962315,0.062962,14212696,0.225945,7.915635,8.141580,0,10,1,1,128,8,63838,63838,7106348,14212696,297,111,2.000000,2339,48
ELL OMP,O2,233750108.875775,233.750109,0.233750,14212696,0.062226,7.919869,7.982095,0,10,1,1,16,16,63838,63838,7106348,14212696,297,111,2.000000,2339,48
ELL OMP,O2,129280959.216928,129.280959,0.129281,14212696,0.110512,7.910342,8.020854,0,10,1,1,64,16,63838,63838,7106348,14212696,297,111,2.000000,2339,48
ELL OMP,O2,90572303.576689,90.572304,0.090572,14212696,0.157126,7.905770,8.062896,0,10,1,1,128,16,63838,63838,7106348,14212696,297,111,2.000000,2339,48
ELL OMP,O2,276141073.278916,276.141073,0.276141,14212696,0.052506,7.900918,7.953424,0,10,1,1,16,32,63838,63838,7106348,14212696,297,111,2.000000,2339,48
ELL OMP,O2,170379688.774388,170.379689,0.170380,14212696,0.084065,7.921865,8.005930,0,10,1,1,64,32,63838,63838,7106348,14212696,297,111,2.000000,2339,48
ELL OMP,O2,125053169.760526,125.053170,0.125053,14212696,0.114392,7.913370,8.027762,0,10,1,1,128,32,63838,63838,7106348,14212696,297,111,2.000000,2339,48
