Name,-O,FLOPS,MFLOPS,GFLOPS,FOP Count,Avg Run Time (s),Format Time (s),Total Time (s),Verification,Iters,Block Row,Block Col,K-Bound,Threads,Rows,Cols,NNZ,NNZ*2,Max Cols,Avg Cols,Col Ratio,Variance,Std Deviation
CSR OMP,O2,396805863.602911,396.805864,0.396806,14212696,0.038141,45.482153,45.520293,0,10,1,1,16,8,63838,63838,7106348,14212696,297,111,2.000000,2339,48
CSR OMP,O2,229002082.928966,229.002083,0.229002,14212696,0.063534,47.264700,47.328234,0,10,1,1,64,8,63838,63838,7106348,14212696,297,111,2.000000,2339,48
CSR OMP,O2,154759104.827040,154.759105,0.154759,14212696,0.095972,47.333458,47.429430,0,10,1,1,128,8,63838,63838,7106348,14212696,297,111,2.000000,2339,48
CSR OMP,O2,626186618.338685,626.186618,0.626187,14212696,0.026471,47.314088,47.340560,0,10,1,1,16,16,63838,63838,7106348,14212696,297,111,2.000000,2339,48
CSR OMP,O2,393077104.852846,393.077105,0.393077,14212696,0.037855,47.350265,47.388120,0,10,1,1,64,16,63838,63838,7106348,14212696,297,111,2.000000,2339,48
CSR OMP,O2,241368599.386884,241.368599,0.241369,14212696,0.061091,45.632488,45.693579,0,10,1,1,128,16,63838,63838,7106348,14212696,297,111,2.000000,2339,48
CSR OMP,O2,723900138.495025,723.900138,0.723900,14212696,0.024051,47.252236,47.276288,0,10,1,1,16,32,63838,63838,7106348,14212696,297,111,2.000000,2339,48
CSR OMP,O2,428167928.821338,428.167929,0.428168,14212696,0.036501,47.280924,47.317425,0,10,1,1,64,32,63838,63838,7106348,14212696,297,111,2.000000,2339,48
CSR OMP,O2,322156528.956649,322.156529,0.322157,14212696,0.048044,47.289400,47.337444,0,10,1,1,128,32,63838,63838,7106348,14212696,297,111,2.000000,2339,48
