Name,-O,FLOPS,MFLOPS,GFLOPS,FOP Count,Avg Run Time (s),Format Time (s),Total Time (s),Verification,Iters,Block Row,Block Col,K-Bound,Threads,Rows,Cols,NNZ,NNZ*2,Max Cols,Avg Cols,Col Ratio,Variance,Std Deviation
CSR GPU,O2,426804659.313171,426.804659,0.426805,14212696,0.037669,6.965095,7.002764,0,10,1,1,16,-1,63838,63838,7106348,14212696,297,111,2.000000,2339,48
CSR GPU,O2,242840016.762635,242.840017,0.242840,14212696,0.061354,6.917886,6.979240,0,10,1,1,64,-1,63838,63838,7106348,14212696,297,111,2.000000,2339,48
CSR GPU,O2,202158029.465420,202.158029,0.202158,14212696,0.073195,6.906473,6.979669,0,10,1,1,128,-1,63838,63838,7106348,14212696,297,111,2.000000,2339,48
