Name,-O,FLOPS,MFLOPS,GFLOPS,FOP Count,Avg Run Time (s),Format Time (s),Total Time (s),Verification,Iters,Block Row,Block Col,K-Bound,Threads,Rows,Cols,NNZ,NNZ*2,Max Cols,Avg Cols,Col Ratio,Variance,Std Deviation
ELL Serial Transpose,O2,1300083.812704,1.300084,0.001300,14212696,10.941735,23.037233,33.978968,0,10,1,1,16,-1,63838,63838,7106348,14212696,297,111,2.000000,2339,48
ELL Serial Transpose,O2,1175459.438694,1.175459,0.001175,14212696,12.472752,22.443137,34.915889,0,10,1,1,64,-1,63838,63838,7106348,14212696,297,111,2.000000,2339,48
ELL Serial Transpose,O2,1053468.465256,1.053468,0.001053,14212696,13.775876,22.465700,36.241576,0,10,1,1,128,-1,63838,63838,7106348,14212696,297,111,2.000000,2339,48
