Name,-O,FLOPS,MFLOPS,GFLOPS,FOP Count,Avg Run Time (s),Format Time (s),Total Time (s),Verification,Iters,Block Row,Block Col,K-Bound,Threads,Rows,Cols,NNZ,NNZ*2,Max Cols,Avg Cols,Col Ratio,Variance,Std Deviation
COO OMP Transpose,O2,2251934.924937,2.251935,0.002252,14212696,6.312905,7.091072,13.403977,0,10,1,1,16,8,63838,63838,7106348,14212696,297,111,2.000000,2339,48
COO OMP Transpose,O2,2220229.592999,2.220230,0.002220,14212696,6.403037,7.042537,13.445574,0,10,1,1,64,8,63838,63838,7106348,14212696,297,111,2.000000,2339,48
COO OMP Transpose,O2,2185730.842604,2.185731,0.002186,14212696,6.504874,6.958986,13.463861,0,10,1,1,128,8,63838,63838,7106348,14212696,297,111,2.000000,2339,48
COO OMP Transpose,O2,4241753.822415,4.241754,0.004242,14212696,3.351211,6.938306,10.289517,0,10,1,1,16,16,63838,63838,7106348,14212696,297,111,2.000000,2339,48
COO OMP Transpose,O2,4160361.544748,4.160362,0.004160,14212696,3.417394,6.940929,10.358323,0,10,1,1,64,16,63838,63838,7106348,14212696,297,111,2.000000,2339,48
COO OMP Transpose,O2,4087762.072659,4.087762,0.004088,14212696,3.477281,6.959813,10.437094,0,10,1,1,128,16,63838,63838,7106348,14212696,297,111,2.000000,2339,48
COO OMP Transpose,O2,8043785.645285,8.043786,0.008044,14212696,1.767050,6.919374,8.686424,0,10,1,1,16,32,63838,63838,7106348,14212696,297,111,2.000000,2339,48
COO OMP Transpose,O2,7789188.196032,7.789188,0.007789,14212696,1.825041,6.932867,8.757908,0,10,1,1,64,32,63838,63838,7106348,14212696,297,111,2.000000,2339,48
COO OMP Transpose,O2,7378927.617504,7.378928,0.007379,14212696,1.927280,7.177544,9.104824,0,10,1,1,128,32,63838,63838,7106348,14212696,297,111,2.000000,2339,48
