Name,-O,FLOPS,MFLOPS,GFLOPS,FOP Count,Avg Run Time (s),Format Time (s),Total Time (s),Verification,Iters,Block Row,Block Col,K-Bound,Threads,Rows,Cols,NNZ,NNZ*2,Max Cols,Avg Cols,Col Ratio,Variance,Std Deviation
COO OMP,O2,866677384.284344,866.677384,0.866677,14212696,0.017953,45.197716,45.215669,0,10,1,1,16,8,63838,63838,7106348,14212696,297,111,2.000000,2339,48
COO OMP,O2,548113417.493314,548.113417,0.548113,14212696,0.027226,45.166497,45.193723,0,10,1,1,64,8,63838,63838,7106348,14212696,297,111,2.000000,2339,48
COO OMP,O2,406234440.064733,406.234440,0.406234,14212696,0.037345,45.145872,45.183217,0,10,1,1,128,8,63838,63838,7106348,14212696,297,111,2.000000,2339,48
COO OMP,O2,886258509.925929,886.258510,0.886259,14212696,0.017689,45.150120,45.167809,0,10,1,1,16,16,63838,63838,7106348,14212696,297,111,2.000000,2339,48
COO OMP,O2,507746785.749575,507.746786,0.507747,14212696,0.031347,45.191423,45.222770,0,10,1,1,64,16,63838,63838,7106348,14212696,297,111,2.000000,2339,48
COO OMP,O2,363497796.042633,363.497796,0.363498,14212696,0.039662,47.193422,47.233084,0,10,1,1,128,16,63838,63838,7106348,14212696,297,111,2.000000,2339,48
COO OMP,O2,827355060.981159,827.355061,0.827355,14212696,0.018074,45.087547,45.105621,0,10,1,1,16,32,63838,63838,7106348,14212696,297,111,2.000000,2339,48
COO OMP,O2,582911886.558874,582.911887,0.582912,14212696,0.025023,45.195550,45.220573,0,10,1,1,64,32,63838,63838,7106348,14212696,297,111,2.000000,2339,48
COO OMP,O2,403172554.736851,403.172555,0.403173,14212696,0.036603,45.223993,45.260596,0,10,1,1,128,32,63838,63838,7106348,14212696,297,111,2.000000,2339,48
