Name,-O,FLOPS,MFLOPS,GFLOPS,FOP Count,Avg Run Time (s),Format Time (s),Total Time (s),Verification,Iters,Block Row,Block Col,K-Bound,Threads,Rows,Cols,NNZ,NNZ*2,Max Cols,Avg Cols,Col Ratio,Variance,Std Deviation
COO Serial,O2,3627368298.814137,3627.368299,3.627368,227403136,0.062702,6.959538,7.022240,0,10,1,1,16,-1,63838,63838,7106348,14212696,297,111,2.000000,2339,48
COO Serial,O2,4819987670.180089,4819.987670,4.819988,909612544,0.188748,6.944328,7.133076,0,10,1,1,64,-1,63838,63838,7106348,14212696,297,111,2.000000,2339,48
COO Serial,O2,4758973765.609042,4758.973766,4.758974,1819225088,0.382289,7.016345,7.398634,0,10,1,1,128,-1,63838,63838,7106348,14212696,297,111,2.000000,2339,48
