Name,-O,FLOPS,MFLOPS,GFLOPS,FOP Count,Avg Run Time (s),Format Time (s),Total Time (s),Verification,Iters,Block Row,Block Col,K-Bound,Threads,Rows,Cols,NNZ,NNZ*2,Max Cols,Avg Cols,Col Ratio,Variance,Std Deviation
ELL Serial Transpose,O2,618424.346763,0.618424,0.000618,14212696,22.982111,7.948539,30.930650,0,10,1,1,16,-1,63838,63838,7106348,14212696,297,111,2.000000,2339,48
ELL Serial Transpose,O2,624620.576839,0.624621,0.000625,14212696,22.754128,7.943369,30.697497,0,10,1,1,64,-1,63838,63838,7106348,14212696,297,111,2.000000,2339,48
ELL Serial Transpose,O2,594700.416110,0.594700,0.000595,14212696,23.899038,7.937661,31.836699,0,10,1,1,128,-1,63838,63838,7106348,14212696,297,111,2.000000,2339,48
