Name,-O,FLOPS,MFLOPS,GFLOPS,FOP Count,Avg Run Time (s),Format Time (s),Total Time (s),Verification,Iters,Block Row,Block Col,K-Bound,Threads,Rows,Cols,NNZ,NNZ*2,Max Cols,Avg Cols,Col Ratio,Variance,Std Deviation
COO Serial,O2,162138959.764265,162.138960,0.162139,14212696,0.087704,46.818311,46.906015,0,10,1,1,16,-1,63838,63838,7106348,14212696,297,111,2.000000,2339,48
COO Serial,O2,72459229.305290,72.459229,0.072459,14212696,0.196220,44.847155,45.043375,0,10,1,1,64,-1,63838,63838,7106348,14212696,297,111,2.000000,2339,48
COO Serial,O2,47873607.464594,47.873607,0.047874,14212696,0.296894,45.184233,45.481127,0,10,1,1,128,-1,63838,63838,7106348,14212696,297,111,2.000000,2339,48
