Name,-O,FLOPS,MFLOPS,GFLOPS,FOP Count,Avg Run Time (s),Format Time (s),Total Time (s),Verification,Iters,Block Row,Block Col,K-Bound,Threads,Rows,Cols,NNZ,NNZ*2,Max Cols,Avg Cols,Col Ratio,Variance,Std Deviation
COO OMP,O2,3835178342.473237,3835.178342,3.835178,227403136,0.061204,6.997274,7.058478,0,10,1,1,16,8,63838,63838,7106348,14212696,297,111,2.000000,2339,48
COO OMP,O2,9627703781.441696,9627.703781,9.627704,909612544,0.096376,6.895674,6.992050,0,10,1,1,64,8,63838,63838,7106348,14212696,297,111,2.000000,2339,48
COO OMP,O2,13375812309.996498,13375.812310,13.375812,1819225088,0.136540,6.902488,7.039028,0,10,1,1,128,8,63838,63838,7106348,14212696,297,111,2.000000,2339,48
COO OMP,O2,4862043155.693227,4862.043156,4.862043,227403136,0.047423,6.908051,6.955474,0,10,1,1,16,16,63838,63838,7106348,14212696,297,111,2.000000,2339,48
COO OMP,O2,14146334010.861755,14146.334011,14.146334,909612544,0.066801,6.911993,6.978794,0,10,1,1,64,16,63838,63838,7106348,14212696,297,111,2.000000,2339,48
COO OMP,O2,18410998378.418327,18410.998378,18.410998,1819225088,0.099484,6.901188,7.000672,0,10,1,1,128,16,63838,63838,7106348,14212696,297,111,2.000000,2339,48
COO OMP,O2,5850543187.629289,5850.543188,5.850543,227403136,0.040500,6.916254,6.956754,0,10,1,1,16,32,63838,63838,7106348,14212696,297,111,2.000000,2339,48
COO OMP,O2,15107795280.247150,15107.795280,15.107795,909612544,0.061117,6.901529,6.962646,0,10,1,1,64,32,63838,63838,7106348,14212696,297,111,2.000000,2339,48
COO OMP,O2,23791784166.127190,23791.784166,23.791784,1819225088,0.077539,6.907526,6.985065,0,10,1,1,128,32,63838,63838,7106348,14212696,297,111,2.000000,2339,48
