Name,-O,FLOPS,MFLOPS,GFLOPS,FOP Count,Avg Run Time (s),Format Time (s),Total Time (s),Verification,Iters,Block Row,Block Col,K-Bound,Threads,Rows,Cols,NNZ,NNZ*2,Max Cols,Avg Cols,Col Ratio,Variance,Std Deviation
CSR OMP Transpose,O2,1671589.670728,1.671590,0.001672,83492,0.055646,0.193241,0.248887,0,10,1,1,16,8,8192,8192,41746,83492,8,5,1.000000,0,0
CSR OMP Transpose,O2,1664408.223152,1.664408,0.001664,83492,0.054363,0.173004,0.227367,0,10,1,1,64,8,8192,8192,41746,83492,8,5,1.000000,0,0
CSR OMP Transpose,O2,1619008.379794,1.619008,0.001619,83492,0.054301,0.134305,0.188606,0,10,1,1,128,8,8192,8192,41746,83492,8,5,1.000000,0,0
CSR OMP Transpose,O2,3113255.724868,3.113256,0.003113,83492,0.032414,0.181498,0.213912,0,10,1,1,16,16,8192,8192,41746,83492,8,5,1.000000,0,0
CSR OMP Transpose,O2,3025022.289798,3.025022,0.003025,83492,0.033379,0.146832,0.180211,0,10,1,1,64,16,8192,8192,41746,83492,8,5,1.000000,0,0
CSR OMP Transpose,O2,3098684.154510,3.098684,0.003099,83492,0.030306,0.100879,0.131185,0,10,1,1,128,16,8192,8192,41746,83492,8,5,1.000000,0,0
CSR OMP Transpose,O2,5643788.703115,5.643789,0.005644,83492,0.019930,0.120430,0.140360,0,10,1,1,16,32,8192,8192,41746,83492,8,5,1.000000,0,0
CSR OMP Transpose,O2,5520814.197101,5.520814,0.005521,83492,0.021244,0.178796,0.200040,0,10,1,1,64,32,8192,8192,41746,83492,8,5,1.000000,0,0
CSR OMP Transpose,O2,5615343.988873,5.615344,0.005615,83492,0.018303,0.101595,0.119898,0,10,1,1,128,32,8192,8192,41746,83492,8,5,1.000000,0,0
