Name,-O,FLOPS,MFLOPS,GFLOPS,FOP Count,Avg Run Time (s),Format Time (s),Total Time (s),Verification,Iters,Block Row,Block Col,K-Bound,Threads,Rows,Cols,NNZ,NNZ*2,Max Cols,Avg Cols,Col Ratio,Variance,Std Deviation
CSR Serial,O2,35721655.802901,35.721656,0.035722,83492,0.002338,0.780278,0.782616,0,10,1,1,16,-1,8192,8192,41746,83492,8,5,1.000000,0,0
CSR Serial,O2,18613117.772405,18.613118,0.018613,83492,0.004487,0.773049,0.777536,0,10,1,1,64,-1,8192,8192,41746,83492,8,5,1.000000,0,0
CSR Serial,O2,15477924.349698,15.477924,0.015478,83492,0.005394,0.793105,0.798499,0,10,1,1,128,-1,8192,8192,41746,83492,8,5,1.000000,0,0
