Name,-O,FLOPS,MFLOPS,GFLOPS,FOP Count,Avg Run Time (s),Format Time (s),Total Time (s),Verification,Iters,Block Row,Block Col,K-Bound,Threads,Rows,Cols,NNZ,NNZ*2,Max Cols,Avg Cols,Col Ratio,Variance,Std Deviation
ELL OMP,O2,317358579.366515,317.358579,0.317359,83492,0.001263,0.206120,0.207383,0,10,1,1,16,8,8192,8192,41746,83492,8,5,1.000000,0,0
ELL OMP,O2,129883556.036929,129.883556,0.129884,83492,0.001651,0.114248,0.115899,0,10,1,1,64,8,8192,8192,41746,83492,8,5,1.000000,0,0
ELL OMP,O2,130435566.735156,130.435567,0.130436,83492,0.002175,0.113441,0.115616,0,10,1,1,128,8,8192,8192,41746,83492,8,5,1.000000,0,0
ELL OMP,O2,622590118.779322,622.590119,0.622590,83492,0.000871,0.106891,0.107762,0,10,1,1,16,16,8192,8192,41746,83492,8,5,1.000000,0,0
ELL OMP,O2,177209515.511524,177.209516,0.177210,83492,0.001708,0.178363,0.180071,0,10,1,1,64,16,8192,8192,41746,83492,8,5,1.000000,0,0
ELL OMP,O2,238871234.127474,238.871234,0.238871,83492,0.001392,0.103554,0.104946,0,10,1,1,128,16,8192,8192,41746,83492,8,5,1.000000,0,0
ELL OMP,O2,1296041449.322584,1296.041449,1.296041,83492,0.001193,0.106310,0.107503,0,10,1,1,16,32,8192,8192,41746,83492,8,5,1.000000,0,0
ELL OMP,O2,423144007.743707,423.144008,0.423144,83492,0.001130,0.105859,0.106989,0,10,1,1,64,32,8192,8192,41746,83492,8,5,1.000000,0,0
ELL OMP,O2,191001148.381225,191.001148,0.191001,83492,0.001801,0.198878,0.200679,0,10,1,1,128,32,8192,8192,41746,83492,8,5,1.000000,0,0
