Name,-O,FLOPS,MFLOPS,GFLOPS,FOP Count,Avg Run Time (s),Format Time (s),Total Time (s),Verification,Iters,Block Row,Block Col,K-Bound,Threads,Rows,Cols,NNZ,NNZ*2,Max Cols,Avg Cols,Col Ratio,Variance,Std Deviation
CSR THREADS,O2,1584202100.165516,1584.202100,1.584202,83492,0.003185,0.191327,0.194512,0,5,1,1,16,48,8192,8192,41746,83492,8,5,1.000000,0,0
CSR THREADS,O2,971023536.105150,971.023536,0.971024,83492,0.000230,0.096547,0.096777,0,5,1,1,64,32,8192,8192,41746,83492,8,5,1.000000,0,0
CSR THREADS,O2,345159876.776974,345.159877,0.345160,83492,0.000522,0.096333,0.096855,0,5,1,1,128,32,8192,8192,41746,83492,8,5,1.000000,0,0
