Name,-O,FLOPS,MFLOPS,GFLOPS,FOP Count,Avg Run Time (s),Format Time (s),Total Time (s),Verification,Iters,Block Row,Block Col,K-Bound,Threads,Rows,Cols,NNZ,NNZ*2,Max Cols,Avg Cols,Col Ratio,Variance,Std Deviation
COO THREADS,O2,376273667.506154,376.273668,0.376274,83492,0.001008,0.392226,0.393234,0,5,1,1,16,16,8192,8192,41746,83492,8,5,1.000000,0,0
COO THREADS,O2,91823713.671798,91.823714,0.091824,83492,0.000974,0.449664,0.450638,0,5,1,1,64,4,8192,8192,41746,83492,8,5,1.000000,0,0
COO THREADS,O2,72419068.526139,72.419069,0.072419,83492,0.001317,0.437320,0.438637,0,5,1,1,128,4,8192,8192,41746,83492,8,5,1.000000,0,0
