Name,-O,FLOPS,MFLOPS,GFLOPS,FOP Count,Avg Run Time (s),Format Time (s),Total Time (s),Verification,Iters,Block Row,Block Col,K-Bound,Threads,Rows,Cols,NNZ,NNZ*2,Max Cols,Avg Cols,Col Ratio,Variance,Std Deviation
ELL OMP Transpose,O2,1689993.794704,1.689994,0.001690,83492,0.055040,0.193904,0.248944,0,10,1,1,16,8,8192,8192,41746,83492,8,5,1.000000,0,0
ELL OMP Transpose,O2,1615588.269245,1.615588,0.001616,83492,0.057643,0.195231,0.252874,0,10,1,1,64,8,8192,8192,41746,83492,8,5,1.000000,0,0
ELL OMP Transpose,O2,1641075.765456,1.641076,0.001641,83492,0.053809,0.103457,0.157266,0,10,1,1,128,8,8192,8192,41746,83492,8,5,1.000000,0,0
ELL OMP Transpose,O2,3080690.819876,3.080691,0.003081,83492,0.032558,0.185965,0.218523,0,10,1,1,16,16,8192,8192,41746,83492,8,5,1.000000,0,0
ELL OMP Transpose,O2,3126477.997107,3.126478,0.003126,83492,0.030921,0.102662,0.133583,0,10,1,1,64,16,8192,8192,41746,83492,8,5,1.000000,0,0
ELL OMP Transpose,O2,2968789.279574,2.968789,0.002969,83492,0.033114,0.105871,0.138985,0,10,1,1,128,16,8192,8192,41746,83492,8,5,1.000000,0,0
ELL OMP Transpose,O2,5542720.132715,5.542720,0.005543,83492,0.019976,0.118309,0.138285,0,10,1,1,16,32,8192,8192,41746,83492,8,5,1.000000,0,0
ELL OMP Transpose,O2,5564717.170913,5.564717,0.005565,83492,0.018492,0.111565,0.130057,0,10,1,1,64,32,8192,8192,41746,83492,8,5,1.000000,0,0
ELL OMP Transpose,O2,5514676.019815,5.514676,0.005515,83492,0.018193,0.115306,0.133499,0,10,1,1,128,32,8192,8192,41746,83492,8,5,1.000000,0,0
