Name,-O,FLOPS,MFLOPS,GFLOPS,FOP Count,Avg Run Time (s),Format Time (s),Total Time (s),Verification,Iters,Block Row,Block Col,K-Bound,Threads,Rows,Cols,NNZ,NNZ*2,Max Cols,Avg Cols,Col Ratio,Variance,Std Deviation
BCSR GPU Transpose,O2,388631.444849,0.388631,0.000389,83492,0.223373,0.153737,0.377110,0,10,2,2,16,-1,8192,8192,41746,83492,8,5,1.000000,0,0
BCSR GPU Transpose,O2,384354.831180,0.384355,0.000384,83492,0.227845,0.154497,0.382342,0,10,4,4,16,-1,8192,8192,41746,83492,8,5,1.000000,0,0
BCSR GPU Transpose,O2,357366.761414,0.357367,0.000357,83492,0.243055,0.163695,0.406750,0,10,16,16,16,-1,8192,8192,41746,83492,8,5,1.000000,0,0
BCSR GPU Transpose,O2,378955.883822,0.378956,0.000379,83492,0.228294,0.155995,0.384289,0,10,2,2,64,-1,8192,8192,41746,83492,8,5,1.000000,0,0
BCSR GPU Transpose,O2,369464.318875,0.369464,0.000369,83492,0.235628,0.151823,0.387451,0,10,4,4,64,-1,8192,8192,41746,83492,8,5,1.000000,0,0
BCSR GPU Transpose,O2,251927.039203,0.251927,0.000252,83492,0.338468,0.161062,0.499530,0,10,16,16,64,-1,8192,8192,41746,83492,8,5,1.000000,0,0
BCSR GPU Transpose,O2,375219.880466,0.375220,0.000375,83492,0.230474,0.150043,0.380517,0,10,2,2,128,-1,8192,8192,41746,83492,8,5,1.000000,0,0
BCSR GPU Transpose,O2,370742.354564,0.370742,0.000371,83492,0.235542,0.145065,0.380607,0,10,4,4,128,-1,8192,8192,41746,83492,8,5,1.000000,0,0
BCSR GPU Transpose,O2,181800.832046,0.181801,0.000182,83492,0.466248,0.158465,0.624713,0,10,16,16,128,-1,8192,8192,41746,83492,8,5,1.000000,0,0
