Name,-O,FLOPS,MFLOPS,GFLOPS,FOP Count,Avg Run Time (s),Format Time (s),Total Time (s),Verification,Iters,Block Row,Block Col,K-Bound,Threads,Rows,Cols,NNZ,NNZ*2,Max Cols,Avg Cols,Col Ratio,Variance,Std Deviation
CSR OMP Transpose,O2,3725332.792344,3.725333,0.003725,28787634,7.729141,10.506032,18.235173,0,10,1,1,16,8,72000,72000,14393817,28787634,481,199,2.000000,6652,81
CSR OMP Transpose,O2,3666260.665866,3.666261,0.003666,28787634,7.853708,10.732058,18.585766,0,10,1,1,64,8,72000,72000,14393817,28787634,481,199,2.000000,6652,81
CSR OMP Transpose,O2,3640393.852301,3.640394,0.003640,28787634,7.908546,10.749987,18.658533,0,10,1,1,128,8,72000,72000,14393817,28787634,481,199,2.000000,6652,81
CSR OMP Transpose,O2,6829491.841368,6.829492,0.006829,28787634,4.215438,10.713502,14.928940,0,10,1,1,16,16,72000,72000,14393817,28787634,481,199,2.000000,6652,81
CSR OMP Transpose,O2,6852678.541101,6.852679,0.006853,28787634,4.201234,10.454919,14.656153,0,10,1,1,64,16,72000,72000,14393817,28787634,481,199,2.000000,6652,81
CSR OMP Transpose,O2,6762064.483393,6.762064,0.006762,28787634,4.262334,10.483162,14.745495,0,10,1,1,128,16,72000,72000,14393817,28787634,481,199,2.000000,6652,81
CSR OMP Transpose,O2,12855137.137104,12.855137,0.012855,28787634,2.239433,10.447880,12.687313,0,10,1,1,16,32,72000,72000,14393817,28787634,481,199,2.000000,6652,81
CSR OMP Transpose,O2,12315902.422756,12.315902,0.012316,28787634,2.337547,10.717321,13.054868,0,10,1,1,64,32,72000,72000,14393817,28787634,481,199,2.000000,6652,81
CSR OMP Transpose,O2,12024022.482080,12.024022,0.012024,28787634,2.394615,10.788192,13.182807,0,10,1,1,128,32,72000,72000,14393817,28787634,481,199,2.000000,6652,81
