Name,-O,FLOPS,MFLOPS,GFLOPS,FOP Count,Avg Run Time (s),Format Time (s),Total Time (s),Verification,Iters,Block Row,Block Col,K-Bound,Threads,Rows,Cols,NNZ,NNZ*2,Max Cols,Avg Cols,Col Ratio,Variance,Std Deviation
CSR THREADS,O2,595840203.931839,595.840204,0.595840,28787634,0.048958,10.340458,10.389416,0,5,1,1,16,72,72000,72000,14393817,28787634,481,199,2.000000,6652,81
CSR THREADS,O2,419134314.604924,419.134315,0.419134,28787634,0.068795,10.514304,10.583099,0,5,1,1,64,64,72000,72000,14393817,28787634,481,199,2.000000,6652,81
CSR THREADS,O2,321043754.257302,321.043754,0.321044,28787634,0.090177,10.404275,10.494452,0,5,1,1,128,72,72000,72000,14393817,28787634,481,199,2.000000,6652,81
