Name,-O,FLOPS,MFLOPS,GFLOPS,FOP Count,Avg Run Time (s),Format Time (s),Total Time (s),Verification,Iters,Block Row,Block Col,K-Bound,Threads,Rows,Cols,NNZ,NNZ*2,Max Cols,Avg Cols,Col Ratio,Variance,Std Deviation
ELL Serial Transpose,O2,972979.827804,0.972980,0.000973,28787634,29.587087,12.768157,42.355244,0,10,1,1,16,-1,72000,72000,14393817,28787634,481,199,2.000000,6652,81
ELL Serial Transpose,O2,966288.793330,0.966289,0.000966,28787634,29.791958,12.779327,42.571286,0,10,1,1,64,-1,72000,72000,14393817,28787634,481,199,2.000000,6652,81
ELL Serial Transpose,O2,917501.183041,0.917501,0.000918,28787634,31.376337,12.775291,44.151628,0,10,1,1,128,-1,72000,72000,14393817,28787634,481,199,2.000000,6652,81
