Name,-O,FLOPS,MFLOPS,GFLOPS,FOP Count,Avg Run Time (s),Format Time (s),Total Time (s),Verification,Iters,Block Row,Block Col,K-Bound,Threads,Rows,Cols,NNZ,NNZ*2,Max Cols,Avg Cols,Col Ratio,Variance,Std Deviation
COO GPU,O2,590592475.175343,590.592475,0.590592,28787634,0.054327,10.484227,10.538554,0,10,1,1,16,-1,72000,72000,14393817,28787634,481,199,2.000000,6652,81
COO GPU,O2,422050473.901023,422.050474,0.422050,28787634,0.070738,10.563802,10.634540,0,10,1,1,64,-1,72000,72000,14393817,28787634,481,199,2.000000,6652,81
COO GPU,O2,306420659.323995,306.420659,0.306421,28787634,0.097981,10.541123,10.639104,0,10,1,1,128,-1,72000,72000,14393817,28787634,481,199,2.000000,6652,81
