Name,-O,FLOPS,MFLOPS,GFLOPS,FOP Count,Avg Run Time (s),Format Time (s),Total Time (s),Verification,Iters,Block Row,Block Col,K-Bound,Threads,Rows,Cols,NNZ,NNZ*2,Max Cols,Avg Cols,Col Ratio,Variance,Std Deviation
COO Serial Transpose,O2,1720319.942727,1.720320,0.001720,28787634,16.793997,29.357855,46.151852,0,10,1,1,16,-1,72000,72000,14393817,28787634,481,199,2.000000,6652,81
COO Serial Transpose,O2,1647025.931362,1.647026,0.001647,28787634,17.576880,29.183219,46.760099,0,10,1,1,64,-1,72000,72000,14393817,28787634,481,199,2.000000,6652,81
COO Serial Transpose,O2,1329509.826174,1.329510,0.001330,28787634,22.316635,29.095954,51.412589,0,10,1,1,128,-1,72000,72000,14393817,28787634,481,199,2.000000,6652,81
