,Name,-O,FLOPS,MFLOPS,GFLOPS,FOP Count,Avg Run Time (s),Format Time (s),Total Time (s),Verification,Iters,Block Row,Block Col,K-Bound,Threads,Rows,Cols,NNZ,NNZ*2,Max Cols,Avg Cols,Col Ratio,Variance,Std Deviation
0,BCSR Serial,O2,2768941144.337946,2768.941144,2.768941,460602144,0.166366,31.327381,31.493747,256,10,4,4,16,-1,72000,72000,14393817,28787634,481,199,2.0,6652,81
1,BCSR Serial,O2,6592393447.341166,6592.393447,6.592393,1842408576,0.279479,31.284436,31.563915,1024,10,4,4,64,-1,72000,72000,14393817,28787634,481,199,2.0,6652,81
2,BCSR Serial,O2,6431951036.983595,6431.951037,6.431951,3684817152,0.572895,31.398131,31.971026,2048,10,4,4,128,-1,72000,72000,14393817,28787634,481,199,2.0,6652,81
3,BCSR Serial,O2,2890720136.710737,2890.720137,2.89072,460602144,0.159345,31.267912,31.427257,256,10,2,2,16,-1,72000,72000,14393817,28787634,481,199,2.0,6652,81
4,BCSR Serial,O2,1390026703.717581,1390.026704,1.390027,460602144,0.331373,31.73579,32.067163,256,10,16,16,16,-1,72000,72000,14393817,28787634,481,199,2.0,6652,81
5,BCSR Serial,O2,7362954778.756757,7362.954779,7.362955,1842408576,0.250228,31.402847,31.653075,1024,10,2,2,64,-1,72000,72000,14393817,28787634,481,199,2.0,6652,81
6,BCSR Serial,O2,3045891037.86593,3045.891038,3.045891,1842408576,0.605287,31.664121,32.269408,1024,10,16,16,64,-1,72000,72000,14393817,28787634,481,199,2.0,6652,81
7,BCSR Serial,O2,7358904905.85641,7358.904906,7.358905,3684817152,0.500732,31.327316,31.828048,2048,10,2,2,128,-1,72000,72000,14393817,28787634,481,199,2.0,6652,81
8,BCSR Serial,O2,3403174928.201791,3403.174928,3.403175,3684817152,1.082793,31.81906,32.901853,2048,10,16,16,128,-1,72000,72000,14393817,28787634,481,199,2.0,6652,81
