Name,-O,FLOPS,MFLOPS,GFLOPS,FOP Count,Avg Run Time (s),Format Time (s),Total Time (s),Verification,Iters,Block Row,Block Col,K-Bound,Threads,Rows,Cols,NNZ,NNZ*2,Max Cols,Avg Cols,Col Ratio,Variance,Std Deviation
ELL OMP,O2,4872035242.167944,4872.035242,4.872035,460602144,0.098159,32.820911,32.919070,0,10,1,1,16,8,72000,72000,14393817,28787634,481,199,2.000000,6652,81
ELL OMP,O2,16922782918.767736,16922.782919,16.922783,1842408576,0.111543,32.859593,32.971137,0,10,1,1,64,8,72000,72000,14393817,28787634,481,199,2.000000,6652,81
ELL OMP,O2,19145075667.854759,19145.075668,19.145076,3684817152,0.195151,32.728970,32.924121,0,10,1,1,128,8,72000,72000,14393817,28787634,481,199,2.000000,6652,81
ELL OMP,O2,8831961947.679073,8831.961948,8.831962,460602144,0.057201,32.731366,32.788567,0,10,1,1,16,16,72000,72000,14393817,28787634,481,199,2.000000,6652,81
ELL OMP,O2,19379651475.095070,19379.651475,19.379651,1842408576,0.112367,32.861420,32.973787,0,10,1,1,64,16,72000,72000,14393817,28787634,481,199,2.000000,6652,81
ELL OMP,O2,30912281418.543404,30912.281419,30.912281,3684817152,0.121705,32.758425,32.880130,0,10,1,1,128,16,72000,72000,14393817,28787634,481,199,2.000000,6652,81
ELL OMP,O2,16782706191.498266,16782.706191,16.782706,460602144,0.029929,32.197510,32.227439,0,10,1,1,16,32,72000,72000,14393817,28787634,481,199,2.000000,6652,81
ELL OMP,O2,27892164505.493511,27892.164505,27.892165,1842408576,0.066406,32.709532,32.775938,0,10,1,1,64,32,72000,72000,14393817,28787634,481,199,2.000000,6652,81
ELL OMP,O2,43652209999.320457,43652.209999,43.652210,3684817152,0.084940,32.675488,32.760428,0,10,1,1,128,32,72000,72000,14393817,28787634,481,199,2.000000,6652,81
