Name,-O,FLOPS,MFLOPS,GFLOPS,FOP Count,Avg Run Time (s),Format Time (s),Total Time (s),Verification,Iters,Block Row,Block Col,K-Bound,Threads,Rows,Cols,NNZ,NNZ*2,Max Cols,Avg Cols,Col Ratio,Variance,Std Deviation
COO OMP Transpose,O2,3527345.568400,3.527346,0.003527,28787634,8.164625,10.437096,18.601721,0,10,1,1,16,8,72000,72000,14393817,28787634,481,199,2.000000,6652,81
COO OMP Transpose,O2,3720436.144577,3.720436,0.003720,28787634,7.738120,10.795595,18.533715,0,10,1,1,64,8,72000,72000,14393817,28787634,481,199,2.000000,6652,81
COO OMP Transpose,O2,3703489.873310,3.703490,0.003703,28787634,7.774917,10.822392,18.597309,0,10,1,1,128,8,72000,72000,14393817,28787634,481,199,2.000000,6652,81
COO OMP Transpose,O2,7069156.867439,7.069157,0.007069,28787634,4.072405,10.772309,14.844714,0,10,1,1,16,16,72000,72000,14393817,28787634,481,199,2.000000,6652,81
COO OMP Transpose,O2,6995410.262721,6.995410,0.006995,28787634,4.115528,10.818075,14.933603,0,10,1,1,64,16,72000,72000,14393817,28787634,481,199,2.000000,6652,81
COO OMP Transpose,O2,6802295.966138,6.802296,0.006802,28787634,4.232160,10.803835,15.035995,0,10,1,1,128,16,72000,72000,14393817,28787634,481,199,2.000000,6652,81
COO OMP Transpose,O2,12502836.959141,12.502837,0.012503,28787634,2.302585,10.759673,13.062258,0,10,1,1,16,32,72000,72000,14393817,28787634,481,199,2.000000,6652,81
COO OMP Transpose,O2,12387150.208832,12.387150,0.012387,28787634,2.324168,10.813779,13.137948,0,10,1,1,64,32,72000,72000,14393817,28787634,481,199,2.000000,6652,81
COO OMP Transpose,O2,12336333.111879,12.336333,0.012336,28787634,2.333625,10.834044,13.167669,0,10,1,1,128,32,72000,72000,14393817,28787634,481,199,2.000000,6652,81
