Name,-O,FLOPS,MFLOPS,GFLOPS,FOP Count,Avg Run Time (s),Format Time (s),Total Time (s),Verification,Iters,Block Row,Block Col,K-Bound,Threads,Rows,Cols,NNZ,NNZ*2,Max Cols,Avg Cols,Col Ratio,Variance,Std Deviation
CSR THREADS,O2,2209900481.997776,2209.900482,2.209900,28787634,0.014505,29.545379,29.559884,0,5,1,1,16,64,72000,72000,14393817,28787634,481,199,2.000000,6652,81
CSR THREADS,O2,839868807.087767,839.868807,0.839869,28787634,0.034361,29.467308,29.501669,0,5,1,1,64,64,72000,72000,14393817,28787634,481,199,2.000000,6652,81
CSR THREADS,O2,554075970.361210,554.075970,0.554076,28787634,0.054321,29.323004,29.377325,0,5,1,1,128,32,72000,72000,14393817,28787634,481,199,2.000000,6652,81
