Name,-O,FLOPS,MFLOPS,GFLOPS,FOP Count,Avg Run Time (s),Format Time (s),Total Time (s),Verification,Iters,Block Row,Block Col,K-Bound,Threads,Rows,Cols,NNZ,NNZ*2,Max Cols,Avg Cols,Col Ratio,Variance,Std Deviation
COO Serial,O2,3178644822.180758,3178.644822,3.178645,460602144,0.144912,10.622177,10.767088,0,10,1,1,16,-1,72000,72000,14393817,28787634,481,199,2.000000,6652,81
COO Serial,O2,4862113625.063906,4862.113625,4.862114,1842408576,0.378946,10.550085,10.929031,0,10,1,1,64,-1,72000,72000,14393817,28787634,481,199,2.000000,6652,81
COO Serial,O2,4631321105.596423,4631.321106,4.631321,3684817152,0.795635,10.481901,11.277535,0,10,1,1,128,-1,72000,72000,14393817,28787634,481,199,2.000000,6652,81
