Name,-O,FLOPS,MFLOPS,GFLOPS,FOP Count,Avg Run Time (s),Format Time (s),Total Time (s),Verification,Iters,Block Row,Block Col,K-Bound,Threads,Rows,Cols,NNZ,NNZ*2,Max Cols,Avg Cols,Col Ratio,Variance,Std Deviation
BCSR THREADS,O2,589425970.099371,589.425970,0.589426,28787634,0.049602,11.879143,11.928745,256,5,2,2,16,72,72000,72000,14393817,28787634,481,199,2.000000,6652,81
BCSR THREADS,O2,506817647.059833,506.817647,0.506818,28787634,0.059486,11.945606,12.005092,256,5,4,4,16,72,72000,72000,14393817,28787634,481,199,2.000000,6652,81
BCSR THREADS,O2,411664166.461358,411.664166,0.411664,28787634,0.070760,12.240216,12.310976,256,5,16,16,16,72,72000,72000,14393817,28787634,481,199,2.000000,6652,81
BCSR THREADS,O2,380837026.256917,380.837026,0.380837,28787634,0.077150,11.960278,12.037428,1024,5,2,2,64,64,72000,72000,14393817,28787634,481,199,2.000000,6652,81
BCSR THREADS,O2,407338506.330627,407.338506,0.407339,28787634,0.071120,11.931715,12.002835,1024,5,4,4,64,72,72000,72000,14393817,28787634,481,199,2.000000,6652,81
BCSR THREADS,O2,300716676.534497,300.716677,0.300717,28787634,0.096758,12.284380,12.381138,1024,5,16,16,64,72,72000,72000,14393817,28787634,481,199,2.000000,6652,81
BCSR THREADS,O2,310701805.944917,310.701806,0.310702,28787634,0.093132,11.957543,12.050675,2048,5,2,2,128,64,72000,72000,14393817,28787634,481,199,2.000000,6652,81
BCSR THREADS,O2,281020776.640289,281.020777,0.281021,28787634,0.103540,11.957710,12.061250,2048,5,4,4,128,72,72000,72000,14393817,28787634,481,199,2.000000,6652,81
BCSR THREADS,O2,236416241.479096,236.416241,0.236416,28787634,0.122293,12.263533,12.385826,2048,5,16,16,128,72,72000,72000,14393817,28787634,481,199,2.000000,6652,81
