Name,-O,FLOPS,MFLOPS,GFLOPS,FOP Count,Avg Run Time (s),Format Time (s),Total Time (s),Verification,Iters,Block Row,Block Col,K-Bound,Threads,Rows,Cols,NNZ,NNZ*2,Max Cols,Avg Cols,Col Ratio,Variance,Std Deviation
CSR OMP,O2,8899344156.169979,8899.344156,8.899344,460602144,0.082027,29.572300,29.654326,0,10,1,1,16,8,72000,72000,14393817,28787634,481,199,2.000000,6652,81
CSR OMP,O2,17270280341.612812,17270.280342,17.270280,1842408576,0.118985,30.106784,30.225769,0,10,1,1,64,8,72000,72000,14393817,28787634,481,199,2.000000,6652,81
CSR OMP,O2,33341095246.894787,33341.095247,33.341095,3684817152,0.117425,29.998970,30.116395,0,10,1,1,128,8,72000,72000,14393817,28787634,481,199,2.000000,6652,81
CSR OMP,O2,18801659287.993111,18801.659288,18.801659,460602144,0.025565,29.966552,29.992117,0,10,1,1,16,16,72000,72000,14393817,28787634,481,199,2.000000,6652,81
CSR OMP,O2,31244432313.289825,31244.432313,31.244432,1842408576,0.061075,29.999364,30.060439,0,10,1,1,64,16,72000,72000,14393817,28787634,481,199,2.000000,6652,81
CSR OMP,O2,42840649480.573128,42840.649481,42.840649,3684817152,0.086151,29.986389,30.072540,0,10,1,1,128,16,72000,72000,14393817,28787634,481,199,2.000000,6652,81
CSR OMP,O2,23291916777.097015,23291.916777,23.291917,460602144,0.020388,30.026377,30.046765,0,10,1,1,16,32,72000,72000,14393817,28787634,481,199,2.000000,6652,81
CSR OMP,O2,33900223102.005180,33900.223102,33.900223,1842408576,0.055023,30.016822,30.071845,0,10,1,1,64,32,72000,72000,14393817,28787634,481,199,2.000000,6652,81
CSR OMP,O2,63710322112.143044,63710.322112,63.710322,3684817152,0.065776,29.615447,29.681223,0,10,1,1,128,32,72000,72000,14393817,28787634,481,199,2.000000,6652,81
