Name,-O,FLOPS,MFLOPS,GFLOPS,FOP Count,Avg Run Time (s),Format Time (s),Total Time (s),Verification,Iters,Block Row,Block Col,K-Bound,Threads,Rows,Cols,NNZ,NNZ*2,Max Cols,Avg Cols,Col Ratio,Variance,Std Deviation
ELL GPU,O2,458650219.569014,458.650220,0.458650,28787634,0.063966,12.694785,12.758751,0,10,1,1,16,-1,72000,72000,14393817,28787634,481,199,2.000000,6652,81
ELL GPU,O2,292777969.222117,292.777969,0.292778,28787634,0.101063,12.848349,12.949412,0,10,1,1,64,-1,72000,72000,14393817,28787634,481,199,2.000000,6652,81
ELL GPU,O2,212977848.288415,212.977848,0.212978,28787634,0.136917,12.816116,12.953033,0,10,1,1,128,-1,72000,72000,14393817,28787634,481,199,2.000000,6652,81
