Name,-O,FLOPS,MFLOPS,GFLOPS,FOP Count,Avg Run Time (s),Format Time (s),Total Time (s),Verification,Iters,Block Row,Block Col,K-Bound,Threads,Rows,Cols,NNZ,NNZ*2,Max Cols,Avg Cols,Col Ratio,Variance,Std Deviation
CSR GPU Transpose,O2,988220.457000,0.988220,0.000988,28787634,29.131239,10.448286,39.579525,0,10,1,1,16,-1,72000,72000,14393817,28787634,481,199,2.000000,6652,81
CSR GPU Transpose,O2,1007343.999467,1.007344,0.001007,28787634,28.581698,10.710128,39.291826,0,10,1,1,64,-1,72000,72000,14393817,28787634,481,199,2.000000,6652,81
CSR GPU Transpose,O2,1012041.046662,1.012041,0.001012,28787634,28.447791,10.681021,39.128812,0,10,1,1,128,-1,72000,72000,14393817,28787634,481,199,2.000000,6652,81
