Name,-O,FLOPS,MFLOPS,GFLOPS,FOP Count,Avg Run Time (s),Format Time (s),Total Time (s),Verification,Iters,Block Row,Block Col,K-Bound,Threads,Rows,Cols,NNZ,NNZ*2,Max Cols,Avg Cols,Col Ratio,Variance,Std Deviation
COO OMP,O2,10800515850.325029,10800.515850,10.800516,460602144,0.045199,29.746313,29.791512,0,10,1,1,16,8,72000,72000,14393817,28787634,481,199,2.000000,6652,81
COO OMP,O2,31033392616.173443,31033.392616,31.033393,1842408576,0.060868,29.549923,29.610791,0,10,1,1,64,8,72000,72000,14393817,28787634,481,199,2.000000,6652,81
COO OMP,O2,35553133483.048782,35553.133483,35.553133,3684817152,0.113223,29.524527,29.637750,0,10,1,1,128,8,72000,72000,14393817,28787634,481,199,2.000000,6652,81
COO OMP,O2,17883666140.071423,17883.666140,17.883666,460602144,0.027386,29.562972,29.590358,0,10,1,1,16,16,72000,72000,14393817,28787634,481,199,2.000000,6652,81
COO OMP,O2,36117989451.575523,36117.989452,36.117989,1842408576,0.053666,29.529547,29.583213,0,10,1,1,64,16,72000,72000,14393817,28787634,481,199,2.000000,6652,81
COO OMP,O2,54808989173.550377,54808.989174,54.808989,3684817152,0.096144,29.433552,29.529696,0,10,1,1,128,16,72000,72000,14393817,28787634,481,199,2.000000,6652,81
COO OMP,O2,25395978440.267242,25395.978440,25.395978,460602144,0.022621,29.568636,29.591257,0,10,1,1,16,32,72000,72000,14393817,28787634,481,199,2.000000,6652,81
COO OMP,O2,39180840596.912643,39180.840597,39.180841,1842408576,0.047880,29.521512,29.569392,0,10,1,1,64,32,72000,72000,14393817,28787634,481,199,2.000000,6652,81
COO OMP,O2,71871071286.946548,71871.071287,71.871071,3684817152,0.067178,29.550632,29.617810,0,10,1,1,128,32,72000,72000,14393817,28787634,481,199,2.000000,6652,81
