Name,-O,FLOPS,MFLOPS,GFLOPS,FOP Count,Avg Run Time (s),Format Time (s),Total Time (s),Verification,Iters,Block Row,Block Col,K-Bound,Threads,Rows,Cols,NNZ,NNZ*2,Max Cols,Avg Cols,Col Ratio,Variance,Std Deviation
CSR Serial,O2,2617491881.342256,2617.491881,2.617492,460602144,0.176027,29.980926,30.156953,0,10,1,1,16,-1,72000,72000,14393817,28787634,481,199,2.000000,6652,81
CSR Serial,O2,7069731509.838079,7069.731510,7.069732,1842408576,0.260607,30.237006,30.497613,0,10,1,1,64,-1,72000,72000,14393817,28787634,481,199,2.000000,6652,81
CSR Serial,O2,7889520042.393018,7889.520042,7.889520,3684817152,0.467054,29.955120,30.422174,0,10,1,1,128,-1,72000,72000,14393817,28787634,481,199,2.000000,6652,81
