Name,-O,FLOPS,MFLOPS,GFLOPS,FOP Count,Avg Run Time (s),Format Time (s),Total Time (s),Verification,Iters,Block Row,Block Col,K-Bound,Threads,Rows,Cols,NNZ,NNZ*2,Max Cols,Avg Cols,Col Ratio,Variance,Std Deviation
CSR OMP,O2,1747536114.924850,1747.536115,1.747536,4381182,0.009959,2.357386,2.367345,0,10,1,1,16,8,36417,36417,2190591,4381182,184,60,3.000000,753,27
CSR OMP,O2,531653662.323058,531.653662,0.531654,4381182,0.016828,2.359141,2.375969,0,10,1,1,64,8,36417,36417,2190591,4381182,184,60,3.000000,753,27
CSR OMP,O2,213480138.726212,213.480139,0.213480,4381182,0.036361,2.340630,2.376991,0,10,1,1,128,8,36417,36417,2190591,4381182,184,60,3.000000,753,27
CSR OMP,O2,2714303467.114621,2714.303467,2.714303,4381182,0.008612,2.350348,2.358960,0,10,1,1,16,16,36417,36417,2190591,4381182,184,60,3.000000,753,27
CSR OMP,O2,114218845.222991,114.218845,0.114219,4381182,0.039334,2.349804,2.389138,0,10,1,1,64,16,36417,36417,2190591,4381182,184,60,3.000000,753,27
CSR OMP,O2,228988542.421717,228.988542,0.228989,4381182,0.041889,2.374090,2.415979,0,10,1,1,128,16,36417,36417,2190591,4381182,184,60,3.000000,753,27
CSR OMP,O2,4791900857.038905,4791.900857,4.791901,4381182,0.007554,2.361459,2.369013,0,10,1,1,16,32,36417,36417,2190591,4381182,184,60,3.000000,753,27
CSR OMP,O2,1544379139.244779,1544.379139,1.544379,4381182,0.013984,2.353577,2.367561,0,10,1,1,64,32,36417,36417,2190591,4381182,184,60,3.000000,753,27
CSR OMP,O2,321645561.752313,321.645562,0.321646,4381182,0.032486,2.302659,2.335145,0,10,1,1,128,32,36417,36417,2190591,4381182,184,60,3.000000,753,27
