Name,-O,FLOPS,MFLOPS,GFLOPS,FOP Count,Avg Run Time (s),Format Time (s),Total Time (s),Verification,Iters,Block Row,Block Col,K-Bound,Threads,Rows,Cols,NNZ,NNZ*2,Max Cols,Avg Cols,Col Ratio,Variance,Std Deviation
BCSR GPU,O2,5989882238.101375,5989.882238,5.989882,4381182,0.008576,2.616882,2.625458,144,10,2,2,16,-1,36417,36417,2190591,4381182,184,60,3.000000,753,27
BCSR GPU,O2,7100432851.862223,7100.432852,7.100433,4381182,0.008014,2.608945,2.616959,144,10,4,4,16,-1,36417,36417,2190591,4381182,184,60,3.000000,753,27
BCSR GPU,O2,2588186472.242638,2588.186472,2.588186,4381182,0.012477,2.677565,2.690042,144,10,16,16,16,-1,36417,36417,2190591,4381182,184,60,3.000000,753,27
BCSR GPU,O2,2818477404.673676,2818.477405,2.818477,4381182,0.011714,2.582890,2.594604,576,10,2,2,64,-1,36417,36417,2190591,4381182,184,60,3.000000,753,27
BCSR GPU,O2,2058227799.966189,2058.227800,2.058228,4381182,0.012913,2.601282,2.614195,576,10,4,4,64,-1,36417,36417,2190591,4381182,184,60,3.000000,753,27
BCSR GPU,O2,1075498314.804059,1075.498315,1.075498,4381182,0.013843,2.677780,2.691623,576,10,16,16,64,-1,36417,36417,2190591,4381182,184,60,3.000000,753,27
BCSR GPU,O2,1633335942.316980,1633.335942,1.633336,4381182,0.012675,2.594987,2.607663,1152,10,2,2,128,-1,36417,36417,2190591,4381182,184,60,3.000000,753,27
BCSR GPU,O2,1218406502.123649,1218.406502,1.218407,4381182,0.012515,2.595659,2.608173,1152,10,4,4,128,-1,36417,36417,2190591,4381182,184,60,3.000000,753,27
BCSR GPU,O2,324066799.308619,324.066799,0.324067,4381182,0.026638,2.646458,2.673096,1152,10,16,16,128,-1,36417,36417,2190591,4381182,184,60,3.000000,753,27
