Name,-O,FLOPS,MFLOPS,GFLOPS,FOP Count,Avg Run Time (s),Format Time (s),Total Time (s),Verification,Iters,Block Row,Block Col,K-Bound,Threads,Rows,Cols,NNZ,NNZ*2,Max Cols,Avg Cols,Col Ratio,Variance,Std Deviation
CSR Serial Transpose,O2,1296507.306393,1.296507,0.001297,4381182,3.379220,6.885419,10.264639,0,10,1,1,16,-1,36417,36417,2190591,4381182,184,60,3.000000,753,27
CSR Serial Transpose,O2,1270631.527640,1.270632,0.001271,4381182,3.448036,6.894267,10.342303,0,10,1,1,64,-1,36417,36417,2190591,4381182,184,60,3.000000,753,27
CSR Serial Transpose,O2,1231451.131883,1.231451,0.001231,4381182,3.557740,6.867993,10.425733,0,10,1,1,128,-1,36417,36417,2190591,4381182,184,60,3.000000,753,27
