,Name,-O,FLOPS,MFLOPS,GFLOPS,FOP Count,Avg Run Time (s),Format Time (s),Total Time (s),Verification,Iters,Block Row,Block Col,K-Bound,Threads,Rows,Cols,NNZ,NNZ*2,Max Cols,Avg Cols,Col Ratio,Variance,Std Deviation
0,BCSR Serial,O2,2592271792.172956,2592.271792,2.592272,70098912,0.027081,7.206152,7.233233,144,10,4,4,16,-1,36417,36417,2190591,4381182,184,60,3.0,753,27
1,BCSR Serial,O2,6389069885.329458,6389.069885,6.38907,280395648,0.04392,7.223269,7.267189,576,10,4,4,64,-1,36417,36417,2190591,4381182,184,60,3.0,753,27
2,BCSR Serial,O2,7267545121.822131,7267.545122,7.267545,560791296,0.077234,7.217218,7.294452,1152,10,4,4,128,-1,36417,36417,2190591,4381182,184,60,3.0,753,27
3,BCSR Serial,O2,2839315751.897723,2839.315752,2.839316,70098912,0.024719,7.181703,7.206422,144,10,2,2,16,-1,36417,36417,2190591,4381182,184,60,3.0,753,27
4,BCSR Serial,O2,1233206733.744716,1233.206734,1.233207,70098912,0.056864,7.292797,7.349661,144,10,16,16,16,-1,36417,36417,2190591,4381182,184,60,3.0,753,27
5,BCSR Serial,O2,7906839738.943037,7906.839739,7.90684,280395648,0.035495,7.197778,7.233273,576,10,2,2,64,-1,36417,36417,2190591,4381182,184,60,3.0,753,27
6,BCSR Serial,O2,3293861334.97336,3293.861335,3.293861,280395648,0.085152,7.290146,7.375298,576,10,16,16,64,-1,36417,36417,2190591,4381182,184,60,3.0,753,27
7,BCSR Serial,O2,9030869483.804882,9030.869484,9.030869,560791296,0.062209,7.178011,7.24022,1152,10,2,2,128,-1,36417,36417,2190591,4381182,184,60,3.0,753,27
8,BCSR Serial,O2,3464251390.898534,3464.251391,3.464251,560791296,0.161907,7.279601,7.441508,1152,10,16,16,128,-1,36417,36417,2190591,4381182,184,60,3.0,753,27
