Name,-O,FLOPS,MFLOPS,GFLOPS,FOP Count,Avg Run Time (s),Format Time (s),Total Time (s),Verification,Iters,Block Row,Block Col,K-Bound,Threads,Rows,Cols,NNZ,NNZ*2,Max Cols,Avg Cols,Col Ratio,Variance,Std Deviation
CSR GPU,O2,8139141397.113210,8139.141397,8.139141,4381182,0.008566,2.353191,2.361757,0,10,1,1,16,-1,36417,36417,2190591,4381182,184,60,3.000000,753,27
CSR GPU,O2,2275215166.946532,2275.215167,2.275215,4381182,0.011719,2.345642,2.357360,0,10,1,1,64,-1,36417,36417,2190591,4381182,184,60,3.000000,753,27
CSR GPU,O2,1538501956.642926,1538.501957,1.538502,4381182,0.010965,2.347262,2.358227,0,10,1,1,128,-1,36417,36417,2190591,4381182,184,60,3.000000,753,27
