Name,-O,FLOPS,MFLOPS,GFLOPS,FOP Count,Avg Run Time (s),Format Time (s),Total Time (s),Verification,Iters,Block Row,Block Col,K-Bound,Threads,Rows,Cols,NNZ,NNZ*2,Max Cols,Avg Cols,Col Ratio,Variance,Std Deviation
BCSR Serial Transpose,O2,1293107.072444,1.293107,0.001293,4381182,3.388118,7.377611,10.765729,144,10,2,2,16,-1,36417,36417,2190591,4381182,184,60,3.000000,753,27
BCSR Serial Transpose,O2,1284800.251089,1.284800,0.001285,4381182,3.410024,7.401725,10.811749,144,10,4,4,16,-1,36417,36417,2190591,4381182,184,60,3.000000,753,27
BCSR Serial Transpose,O2,1281368.321989,1.281368,0.001281,4381182,3.419153,7.457852,10.877005,144,10,16,16,16,-1,36417,36417,2190591,4381182,184,60,3.000000,753,27
BCSR Serial Transpose,O2,1253808.186623,1.253808,0.001254,4381182,3.494313,7.362975,10.857287,576,10,2,2,64,-1,36417,36417,2190591,4381182,184,60,3.000000,753,27
BCSR Serial Transpose,O2,1252113.765860,1.252114,0.001252,4381182,3.499039,7.431947,10.930986,576,10,4,4,64,-1,36417,36417,2190591,4381182,184,60,3.000000,753,27
BCSR Serial Transpose,O2,1186926.716339,1.186927,0.001187,4381182,3.691207,7.447899,11.139106,576,10,16,16,64,-1,36417,36417,2190591,4381182,184,60,3.000000,753,27
BCSR Serial Transpose,O2,1218647.110346,1.218647,0.001219,4381182,3.595131,7.359405,10.954536,1152,10,2,2,128,-1,36417,36417,2190591,4381182,184,60,3.000000,753,27
BCSR Serial Transpose,O2,1191875.246789,1.191875,0.001192,4381182,3.675888,7.377927,11.053815,1152,10,4,4,128,-1,36417,36417,2190591,4381182,184,60,3.000000,753,27
BCSR Serial Transpose,O2,1115144.311883,1.115144,0.001115,4381182,3.928811,7.456593,11.385404,1152,10,16,16,128,-1,36417,36417,2190591,4381182,184,60,3.000000,753,27
