Name,-O,FLOPS,MFLOPS,GFLOPS,FOP Count,Avg Run Time (s),Format Time (s),Total Time (s),Verification,Iters,Block Row,Block Col,K-Bound,Threads,Rows,Cols,NNZ,NNZ*2,Max Cols,Avg Cols,Col Ratio,Variance,Std Deviation
CSR Serial,O2,2537918471.076596,2537.918471,2.537918,70098912,0.027684,6.992377,7.020061,0,10,1,1,16,-1,36417,36417,2190591,4381182,184,60,3.000000,753,27
CSR Serial,O2,7835738197.948782,7835.738198,7.835738,280395648,0.035804,6.960121,6.995925,0,10,1,1,64,-1,36417,36417,2190591,4381182,184,60,3.000000,753,27
CSR Serial,O2,9502541765.960426,9502.541766,9.502542,560791296,0.059121,6.964809,7.023929,0,10,1,1,128,-1,36417,36417,2190591,4381182,184,60,3.000000,753,27
