Name,-O,FLOPS,MFLOPS,GFLOPS,FOP Count,Avg Run Time (s),Format Time (s),Total Time (s),Verification,Iters,Block Row,Block Col,K-Bound,Threads,Rows,Cols,NNZ,NNZ*2,Max Cols,Avg Cols,Col Ratio,Variance,Std Deviation
CSR GPU Transpose,O2,881264.763868,0.881265,0.000881,4381182,4.973320,2.377759,7.351079,0,10,1,1,16,-1,36417,36417,2190591,4381182,184,60,3.000000,753,27
CSR GPU Transpose,O2,892092.977103,0.892093,0.000892,4381182,4.911927,2.395596,7.307523,0,10,1,1,64,-1,36417,36417,2190591,4381182,184,60,3.000000,753,27
CSR GPU Transpose,O2,892327.340347,0.892327,0.000892,4381182,4.910321,2.373347,7.283668,0,10,1,1,128,-1,36417,36417,2190591,4381182,184,60,3.000000,753,27
