Name,-O,FLOPS,MFLOPS,GFLOPS,FOP Count,Avg Run Time (s),Format Time (s),Total Time (s),Verification,Iters,Block Row,Block Col,K-Bound,Threads,Rows,Cols,NNZ,NNZ*2,Max Cols,Avg Cols,Col Ratio,Variance,Std Deviation
CSR Serial Transpose,O2,853128.460230,0.853128,0.000853,4381182,5.135431,2.382080,7.517511,0,10,1,1,16,-1,36417,36417,2190591,4381182,184,60,3.000000,753,27
CSR Serial Transpose,O2,835478.294483,0.835478,0.000835,4381182,5.243923,2.383552,7.627475,0,10,1,1,64,-1,36417,36417,2190591,4381182,184,60,3.000000,753,27
CSR Serial Transpose,O2,852408.182910,0.852408,0.000852,4381182,5.139772,2.371317,7.511089,0,10,1,1,128,-1,36417,36417,2190591,4381182,184,60,3.000000,753,27
