Name,-O,FLOPS,MFLOPS,GFLOPS,FOP Count,Avg Run Time (s),Format Time (s),Total Time (s),Verification,Iters,Block Row,Block Col,K-Bound,Threads,Rows,Cols,NNZ,NNZ*2,Max Cols,Avg Cols,Col Ratio,Variance,Std Deviation
COO Serial,O2,142754813.754214,142.754814,0.142755,4381182,0.030778,14.724858,14.755636,0,10,1,1,16,-1,36417,36417,2190591,4381182,184,60,3.000000,753,27
COO Serial,O2,75067629.611130,75.067630,0.075068,4381182,0.058364,14.707399,14.765763,0,10,1,1,64,-1,36417,36417,2190591,4381182,184,60,3.000000,753,27
COO Serial,O2,51330593.645922,51.330594,0.051331,4381182,0.085352,14.665162,14.750514,0,10,1,1,128,-1,36417,36417,2190591,4381182,184,60,3.000000,753,27
