Name,-O,FLOPS,MFLOPS,GFLOPS,FOP Count,Avg Run Time (s),Format Time (s),Total Time (s),Verification,Iters,Block Row,Block Col,K-Bound,Threads,Rows,Cols,NNZ,NNZ*2,Max Cols,Avg Cols,Col Ratio,Variance,Std Deviation
COO GPU,O2,7642857526.701448,7642.857527,7.642858,4381182,0.006620,2.324705,2.331325,0,10,1,1,16,-1,36417,36417,2190591,4381182,184,60,3.000000,753,27
COO GPU,O2,2423496599.081590,2423.496599,2.423497,4381182,0.011197,2.336930,2.348127,0,10,1,1,64,-1,36417,36417,2190591,4381182,184,60,3.000000,753,27
COO GPU,O2,1172194362.445077,1172.194362,1.172194,4381182,0.014376,2.330244,2.344620,0,10,1,1,128,-1,36417,36417,2190591,4381182,184,60,3.000000,753,27
