Name,-O,FLOPS,MFLOPS,GFLOPS,FOP Count,Avg Run Time (s),Format Time (s),Total Time (s),Verification,Iters,Block Row,Block Col,K-Bound,Threads,Rows,Cols,NNZ,NNZ*2,Max Cols,Avg Cols,Col Ratio,Variance,Std Deviation
COO Serial Transpose,O2,845789.234845,0.845789,0.000846,4381182,5.179994,2.460755,7.640748,0,10,1,1,16,-1,36417,36417,2190591,4381182,184,60,3.000000,753,27
COO Serial Transpose,O2,841817.506267,0.841818,0.000842,4381182,5.204432,2.423407,7.627839,0,10,1,1,64,-1,36417,36417,2190591,4381182,184,60,3.000000,753,27
COO Serial Transpose,O2,837870.782217,0.837871,0.000838,4381182,5.228948,2.407066,7.636014,0,10,1,1,128,-1,36417,36417,2190591,4381182,184,60,3.000000,753,27
