Name,-O,FLOPS,MFLOPS,GFLOPS,FOP Count,Avg Run Time (s),Format Time (s),Total Time (s),Verification,Iters,Block Row,Block Col,K-Bound,Threads,Rows,Cols,NNZ,NNZ*2,Max Cols,Avg Cols,Col Ratio,Variance,Std Deviation
COO OMP Transpose,O2,2733606.804198,2.733607,0.002734,4381182,1.603297,2.446601,4.049898,0,10,1,1,16,8,36417,36417,2190591,4381182,184,60,3.000000,753,27
COO OMP Transpose,O2,2689299.568390,2.689300,0.002689,4381182,1.629629,2.438271,4.067900,0,10,1,1,64,8,36417,36417,2190591,4381182,184,60,3.000000,753,27
COO OMP Transpose,O2,2690351.538044,2.690352,0.002690,4381182,1.629015,2.449505,4.078520,0,10,1,1,128,8,36417,36417,2190591,4381182,184,60,3.000000,753,27
COO OMP Transpose,O2,5540273.551135,5.540274,0.005540,4381182,0.791414,2.428937,3.220351,0,10,1,1,16,16,36417,36417,2190591,4381182,184,60,3.000000,753,27
COO OMP Transpose,O2,5341005.936484,5.341006,0.005341,4381182,0.821451,2.423901,3.245352,0,10,1,1,64,16,36417,36417,2190591,4381182,184,60,3.000000,753,27
COO OMP Transpose,O2,5464750.311167,5.464750,0.005465,4381182,0.802444,2.429910,3.232354,0,10,1,1,128,16,36417,36417,2190591,4381182,184,60,3.000000,753,27
COO OMP Transpose,O2,10515624.884759,10.515625,0.010516,4381182,0.418345,2.440765,2.859110,0,10,1,1,16,32,36417,36417,2190591,4381182,184,60,3.000000,753,27
COO OMP Transpose,O2,10375528.293129,10.375528,0.010376,4381182,0.424760,2.419048,2.843808,0,10,1,1,64,32,36417,36417,2190591,4381182,184,60,3.000000,753,27
COO OMP Transpose,O2,10331325.006860,10.331325,0.010331,4381182,0.427624,2.433942,2.861566,0,10,1,1,128,32,36417,36417,2190591,4381182,184,60,3.000000,753,27
