Name,-O,FLOPS,MFLOPS,GFLOPS,FOP Count,Avg Run Time (s),Format Time (s),Total Time (s),Verification,Iters,Block Row,Block Col,K-Bound,Threads,Rows,Cols,NNZ,NNZ*2,Max Cols,Avg Cols,Col Ratio,Variance,Std Deviation
ELL OMP Transpose,O2,2692860.429925,2.692860,0.002693,4381182,1.628046,2.616188,4.244234,0,10,1,1,16,8,36417,36417,2190591,4381182,184,60,3.000000,753,27
ELL OMP Transpose,O2,2604690.182228,2.604690,0.002605,4381182,1.682338,2.605924,4.288262,0,10,1,1,64,8,36417,36417,2190591,4381182,184,60,3.000000,753,27
ELL OMP Transpose,O2,2458422.199873,2.458422,0.002458,4381182,1.782436,2.618729,4.401165,0,10,1,1,128,8,36417,36417,2190591,4381182,184,60,3.000000,753,27
ELL OMP Transpose,O2,5450590.535146,5.450591,0.005451,4381182,0.804660,2.611938,3.416598,0,10,1,1,16,16,36417,36417,2190591,4381182,184,60,3.000000,753,27
ELL OMP Transpose,O2,5041504.975738,5.041505,0.005042,4381182,0.869573,2.609715,3.479288,0,10,1,1,64,16,36417,36417,2190591,4381182,184,60,3.000000,753,27
ELL OMP Transpose,O2,4830661.763533,4.830662,0.004831,4381182,0.907436,2.627792,3.535228,0,10,1,1,128,16,36417,36417,2190591,4381182,184,60,3.000000,753,27
ELL OMP Transpose,O2,10044319.201834,10.044319,0.010044,4381182,0.439680,2.654110,3.093790,0,10,1,1,16,32,36417,36417,2190591,4381182,184,60,3.000000,753,27
ELL OMP Transpose,O2,9429720.299412,9.429720,0.009430,4381182,0.466432,2.607955,3.074387,0,10,1,1,64,32,36417,36417,2190591,4381182,184,60,3.000000,753,27
ELL OMP Transpose,O2,8529198.976918,8.529199,0.008529,4381182,0.517804,2.615036,3.132840,0,10,1,1,128,32,36417,36417,2190591,4381182,184,60,3.000000,753,27
