Name,-O,FLOPS,MFLOPS,GFLOPS,FOP Count,Avg Run Time (s),Format Time (s),Total Time (s),Verification,Iters,Block Row,Block Col,K-Bound,Threads,Rows,Cols,NNZ,NNZ*2,Max Cols,Avg Cols,Col Ratio,Variance,Std Deviation
COO OMP,O2,7893317810.569654,7893.317811,7.893318,70098912,0.009803,7.029655,7.039458,0,10,1,1,16,8,36417,36417,2190591,4381182,184,60,3.000000,753,27
COO OMP,O2,21128028431.384693,21128.028431,21.128028,280395648,0.015280,7.010137,7.025417,0,10,1,1,64,8,36417,36417,2190591,4381182,184,60,3.000000,753,27
COO OMP,O2,37472489040.980087,37472.489041,37.472489,560791296,0.018599,7.097614,7.116213,0,10,1,1,128,8,36417,36417,2190591,4381182,184,60,3.000000,753,27
COO OMP,O2,10923338073.675913,10923.338074,10.923338,70098912,0.007114,7.053996,7.061110,0,10,1,1,16,16,36417,36417,2190591,4381182,184,60,3.000000,753,27
COO OMP,O2,28763472881.416180,28763.472881,28.763473,280395648,0.010370,7.000787,7.011157,0,10,1,1,64,16,36417,36417,2190591,4381182,184,60,3.000000,753,27
COO OMP,O2,40986199331.677048,40986.199332,40.986199,560791296,0.016026,7.053419,7.069445,0,10,1,1,128,16,36417,36417,2190591,4381182,184,60,3.000000,753,27
COO OMP,O2,11736532933.553596,11736.532934,11.736533,70098912,0.006592,7.049218,7.055810,0,10,1,1,16,32,36417,36417,2190591,4381182,184,60,3.000000,753,27
COO OMP,O2,41221484506.340157,41221.484506,41.221485,280395648,0.010288,7.022504,7.032792,0,10,1,1,64,32,36417,36417,2190591,4381182,184,60,3.000000,753,27
COO OMP,O2,52739094761.962967,52739.094762,52.739095,560791296,0.011269,7.099278,7.110547,0,10,1,1,128,32,36417,36417,2190591,4381182,184,60,3.000000,753,27
