Name,-O,FLOPS,MFLOPS,GFLOPS,FOP Count,Avg Run Time (s),Format Time (s),Total Time (s),Verification,Iters,Block Row,Block Col,K-Bound,Threads,Rows,Cols,NNZ,NNZ*2,Max Cols,Avg Cols,Col Ratio,Variance,Std Deviation
COO THREADS,O2,739055553.981486,739.055554,0.739056,4381182,0.014564,7.156571,7.171135,0,5,1,1,16,8,36417,36417,2190591,4381182,184,60,3.000000,753,27
COO THREADS,O2,470543547.128474,470.543547,0.470544,4381182,0.009608,7.249409,7.259017,0,5,1,1,64,64,36417,36417,2190591,4381182,184,60,3.000000,753,27
COO THREADS,O2,467262129.315308,467.262129,0.467262,4381182,0.012118,7.201597,7.213715,0,5,1,1,128,48,36417,36417,2190591,4381182,184,60,3.000000,753,27
