Name,-O,FLOPS,MFLOPS,GFLOPS,FOP Count,Avg Run Time (s),Format Time (s),Total Time (s),Verification,Iters,Block Row,Block Col,K-Bound,Threads,Rows,Cols,NNZ,NNZ*2,Max Cols,Avg Cols,Col Ratio,Variance,Std Deviation
ELL OMP,O2,5105748636.108171,5105.748636,5.105749,75968032,0.015997,11.497469,11.513466,0,10,1,1,16,8,46835,46835,2374001,4748002,145,50,2.000000,772,27
ELL OMP,O2,12429012000.358921,12429.012000,12.429012,303872128,0.026368,11.425820,11.452188,0,10,1,1,64,8,46835,46835,2374001,4748002,145,50,2.000000,772,27
ELL OMP,O2,15561738543.798590,15561.738544,15.561739,607744256,0.044762,11.444966,11.489728,0,10,1,1,128,8,46835,46835,2374001,4748002,145,50,2.000000,772,27
ELL OMP,O2,6655928310.623381,6655.928311,6.655928,75968032,0.012218,11.523955,11.536173,0,10,1,1,16,16,46835,46835,2374001,4748002,145,50,2.000000,772,27
ELL OMP,O2,19704605157.971466,19704.605158,19.704605,303872128,0.015960,11.435612,11.451572,0,10,1,1,64,16,46835,46835,2374001,4748002,145,50,2.000000,772,27
ELL OMP,O2,27274708655.136013,27274.708655,27.274709,607744256,0.023017,11.435488,11.458505,0,10,1,1,128,16,46835,46835,2374001,4748002,145,50,2.000000,772,27
ELL OMP,O2,13302681216.923138,13302.681217,13.302681,75968032,0.007199,11.414306,11.421505,0,10,1,1,16,32,46835,46835,2374001,4748002,145,50,2.000000,772,27
ELL OMP,O2,8986463042.566471,8986.463043,8.986463,303872128,0.034399,11.460002,11.494401,0,10,1,1,64,32,46835,46835,2374001,4748002,145,50,2.000000,772,27
ELL OMP,O2,34521171715.748581,34521.171716,34.521172,607744256,0.019251,11.490919,11.510169,0,10,1,1,128,32,46835,46835,2374001,4748002,145,50,2.000000,772,27
