Name,-O,FLOPS,MFLOPS,GFLOPS,FOP Count,Avg Run Time (s),Format Time (s),Total Time (s),Verification,Iters,Block Row,Block Col,K-Bound,Threads,Rows,Cols,NNZ,NNZ*2,Max Cols,Avg Cols,Col Ratio,Variance,Std Deviation
CSR GPU Transpose,O2,494320.403592,0.494320,0.000494,4748002,9.605329,3.432193,13.037522,0,10,1,1,16,-1,46835,46835,2374001,4748002,145,50,2.000000,772,27
CSR GPU Transpose,O2,491536.338044,0.491536,0.000492,4748002,9.659756,3.404822,13.064578,0,10,1,1,64,-1,46835,46835,2374001,4748002,145,50,2.000000,772,27
CSR GPU Transpose,O2,502454.707247,0.502455,0.000502,4748002,9.451321,3.453506,12.904827,0,10,1,1,128,-1,46835,46835,2374001,4748002,145,50,2.000000,772,27
