Name,-O,FLOPS,MFLOPS,GFLOPS,FOP Count,Avg Run Time (s),Format Time (s),Total Time (s),Verification,Iters,Block Row,Block Col,K-Bound,Threads,Rows,Cols,NNZ,NNZ*2,Max Cols,Avg Cols,Col Ratio,Variance,Std Deviation
ELL THREADS,O2,507700356.304555,507.700356,0.507700,4748002,0.021633,3.677253,3.698886,0,5,1,1,16,16,46835,46835,2374001,4748002,145,50,2.000000,772,27
ELL THREADS,O2,243287073.743781,243.287074,0.243287,4748002,0.024140,3.710443,3.734583,0,5,1,1,64,72,46835,46835,2374001,4748002,145,50,2.000000,772,27
ELL THREADS,O2,88602646.807348,88.602647,0.088603,4748002,0.053689,3.703380,3.757069,0,5,1,1,128,72,46835,46835,2374001,4748002,145,50,2.000000,772,27
