Name,-O,FLOPS,MFLOPS,GFLOPS,FOP Count,Avg Run Time (s),Format Time (s),Total Time (s),Verification,Iters,Block Row,Block Col,K-Bound,Threads,Rows,Cols,NNZ,NNZ*2,Max Cols,Avg Cols,Col Ratio,Variance,Std Deviation
BCSR THREADS,O2,594329188.555414,594.329189,0.594329,4748002,0.018906,3.596306,3.615212,6112,5,2,2,16,16,46835,46835,2374001,4748002,145,50,2.000000,772,27
BCSR THREADS,O2,451976925.158757,451.976925,0.451977,4748002,0.022826,3.620347,3.643173,6112,5,4,4,16,16,46835,46835,2374001,4748002,145,50,2.000000,772,27
BCSR THREADS,O2,217974809.730711,217.974810,0.217975,4748002,0.022451,3.725871,3.748322,6112,5,16,16,16,72,46835,46835,2374001,4748002,145,50,2.000000,772,27
BCSR THREADS,O2,242117604.637750,242.117605,0.242118,4748002,0.031212,3.600356,3.631568,24448,5,2,2,64,16,46835,46835,2374001,4748002,145,50,2.000000,772,27
BCSR THREADS,O2,181254737.274935,181.254737,0.181255,4748002,0.029978,3.625236,3.655214,24448,5,4,4,64,72,46835,46835,2374001,4748002,145,50,2.000000,772,27
BCSR THREADS,O2,94284453.516433,94.284454,0.094284,4748002,0.054707,3.723428,3.778135,24448,5,16,16,64,48,46835,46835,2374001,4748002,145,50,2.000000,772,27
BCSR THREADS,O2,149229273.859738,149.229274,0.149229,4748002,0.032814,3.600159,3.632973,48896,5,2,2,128,72,46835,46835,2374001,4748002,145,50,2.000000,772,27
BCSR THREADS,O2,105061584.443255,105.061584,0.105062,4748002,0.046294,3.622530,3.668824,48896,5,4,4,128,64,46835,46835,2374001,4748002,145,50,2.000000,772,27
BCSR THREADS,O2,62330936.216594,62.330936,0.062331,4748002,0.076916,3.783982,3.860898,48896,5,16,16,128,72,46835,46835,2374001,4748002,145,50,2.000000,772,27
