,Name,-O,FLOPS,MFLOPS,GFLOPS,FOP Count,Avg Run Time (s),Format Time (s),Total Time (s),Verification,Iters,Block Row,Block Col,K-Bound,Threads,Rows,Cols,NNZ,NNZ*2,Max Cols,Avg Cols,Col Ratio,Variance,Std Deviation
0,BCSR Serial,O2,2172153547.48,2172.153547,2.172154,75968032,0.034974,11.292476,11.32745,6112,10,4,4,16,-1,46835,46835,2374001,4748002,145,50,2.0,772,27
1,BCSR Serial,O2,4746887624.896016,4746.887625,4.746888,303872128,0.06403,11.447869,11.511899,24448,10,4,4,64,-1,46835,46835,2374001,4748002,145,50,2.0,772,27
2,BCSR Serial,O2,5830078296.057378,5830.078296,5.830078,607744256,0.104243,11.295492,11.399735,48896,10,4,4,128,-1,46835,46835,2374001,4748002,145,50,2.0,772,27
3,BCSR Serial,O2,2503273043.335229,2503.273043,2.503273,75968032,0.030348,11.235334,11.265682,6112,10,2,2,16,-1,46835,46835,2374001,4748002,145,50,2.0,772,27
4,BCSR Serial,O2,887646544.612121,887.646545,0.887647,75968032,0.085602,11.381984,11.467586,6112,10,16,16,16,-1,46835,46835,2374001,4748002,145,50,2.0,772,27
5,BCSR Serial,O2,6075317291.545508,6075.317292,6.075317,303872128,0.050087,11.256024,11.306111,24448,10,2,2,64,-1,46835,46835,2374001,4748002,145,50,2.0,772,27
6,BCSR Serial,O2,2112563809.280068,2112.563809,2.112564,303872128,0.143854,11.406798,11.550652,24448,10,16,16,64,-1,46835,46835,2374001,4748002,145,50,2.0,772,27
7,BCSR Serial,O2,7476559592.843643,7476.559593,7.47656,607744256,0.081301,11.242279,11.323579,48896,10,2,2,128,-1,46835,46835,2374001,4748002,145,50,2.0,772,27
8,BCSR Serial,O2,2348536941.919031,2348.536942,2.348537,607744256,0.258782,11.405508,11.66429,48896,10,16,16,128,-1,46835,46835,2374001,4748002,145,50,2.0,772,27
