Name,-O,FLOPS,MFLOPS,GFLOPS,FOP Count,Avg Run Time (s),Format Time (s),Total Time (s),Verification,Iters,Block Row,Block Col,K-Bound,Threads,Rows,Cols,NNZ,NNZ*2,Max Cols,Avg Cols,Col Ratio,Variance,Std Deviation
ELL GPU,O2,213991200.328111,213.991200,0.213991,4748002,0.028185,3.781034,3.809219,0,10,1,1,16,-1,46835,46835,2374001,4748002,145,50,2.000000,772,27
ELL GPU,O2,159458635.551109,159.458636,0.159459,4748002,0.036362,3.722065,3.758427,0,10,1,1,64,-1,46835,46835,2374001,4748002,145,50,2.000000,772,27
ELL GPU,O2,96540455.453377,96.540455,0.096540,4748002,0.055783,3.718342,3.774125,0,10,1,1,128,-1,46835,46835,2374001,4748002,145,50,2.000000,772,27
