Name,-O,FLOPS,MFLOPS,GFLOPS,FOP Count,Avg Run Time (s),Format Time (s),Total Time (s),Verification,Iters,Block Row,Block Col,K-Bound,Threads,Rows,Cols,NNZ,NNZ*2,Max Cols,Avg Cols,Col Ratio,Variance,Std Deviation
COO OMP,O2,10676640169.515242,10676.640170,10.676640,75968032,0.013190,3.291501,3.304691,0,10,1,1,16,8,46835,46835,2374001,4748002,145,50,2.000000,772,27
COO OMP,O2,19212985745.714462,19212.985746,19.212986,303872128,0.023024,3.337702,3.360726,0,10,1,1,64,8,46835,46835,2374001,4748002,145,50,2.000000,772,27
COO OMP,O2,13668728778.505127,13668.728779,13.668729,607744256,0.050577,3.288971,3.339548,0,10,1,1,128,8,46835,46835,2374001,4748002,145,50,2.000000,772,27
COO OMP,O2,20360574550.054489,20360.574550,20.360575,75968032,0.009531,3.316582,3.326114,0,10,1,1,16,16,46835,46835,2374001,4748002,145,50,2.000000,772,27
COO OMP,O2,29394960125.087013,29394.960125,29.394960,303872128,0.016930,3.330390,3.347320,0,10,1,1,64,16,46835,46835,2374001,4748002,145,50,2.000000,772,27
COO OMP,O2,30626434537.602638,30626.434538,30.626435,607744256,0.029085,3.337999,3.367084,0,10,1,1,128,16,46835,46835,2374001,4748002,145,50,2.000000,772,27
COO OMP,O2,5929242425.500544,5929.242426,5.929242,75968032,0.018822,3.323780,3.342603,0,10,1,1,16,32,46835,46835,2374001,4748002,145,50,2.000000,772,27
COO OMP,O2,11343865477.291590,11343.865477,11.343865,303872128,0.030820,3.337179,3.367999,0,10,1,1,64,32,46835,46835,2374001,4748002,145,50,2.000000,772,27
COO OMP,O2,13682999260.932613,13682.999261,13.682999,607744256,0.045575,3.327560,3.373135,0,10,1,1,128,32,46835,46835,2374001,4748002,145,50,2.000000,772,27
