Name,-O,FLOPS,MFLOPS,GFLOPS,FOP Count,Avg Run Time (s),Format Time (s),Total Time (s),Verification,Iters,Block Row,Block Col,K-Bound,Threads,Rows,Cols,NNZ,NNZ*2,Max Cols,Avg Cols,Col Ratio,Variance,Std Deviation
COO Serial Transpose,O2,490549.290906,0.490549,0.000491,4748002,9.678961,3.539606,13.218567,0,10,1,1,16,-1,46835,46835,2374001,4748002,145,50,2.000000,772,27
COO Serial Transpose,O2,482056.498501,0.482056,0.000482,4748002,9.849477,3.492983,13.342460,0,10,1,1,64,-1,46835,46835,2374001,4748002,145,50,2.000000,772,27
COO Serial Transpose,O2,479702.474591,0.479702,0.000480,4748002,9.897810,3.482687,13.380497,0,10,1,1,128,-1,46835,46835,2374001,4748002,145,50,2.000000,772,27
