Name,-O,FLOPS,MFLOPS,GFLOPS,FOP Count,Avg Run Time (s),Format Time (s),Total Time (s),Verification,Iters,Block Row,Block Col,K-Bound,Threads,Rows,Cols,NNZ,NNZ*2,Max Cols,Avg Cols,Col Ratio,Variance,Std Deviation
BCSR Serial Transpose,O2,495982.741294,0.495983,0.000496,4748002,9.572921,3.606017,13.178938,6112,10,2,2,16,-1,46835,46835,2374001,4748002,145,50,2.000000,772,27
BCSR Serial Transpose,O2,505030.652290,0.505031,0.000505,4748002,9.401414,3.641118,13.042532,6112,10,4,4,16,-1,46835,46835,2374001,4748002,145,50,2.000000,772,27
BCSR Serial Transpose,O2,492803.095627,0.492803,0.000493,4748002,9.634684,3.786874,13.421558,6112,10,16,16,16,-1,46835,46835,2374001,4748002,145,50,2.000000,772,27
BCSR Serial Transpose,O2,500070.093854,0.500070,0.000500,4748002,9.494678,3.626651,13.121329,24448,10,2,2,64,-1,46835,46835,2374001,4748002,145,50,2.000000,772,27
BCSR Serial Transpose,O2,497673.986650,0.497674,0.000498,4748002,9.540387,3.669553,13.209940,24448,10,4,4,64,-1,46835,46835,2374001,4748002,145,50,2.000000,772,27
BCSR Serial Transpose,O2,490223.176509,0.490223,0.000490,4748002,9.685393,3.768149,13.453542,24448,10,16,16,64,-1,46835,46835,2374001,4748002,145,50,2.000000,772,27
BCSR Serial Transpose,O2,492719.498948,0.492719,0.000493,4748002,9.636319,3.661238,13.297557,48896,10,2,2,128,-1,46835,46835,2374001,4748002,145,50,2.000000,772,27
BCSR Serial Transpose,O2,488451.136964,0.488451,0.000488,4748002,9.720527,3.672520,13.393047,48896,10,4,4,128,-1,46835,46835,2374001,4748002,145,50,2.000000,772,27
BCSR Serial Transpose,O2,472628.085866,0.472628,0.000473,4748002,10.045959,3.781212,13.827172,48896,10,16,16,128,-1,46835,46835,2374001,4748002,145,50,2.000000,772,27
