Name,-O,FLOPS,MFLOPS,GFLOPS,FOP Count,Avg Run Time (s),Format Time (s),Total Time (s),Verification,Iters,Block Row,Block Col,K-Bound,Threads,Rows,Cols,NNZ,NNZ*2,Max Cols,Avg Cols,Col Ratio,Variance,Std Deviation
CSR Serial,O2,221790452.322109,221.790452,0.221790,4748002,0.021414,3.382228,3.403642,0,10,1,1,16,-1,46835,46835,2374001,4748002,145,50,2.000000,772,27
CSR Serial,O2,78443349.426633,78.443349,0.078443,4748002,0.060538,3.420960,3.481499,0,10,1,1,64,-1,46835,46835,2374001,4748002,145,50,2.000000,772,27
CSR Serial,O2,41317472.716536,41.317473,0.041317,4748002,0.114927,3.352953,3.467880,0,10,1,1,128,-1,46835,46835,2374001,4748002,145,50,2.000000,772,27
