Name,-O,FLOPS,MFLOPS,GFLOPS,FOP Count,Avg Run Time (s),Format Time (s),Total Time (s),Verification,Iters,Block Row,Block Col,K-Bound,Threads,Rows,Cols,NNZ,NNZ*2,Max Cols,Avg Cols,Col Ratio,Variance,Std Deviation
CSR Serial Transpose,O2,507306.451560,0.507306,0.000507,4748002,9.359245,3.386278,12.745523,0,10,1,1,16,-1,46835,46835,2374001,4748002,145,50,2.000000,772,27
CSR Serial Transpose,O2,493614.555034,0.493615,0.000494,4748002,9.618846,3.401931,13.020777,0,10,1,1,64,-1,46835,46835,2374001,4748002,145,50,2.000000,772,27
CSR Serial Transpose,O2,498505.088357,0.498505,0.000499,4748002,9.524483,3.384508,12.908991,0,10,1,1,128,-1,46835,46835,2374001,4748002,145,50,2.000000,772,27
