Name,-O,FLOPS,MFLOPS,GFLOPS,FOP Count,Avg Run Time (s),Format Time (s),Total Time (s),Verification,Iters,Block Row,Block Col,K-Bound,Threads,Rows,Cols,NNZ,NNZ*2,Max Cols,Avg Cols,Col Ratio,Variance,Std Deviation
COO GPU,O2,530707233.507672,530.707234,0.530707,4748002,0.018579,3.329318,3.347897,0,10,1,1,16,-1,46835,46835,2374001,4748002,145,50,2.000000,772,27
COO GPU,O2,249485092.179773,249.485092,0.249485,4748002,0.025929,3.386384,3.412313,0,10,1,1,64,-1,46835,46835,2374001,4748002,145,50,2.000000,772,27
COO GPU,O2,148310871.975668,148.310872,0.148311,4748002,0.037303,3.344415,3.381718,0,10,1,1,128,-1,46835,46835,2374001,4748002,145,50,2.000000,772,27
