Name,-O,FLOPS,MFLOPS,GFLOPS,FOP Count,Avg Run Time (s),Format Time (s),Total Time (s),Verification,Iters,Block Row,Block Col,K-Bound,Threads,Rows,Cols,NNZ,NNZ*2,Max Cols,Avg Cols,Col Ratio,Variance,Std Deviation
CSR Serial,O2,2727486323.705055,2727.486324,2.727486,75968032,0.027853,10.989802,11.017655,0,10,1,1,16,-1,46835,46835,2374001,4748002,145,50,2.000000,772,27
CSR Serial,O2,7174865245.001157,7174.865245,7.174865,303872128,0.042358,11.040094,11.082452,0,10,1,1,64,-1,46835,46835,2374001,4748002,145,50,2.000000,772,27
CSR Serial,O2,8851290077.383793,8851.290077,8.851290,607744256,0.068673,11.021622,11.090295,0,10,1,1,128,-1,46835,46835,2374001,4748002,145,50,2.000000,772,27
