Name,-O,FLOPS,MFLOPS,GFLOPS,FOP Count,Avg Run Time (s),Format Time (s),Total Time (s),Verification,Iters,Block Row,Block Col,K-Bound,Threads,Rows,Cols,NNZ,NNZ*2,Max Cols,Avg Cols,Col Ratio,Variance,Std Deviation
CSR GPU,O2,632901.058866,0.632901,0.000633,4748002,7.987723,11.010763,18.998486,0,10,1,1,16,-1,46835,46835,2374001,4748002,145,50,2.000000,772,27
CSR GPU,O2,996889.802724,0.996890,0.000997,4748002,4.782599,10.975164,15.757763,0,10,1,1,64,-1,46835,46835,2374001,4748002,145,50,2.000000,772,27
CSR GPU,O2,1089112.925982,1.089113,0.001089,4748002,4.423862,10.878185,15.302047,0,10,1,1,128,-1,46835,46835,2374001,4748002,145,50,2.000000,772,27
