Name,-O,FLOPS,MFLOPS,GFLOPS,FOP Count,Avg Run Time (s),Format Time (s),Total Time (s),Verification,Iters,Block Row,Block Col,K-Bound,Threads,Rows,Cols,NNZ,NNZ*2,Max Cols,Avg Cols,Col Ratio,Variance,Std Deviation
ELL OMP Transpose,O2,1663622.164747,1.663622,0.001664,4748002,2.854478,3.739354,6.593832,0,10,1,1,16,8,46835,46835,2374001,4748002,145,50,2.000000,772,27
ELL OMP Transpose,O2,1590991.984836,1.590992,0.001591,4748002,2.984447,3.702071,6.686518,0,10,1,1,64,8,46835,46835,2374001,4748002,145,50,2.000000,772,27
ELL OMP Transpose,O2,1553935.299831,1.553935,0.001554,4748002,3.056911,3.672184,6.729095,0,10,1,1,128,8,46835,46835,2374001,4748002,145,50,2.000000,772,27
ELL OMP Transpose,O2,3001568.140113,3.001568,0.003002,4748002,1.584534,3.676268,5.260802,0,10,1,1,16,16,46835,46835,2374001,4748002,145,50,2.000000,772,27
ELL OMP Transpose,O2,2913159.057083,2.913159,0.002913,4748002,1.630916,3.673720,5.304636,0,10,1,1,64,16,46835,46835,2374001,4748002,145,50,2.000000,772,27
ELL OMP Transpose,O2,2905678.290042,2.905678,0.002906,4748002,1.635286,3.668433,5.303719,0,10,1,1,128,16,46835,46835,2374001,4748002,145,50,2.000000,772,27
ELL OMP Transpose,O2,5647825.072023,5.647825,0.005648,4748002,0.841948,3.672367,4.514316,0,10,1,1,16,32,46835,46835,2374001,4748002,145,50,2.000000,772,27
ELL OMP Transpose,O2,5687641.075849,5.687641,0.005688,4748002,0.835177,3.677744,4.512922,0,10,1,1,64,32,46835,46835,2374001,4748002,145,50,2.000000,772,27
ELL OMP Transpose,O2,5314247.868473,5.314248,0.005314,4748002,0.894365,3.727813,4.622178,0,10,1,1,128,32,46835,46835,2374001,4748002,145,50,2.000000,772,27
