Name,-O,FLOPS,MFLOPS,GFLOPS,FOP Count,Avg Run Time (s),Format Time (s),Total Time (s),Verification,Iters,Block Row,Block Col,K-Bound,Threads,Rows,Cols,NNZ,NNZ*2,Max Cols,Avg Cols,Col Ratio,Variance,Std Deviation
CSR OMP,O2,392566940.626260,392.566941,0.392567,4748002,0.012649,24.540058,24.552707,0,10,1,1,16,8,46835,46835,2374001,4748002,145,50,2.000000,772,27
CSR OMP,O2,196274392.804668,196.274393,0.196274,4748002,0.025795,24.657101,24.682896,0,10,1,1,64,8,46835,46835,2374001,4748002,145,50,2.000000,772,27
CSR OMP,O2,164181137.142277,164.181137,0.164181,4748002,0.029072,24.966971,24.996043,0,10,1,1,128,8,46835,46835,2374001,4748002,145,50,2.000000,772,27
CSR OMP,O2,517600058.123474,517.600058,0.517600,4748002,0.009889,24.501219,24.511108,0,10,1,1,16,16,46835,46835,2374001,4748002,145,50,2.000000,772,27
CSR OMP,O2,221908206.196812,221.908206,0.221908,4748002,0.024555,24.872424,24.896979,0,10,1,1,64,16,46835,46835,2374001,4748002,145,50,2.000000,772,27
CSR OMP,O2,230977391.889728,230.977392,0.230977,4748002,0.020651,25.284062,25.304713,0,10,1,1,128,16,46835,46835,2374001,4748002,145,50,2.000000,772,27
CSR OMP,O2,443255777.480850,443.255777,0.443256,4748002,0.012941,24.639814,24.652755,0,10,1,1,16,32,46835,46835,2374001,4748002,145,50,2.000000,772,27
CSR OMP,O2,265338273.961258,265.338274,0.265338,4748002,0.019209,23.641264,23.660473,0,10,1,1,64,32,46835,46835,2374001,4748002,145,50,2.000000,772,27
CSR OMP,O2,227555542.743251,227.555543,0.227556,4748002,0.027407,24.393543,24.420950,0,10,1,1,128,32,46835,46835,2374001,4748002,145,50,2.000000,772,27
