Name,-O,FLOPS,MFLOPS,GFLOPS,FOP Count,Avg Run Time (s),Format Time (s),Total Time (s),Verification,Iters,Block Row,Block Col,K-Bound,Threads,Rows,Cols,NNZ,NNZ*2,Max Cols,Avg Cols,Col Ratio,Variance,Std Deviation
CSR OMP,O2,34067720.495134,34.067720,0.034068,409600,0.032595,70.824956,70.857551,0,10,1,1,16,8,81920,81920,204800,409600,4,2,2.000000,0,0
CSR OMP,O2,20243857.114543,20.243857,0.020244,409600,0.043710,73.314456,73.358166,0,10,1,1,64,8,81920,81920,204800,409600,4,2,2.000000,0,0
CSR OMP,O2,16116088.151899,16.116088,0.016116,409600,0.039575,73.662320,73.701895,0,10,1,1,128,8,81920,81920,204800,409600,4,2,2.000000,0,0
CSR OMP,O2,23186084.309583,23.186084,0.023186,409600,0.021225,70.638899,70.660124,0,10,1,1,16,16,81920,81920,204800,409600,4,2,2.000000,0,0
CSR OMP,O2,30900961.203804,30.900961,0.030901,409600,0.021519,70.738488,70.760007,0,10,1,1,64,16,81920,81920,204800,409600,4,2,2.000000,0,0
CSR OMP,O2,14493035.009440,14.493035,0.014493,409600,0.036775,73.389733,73.426508,0,10,1,1,128,16,81920,81920,204800,409600,4,2,2.000000,0,0
CSR OMP,O2,13851114.127552,13.851114,0.013851,409600,0.036870,73.215114,73.251984,0,10,1,1,16,32,81920,81920,204800,409600,4,2,2.000000,0,0
CSR OMP,O2,19640570.809385,19.640571,0.019641,409600,0.029691,72.660493,72.690184,0,10,1,1,64,32,81920,81920,204800,409600,4,2,2.000000,0,0
CSR OMP,O2,12411867.433424,12.411867,0.012412,409600,0.039252,69.927765,69.967018,0,10,1,1,128,32,81920,81920,204800,409600,4,2,2.000000,0,0
