Name,-O,FLOPS,MFLOPS,GFLOPS,FOP Count,Avg Run Time (s),Format Time (s),Total Time (s),Verification,Iters,Block Row,Block Col,K-Bound,Threads,Rows,Cols,NNZ,NNZ*2,Max Cols,Avg Cols,Col Ratio,Variance,Std Deviation
CSR GPU,O2,46980879.302338,46.980879,0.046981,409600,0.015279,7.970563,7.985842,0,10,1,1,16,-1,81920,81920,204800,409600,4,2,2.000000,0,0
CSR GPU,O2,30459045.825520,30.459046,0.030459,409600,0.019582,7.944168,7.963750,0,10,1,1,64,-1,81920,81920,204800,409600,4,2,2.000000,0,0
CSR GPU,O2,28065442.517800,28.065443,0.028065,409600,0.019978,8.191958,8.211936,0,10,1,1,128,-1,81920,81920,204800,409600,4,2,2.000000,0,0
