Name,-O,FLOPS,MFLOPS,GFLOPS,FOP Count,Avg Run Time (s),Format Time (s),Total Time (s),Verification,Iters,Block Row,Block Col,K-Bound,Threads,Rows,Cols,NNZ,NNZ*2,Max Cols,Avg Cols,Col Ratio,Variance,Std Deviation
CSR OMP,O2,284982864.428483,284.982864,0.284983,6553600,0.071865,32.869602,32.941467,0,10,1,1,16,8,81920,81920,204800,409600,4,2,2.000000,0,0
CSR OMP,O2,593023520.542991,593.023521,0.593024,26214400,0.065445,32.934775,33.000220,0,10,1,1,64,8,81920,81920,204800,409600,4,2,2.000000,0,0
CSR OMP,O2,1540304698.911861,1540.304699,1.540305,52428800,0.055064,33.173156,33.228220,0,10,1,1,128,8,81920,81920,204800,409600,4,2,2.000000,0,0
CSR OMP,O2,471819187.478194,471.819187,0.471819,6553600,0.053271,32.838931,32.892202,0,10,1,1,16,16,81920,81920,204800,409600,4,2,2.000000,0,0
CSR OMP,O2,993530412.803253,993.530413,0.993530,26214400,0.048193,32.980574,33.028767,0,10,1,1,64,16,81920,81920,204800,409600,4,2,2.000000,0,0
CSR OMP,O2,1191793403.234472,1191.793403,1.191793,52428800,0.055695,33.083339,33.139034,0,10,1,1,128,16,81920,81920,204800,409600,4,2,2.000000,0,0
CSR OMP,O2,413576055.065658,413.576055,0.413576,6553600,0.048909,32.933820,32.982729,0,10,1,1,16,32,81920,81920,204800,409600,4,2,2.000000,0,0
CSR OMP,O2,986286192.616009,986.286193,0.986286,26214400,0.044105,32.973891,33.017996,0,10,1,1,64,32,81920,81920,204800,409600,4,2,2.000000,0,0
CSR OMP,O2,1350641827.055547,1350.641827,1.350642,52428800,0.048107,33.007336,33.055443,0,10,1,1,128,32,81920,81920,204800,409600,4,2,2.000000,0,0
