Name,-O,FLOPS,MFLOPS,GFLOPS,FOP Count,Avg Run Time (s),Format Time (s),Total Time (s),Verification,Iters,Block Row,Block Col,K-Bound,Threads,Rows,Cols,NNZ,NNZ*2,Max Cols,Avg Cols,Col Ratio,Variance,Std Deviation
BCSR Serial Transpose,O2,11056.561097,0.011057,0.000011,409600,37.045886,8.087808,45.133694,0,10,2,2,16,-1,81920,81920,204800,409600,4,2,2.000000,0,0
BCSR Serial Transpose,O2,11017.204391,0.011017,0.000011,409600,37.178221,8.142890,45.321110,0,10,4,4,16,-1,81920,81920,204800,409600,4,2,2.000000,0,0
BCSR Serial Transpose,O2,10935.515196,0.010936,0.000011,409600,37.455948,8.031160,45.487108,0,10,16,16,16,-1,81920,81920,204800,409600,4,2,2.000000,0,0
BCSR Serial Transpose,O2,10895.015185,0.010895,0.000011,409600,37.595299,7.952592,45.547891,0,10,2,2,64,-1,81920,81920,204800,409600,4,2,2.000000,0,0
BCSR Serial Transpose,O2,10621.164693,0.010621,0.000011,409600,38.564512,8.029336,46.593848,0,10,4,4,64,-1,81920,81920,204800,409600,4,2,2.000000,0,0
BCSR Serial Transpose,O2,10530.776033,0.010531,0.000011,409600,38.895522,8.000999,46.896521,0,10,16,16,64,-1,81920,81920,204800,409600,4,2,2.000000,0,0
BCSR Serial Transpose,O2,10628.405880,0.010628,0.000011,409600,38.538236,8.082076,46.620313,0,10,2,2,128,-1,81920,81920,204800,409600,4,2,2.000000,0,0
BCSR Serial Transpose,O2,10583.350860,0.010583,0.000011,409600,38.702301,7.996417,46.698718,0,10,4,4,128,-1,81920,81920,204800,409600,4,2,2.000000,0,0
BCSR Serial Transpose,O2,10518.430022,0.010518,0.000011,409600,38.941192,8.101933,47.043125,0,10,16,16,128,-1,81920,81920,204800,409600,4,2,2.000000,0,0
