Name,-O,FLOPS,MFLOPS,GFLOPS,FOP Count,Avg Run Time (s),Format Time (s),Total Time (s),Verification,Iters,Block Row,Block Col,K-Bound,Threads,Rows,Cols,NNZ,NNZ*2,Max Cols,Avg Cols,Col Ratio,Variance,Std Deviation
ELL OMP,O2,291869932.088300,291.869932,0.291870,6553600,0.074960,32.743107,32.818067,0,10,1,1,16,8,81920,81920,204800,409600,4,2,2.000000,0,0
ELL OMP,O2,563013982.892288,563.013983,0.563014,26214400,0.067489,32.942855,33.010344,0,10,1,1,64,8,81920,81920,204800,409600,4,2,2.000000,0,0
ELL OMP,O2,2386288428.788695,2386.288429,2.386288,52428800,0.052336,33.139422,33.191758,0,10,1,1,128,8,81920,81920,204800,409600,4,2,2.000000,0,0
ELL OMP,O2,908540427.313868,908.540427,0.908540,6553600,0.036473,33.311954,33.348427,0,10,1,1,16,16,81920,81920,204800,409600,4,2,2.000000,0,0
ELL OMP,O2,1041896646.640213,1041.896647,1.041897,26214400,0.051027,33.006289,33.057316,0,10,1,1,64,16,81920,81920,204800,409600,4,2,2.000000,0,0
ELL OMP,O2,1673061891.900019,1673.061892,1.673062,52428800,0.053916,33.127467,33.181383,0,10,1,1,128,16,81920,81920,204800,409600,4,2,2.000000,0,0
ELL OMP,O2,288963158.890414,288.963159,0.288963,6553600,0.043218,32.999409,33.042627,0,10,1,1,16,32,81920,81920,204800,409600,4,2,2.000000,0,0
ELL OMP,O2,1187665729.588952,1187.665730,1.187666,26214400,0.039910,33.116189,33.156099,0,10,1,1,64,32,81920,81920,204800,409600,4,2,2.000000,0,0
ELL OMP,O2,2353218081.964383,2353.218082,2.353218,52428800,0.040767,33.109540,33.150307,0,10,1,1,128,32,81920,81920,204800,409600,4,2,2.000000,0,0
