Name,-O,FLOPS,MFLOPS,GFLOPS,FOP Count,Avg Run Time (s),Format Time (s),Total Time (s),Verification,Iters,Block Row,Block Col,K-Bound,Threads,Rows,Cols,NNZ,NNZ*2,Max Cols,Avg Cols,Col Ratio,Variance,Std Deviation
COO OMP,O2,288304815.972567,288.304816,0.288305,6553600,0.066443,32.192877,32.259320,0,10,1,1,16,8,81920,81920,204800,409600,4,2,2.000000,0,0
COO OMP,O2,829497200.749473,829.497201,0.829497,26214400,0.059195,32.085817,32.145012,0,10,1,1,64,8,81920,81920,204800,409600,4,2,2.000000,0,0
COO OMP,O2,1476767752.368384,1476.767752,1.476768,52428800,0.059300,32.036324,32.095624,0,10,1,1,128,8,81920,81920,204800,409600,4,2,2.000000,0,0
COO OMP,O2,311202661.589655,311.202662,0.311203,6553600,0.050042,32.055585,32.105627,0,10,1,1,16,16,81920,81920,204800,409600,4,2,2.000000,0,0
COO OMP,O2,1556558816.528271,1556.558817,1.556559,26214400,0.040446,32.141745,32.182191,0,10,1,1,64,16,81920,81920,204800,409600,4,2,2.000000,0,0
COO OMP,O2,2095977283.877209,2095.977284,2.095977,52428800,0.049983,32.086915,32.136898,0,10,1,1,128,16,81920,81920,204800,409600,4,2,2.000000,0,0
COO OMP,O2,392715029.509970,392.715030,0.392715,6553600,0.047184,32.071915,32.119099,0,10,1,1,16,32,81920,81920,204800,409600,4,2,2.000000,0,0
COO OMP,O2,1933763269.936056,1933.763270,1.933763,26214400,0.033460,32.169467,32.202927,0,10,1,1,64,32,81920,81920,204800,409600,4,2,2.000000,0,0
COO OMP,O2,3253382254.320737,3253.382254,3.253382,52428800,0.036636,32.239766,32.276402,0,10,1,1,128,32,81920,81920,204800,409600,4,2,2.000000,0,0
