Name,-O,FLOPS,MFLOPS,GFLOPS,FOP Count,Avg Run Time (s),Format Time (s),Total Time (s),Verification,Iters,Block Row,Block Col,K-Bound,Threads,Rows,Cols,NNZ,NNZ*2,Max Cols,Avg Cols,Col Ratio,Variance,Std Deviation
CSR THREADS,O2,103158641.725724,103.158642,0.103159,409600,0.004722,32.809512,32.814234,0,5,1,1,16,8,81920,81920,204800,409600,4,2,2.000000,0,0
CSR THREADS,O2,54458572.922964,54.458573,0.054459,409600,0.007690,32.015902,32.023592,0,5,1,1,64,16,81920,81920,204800,409600,4,2,2.000000,0,0
CSR THREADS,O2,32793121.567088,32.793122,0.032793,409600,0.012538,32.200904,32.213442,0,5,1,1,128,32,81920,81920,204800,409600,4,2,2.000000,0,0
