Name,-O,FLOPS,MFLOPS,GFLOPS,FOP Count,Avg Run Time (s),Format Time (s),Total Time (s),Verification,Iters,Block Row,Block Col,K-Bound,Threads,Rows,Cols,NNZ,NNZ*2,Max Cols,Avg Cols,Col Ratio,Variance,Std Deviation
ELL OMP,O2,34752141.407943,34.752141,0.034752,409600,0.012171,8.068826,8.080997,0,10,1,1,16,8,81920,81920,204800,409600,4,2,2.000000,0,0
ELL OMP,O2,17513838.659962,17.513839,0.017514,409600,0.024119,7.972183,7.996302,0,10,1,1,64,8,81920,81920,204800,409600,4,2,2.000000,0,0
ELL OMP,O2,17059346.480648,17.059346,0.017059,409600,0.026846,8.071326,8.098172,0,10,1,1,128,8,81920,81920,204800,409600,4,2,2.000000,0,0
ELL OMP,O2,65293623.127606,65.293623,0.065294,409600,0.007430,8.054098,8.061528,0,10,1,1,16,16,81920,81920,204800,409600,4,2,2.000000,0,0
ELL OMP,O2,24807072.093708,24.807072,0.024807,409600,0.017417,7.951894,7.969311,0,10,1,1,64,16,81920,81920,204800,409600,4,2,2.000000,0,0
ELL OMP,O2,18304983.526491,18.304984,0.018305,409600,0.023277,8.027426,8.050703,0,10,1,1,128,16,81920,81920,204800,409600,4,2,2.000000,0,0
ELL OMP,O2,69880742.617829,69.880743,0.069881,409600,0.008863,7.982760,7.991623,0,10,1,1,16,32,81920,81920,204800,409600,4,2,2.000000,0,0
ELL OMP,O2,33076091.680060,33.076092,0.033076,409600,0.014476,8.084426,8.098901,0,10,1,1,64,32,81920,81920,204800,409600,4,2,2.000000,0,0
ELL OMP,O2,24762744.894349,24.762745,0.024763,409600,0.017913,8.059943,8.077856,0,10,1,1,128,32,81920,81920,204800,409600,4,2,2.000000,0,0
