Name,-O,FLOPS,MFLOPS,GFLOPS,FOP Count,Avg Run Time (s),Format Time (s),Total Time (s),Verification,Iters,Block Row,Block Col,K-Bound,Threads,Rows,Cols,NNZ,NNZ*2,Max Cols,Avg Cols,Col Ratio,Variance,Std Deviation
BCSR GPU,O2,45031173.426052,45.031173,0.045031,409600,0.015364,8.040524,8.055888,0,10,2,2,16,-1,81920,81920,204800,409600,4,2,2.000000,0,0
BCSR GPU,O2,32549808.983662,32.549809,0.032550,409600,0.018528,8.083734,8.102262,0,10,4,4,16,-1,81920,81920,204800,409600,4,2,2.000000,0,0
BCSR GPU,O2,14171472.638952,14.171473,0.014171,409600,0.033008,8.146906,8.179914,0,10,16,16,16,-1,81920,81920,204800,409600,4,2,2.000000,0,0
BCSR GPU,O2,23507020.079427,23.507020,0.023507,409600,0.022557,8.079433,8.101990,0,10,2,2,64,-1,81920,81920,204800,409600,4,2,2.000000,0,0
BCSR GPU,O2,18065844.702268,18.065845,0.018066,409600,0.027272,8.071864,8.099136,0,10,4,4,64,-1,81920,81920,204800,409600,4,2,2.000000,0,0
BCSR GPU,O2,10193811.500953,10.193812,0.010194,409600,0.043632,8.098077,8.141709,0,10,16,16,64,-1,81920,81920,204800,409600,4,2,2.000000,0,0
BCSR GPU,O2,17733619.421816,17.733619,0.017734,409600,0.028487,8.097948,8.126435,0,10,2,2,128,-1,81920,81920,204800,409600,4,2,2.000000,0,0
BCSR GPU,O2,14253822.080800,14.253822,0.014254,409600,0.032969,8.122028,8.154997,0,10,4,4,128,-1,81920,81920,204800,409600,4,2,2.000000,0,0
BCSR GPU,O2,8661868.994353,8.661869,0.008662,409600,0.050808,8.152826,8.203634,0,10,16,16,128,-1,81920,81920,204800,409600,4,2,2.000000,0,0
