Name,-O,FLOPS,MFLOPS,GFLOPS,FOP Count,Avg Run Time (s),Format Time (s),Total Time (s),Verification,Iters,Block Row,Block Col,K-Bound,Threads,Rows,Cols,NNZ,NNZ*2,Max Cols,Avg Cols,Col Ratio,Variance,Std Deviation
COO Serial Transpose,O2,327694.019130,0.327694,0.000328,17033000,55.644058,75.554352,131.198410,0,10,1,1,16,-1,116158,116158,8516500,17033000,3263,73,44.000000,176054,419
COO Serial Transpose,O2,310759.919168,0.310760,0.000311,17033000,56.954230,76.493420,133.447650,0,10,1,1,64,-1,116158,116158,8516500,17033000,3263,73,44.000000,176054,419
COO Serial Transpose,O2,303290.536193,0.303291,0.000303,17033000,57.065669,76.836836,133.902505,0,10,1,1,128,-1,116158,116158,8516500,17033000,3263,73,44.000000,176054,419
