Name,-O,FLOPS,MFLOPS,GFLOPS,FOP Count,Avg Run Time (s),Format Time (s),Total Time (s),Verification,Iters,Block Row,Block Col,K-Bound,Threads,Rows,Cols,NNZ,NNZ*2,Max Cols,Avg Cols,Col Ratio,Variance,Std Deviation
CSR Serial Transpose,O2,231537.003722,0.231537,0.000232,17033000,73.564934,18.977071,92.542005,0,10,1,1,16,-1,116158,116158,8516500,17033000,3263,73,44.000000,176054,419
CSR Serial Transpose,O2,228817.545308,0.228818,0.000229,17033000,74.439606,18.925342,93.364948,0,10,1,1,64,-1,116158,116158,8516500,17033000,3263,73,44.000000,176054,419
CSR Serial Transpose,O2,226007.826687,0.226008,0.000226,17033000,75.364654,18.956855,94.321509,0,10,1,1,128,-1,116158,116158,8516500,17033000,3263,73,44.000000,176054,419
