Name,-O,FLOPS,MFLOPS,GFLOPS,FOP Count,Avg Run Time (s),Format Time (s),Total Time (s),Verification,Iters,Block Row,Block Col,K-Bound,Threads,Rows,Cols,NNZ,NNZ*2,Max Cols,Avg Cols,Col Ratio,Variance,Std Deviation
ELL THREADS,O2,111930409.211586,111.930409,0.111930,17033000,0.152930,22.092049,22.244979,0,5,1,1,16,72,116158,116158,8516500,17033000,3263,73,44.000000,176054,419
ELL THREADS,O2,67096173.756603,67.096174,0.067096,17033000,0.255399,22.019155,22.274554,0,5,1,1,64,72,116158,116158,8516500,17033000,3263,73,44.000000,176054,419
ELL THREADS,O2,39181368.762187,39.181369,0.039181,17033000,0.434977,22.326717,22.761695,0,5,1,1,128,72,116158,116158,8516500,17033000,3263,73,44.000000,176054,419
