Name,-O,FLOPS,MFLOPS,GFLOPS,FOP Count,Avg Run Time (s),Format Time (s),Total Time (s),Verification,Iters,Block Row,Block Col,K-Bound,Threads,Rows,Cols,NNZ,NNZ*2,Max Cols,Avg Cols,Col Ratio,Variance,Std Deviation
ELL Serial Transpose,O2,207245.501018,0.207246,0.000207,17033000,82.187559,22.087948,104.275507,0,10,1,1,16,-1,116158,116158,8516500,17033000,3263,73,44.000000,176054,419
ELL Serial Transpose,O2,190499.466405,0.190499,0.000190,17033000,89.412351,22.097642,111.509993,0,10,1,1,64,-1,116158,116158,8516500,17033000,3263,73,44.000000,176054,419
ELL Serial Transpose,O2,153989.859449,0.153990,0.000154,17033000,110.611183,21.875686,132.486869,0,10,1,1,128,-1,116158,116158,8516500,17033000,3263,73,44.000000,176054,419
