Name,-O,FLOPS,MFLOPS,GFLOPS,FOP Count,Avg Run Time (s),Format Time (s),Total Time (s),Verification,Iters,Block Row,Block Col,K-Bound,Threads,Rows,Cols,NNZ,NNZ*2,Max Cols,Avg Cols,Col Ratio,Variance,Std Deviation
ELL OMP Transpose,O2,808784.286399,0.808784,0.000809,17033000,21.124667,22.028062,43.152729,0,10,1,1,16,8,116158,116158,8516500,17033000,3263,73,44.000000,176054,419
ELL OMP Transpose,O2,770412.522569,0.770413,0.000770,17033000,22.127755,22.524923,44.652678,0,10,1,1,64,8,116158,116158,8516500,17033000,3263,73,44.000000,176054,419
ELL OMP Transpose,O2,684623.051178,0.684623,0.000685,17033000,24.887903,22.430208,47.318111,0,10,1,1,128,8,116158,116158,8516500,17033000,3263,73,44.000000,176054,419
ELL OMP Transpose,O2,1432668.469059,1.432668,0.001433,17033000,11.898444,22.249169,34.147613,0,10,1,1,16,16,116158,116158,8516500,17033000,3263,73,44.000000,176054,419
ELL OMP Transpose,O2,1434198.466385,1.434198,0.001434,17033000,11.881589,22.177545,34.059134,0,10,1,1,64,16,116158,116158,8516500,17033000,3263,73,44.000000,176054,419
ELL OMP Transpose,O2,1323493.480658,1.323493,0.001323,17033000,12.875003,22.399235,35.274238,0,10,1,1,128,16,116158,116158,8516500,17033000,3263,73,44.000000,176054,419
ELL OMP Transpose,O2,2599799.386055,2.599799,0.002600,17033000,6.553896,22.509145,29.063041,0,10,1,1,16,32,116158,116158,8516500,17033000,3263,73,44.000000,176054,419
ELL OMP Transpose,O2,2359357.830082,2.359358,0.002359,17033000,7.220718,22.339546,29.560264,0,10,1,1,64,32,116158,116158,8516500,17033000,3263,73,44.000000,176054,419
ELL OMP Transpose,O2,2204974.273658,2.204974,0.002205,17033000,7.727175,22.260665,29.987840,0,10,1,1,128,32,116158,116158,8516500,17033000,3263,73,44.000000,176054,419
