Name,-O,FLOPS,MFLOPS,GFLOPS,FOP Count,Avg Run Time (s),Format Time (s),Total Time (s),Verification,Iters,Block Row,Block Col,K-Bound,Threads,Rows,Cols,NNZ,NNZ*2,Max Cols,Avg Cols,Col Ratio,Variance,Std Deviation
COO Serial,O2,1161690154.074218,1161.690154,1.161690,272528000,0.234751,77.996290,78.231042,0,10,1,1,16,-1,116158,116158,8516500,17033000,3263,73,44.000000,176054,419
COO Serial,O2,3522542765.535684,3522.542766,3.522543,1090112000,0.309486,77.840879,78.150365,0,10,1,1,64,-1,116158,116158,8516500,17033000,3263,73,44.000000,176054,419
COO Serial,O2,4334517488.237324,4334.517488,4.334517,2180224000,0.503291,77.715906,78.219197,0,10,1,1,128,-1,116158,116158,8516500,17033000,3263,73,44.000000,176054,419
