Name,-O,FLOPS,MFLOPS,GFLOPS,FOP Count,Avg Run Time (s),Format Time (s),Total Time (s),Verification,Iters,Block Row,Block Col,K-Bound,Threads,Rows,Cols,NNZ,NNZ*2,Max Cols,Avg Cols,Col Ratio,Variance,Std Deviation
ELL Serial Transpose,O2,306299.563384,0.306300,0.000306,17033000,58.060780,83.248792,141.309572,0,10,1,1,16,-1,116158,116158,8516500,17033000,3263,73,44.000000,176054,419
ELL Serial Transpose,O2,238684.814531,0.238685,0.000239,17033000,73.264295,84.125760,157.390055,0,10,1,1,64,-1,116158,116158,8516500,17033000,3263,73,44.000000,176054,419
ELL Serial Transpose,O2,188333.390180,0.188333,0.000188,17033000,91.629052,83.161612,174.790664,0,10,1,1,128,-1,116158,116158,8516500,17033000,3263,73,44.000000,176054,419
