Name,-O,FLOPS,MFLOPS,GFLOPS,FOP Count,Avg Run Time (s),Format Time (s),Total Time (s),Verification,Iters,Block Row,Block Col,K-Bound,Threads,Rows,Cols,NNZ,NNZ*2,Max Cols,Avg Cols,Col Ratio,Variance,Std Deviation
COO OMP,O2,942287065.421847,942.287065,0.942287,17033000,0.021128,156.962450,156.983578,0,10,1,1,16,8,116158,116158,8516500,17033000,3263,73,44.000000,176054,419
COO OMP,O2,384195602.699531,384.195603,0.384196,17033000,0.064122,160.777556,160.841678,0,10,1,1,64,8,116158,116158,8516500,17033000,3263,73,44.000000,176054,419
COO OMP,O2,453560301.885635,453.560302,0.453560,17033000,0.039602,152.514130,152.553732,0,10,1,1,128,8,116158,116158,8516500,17033000,3263,73,44.000000,176054,419
COO OMP,O2,979351363.474298,979.351363,0.979351,17033000,0.018589,152.355544,152.374133,0,10,1,1,16,16,116158,116158,8516500,17033000,3263,73,44.000000,176054,419
COO OMP,O2,627738168.150626,627.738168,0.627738,17033000,0.029474,152.477386,152.506860,0,10,1,1,64,16,116158,116158,8516500,17033000,3263,73,44.000000,176054,419
COO OMP,O2,439199359.863662,439.199360,0.439199,17033000,0.041381,152.509947,152.551328,0,10,1,1,128,16,116158,116158,8516500,17033000,3263,73,44.000000,176054,419
COO OMP,O2,994947381.551247,994.947382,0.994947,17033000,0.018216,152.437437,152.455653,0,10,1,1,16,32,116158,116158,8516500,17033000,3263,73,44.000000,176054,419
COO OMP,O2,563710389.825532,563.710390,0.563710,17033000,0.033965,152.450335,152.484300,0,10,1,1,64,32,116158,116158,8516500,17033000,3263,73,44.000000,176054,419
COO OMP,O2,264470012.950771,264.470013,0.264470,17033000,0.092099,153.641712,153.733811,0,10,1,1,128,32,116158,116158,8516500,17033000,3263,73,44.000000,176054,419
