Name,-O,FLOPS,MFLOPS,GFLOPS,FOP Count,Avg Run Time (s),Format Time (s),Total Time (s),Verification,Iters,Block Row,Block Col,K-Bound,Threads,Rows,Cols,NNZ,NNZ*2,Max Cols,Avg Cols,Col Ratio,Variance,Std Deviation
CSR Serial,O2,158395200.056934,158.395200,0.158395,17033000,0.107535,18.544437,18.651972,0,10,1,1,16,-1,116158,116158,8516500,17033000,3263,73,44.000000,176054,419
CSR Serial,O2,43914293.931795,43.914294,0.043914,17033000,0.387871,19.008921,19.396792,0,10,1,1,64,-1,116158,116158,8516500,17033000,3263,73,44.000000,176054,419
CSR Serial,O2,22380954.775571,22.380955,0.022381,17033000,0.761050,18.858521,19.619571,0,10,1,1,128,-1,116158,116158,8516500,17033000,3263,73,44.000000,176054,419
