Name,-O,FLOPS,MFLOPS,GFLOPS,FOP Count,Avg Run Time (s),Format Time (s),Total Time (s),Verification,Iters,Block Row,Block Col,K-Bound,Threads,Rows,Cols,NNZ,NNZ*2,Max Cols,Avg Cols,Col Ratio,Variance,Std Deviation
CSR Serial,O2,1441493985.088280,1441.493985,1.441494,272528000,0.189060,78.104798,78.293858,0,10,1,1,16,-1,116158,116158,8516500,17033000,3263,73,44.000000,176054,419
CSR Serial,O2,3590970551.397819,3590.970551,3.590971,1090112000,0.304038,77.892682,78.196720,0,10,1,1,64,-1,116158,116158,8516500,17033000,3263,73,44.000000,176054,419
CSR Serial,O2,4376659562.776708,4376.659563,4.376660,2180224000,0.498172,77.814156,78.312328,0,10,1,1,128,-1,116158,116158,8516500,17033000,3263,73,44.000000,176054,419
