Name,-O,FLOPS,MFLOPS,GFLOPS,FOP Count,Avg Run Time (s),Format Time (s),Total Time (s),Verification,Iters,Block Row,Block Col,K-Bound,Threads,Rows,Cols,NNZ,NNZ*2,Max Cols,Avg Cols,Col Ratio,Variance,Std Deviation
COO THREADS,O2,434281894.938571,434.281895,0.434282,17033000,0.039779,18.770485,18.810264,0,5,1,1,16,64,116158,116158,8516500,17033000,3263,73,44.000000,176054,419
COO THREADS,O2,252298427.425325,252.298427,0.252298,17033000,0.067999,18.476309,18.544308,0,5,1,1,64,64,116158,116158,8516500,17033000,3263,73,44.000000,176054,419
COO THREADS,O2,205150055.852551,205.150056,0.205150,17033000,0.086019,18.784751,18.870770,0,5,1,1,128,72,116158,116158,8516500,17033000,3263,73,44.000000,176054,419
