Name,-O,FLOPS,MFLOPS,GFLOPS,FOP Count,Avg Run Time (s),Format Time (s),Total Time (s),Verification,Iters,Block Row,Block Col,K-Bound,Threads,Rows,Cols,NNZ,NNZ*2,Max Cols,Avg Cols,Col Ratio,Variance,Std Deviation
CSR THREADS,O2,309525321.746999,309.525322,0.309525,17033000,0.055146,18.533539,18.588685,0,5,1,1,16,32,116158,116158,8516500,17033000,3263,73,44.000000,176054,419
CSR THREADS,O2,166205479.315399,166.205479,0.166205,17033000,0.102981,18.773764,18.876745,0,5,1,1,64,48,116158,116158,8516500,17033000,3263,73,44.000000,176054,419
CSR THREADS,O2,119076108.935058,119.076109,0.119076,17033000,0.145138,18.778739,18.923877,0,5,1,1,128,72,116158,116158,8516500,17033000,3263,73,44.000000,176054,419
