Name,-O,FLOPS,MFLOPS,GFLOPS,FOP Count,Avg Run Time (s),Format Time (s),Total Time (s),Verification,Iters,Block Row,Block Col,K-Bound,Threads,Rows,Cols,NNZ,NNZ*2,Max Cols,Avg Cols,Col Ratio,Variance,Std Deviation
COO GPU Transpose,O2,2634521.095024,2.634521,0.002635,10276008,3.900775,15.443292,19.344067,0,10,1,1,16,-1,108384,108384,5138004,10276008,204,47,4.000000,313,17
COO GPU Transpose,O2,2620144.937586,2.620145,0.002620,10276008,3.922073,15.619460,19.541534,0,10,1,1,64,-1,108384,108384,5138004,10276008,204,47,4.000000,313,17
COO GPU Transpose,O2,2585150.653169,2.585151,0.002585,10276008,3.975322,15.445571,19.420893,0,10,1,1,128,-1,108384,108384,5138004,10276008,204,47,4.000000,313,17
