Name,-O,FLOPS,MFLOPS,GFLOPS,FOP Count,Avg Run Time (s),Format Time (s),Total Time (s),Verification,Iters,Block Row,Block Col,K-Bound,Threads,Rows,Cols,NNZ,NNZ*2,Max Cols,Avg Cols,Col Ratio,Variance,Std Deviation
ELL OMP Transpose,O2,622847.911369,0.622848,0.000623,10276008,16.506963,16.796302,33.303265,0,10,1,1,16,8,108384,108384,5138004,10276008,204,47,4.000000,313,17
ELL OMP Transpose,O2,624697.018278,0.624697,0.000625,10276008,16.460019,16.689835,33.149854,0,10,1,1,64,8,108384,108384,5138004,10276008,204,47,4.000000,313,17
ELL OMP Transpose,O2,604132.998781,0.604133,0.000604,10276008,17.021088,17.364869,34.385957,0,10,1,1,128,8,108384,108384,5138004,10276008,204,47,4.000000,313,17
ELL OMP Transpose,O2,1091708.162575,1.091708,0.001092,10276008,9.418313,16.407098,25.825411,0,10,1,1,16,16,108384,108384,5138004,10276008,204,47,4.000000,313,17
ELL OMP Transpose,O2,1051924.636341,1.051925,0.001052,10276008,9.771070,16.566237,26.337307,0,10,1,1,64,16,108384,108384,5138004,10276008,204,47,4.000000,313,17
ELL OMP Transpose,O2,1031492.133405,1.031492,0.001031,10276008,9.965850,16.446940,26.412790,0,10,1,1,128,16,108384,108384,5138004,10276008,204,47,4.000000,313,17
ELL OMP Transpose,O2,1745372.001245,1.745372,0.001745,10276008,5.892857,16.431081,22.323938,0,10,1,1,16,32,108384,108384,5138004,10276008,204,47,4.000000,313,17
ELL OMP Transpose,O2,1771471.557324,1.771472,0.001771,10276008,5.809381,16.437059,22.246440,0,10,1,1,64,32,108384,108384,5138004,10276008,204,47,4.000000,313,17
ELL OMP Transpose,O2,1762452.345486,1.762452,0.001762,10276008,5.832828,16.393800,22.226628,0,10,1,1,128,32,108384,108384,5138004,10276008,204,47,4.000000,313,17
