Name,-O,FLOPS,MFLOPS,GFLOPS,FOP Count,Avg Run Time (s),Format Time (s),Total Time (s),Verification,Iters,Block Row,Block Col,K-Bound,Threads,Rows,Cols,NNZ,NNZ*2,Max Cols,Avg Cols,Col Ratio,Variance,Std Deviation
BCSR GPU,O2,309040806.033481,309.040806,0.309041,10276008,0.038308,16.061020,16.099328,224,10,2,2,16,-1,108384,108384,5138004,10276008,204,47,4.000000,313,17
BCSR GPU,O2,271650636.795104,271.650637,0.271651,10276008,0.042038,16.276213,16.318251,224,10,4,4,16,-1,108384,108384,5138004,10276008,204,47,4.000000,313,17
BCSR GPU,O2,193582725.251722,193.582725,0.193583,10276008,0.056336,16.308283,16.364619,224,10,16,16,16,-1,108384,108384,5138004,10276008,204,47,4.000000,313,17
BCSR GPU,O2,205552367.471393,205.552367,0.205552,10276008,0.053819,16.074896,16.128715,896,10,2,2,64,-1,108384,108384,5138004,10276008,204,47,4.000000,313,17
BCSR GPU,O2,199461400.720097,199.461401,0.199461,10276008,0.054867,16.245483,16.300350,896,10,4,4,64,-1,108384,108384,5138004,10276008,204,47,4.000000,313,17
BCSR GPU,O2,133486735.927311,133.486736,0.133487,10276008,0.079512,16.355994,16.435506,896,10,16,16,64,-1,108384,108384,5138004,10276008,204,47,4.000000,313,17
BCSR GPU,O2,166374858.228668,166.374858,0.166375,10276008,0.064072,16.133537,16.197609,1792,10,2,2,128,-1,108384,108384,5138004,10276008,204,47,4.000000,313,17
BCSR GPU,O2,147189174.439925,147.189174,0.147189,10276008,0.072275,16.101644,16.173919,1792,10,4,4,128,-1,108384,108384,5138004,10276008,204,47,4.000000,313,17
BCSR GPU,O2,102605814.857338,102.605815,0.102606,10276008,0.103692,16.371527,16.475219,1792,10,16,16,128,-1,108384,108384,5138004,10276008,204,47,4.000000,313,17
