Name,-O,FLOPS,MFLOPS,GFLOPS,FOP Count,Avg Run Time (s),Format Time (s),Total Time (s),Verification,Iters,Block Row,Block Col,K-Bound,Threads,Rows,Cols,NNZ,NNZ*2,Max Cols,Avg Cols,Col Ratio,Variance,Std Deviation
COO OMP,O2,3172251185.545303,3172.251186,3.172251,164416128,0.052074,15.280882,15.332956,0,10,1,1,16,8,108384,108384,5138004,10276008,204,47,4.000000,313,17
COO OMP,O2,8129264620.338554,8129.264620,8.129265,657664512,0.081336,15.239645,15.320981,0,10,1,1,64,8,108384,108384,5138004,10276008,204,47,4.000000,313,17
COO OMP,O2,12340384788.928261,12340.384789,12.340385,1315329024,0.106801,15.250446,15.357247,0,10,1,1,128,8,108384,108384,5138004,10276008,204,47,4.000000,313,17
COO OMP,O2,4040287621.194993,4040.287621,4.040288,164416128,0.041485,15.285690,15.327175,0,10,1,1,16,16,108384,108384,5138004,10276008,204,47,4.000000,313,17
COO OMP,O2,11357341143.303614,11357.341143,11.357341,657664512,0.058413,15.292392,15.350805,0,10,1,1,64,16,108384,108384,5138004,10276008,204,47,4.000000,313,17
COO OMP,O2,16674230656.770370,16674.230657,16.674231,1315329024,0.079310,15.271764,15.351074,0,10,1,1,128,16,108384,108384,5138004,10276008,204,47,4.000000,313,17
COO OMP,O2,5363943545.645497,5363.943546,5.363944,164416128,0.032683,15.270766,15.303449,0,10,1,1,16,32,108384,108384,5138004,10276008,204,47,4.000000,313,17
COO OMP,O2,14287236120.052221,14287.236120,14.287236,657664512,0.047350,15.284140,15.331490,0,10,1,1,64,32,108384,108384,5138004,10276008,204,47,4.000000,313,17
COO OMP,O2,20417455947.743561,20417.455948,20.417456,1315329024,0.065865,15.311294,15.377159,0,10,1,1,128,32,108384,108384,5138004,10276008,204,47,4.000000,313,17
