Name,-O,FLOPS,MFLOPS,GFLOPS,FOP Count,Avg Run Time (s),Format Time (s),Total Time (s),Verification,Iters,Block Row,Block Col,K-Bound,Threads,Rows,Cols,NNZ,NNZ*2,Max Cols,Avg Cols,Col Ratio,Variance,Std Deviation
CSR THREADS,O2,369301693.957224,369.301694,0.369302,10276008,0.028960,15.421930,15.450890,0,5,1,1,16,72,108384,108384,5138004,10276008,204,47,4.000000,313,17
CSR THREADS,O2,228957925.794490,228.957926,0.228958,10276008,0.045008,15.424211,15.469219,0,5,1,1,64,64,108384,108384,5138004,10276008,204,47,4.000000,313,17
CSR THREADS,O2,181050398.253732,181.050398,0.181050,10276008,0.058099,15.479589,15.537688,0,5,1,1,128,72,108384,108384,5138004,10276008,204,47,4.000000,313,17
