Name,-O,FLOPS,MFLOPS,GFLOPS,FOP Count,Avg Run Time (s),Format Time (s),Total Time (s),Verification,Iters,Block Row,Block Col,K-Bound,Threads,Rows,Cols,NNZ,NNZ*2,Max Cols,Avg Cols,Col Ratio,Variance,Std Deviation
COO Serial,O2,1738412488.443086,1738.412488,1.738412,164416128,0.095052,63.854209,63.949260,0,10,1,1,16,-1,108384,108384,5138004,10276008,204,47,4.000000,313,17
COO Serial,O2,4776927556.281778,4776.927556,4.776928,657664512,0.137676,63.767014,63.904690,0,10,1,1,64,-1,108384,108384,5138004,10276008,204,47,4.000000,313,17
COO Serial,O2,6455115379.868080,6455.115380,6.455115,1315329024,0.203773,63.848810,64.052583,0,10,1,1,128,-1,108384,108384,5138004,10276008,204,47,4.000000,313,17
