Name,-O,FLOPS,MFLOPS,GFLOPS,FOP Count,Avg Run Time (s),Format Time (s),Total Time (s),Verification,Iters,Block Row,Block Col,K-Bound,Threads,Rows,Cols,NNZ,NNZ*2,Max Cols,Avg Cols,Col Ratio,Variance,Std Deviation
ELL Serial Transpose,O2,202219.332562,0.202219,0.000202,10276008,52.056623,63.826900,115.883523,0,10,1,1,16,-1,108384,108384,5138004,10276008,204,47,4.000000,313,17
ELL Serial Transpose,O2,202502.846970,0.202503,0.000203,10276008,51.421398,64.151367,115.572765,0,10,1,1,64,-1,108384,108384,5138004,10276008,204,47,4.000000,313,17
ELL Serial Transpose,O2,199962.215735,0.199962,0.000200,10276008,52.866624,63.359545,116.226169,0,10,1,1,128,-1,108384,108384,5138004,10276008,204,47,4.000000,313,17
