Name,-O,FLOPS,MFLOPS,GFLOPS,FOP Count,Avg Run Time (s),Format Time (s),Total Time (s),Verification,Iters,Block Row,Block Col,K-Bound,Threads,Rows,Cols,NNZ,NNZ*2,Max Cols,Avg Cols,Col Ratio,Variance,Std Deviation
CSR OMP,O2,6551045013.621800,6551.045014,6.551045,164416128,0.038170,63.793519,63.831689,0,10,1,1,16,8,108384,108384,5138004,10276008,204,47,4.000000,313,17
CSR OMP,O2,19685158008.997467,19685.158009,19.685158,657664512,0.050893,63.812143,63.863036,0,10,1,1,64,8,108384,108384,5138004,10276008,204,47,4.000000,313,17
CSR OMP,O2,29917720227.348824,29917.720227,29.917720,1315329024,0.055194,63.918043,63.973237,0,10,1,1,128,8,108384,108384,5138004,10276008,204,47,4.000000,313,17
CSR OMP,O2,13212374998.069592,13212.374998,13.212375,164416128,0.017521,64.645066,64.662587,0,10,1,1,16,16,108384,108384,5138004,10276008,204,47,4.000000,313,17
CSR OMP,O2,14969048572.692383,14969.048573,14.969049,657664512,0.083608,61.491401,61.575009,0,10,1,1,64,16,108384,108384,5138004,10276008,204,47,4.000000,313,17
CSR OMP,O2,35787517967.035049,35787.517967,35.787518,1315329024,0.053293,63.919746,63.973039,0,10,1,1,128,16,108384,108384,5138004,10276008,204,47,4.000000,313,17
CSR OMP,O2,12467234772.107779,12467.234772,12.467235,164416128,0.028231,63.882466,63.910697,0,10,1,1,16,32,108384,108384,5138004,10276008,204,47,4.000000,313,17
CSR OMP,O2,35547456245.161148,35547.456245,35.547456,657664512,0.026808,63.780790,63.807598,0,10,1,1,64,32,108384,108384,5138004,10276008,204,47,4.000000,313,17
CSR OMP,O2,46594766827.042664,46594.766827,46.594767,1315329024,0.043981,63.866572,63.910553,0,10,1,1,128,32,108384,108384,5138004,10276008,204,47,4.000000,313,17
