Name,-O,FLOPS,MFLOPS,GFLOPS,FOP Count,Avg Run Time (s),Format Time (s),Total Time (s),Verification,Iters,Block Row,Block Col,K-Bound,Threads,Rows,Cols,NNZ,NNZ*2,Max Cols,Avg Cols,Col Ratio,Variance,Std Deviation
BCSR Serial Transpose,O2,198491.233053,0.198491,0.000198,10276008,52.497070,64.791338,117.288408,224,10,2,2,16,-1,108384,108384,5138004,10276008,204,47,4.000000,313,17
BCSR Serial Transpose,O2,201406.989454,0.201407,0.000201,10276008,51.467397,64.112493,115.579890,224,10,4,4,16,-1,108384,108384,5138004,10276008,204,47,4.000000,313,17
BCSR Serial Transpose,O2,205645.564703,0.205646,0.000206,10276008,50.648855,64.603614,115.252469,224,10,16,16,16,-1,108384,108384,5138004,10276008,204,47,4.000000,313,17
BCSR Serial Transpose,O2,211546.434197,0.211546,0.000212,10276008,49.309423,63.479201,112.788624,896,10,2,2,64,-1,108384,108384,5138004,10276008,204,47,4.000000,313,17
BCSR Serial Transpose,O2,208458.985800,0.208459,0.000208,10276008,50.511124,63.488739,113.999863,896,10,4,4,64,-1,108384,108384,5138004,10276008,204,47,4.000000,313,17
BCSR Serial Transpose,O2,192879.323600,0.192879,0.000193,10276008,54.423269,64.244294,118.667563,896,10,16,16,64,-1,108384,108384,5138004,10276008,204,47,4.000000,313,17
BCSR Serial Transpose,O2,194345.521967,0.194346,0.000194,10276008,53.976871,67.750699,121.727570,1792,10,2,2,128,-1,108384,108384,5138004,10276008,204,47,4.000000,313,17
BCSR Serial Transpose,O2,206356.526380,0.206357,0.000206,10276008,50.406676,62.699970,113.106646,1792,10,4,4,128,-1,108384,108384,5138004,10276008,204,47,4.000000,313,17
BCSR Serial Transpose,O2,187299.062938,0.187299,0.000187,10276008,55.784011,67.965697,123.749708,1792,10,16,16,128,-1,108384,108384,5138004,10276008,204,47,4.000000,313,17
