Name,Avg Run Time (s),Format Time (s),Total Time (s),GFLOPS,Verification,Iters,Block Row,Block Col,Threads,FOP Count,Rows,Cols,NNZ,Max Cols,Avg Cols,Variance,Std Deviation
csr_serial,0.150384,0.197701,0.348085,7.140050,0,10,1,1,-1,1073741824,1024,1024,524288,512,512,0,0
bcsr_serial 1 x 1,0.055606,0.625457,0.681063,15.206561,1048576,10,1,1,-1,845557760,1024,1024,524288,512,512,0,0
bcsr_serial 2 x 2,0.120242,0.631665,0.751907,15.452903,1048576,10,2,2,-1,1858084864,1024,1024,524288,512,512,0,0
bcsr_serial 4 x 4,0.138010,0.607134,0.745144,15.555433,1048576,10,4,4,-1,2146795520,1024,1024,524288,512,512,0,0
bcsr_serial 8 x 8,0.137575,0.581728,0.719303,15.609678,1048576,10,8,8,-1,2147483648,1024,1024,524288,512,512,0,0
bcsr_serial 16 x 16,0.139745,0.568079,0.707824,15.367500,1048576,10,16,16,-1,2147483648,1024,1024,524288,512,512,0,0
bcsr_serial 32 x 32,0.137189,0.555306,0.692495,15.653640,1048576,10,32,32,-1,2147483648,1024,1024,524288,512,512,0,0
