Name,Avg Run Time (s),Format Time (s),Total Time (s),GFLOPS,Verification,Iters,Block Row,Block Col,Threads,FOP Count,Rows,Cols,NNZ,Max Cols,Avg Cols,Variance,Std Deviation
csr_serial,0.155094,0.197972,0.353066,6.923172,0,1,1,1,-1,1073741824,1024,1024,524288,512,512,0,0
bcsr_serial 1 x 1,0.056215,0.591346,0.647561,15.023086,1048576,1,1,1,-1,844523520,1024,1024,524288,512,512,0,0
bcsr_serial 2 x 2,0.120903,0.637421,0.758324,15.363784,1048576,1,2,2,-1,1857527808,1024,1024,524288,512,512,0,0
bcsr_serial 4 x 4,0.138520,0.574587,0.713107,15.497144,1048576,1,4,4,-1,2146664448,1024,1024,524288,512,512,0,0
bcsr_serial 8 x 8,0.138303,0.540611,0.678914,15.527378,1048576,1,8,8,-1,2147483648,1024,1024,524288,512,512,0,0
bcsr_serial 16 x 16,0.138689,0.537267,0.675956,15.484162,1048576,1,16,16,-1,2147483648,1024,1024,524288,512,512,0,0
bcsr_serial 32 x 32,0.138620,0.516911,0.655531,15.491859,1048576,1,32,32,-1,2147483648,1024,1024,524288,512,512,0,0
