Name,Avg Run Time (s),Format Time (s),Total Time (s),GFLOPS,Verification,Iters,Block Row,Block Col,Threads,FOP Count,Rows,Cols,NNZ,Max Cols,Avg Cols,Variance,Std Deviation
csr_serial,0.011560,0.042066,0.053626,5.805471,0,10,1,1,-1,67108864,512,512,65536,128,128,0,0
bcsr_serial 1 x 1,0.004286,0.064327,0.068613,13.884230,262144,10,1,1,-1,59485184,512,512,65536,128,128,0,0
bcsr_serial 2 x 2,0.011593,0.070937,0.082530,14.646873,262144,10,2,2,-1,169783296,512,512,65536,128,128,0,0
bcsr_serial 4 x 4,0.017619,0.070173,0.087792,14.966690,262144,10,4,4,-1,263700480,512,512,65536,128,128,0,0
bcsr_serial 8 x 8,0.017927,0.057107,0.075034,14.975492,262144,10,8,8,-1,268435456,512,512,65536,128,128,0,0
bcsr_serial 16 x 16,0.017751,0.064407,0.082157,15.123050,262144,10,16,16,-1,268435456,512,512,65536,128,128,0,0
bcsr_serial 32 x 32,0.017815,0.061857,0.079672,15.070801,262144,10,32,32,-1,268435456,512,512,65536,128,128,0,0
