Name,Avg Run Time (s),Format Time (s),Total Time (s),GFLOPS,Verification,Iters,Block Row,Block Col,K-Bound,Threads,FOP Count,Rows,Cols,NNZ,Max Cols,Avg Cols,Variance,Std Deviation
csr_omp_O1,0.049963,5.189657,5.239620,5185.580892,0,100,1,1,16,8,254165203134,62451,62451,2034917,40,32,54,7
csr_omp_collapse_O1,49.011363,5.297651,54.309015,5.185855,0,100,1,1,16,8,254165203134,62451,62451,2034917,40,32,54,7
csr_omp_O1,0.036810,5.304096,5.340906,6981.340611,0,100,1,1,16,16,254165203134,62451,62451,2034917,40,32,54,7
csr_omp_collapse_O1,24.586359,5.312577,29.898936,10.337662,0,100,1,1,16,16,254165203134,62451,62451,2034917,40,32,54,7
csr_omp_O1,0.030788,5.334812,5.365600,8391.713345,0,100,1,1,16,32,254165203134,62451,62451,2034917,40,32,54,7
csr_omp_collapse_O1,