Name,Avg Run Time (s),Format Time (s),Total Time (s),Verification,Iters,Block Row,Block Col,Threads,Rows,Cols,NNZ,Max Cols,Avg Cols
csr_serial,0.063296,0.066265,0.129560,0,100,1,1,-1,512,512,262144,0,0
bcsr_serial 1 x 1,0.069781,0.160262,0.230043,2048,100,1,1,-1,512,512,262144,0,0
bcsr_serial 2 x 2,0.071063,0.127812,0.198875,2048,100,2,2,-1,512,512,262144,0,0
bcsr_serial 4 x 4,0.071507,0.133145,0.204652,2048,100,4,4,-1,512,512,262144,0,0
bcsr_serial 8 x 8,0.071815,0.122925,0.194740,2048,100,8,8,-1,512,512,262144,0,0
bcsr_serial 16 x 16,0.071109,0.124084,0.195193,2048,100,16,16,-1,512,512,262144,0,0
bcsr_serial 32 x 32,0.070288,0.118634,0.188922,2048,100,32,32,-1,512,512,262144,0,0
