Name,Avg Run Time (s),Format Time (s),Total Time (s),Verification,Iters,Block Row,Block Col,Threads,Rows,Cols,NNZ,Max Cols,Avg Cols
csr_serial,0.032301,0.087198,0.119499,0,100,1,1,-1,512,512,262144,0,0
bcsr_serial 1 x 1,0.022824,0.208243,0.231067,2048,100,1,1,-1,512,512,262144,0,0
bcsr_serial 2 x 2,0.021387,0.165940,0.187327,2048,100,2,2,-1,512,512,262144,0,0
bcsr_serial 4 x 4,0.021496,0.180568,0.202064,2048,100,4,4,-1,512,512,262144,0,0
bcsr_serial 8 x 8,0.021155,0.170796,0.191951,2048,100,8,8,-1,512,512,262144,0,0
bcsr_serial 16 x 16,0.021004,0.169426,0.190430,2048,100,16,16,-1,512,512,262144,0,0
bcsr_serial 32 x 32,0.021000,0.152596,0.173596,2048,100,32,32,-1,512,512,262144,0,0
