Name,Avg Run Time (s),Format Time (s),Total Time (s),GFLOPS,Verification,Iters,Block Row,Block Col,Threads,FOP Count,Rows,Cols,NNZ,Max Cols,Avg Cols,Variance,Std Deviation
csr_serial,0.040599,0.098667,0.139266,6.611895,0,1,1,1,-1,268435456,512,512,262144,512,512,0,0
bcsr_serial 1 x 1,0.017951,0.233084,0.251035,14.953779,2048,1,1,1,-1,268435456,512,512,262144,512,512,0,0
bcsr_serial 2 x 2,0.017489,0.183836,0.201325,15.348646,2048,1,2,2,-1,268435456,512,512,262144,512,512,0,0
bcsr_serial 4 x 4,0.017238,0.171078,0.188316,15.572182,2048,1,4,4,-1,268435456,512,512,262144,512,512,0,0
bcsr_serial 8 x 8,0.017027,0.170217,0.187244,15.765153,2048,1,8,8,-1,268435456,512,512,262144,512,512,0,0
bcsr_serial 16 x 16,0.016931,0.173322,0.190253,15.854842,2048,1,16,16,-1,268435456,512,512,262144,512,512,0,0
bcsr_serial 32 x 32,0.016862,0.171585,0.188447,15.919630,2048,1,32,32,-1,268435456,512,512,262144,512,512,0,0
