Name,Avg Run Time (s),Format Time (s),Total Time (s),GFLOPS,Verification,Iters,Block Row,Block Col,K-Bound,Threads,FOP Count,Rows,Cols,NNZ,Max Cols,Avg Cols,Variance,Std Deviation
csr_omp_O2,0.017095,14.762732,14.779827,9373.190375,0,10,1,1,16,8,159549504894,36417,36417,2190591,184,60,753,27
csr_omp_collapse_O2,80.891108,14.763171,95.654279,1.972401,0,10,1,1,16,8,159549504894,36417,36417,2190591,184,60,753,27
csr_omp_O2,0.010174,15.868914,15.879088,16148.008034,0,10,1,1,16,16,159549504894,36417,36417,2190591,184,60,753,27
csr_omp_collapse_O2,40.997192,14.752925,55.750117,3.891724,0,10,1,1,16,16,159549504894,36417,36417,2190591,184,60,753,27
csr_omp_O2,0.006916,14.716747,14.723663,26201.601698,0,10,1,1,16,32,159549504894,36417,36417,2190591,184,60,753,27
csr_omp_collapse_O2,21.655972,14.734885,36.390857,7.367495,0,10,1,1,16,32,159549504894,36417,36417,2190591,184,60,753,27
