Name,Avg Run Time (s),Format Time (s),Total Time (s),GFLOPS,Verification,Iters,Block Row,Block Col,Threads,FOP Count,Rows,Cols,NNZ,Max Cols,Avg Cols,Variance,Std Deviation
csr_serial,0.013492,0.031930,0.045422,4.974023,1024,1,1,1,-1,67108864,1024,1024,32768,32,32,0,0
bcsr_serial 1 x 1,0.007281,0.130515,0.137796,9.074013,417792,1,1,1,-1,66068480,1024,1024,32768,32,32,0,0
bcsr_serial 2 x 2,0.016939,0.093475,0.110414,14.888720,417792,1,2,2,-1,252198912,1024,1024,32768,32,32,0,0
bcsr_serial 4 x 4,0.081540,0.152280,0.233820,10.409874,417792,1,4,4,-1,848822272,1024,1024,32768,32,32,0,0
bcsr_serial 8 x 8,0.119590,0.113981,0.233571,15.561164,417792,1,8,8,-1,1860960256,1024,1024,32768,32,32,0,0
bcsr_serial 16 x 16,0.137947,0.106761,0.244708,15.563645,417792,1,16,16,-1,2146959360,1024,1024,32768,32,32,0,0
bcsr_serial 32 x 32,0.138314,0.097760,0.236074,15.526147,417792,1,32,32,-1,2147483648,1024,1024,32768,32,32,0,0
